Date,ABI.BR
2015-08-24,73.47798156738281
2015-08-25,76.56103515625
2015-08-26,75.50652313232422
2015-08-27,78.07439422607422
2015-08-28,78.7183609008789
2015-08-31,78.45272827148438
2015-09-01,76.30345153808594
2015-09-02,77.14061737060547
2015-09-03,78.26758575439453
2015-09-04,76.78643035888672
2015-09-07,77.04402923583984
2015-09-08,76.9635238647461
2015-09-09,78.78276824951172
2015-09-10,76.95548248291016
2015-09-11,76.04585266113281
2015-09-14,75.82046508789062
2015-09-15,76.02974700927734
2015-09-16,80.89984893798828
2015-09-17,81.02059173583984
2015-09-18,79.12889862060547
2015-09-21,79.3784408569336
2015-09-22,77.11646270751953
2015-09-23,78.0099868774414
2015-09-24,76.06998443603516
2015-09-25,78.25952911376953
2015-09-28,77.47066497802734
2015-09-29,75.3052749633789
2015-09-30,76.4080810546875
2015-10-01,75.90096282958984
2015-10-02,77.05207061767578
2015-10-05,79.19331359863281
2015-10-06,78.93570709228516
2015-10-07,79.41064453125
2015-10-08,78.48491668701172
2015-10-09,79.12889862060547
2015-10-12,79.16914367675781
2015-10-13,80.49735260009766
2015-10-14,81.02059173583984
2015-10-15,81.42308044433594
2015-10-16,81.62431335449219
2015-10-19,82.46955108642578
2015-10-20,82.42930603027344
2015-10-21,81.50357818603516
2015-10-22,84.11973571777344
2015-10-23,86.25292205810547
2015-10-26,85.76993560791016
2015-10-27,85.44794464111328
2015-10-28,86.61515045166016
2015-10-29,86.49439239501953
2015-10-30,87.50062561035156
2015-11-02,87.46038818359375
2015-11-03,87.37989807128906
2015-11-04,88.14460754394531
2015-11-05,88.70809173583984
2015-11-06,90.03630065917969
2015-11-09,89.31181335449219
2015-11-10,89.51304626464844
2015-11-11,91.44499969482422
2015-11-12,91.77159118652344
2015-11-13,91.64911651611328
2015-11-16,93.07795715332031
2015-11-17,96.22137451171875
2015-11-18,96.13971710205078
2015-11-19,94.99665069580078
2015-11-20,96.42549133300781
2015-11-23,97.20113372802734
2015-11-24,97.9767837524414
2015-11-25,99.36479187011719
2015-11-26,100.63031768798828
2015-11-27,100.14044189453125
2015-11-30,99.56890869140625
2015-12-01,98.67079162597656
2015-12-02,99.1606674194336
2015-12-03,95.60901641845703
2015-12-04,95.03748321533203
2015-12-07,97.07865142822266
2015-12-08,95.73147583007812
2015-12-09,94.99665069580078
2015-12-10,94.75171661376953
2015-12-11,91.77159118652344
2015-12-14,90.1386489868164
2015-12-15,91.77159118652344
2015-12-16,92.34313201904297
2015-12-17,94.79253387451172
2015-12-18,93.69029235839844
2015-12-21,92.26146697998047
2015-12-22,91.85323333740234
2015-12-23,93.85359191894531
2015-12-24,93.85359191894531
2015-12-28,93.56783294677734
2015-12-29,95.28241729736328
2015-12-30,94.54759979248047
2016-01-04,91.8124008178711
2016-01-05,93.07795715332031
2016-01-06,91.85323333740234
2016-01-07,90.30193328857422
2016-01-08,87.81169891357422
2016-01-11,89.56710052490234
2016-01-12,88.91393280029297
2016-01-13,89.28133392333984
2016-01-14,86.75028228759766
2016-01-15,86.95438385009766
2016-01-18,87.73003387451172
2016-01-19,89.68959045410156
2016-01-20,85.9746322631836
2016-01-21,87.77086639404297
2016-01-22,90.99593353271484
2016-01-25,91.89407348632812
2016-01-26,92.22064971923828
2016-01-27,93.07795715332031
2016-01-28,91.44500732421875
2016-01-29,94.58842468261719
2016-02-01,94.83336639404297
2016-02-02,94.50676727294922
2016-02-03,91.68994903564453
2016-02-04,89.73040008544922
2016-02-05,87.6075668334961
2016-02-08,84.055908203125
2016-02-09,84.2600326538086
2016-02-10,84.9132308959961
2016-02-11,82.13719177246094
2016-02-12,83.52520751953125
2016-02-15,85.72966766357422
2016-02-16,85.23980712890625
2016-02-17,86.50533294677734
2016-02-18,86.1379165649414
2016-02-19,85.56639862060547
2016-02-22,86.79110717773438
2016-02-23,86.50533294677734
2016-02-24,84.7091064453125
2016-02-25,83.28026580810547
2016-02-26,83.3619155883789
2016-02-29,84.58662414550781
2016-03-01,85.4030990600586
2016-03-02,85.15816497802734
2016-03-03,84.5457992553711
2016-03-04,86.50533294677734
2016-03-07,86.21959686279297
2016-03-08,85.15816497802734
2016-03-09,86.21959686279297
2016-03-10,84.79073333740234
2016-03-11,86.05628204345703
2016-03-14,86.4236831665039
2016-03-15,85.77050018310547
2016-03-16,85.11731719970703
2016-03-17,85.11731719970703
2016-03-18,87.485107421875
2016-03-21,87.81169891357422
2016-03-22,88.7506332397461
2016-03-23,89.36299896240234
2016-03-24,88.26075744628906
2016-03-29,89.68959045410156
2016-03-30,90.87346649169922
2016-03-31,89.19969940185547
2016-04-01,89.11804962158203
2016-04-04,90.42440795898438
2016-04-05,88.99557495117188
2016-04-06,88.4240493774414
2016-04-07,87.44429016113281
2016-04-08,87.24016571044922
2016-04-11,86.58698272705078
2016-04-12,86.70945739746094
2016-04-13,88.58734130859375
2016-04-14,89.93453216552734
2016-04-15,91.52664947509766
2016-04-18,91.8124008178711
2016-04-19,94.26182556152344
2016-04-20,94.79253387451172
2016-04-21,93.48617553710938
2016-04-22,92.54723358154297
2016-04-25,93.3228988647461
2016-04-26,92.465576171875
2016-04-27,92.38394165039062
2016-04-28,91.93487548828125
2016-04-29,89.85677337646484
2016-05-02,90.6880111694336
2016-05-03,89.89835357666016
2016-05-04,88.4852523803711
2016-05-05,90.6464614868164
2016-05-06,90.81271362304688
2016-05-09,92.10113525390625
2016-05-10,93.14017486572266
2016-05-11,92.43362426757812
2016-05-12,92.10113525390625
2016-05-13,92.64143371582031
2016-05-16,92.01799774169922
2016-05-17,91.14520263671875
2016-05-18,90.72958374023438
2016-05-19,89.98148345947266
2016-05-20,90.85427856445312
2016-05-23,90.27239990234375
2016-05-24,92.80768585205078
2016-05-25,94.4285888671875
2016-05-26,94.76110076904297
2016-05-27,94.71952056884766
2016-05-30,95.13513946533203
2016-05-31,94.63641357421875
2016-06-01,95.09359741210938
2016-06-02,95.17671203613281
2016-06-03,94.01296997070312
2016-06-06,95.09359741210938
2016-06-07,96.04952239990234
2016-06-08,95.55076599121094
2016-06-09,94.9688949584961
2016-06-10,93.01549530029297
2016-06-13,91.18677520751953
2016-06-14,90.31398010253906
2016-06-15,92.22581481933594
2016-06-16,92.22581481933594
2016-06-17,91.43614959716797
2016-06-20,93.72203063964844
2016-06-21,94.71952056884766
2016-06-22,95.09359741210938
2016-06-23,94.8442153930664
2016-06-24,91.7270736694336
2016-06-27,91.02052307128906
2016-06-28,91.64395141601562
2016-06-29,95.09359741210938
2016-06-30,97.75354766845703
2016-07-01,98.29386138916016
2016-07-04,97.46261596679688
2016-07-05,96.29888153076172
2016-07-06,95.67545318603516
2016-07-07,96.09107971191406
2016-07-08,96.42357635498047
2016-07-11,96.29888153076172
2016-07-12,96.38200378417969
2016-07-13,95.88327026367188
2016-07-14,94.76110076904297
2016-07-15,94.30390167236328
2016-07-18,94.13765716552734
2016-07-19,94.30390167236328
2016-07-20,93.88829040527344
2016-07-21,94.5948486328125
2016-07-22,95.09359741210938
2016-07-25,95.42608642578125
2016-07-26,96.21575927734375
2016-07-27,94.01296997070312
2016-07-28,91.64395141601562
2016-07-29,95.84171295166016
2016-08-01,94.0960922241211
2016-08-02,92.35049438476562
2016-08-03,92.18425750732422
2016-08-04,92.76611328125
2016-08-05,93.09861755371094
2016-08-08,92.18425750732422
2016-08-09,92.18425750732422
2016-08-10,91.85176849365234
2016-08-11,92.80768585205078
2016-08-12,93.72203063964844
2016-08-15,93.88829040527344
2016-08-16,92.64143371582031
2016-08-17,92.6829833984375
2016-08-18,92.84923553466797
2016-08-19,92.84923553466797
2016-08-22,92.22581481933594
2016-08-23,93.30642700195312
2016-08-24,93.05705261230469
2016-08-25,92.932373046875
2016-08-26,93.59735107421875
2016-08-29,93.59735107421875
2016-08-30,93.68047332763672
2016-08-31,92.3089370727539
2016-09-01,92.35049438476562
2016-09-02,94.30390167236328
2016-09-05,94.34547424316406
2016-09-06,94.22079467773438
2016-09-07,94.63641357421875
2016-09-08,93.51423645019531
2016-09-09,92.3089370727539
2016-09-12,91.7270736694336
2016-09-13,90.81271362304688
2016-09-14,90.56333923339844
2016-09-15,92.18425750732422
2016-09-16,92.18425750732422
2016-09-19,93.26486206054688
2016-09-20,93.92984008789062
2016-09-21,94.13765716552734
2016-09-22,96.58981323242188
2016-09-23,96.58981323242188
2016-09-26,96.54826354980469
2016-09-27,97.54573059082031
2016-09-28,98.75102233886719
2016-09-29,96.9638671875
2016-09-30,96.92230224609375
2016-10-03,95.84171295166016
2016-10-04,96.50669860839844
2016-10-05,95.88327026367188
2016-10-06,94.76110076904297
2016-10-07,94.13765716552734
2016-10-10,94.13765716552734
2016-10-11,96.29888153076172
2016-10-12,95.59233093261719
2016-10-13,95.09359741210938
2016-10-14,97.4210433959961
2016-10-17,96.88075256347656
2016-10-18,96.75606536865234
2016-10-19,97.5873031616211
2016-10-20,97.17166900634766
2016-10-21,97.25479125976562
2016-10-24,95.38452911376953
2016-10-25,94.55328369140625
2016-10-26,92.64143371582031
2016-10-27,93.1817398071289
2016-10-28,89.15023040771484
2016-10-31,86.90589904785156
2016-11-01,86.86433410644531
2016-11-02,85.82527923583984
2016-11-03,84.37060546875
2016-11-04,84.49530029296875
2016-11-07,84.703125
2016-11-08,86.0331039428711
2016-11-09,85.36811065673828
2016-11-10,81.95172119140625
2016-11-11,82.30915832519531
2016-11-14,80.7879867553711
2016-11-15,80.83869934082031
2016-11-16,81.75991821289062
2016-11-17,82.05570983886719
2016-11-18,80.65277099609375
2016-11-21,81.43030548095703
2016-11-22,81.55708312988281
2016-11-23,81.94583892822266
2016-11-24,81.59088134765625
2016-11-25,83.0783462524414
2016-11-28,83.4417724609375
2016-11-29,83.58544921875
2016-11-30,82.85861206054688
2016-12-01,79.24137115478516
2016-12-02,79.93439483642578
2016-12-05,81.30352783203125
2016-12-06,81.86978149414062
2016-12-07,82.08106994628906
2016-12-08,81.93739318847656
2016-12-09,82.6811294555664
2016-12-12,82.3177261352539
2016-12-13,83.73757934570312
2016-12-14,82.81633758544922
2016-12-15,82.23320770263672
2016-12-16,83.56854248046875
2016-12-19,83.50091552734375
2016-12-20,84.28690338134766
2016-12-21,83.87279510498047
2016-12-22,83.50091552734375
2016-12-23,83.73757934570312
2016-12-27,84.08406829833984
2016-12-28,84.43904876708984
2016-12-29,84.55736541748047
2016-12-30,84.97994232177734
2017-01-02,85.44477081298828
2017-01-03,84.68412780761719
2017-01-04,84.89542388916016
2017-01-05,85.40251159667969
2017-01-06,84.93768310546875
2017-01-09,84.55736541748047
2017-01-10,84.68412780761719
2017-01-11,84.26155090332031
2017-01-12,83.67839813232422
2017-01-13,84.18548583984375
2017-01-16,83.5770034790039
2017-01-17,83.53472900390625
2017-01-18,83.72065734863281
2017-01-19,83.54319763183594
2017-01-20,83.45865631103516
2017-01-23,83.28964233398438
2017-01-24,83.35724639892578
2017-01-25,83.73757934570312
2017-01-26,83.13750457763672
2017-01-27,83.20511627197266
2017-01-30,82.74028778076172
2017-01-31,81.26126861572266
2017-02-01,81.68385314941406
2017-02-02,82.1064224243164
2017-02-03,82.833251953125
2017-02-06,82.3937759399414
2017-02-07,83.23047637939453
2017-02-08,83.69530487060547
2017-02-09,84.49819946289062
2017-02-10,84.47284698486328
2017-02-13,85.1067123413086
2017-02-14,85.61380004882812
2017-02-15,85.78282928466797
2017-02-16,85.90960693359375
2017-02-17,86.24767303466797
2017-02-20,86.58572387695312
2017-02-21,87.55764770507812
2017-02-22,87.34635162353516
2017-02-23,87.13508605957031
2017-02-24,86.92378997802734
2017-02-27,87.00829315185547
2017-02-28,87.26185607910156
2017-03-01,87.81119537353516
2017-03-02,85.61380004882812
2017-03-03,86.501220703125
2017-03-06,85.7405776977539
2017-03-07,85.78282928466797
2017-03-08,84.89542388916016
2017-03-09,84.8531723022461
2017-03-10,85.1067123413086
2017-03-13,85.2757339477539
2017-03-14,85.36026763916016
2017-03-15,85.31800842285156
2017-03-16,86.96603393554688
2017-03-17,88.48731231689453
2017-03-20,88.02247619628906
2017-03-21,87.64215850830078
2017-03-22,86.88153076171875
2017-03-23,87.21958923339844
2017-03-24,86.54344940185547
2017-03-27,86.54344940185547
2017-03-28,87.00829315185547
2017-03-29,86.92378997802734
2017-03-30,87.09281158447266
2017-03-31,86.96603393554688
2017-04-03,87.34635162353516
2017-04-04,87.72669219970703
2017-04-05,87.72669219970703
2017-04-06,87.64215850830078
2017-04-07,87.72669219970703
2017-04-10,88.23375701904297
2017-04-11,87.30410766601562
2017-04-12,87.51541137695312
2017-04-13,87.26185607910156
2017-04-18,87.1773452758789
2017-04-19,86.96603393554688
2017-04-20,85.61380004882812
2017-04-21,85.8250961303711
2017-04-24,87.76893615722656
2017-04-25,88.31827545166016
2017-04-26,87.6844253540039
2017-04-27,87.05056762695312
2017-04-28,87.38861846923828
2017-05-02,88.50898742675781
2017-05-03,89.37080383300781
2017-05-04,94.02462768554688
2017-05-05,94.19700622558594
2017-05-08,93.93844604492188
2017-05-09,94.19700622558594
2017-05-10,94.11082458496094
2017-05-11,93.9815444946289
2017-05-12,94.24009704589844
2017-05-15,93.76610565185547
2017-05-16,93.5075454711914
2017-05-17,92.86117553710938
2017-05-18,89.97407531738281
2017-05-19,91.09445190429688
2017-05-22,90.74972534179688
2017-05-23,91.00826263427734
2017-05-24,90.96517944335938
2017-05-25,90.96517944335938
2017-05-26,90.96517944335938
2017-05-29,90.53426361083984
2017-05-30,89.75862121582031
2017-05-31,89.50008392333984
2017-06-01,89.75862121582031
2017-06-02,90.40499877929688
2017-06-05,90.23262023925781
2017-06-06,90.31880950927734
2017-06-07,89.67244720458984
2017-06-08,87.60408020019531
2017-06-09,87.51790618896484
2017-06-12,87.00080108642578
2017-06-13,87.30242919921875
2017-06-14,87.21623992919922
2017-06-15,87.51790618896484
2017-06-16,87.56098175048828
2017-06-19,88.03498840332031
2017-06-20,88.59517669677734
2017-06-21,88.16426086425781
2017-06-22,88.07807922363281
2017-06-23,87.00080108642578
2017-06-26,87.94880676269531
2017-06-27,86.91461944580078
2017-06-28,86.39752197265625
2017-06-29,84.08785247802734
2017-06-30,83.34669494628906
2017-07-03,83.85515594482422
2017-07-04,83.91548156738281
2017-07-05,83.68279266357422
2017-07-06,82.75202178955078
2017-07-07,83.90686798095703
2017-07-10,84.71697235107422
2017-07-11,83.16568756103516
2017-07-12,84.88070678710938
2017-07-13,85.41504669189453
2017-07-14,85.5701904296875
2017-07-17,85.98384094238281
2017-07-18,85.32025146484375
2017-07-19,85.70807647705078
2017-07-20,85.62187957763672
2017-07-21,84.88933563232422
2017-07-24,84.19986724853516
2017-07-25,84.12232208251953
2017-07-26,85.4840087890625
2017-07-27,90.49115753173828
2017-07-28,89.06917572021484
2017-07-31,87.73334503173828
2017-08-01,87.13006591796875
2017-08-02,86.35443115234375
2017-08-03,87.25936126708984
2017-08-04,88.03498840332031
2017-08-07,87.60408020019531
2017-08-08,87.51790618896484
2017-08-09,86.14759826660156
2017-08-10,85.69082641601562
2017-08-11,84.63078308105469
2017-08-14,85.44953155517578
2017-08-15,85.69082641601562
2017-08-16,86.35443115234375
2017-08-17,86.56988525390625
2017-08-18,85.38920593261719
2017-08-21,85.31163024902344
2017-08-22,85.77701568603516
2017-08-23,84.7859115600586
2017-08-24,84.88070678710938
2017-08-25,84.65664672851562
2017-08-28,83.51042175292969
2017-08-29,83.69141387939453
2017-08-30,85.34609985351562
2017-08-31,85.76839447021484
2017-09-01,86.08726501464844
2017-09-04,85.56156921386719
2017-09-05,86.02693939208984
2017-09-06,86.22516632080078
2017-09-07,86.82843017578125
2017-09-08,87.17316436767578
2017-09-11,87.38861846923828
2017-09-12,87.64716339111328
2017-09-13,88.20735168457031
2017-09-14,88.25043487548828
2017-09-15,87.21623992919922
2017-09-18,86.74225616455078
2017-09-19,86.56988525390625
2017-09-20,84.984130859375
2017-09-21,84.50152587890625
2017-09-22,84.0361328125
2017-09-25,85.08756256103516
2017-09-26,85.59602355957031
2017-09-27,86.09588623046875
2017-09-28,86.95769500732422
2017-09-29,87.30242919921875
2017-10-02,87.30242919921875
2017-10-03,87.73334503173828
2017-10-04,88.55207824707031
2017-10-05,89.97407531738281
2017-10-06,89.28461456298828
2017-10-09,90.06024932861328
2017-10-10,90.14643859863281
2017-10-11,90.27572631835938
2017-10-12,90.23262023925781
2017-10-13,91.48226928710938
2017-10-16,91.5684585571289
2017-10-17,91.91319274902344
2017-10-18,92.38717651367188
2017-10-19,91.61154174804688
2017-10-20,91.82699584960938
2017-10-23,92.0424575805664
2017-10-24,91.00826263427734
2017-10-25,88.81062316894531
2017-10-26,88.20735168457031
2017-10-27,89.15534210205078
2017-10-30,89.32771301269531
2017-10-31,90.53426361083984
2017-11-01,90.8359146118164
2017-11-02,89.41390228271484
2017-11-03,90.66353607177734
2017-11-06,90.70663452148438
2017-11-07,88.72443389892578
2017-11-08,87.86260986328125
2017-11-09,87.47479248046875
2017-11-10,86.52680969238281
2017-11-13,86.61297607421875
2017-11-14,85.5182876586914
2017-11-15,84.29220581054688
2017-11-16,85.62335968017578
2017-11-17,85.29056549072266
2017-11-20,85.90361022949219
2017-11-21,86.02622985839844
2017-11-22,85.6408920288086
2017-11-23,86.21888732910156
2017-11-24,86.16633605957031
2017-11-27,86.02622985839844
2017-11-28,86.70930480957031
2017-11-29,85.69343566894531
2017-11-30,84.6863021850586
2017-12-01,84.4148178100586
2017-12-04,85.41319274902344
2017-12-05,84.98406982421875
2017-12-06,83.75799560546875
2017-12-07,82.97856903076172
2017-12-08,82.69831085205078
2017-12-11,82.59322357177734
2017-12-12,83.1712417602539
2017-12-13,82.20790100097656
2017-12-14,82.05901336669922
2017-12-15,82.2779541015625
2017-12-18,83.20626831054688
2017-12-19,82.89974975585938
2017-12-20,82.52316284179688
2017-12-21,82.50564575195312
2017-12-22,82.31298065185547
2017-12-27,82.36553192138672
2017-12-28,81.60362243652344
2017-12-29,81.55982971191406
2018-01-02,81.67366790771484
2018-01-03,82.16409301757812
2018-01-04,82.61949157714844
2018-01-05,83.39894104003906
2018-01-08,83.11868286132812
2018-01-09,83.8368148803711
2018-01-10,83.43395233154297
2018-01-11,83.28507995605469
2018-01-12,82.97856903076172
2018-01-15,83.4952621459961
2018-01-16,83.03987884521484
2018-01-17,82.80340576171875
2018-01-18,82.43559265136719
2018-01-19,82.63702392578125
2018-01-22,82.44434356689453
2018-01-23,81.6298828125
2018-01-24,80.59648895263672
2018-01-25,80.14109802246094
2018-01-26,81.0518798828125
2018-01-29,80.04475402832031
2018-01-30,80.01849365234375
2018-01-31,79.81705474853516
2018-02-01,80.04475402832031
2018-02-02,78.54721069335938
2018-02-05,77.29486083984375
2018-02-06,75.5433349609375
2018-02-07,77.08467102050781
2018-02-08,74.9040298461914
2018-02-09,73.4940414428711
2018-02-12,74.12460327148438
2018-02-13,73.31013488769531
2018-02-14,73.20503997802734
2018-02-15,72.86348724365234
2018-02-16,74.62377166748047
2018-02-19,74.70259857177734
2018-02-20,74.79016876220703
2018-02-21,75.02664184570312
2018-02-22,75.08793640136719
2018-02-23,75.849853515625
2018-02-26,76.9708251953125
2018-02-27,76.27021789550781
2018-02-28,76.61177825927734
2018-03-01,78.31950378417969
2018-03-02,77.73273468017578
2018-03-05,78.96757507324219
2018-03-06,79.35289764404297
2018-03-07,79.25657653808594
2018-03-08,81.84007263183594
2018-03-09,81.68242645263672
2018-03-12,82.23416137695312
2018-03-13,81.34087371826172
2018-03-14,80.25494384765625
2018-03-15,80.39507293701172
2018-03-16,80.37754821777344
2018-03-19,79.91339874267578
2018-03-20,80.37754821777344
2018-03-21,79.05514526367188
2018-03-22,78.02173614501953
2018-03-23,76.43660736083984
2018-03-26,75.21054077148438
2018-03-27,76.12132263183594
2018-03-28,77.93416595458984
2018-03-29,78.1881332397461
2018-04-03,77.075927734375
2018-04-04,77.11094665527344
2018-04-05,78.99384307861328
2018-04-06,78.12683868408203
2018-04-09,77.89913177490234
2018-04-10,77.36492156982422
2018-04-11,75.66593933105469
2018-04-12,75.306884765625
2018-04-13,74.65005493164062
2018-04-16,74.15087127685547
2018-04-17,75.40321350097656
2018-04-18,75.578369140625
2018-04-19,74.61502075195312
2018-04-20,74.86898803710938
2018-04-23,74.08956146240234
2018-04-24,73.97571563720703
2018-04-25,74.36105346679688
2018-04-26,75.12296295166016
2018-04-27,73.73051452636719
2018-04-30,74.20594787597656
2018-05-02,71.90945434570312
2018-05-03,72.34900665283203
2018-05-04,73.26402282714844
2018-05-07,73.63182067871094
2018-05-08,74.20594787597656
2018-05-09,74.20594787597656
2018-05-10,71.64031982421875
2018-05-11,71.58650207519531
2018-05-14,71.81974029541016
2018-05-15,71.03927612304688
2018-05-16,71.60443878173828
2018-05-17,72.07090759277344
2018-05-18,71.7928237915039
2018-05-21,71.94532775878906
2018-05-22,72.22341918945312
2018-05-23,72.23238372802734
2018-05-24,73.02182006835938
2018-05-25,73.12049865722656
2018-05-28,73.55108642578125
2018-05-29,71.86458587646484
2018-05-30,72.25033569335938
2018-05-31,71.96327209472656
2018-06-01,71.98121643066406
2018-06-04,73.84712982177734
2018-06-05,73.14740753173828
2018-06-06,72.21444702148438
2018-06-07,71.63135528564453
2018-06-08,71.85562896728516
2018-06-11,73.59595489501953
2018-06-12,74.54684448242188
2018-06-13,74.86978149414062
2018-06-14,75.38111877441406
2018-06-15,75.88347625732422
2018-06-18,74.43920135498047
2018-06-19,74.4750747680664
2018-06-20,74.6993408203125
2018-06-21,75.25553131103516
2018-06-22,76.43965911865234
2018-06-25,74.98639678955078
2018-06-26,75.12994384765625
2018-06-27,76.30509948730469
2018-06-28,76.66394805908203
2018-06-29,77.59689331054688
2018-07-02,77.58792877197266
2018-07-03,78.30558013916016
2018-07-04,78.22484588623047
2018-07-05,78.20690155029297
2018-07-06,79.66016387939453
2018-07-09,79.57942962646484
2018-07-10,79.39104461669922
2018-07-11,79.21163177490234
2018-07-12,79.61530303955078
2018-07-13,79.75885009765625
2018-07-16,79.40898132324219
2018-07-17,79.05912017822266
2018-07-18,79.21163177490234
2018-07-19,79.59737396240234
2018-07-20,80.3239974975586
2018-07-23,80.44062805175781
2018-07-24,80.6290054321289
2018-07-25,81.66064453125
2018-07-26,78.3414535522461
2018-07-27,78.31455993652344
2018-07-30,77.40851593017578
2018-07-31,77.67761993408203
2018-08-01,77.64175415039062
2018-08-02,76.97791290283203
2018-08-03,77.83014678955078
2018-08-06,77.80322265625
2018-08-07,78.0095443725586
2018-08-08,77.10350036621094
2018-08-09,77.45336151123047
2018-08-10,76.07186126708984
2018-08-13,75.73095703125
2018-08-14,76.95099639892578
2018-08-15,77.31880187988281
2018-08-16,77.77629852294922
2018-08-17,78.01851654052734
2018-08-20,78.0813217163086
2018-08-21,78.13513946533203
2018-08-22,76.43069458007812
2018-08-23,76.24230194091797
2018-08-24,76.00907135009766
2018-08-27,75.95525360107422
2018-08-28,75.44391632080078
2018-08-29,75.35420989990234
2018-08-30,73.81124877929688
2018-08-31,72.42974853515625
2018-09-03,71.8915023803711
2018-09-04,71.59546661376953
2018-09-05,70.15117645263672
2018-09-06,69.4783706665039
2018-09-07,69.55014038085938
2018-09-10,69.42455291748047
2018-09-11,68.38394927978516
2018-09-12,67.9533462524414
2018-09-13,68.44673919677734
2018-09-14,68.65306854248047
2018-09-17,68.76969146728516
2018-09-18,69.4783706665039
2018-09-19,68.99394989013672
2018-09-20,69.98970031738281
2018-09-21,70.03455352783203
2018-09-24,69.26306915283203
2018-09-25,69.05674743652344
2018-09-26,68.80558013916016
2018-09-27,68.08790588378906
2018-09-28,67.4779052734375
2018-10-01,67.20877838134766
2018-10-02,66.55391693115234
2018-10-03,68.7248306274414
2018-10-04,67.72907257080078
2018-10-05,67.67525482177734
2018-10-08,67.78289794921875
2018-10-09,67.70216369628906
2018-10-10,66.9306869506836
2018-10-11,65.95287322998047
2018-10-12,65.48639678955078
2018-10-15,65.37874603271484
2018-10-16,66.302734375
2018-10-17,65.29801177978516
2018-10-18,65.48639678955078
2018-10-19,65.64787292480469
2018-10-22,65.60302734375
2018-10-23,63.970333099365234
2018-10-24,64.91227722167969
2018-10-25,58.17524719238281
2018-10-26,59.15305709838867
2018-10-29,59.65541076660156
2018-10-30,58.49819564819336
2018-10-31,58.43539810180664
2018-11-01,60.31028366088867
2018-11-02,59.825862884521484
2018-11-05,59.86173629760742
2018-11-06,59.21584701538086
2018-11-07,59.942474365234375
2018-11-08,58.85702133178711
2018-11-09,58.91981506347656
2018-11-12,58.300838470458984
2018-11-13,58.70451354980469
2018-11-14,59.55673599243164
2018-11-15,61.00102233886719
2018-11-16,61.44956588745117
2018-11-19,61.323974609375
2018-11-20,60.06806945800781
2018-11-21,60.30131149291992
2018-11-22,59.8527717590332
2018-11-23,60.355133056640625
2018-11-26,60.373077392578125
2018-11-27,61.13566589355469
2018-11-28,60.99949264526367
2018-11-29,61.17198944091797
2018-11-30,61.40803146362305
2018-12-03,60.81792449951172
2018-12-04,60.27320861816406
2018-12-05,59.546905517578125
2018-12-06,56.78700256347656
2018-12-07,56.88686752319336
2018-12-10,56.224124908447266
2018-12-11,57.13199234008789
2018-12-12,57.74026107788086
2018-12-13,57.38619613647461
2018-12-14,56.53280258178711
2018-12-17,55.443363189697266
2018-12-18,55.34349822998047
2018-12-19,55.69756317138672
2018-12-20,54.17234802246094
2018-12-21,54.09064483642578
2018-12-24,53.07383346557617
2018-12-27,52.06610107421875
2018-12-28,52.202274322509766
2018-12-31,52.383853912353516
2019-01-02,52.175045013427734
2019-01-03,52.81055450439453
2019-01-04,54.96218490600586
2019-01-07,54.72614288330078
2019-01-08,55.8065071105957
2019-01-09,55.18008041381836
2019-01-10,55.57954406738281
2019-01-11,57.64039993286133
2019-01-14,57.35895538330078
2019-01-15,57.685787200927734
2019-01-16,56.133338928222656
2019-01-17,56.85963821411133
2019-01-18,58.78430938720703
2019-01-21,58.49378967285156
2019-01-22,58.23958969116211
2019-01-23,58.62997055053711
2019-01-24,59.646785736083984
2019-01-25,59.50151824951172
2019-01-28,58.10340881347656
2019-01-29,58.62089538574219
2019-01-30,59.18376541137695
2019-01-31,60.472938537597656
2019-02-01,60.62727355957031
2019-02-04,61.353572845458984
2019-02-05,62.76075744628906
2019-02-06,62.7789192199707
2019-02-07,61.16292190551758
2019-02-08,60.52741241455078
2019-02-11,61.49882125854492
2019-02-12,61.30817413330078
2019-02-13,62.642738342285156
2019-02-14,60.727149963378906
2019-02-15,62.14341735839844
2019-02-18,62.31591033935547
2019-02-19,61.51699447631836
2019-02-20,62.47024154663086
2019-02-21,61.9527587890625
2019-02-22,59.7103271484375
2019-02-25,60.082557678222656
2019-02-26,60.082557678222656
2019-02-27,59.79203796386719
2019-02-28,62.23419952392578
2019-03-01,66.0926284790039
2019-03-04,65.048583984375
2019-03-05,65.98368835449219
2019-03-06,65.79303741455078
2019-03-07,65.13935852050781
2019-03-08,64.89425659179688
2019-03-11,65.13028717041016
2019-03-12,65.20291900634766
2019-03-13,64.57649230957031
2019-03-14,64.16795349121094
2019-03-15,65.1030502319336
2019-03-18,65.69316101074219
2019-03-19,67.45442199707031
2019-03-20,66.43762969970703
2019-03-21,66.71905517578125
2019-03-22,65.19383239746094
2019-03-25,64.64911651611328
2019-03-26,65.86565399169922
2019-03-27,66.46485137939453
2019-03-28,66.4103775024414
2019-03-29,67.8720474243164
2019-04-01,67.6632308959961
2019-04-02,68.02638244628906
2019-04-03,67.83573150634766
2019-04-04,68.54386138916016
2019-04-05,69.81488037109375
2019-04-08,69.47896575927734
2019-04-09,69.54251098632812
2019-04-10,70.36869049072266
2019-04-11,70.88616180419922
2019-04-12,71.18576049804688
2019-04-15,71.38548278808594
2019-04-16,71.71231079101562
2019-04-17,71.14036560058594
2019-04-18,72.4839859008789
2019-04-23,72.46585083007812
2019-04-24,71.95745849609375
2019-04-25,70.5048599243164
2019-04-26,71.0677261352539
2019-04-29,71.5307388305664
2019-04-30,71.95745849609375
2019-05-02,71.49443054199219
2019-05-03,71.56705474853516
2019-05-06,71.3128662109375
2019-05-07,69.6576156616211
2019-05-08,69.81394958496094
2019-05-09,68.22309112548828
2019-05-10,68.14952850341797
2019-05-13,67.3678970336914
2019-05-14,68.2046890258789
2019-05-15,68.66448211669922
2019-05-16,69.344970703125
2019-05-17,68.3242416381836
2019-05-20,67.10121154785156
2019-05-21,67.0092544555664
2019-05-22,67.52421569824219
2019-05-23,67.77249908447266
2019-05-24,67.61618041992188
2019-05-27,68.31504821777344
2019-05-28,68.01158905029297
2019-05-29,66.74258422851562
2019-05-30,68.04837799072266
2019-05-31,66.77017211914062
2019-06-03,67.14718627929688
2019-06-04,68.3242416381836
2019-06-05,68.37022399902344
2019-06-06,68.27825927734375
2019-06-07,69.40015411376953
2019-06-10,69.61164093017578
2019-06-11,69.85993957519531
2019-06-12,70.74272155761719
2019-06-13,70.20938110351562
2019-06-14,69.31737518310547
2019-06-17,68.90357208251953
2019-06-18,71.16571807861328
2019-06-19,71.59793090820312
2019-06-20,72.60945129394531
2019-06-21,73.37268829345703
2019-06-24,73.00487518310547
2019-06-25,71.93816375732422
2019-06-26,71.1197280883789
2019-06-27,70.31971740722656
2019-06-28,71.57951354980469
2019-07-01,72.0025405883789
2019-07-02,73.49224090576172
2019-07-03,76.51763153076172
2019-07-04,76.06704711914062
2019-07-05,75.86474609375
2019-07-08,75.69001007080078
2019-07-09,75.30380249023438
2019-07-10,74.27388000488281
2019-07-11,73.38189697265625
2019-07-12,72.58186340332031
2019-07-15,72.13127899169922
2019-07-16,72.41633605957031
2019-07-17,72.79337310791016
2019-07-18,72.84854125976562
2019-07-19,76.88545989990234
2019-07-22,77.7038803100586
2019-07-23,78.80736541748047
2019-07-24,79.38671112060547
2019-07-25,82.76152801513672
2019-07-26,83.15694427490234
2019-07-29,84.0305404663086
2019-07-30,83.57075500488281
2019-07-31,83.74546813964844
2019-08-01,85.25357818603516
2019-08-02,82.65118408203125
2019-08-05,80.60053253173828
2019-08-06,79.79132080078125
2019-08-07,79.81890869140625
2019-08-08,80.52696990966797
2019-08-09,80.22350311279297
2019-08-12,79.2855453491211
2019-08-13,78.8349609375
2019-08-14,77.42800903320312
2019-08-15,77.71308135986328
2019-08-16,78.74298858642578
2019-08-19,79.60739135742188
2019-08-20,78.77059173583984
2019-08-21,79.67176818847656
2019-08-22,79.22118377685547
2019-08-23,78.67862701416016
2019-08-26,78.25562286376953
2019-08-27,78.3108139038086
2019-08-28,77.51997375488281
2019-08-29,79.18440246582031
2019-08-30,79.26715850830078
2019-09-02,79.29474639892578
2019-09-03,79.02806854248047
2019-09-04,78.77978515625
2019-09-05,78.1176986694336
2019-09-06,77.7038803100586
2019-09-09,79.13841247558594
2019-09-10,78.29241180419922
2019-09-11,78.54070281982422
2019-09-12,80.83042907714844
2019-09-13,80.17753601074219
2019-09-16,79.98442840576172
2019-09-17,80.3890380859375
2019-09-18,80.59134674072266
2019-09-19,79.45108032226562
2019-09-20,80.98676300048828
2019-09-23,80.43501281738281
2019-09-24,78.47633361816406
2019-09-25,79.2855453491211
2019-09-26,79.83729553222656
2019-09-27,80.03958892822266
2019-09-30,80.3890380859375
2019-10-01,78.56828308105469
2019-10-02,76.4256820678711
2019-10-03,76.26016235351562
2019-10-04,77.44640350341797
2019-10-07,78.52230072021484
2019-10-08,77.14295196533203
2019-10-09,77.51078033447266
2019-10-10,76.8670654296875
2019-10-11,77.18893432617188
2019-10-14,76.44406127929688
2019-10-15,77.16133880615234
2019-10-16,76.93144226074219
2019-10-17,76.87627410888672
2019-10-18,76.82109069824219
2019-10-21,76.96821594238281
2019-10-22,76.1773910522461
2019-10-23,75.60726165771484
2019-10-24,76.18659210205078
2019-10-25,67.75411224365234
2019-10-28,67.23915100097656
2019-10-29,66.38394165039062
2019-10-30,66.69660949707031
2019-10-31,66.24600982666016
2019-11-01,65.58391571044922
2019-11-04,65.3172378540039
2019-11-05,65.77703094482422
2019-11-06,65.99771881103516
2019-11-07,65.21609497070312
2019-11-08,65.3816146850586
2019-11-11,65.47356414794922
2019-11-12,66.10807037353516
2019-11-13,66.45751190185547
2019-11-14,66.19083404541016
2019-11-15,66.34716796875
2019-11-18,66.66901397705078
2019-11-19,66.68760681152344
2019-11-20,66.16690826416016
2019-11-21,65.91584777832031
2019-11-22,66.41796112060547
2019-11-25,66.9014663696289
2019-11-26,66.4644546508789
2019-11-27,66.529541015625
2019-11-28,66.66900634765625
2019-11-29,66.82707977294922
2019-12-02,66.3249740600586
2019-12-03,66.0460205078125
2019-12-04,66.42726135253906
2019-12-05,65.6183090209961
2019-12-06,66.76200103759766
2019-12-09,66.3249740600586
2019-12-10,65.72058868408203
2019-12-11,66.02742767333984
2019-12-12,65.18128204345703
2019-12-13,65.28356170654297
2019-12-16,66.73410034179688
2019-12-17,66.23200225830078
2019-12-18,67.04095458984375
2019-12-19,67.10603332519531
2019-12-20,68.86341857910156
2019-12-23,69.04009246826172
2019-12-24,68.9006118774414
2019-12-27,69.25395965576172
2019-12-30,68.55657958984375
2019-12-31,67.6081314086914
2020-01-02,69.26324462890625
2020-01-03,69.1795654296875
2020-01-06,69.05867767333984
2020-01-07,68.86341857910156
2020-01-08,68.3055191040039
2020-01-09,68.13815307617188
2020-01-10,68.46359252929688
2020-01-13,67.56166076660156
2020-01-14,66.9758529663086
2020-01-15,66.83637237548828
2020-01-16,66.76200103759766
2020-01-17,66.98515319824219
2020-01-20,66.40865325927734
2020-01-21,66.22270202636719
2020-01-22,65.7856674194336
2020-01-23,65.07899475097656
2020-01-24,65.74847412109375
2020-01-27,63.6656494140625
2020-01-28,64.42811584472656
2020-01-29,64.4095230102539
2020-01-30,63.693546295166016
2020-01-31,63.61915969848633
2020-02-03,63.45178985595703
2020-02-04,64.39093017578125
2020-02-05,64.85584259033203
2020-02-06,64.98601531982422
2020-02-07,63.693546295166016
2020-02-10,63.44249725341797
2020-02-11,62.96827697753906
2020-02-12,63.24722671508789
2020-02-13,63.25651931762695
2020-02-14,62.99618148803711
2020-02-17,62.69862365722656
2020-02-18,63.089149475097656
2020-02-19,63.41459655761719
2020-02-20,62.74512481689453
2020-02-21,61.508445739746094
2020-02-24,59.58368682861328
2020-02-25,57.87279510498047
2020-02-26,57.5473518371582
2020-02-27,51.233787536621094
2020-02-28,47.17041778564453
2020-03-02,48.35130310058594
2020-03-03,47.663230895996094
2020-03-04,47.62603759765625
2020-03-05,46.67760467529297
2020-03-06,44.50645065307617
2020-03-09,39.70851135253906
2020-03-10,39.99210739135742
2020-03-11,41.177650451660156
2020-03-12,34.33872985839844
2020-03-13,36.17514419555664
2020-03-16,32.125728607177734
2020-03-17,31.595714569091797
2020-03-18,28.79692268371582
2020-03-19,32.51160430908203
2020-03-20,37.19330978393555
2020-03-23,36.29137420654297
2020-03-24,37.565250396728516
2020-03-25,38.85771560668945
2020-03-26,39.4249153137207
2020-03-27,36.0170783996582
2020-03-30,36.17514419555664
2020-03-31,37.630332946777344
2020-04-01,37.0026969909668
2020-04-02,37.35602951049805
2020-04-03,37.04454040527344
2020-04-06,38.87630844116211
2020-04-07,40.44772720336914
2020-04-08,40.65693283081055
2020-04-09,40.55930709838867
2020-04-14,40.55000686645508
2020-04-15,38.95999526977539
2020-04-16,39.13666534423828
2020-04-17,38.86701202392578
2020-04-20,38.35560607910156
2020-04-21,35.580055236816406
2020-04-22,35.85900115966797
2020-04-23,36.5703239440918
2020-04-24,35.44522476196289
2020-04-27,37.430419921875
2020-04-28,39.56438446044922
2020-04-29,41.893619537353516
2020-04-30,38.94139862060547
2020-05-04,35.766021728515625
2020-05-05,35.82645797729492
2020-05-06,36.22628402709961
2020-05-07,36.71910095214844
2020-05-08,37.1607666015625
2020-05-11,36.91901397705078
2020-05-12,36.11005401611328
2020-05-13,34.40381622314453
2020-05-14,33.28801345825195
2020-05-15,34.40381622314453
2020-05-18,36.402957916259766
2020-05-19,35.26856231689453
2020-05-20,35.68698501586914
2020-05-21,34.71065902709961
2020-05-22,34.850135803222656
2020-05-25,35.700931549072266
2020-05-26,37.634979248046875
2020-05-27,39.41096115112305
2020-05-28,40.33149719238281
2020-05-29,38.969295501708984
2020-06-01,40.81036376953125
2020-06-02,41.554222106933594
2020-06-03,44.76214599609375
2020-06-04,45.343299865722656
2020-06-05,47.57954406738281
2020-06-08,47.14252471923828
2020-06-09,45.90291976928711
2020-06-10,44.57410430908203
2020-06-11,41.17927169799805
2020-06-12,42.44704818725586
2020-06-15,41.52204895019531
2020-06-16,43.804046630859375
2020-06-17,43.329803466796875
2020-06-18,43.28754425048828
2020-06-19,43.02459716796875
2020-06-22,42.2122802734375
2020-06-23,43.47535705566406
2020-06-24,41.27318572998047
2020-06-25,41.42344284057617
2020-06-26,40.700340270996094
2020-06-29,40.94450378417969
2020-06-30,41.193363189697266
2020-07-01,40.78485870361328
2020-07-02,42.08549880981445
2020-07-03,42.14185333251953
2020-07-06,43.67257308959961
2020-07-07,43.76178741455078
2020-07-08,43.395538330078125
2020-07-09,42.508094787597656
2020-07-10,44.306461334228516
2020-07-13,44.17967987060547
2020-07-14,43.47066879272461
2020-07-15,44.58818817138672
2020-07-16,44.47549819946289
2020-07-17,44.1186408996582
2020-07-20,44.13742446899414
2020-07-21,45.68223190307617
2020-07-22,44.17498779296875
2020-07-23,44.536537170410156
2020-07-24,44.104557037353516
2020-07-27,43.07624816894531
2020-07-28,44.56001663208008
2020-07-29,44.87931442260742
2020-07-30,45.49911117553711
2020-07-31,43.3110237121582
2020-08-03,43.503536224365234
2020-08-04,44.66331481933594
2020-08-05,44.29706954956055
2020-08-06,43.2405891418457
2020-08-07,42.916603088378906
2020-08-10,43.42371368408203
2020-08-11,45.07181930541992
2020-08-12,45.297203063964844
2020-08-13,45.029563903808594
2020-08-14,44.86052703857422
2020-08-17,44.513065338134766
2020-08-18,44.921566009521484
2020-08-19,45.90291976928711
2020-08-20,44.79479217529297
2020-08-21,44.16559982299805
2020-08-24,45.64466857910156
2020-08-25,45.85596466064453
2020-08-26,46.88896942138672
2020-08-27,47.14252471923828
2020-08-28,46.57906723022461
2020-08-31,45.83248519897461
2020-09-01,45.47563171386719
2020-09-02,46.982879638671875
2020-09-03,47.161312103271484
2020-09-04,46.21281814575195
2020-09-07,46.339603424072266
2020-09-08,44.77600860595703
2020-09-09,45.37232971191406
2020-09-10,45.65875244140625
2020-09-11,44.7666130065918
2020-09-14,44.74783706665039
2020-09-15,45.0671272277832
2020-09-16,45.42867660522461
2020-09-17,46.02499771118164
2020-09-18,45.686927795410156
2020-09-21,43.292236328125
2020-09-22,43.38145446777344
2020-09-23,42.893123626708984
2020-09-24,42.05263137817383
2020-09-25,42.31558609008789
2020-09-28,43.94491195678711
2020-09-29,43.48005676269531
2020-09-30,43.40962600708008
2020-10-01,43.0105094909668
2020-10-02,43.01990509033203
2020-10-05,43.94021224975586
2020-10-06,45.837188720703125
2020-10-07,46.63541030883789
2020-10-08,47.26460647583008
2020-10-09,47.42425537109375
2020-10-12,47.79050064086914
2020-10-13,46.410030364990234
2020-10-14,46.11891555786133
2020-10-15,43.92613220214844
2020-10-16,44.536537170410156
2020-10-19,44.73844528198242
2020-10-20,45.38642120361328
2020-10-21,44.03412628173828
2020-10-22,44.29237365722656
2020-10-23,45.555458068847656
2020-10-26,44.93095779418945
2020-10-27,44.13742446899414
2020-10-28,42.50339889526367
2020-10-29,42.719390869140625
2020-10-30,41.846031188964844
2020-11-02,42.184104919433594
2020-11-03,43.67726516723633
2020-11-04,43.96369171142578
2020-11-05,44.785396575927734
2020-11-06,44.757225036621094
2020-11-09,49.86589813232422
2020-11-10,53.274810791015625
2020-11-11,53.37810516357422
2020-11-12,52.71135711669922
2020-11-13,52.16667938232422
2020-11-16,53.76313781738281
2020-11-17,53.04943084716797
2020-11-18,52.739524841308594
2020-11-19,51.80982208251953
2020-11-20,51.49992370605469
2020-11-23,52.13850402832031
2020-11-24,54.20451354980469
2020-11-25,53.49079895019531
2020-11-26,53.59410095214844
2020-11-27,53.76313781738281
2020-11-30,52.47657775878906
2020-12-01,52.96491241455078
2020-12-02,52.701961517333984
2020-12-03,53.48141098022461
2020-12-04,54.495628356933594
2020-12-07,54.40172576904297
2020-12-08,54.476844787597656
2020-12-09,54.68345260620117
2020-12-10,54.824317932128906
2020-12-11,53.7255744934082
2020-12-14,54.09181594848633
2020-12-15,54.40172576904297
2020-12-16,54.119998931884766
2020-12-17,55.1811637878418
2020-12-18,54.495628356933594
2020-12-21,53.199684143066406
2020-12-22,53.89461135864258
2020-12-23,54.974571228027344
2020-12-24,54.702232360839844
2020-12-28,54.88066101074219
2020-12-29,55.021522521972656
2020-12-30,54.50502014160156
2020-12-31,53.537757873535156
2021-01-04,53.7255744934082
2021-01-05,53.69740295410156
2021-01-06,55.19055938720703
2021-01-07,54.84309768676758
2021-01-08,54.33598327636719
2021-01-11,53.16212463378906
2021-01-12,53.068206787109375
2021-01-13,53.040035247802734
2021-01-14,53.49079895019531
2021-01-15,53.284202575683594
2021-01-18,53.60349655151367
2021-01-19,52.91794967651367
2021-01-20,52.81464767456055
2021-01-21,51.9412956237793
2021-01-22,51.443580627441406
2021-01-25,49.9316291809082
2021-01-26,49.88467788696289
2021-01-27,49.57477569580078
2021-01-28,50.391788482666016
2021-01-29,48.814109802246094
2021-02-01,49.377567291259766
2021-02-02,51.236976623535156
2021-02-03,50.776817321777344
2021-02-04,51.12428283691406
2021-02-05,51.443580627441406
2021-02-08,50.776817321777344
2021-02-09,50.203975677490234
2021-02-10,50.01614761352539
2021-02-11,49.3963508605957
2021-02-12,49.3963508605957
2021-02-15,50.7204704284668
2021-02-16,50.01614761352539
2021-02-17,50.0631103515625
2021-02-18,49.42452621459961
2021-02-19,50.11006164550781
2021-02-22,49.94102478027344
2021-02-23,49.90346145629883
2021-02-24,49.950416564941406
2021-02-25,46.86079788208008
2021-02-26,44.56940841674805
2021-03-01,46.541507720947266
2021-03-02,45.88414001464844
2021-03-03,46.42411804199219
2021-03-04,47.734153747558594
2021-03-05,47.39608383178711
2021-03-08,48.7108154296875
2021-03-09,49.13340377807617
2021-03-10,49.90346145629883
2021-03-11,49.020713806152344
2021-03-12,49.2367057800293
2021-03-15,49.10523223876953
2021-03-16,48.99253845214844
2021-03-17,50.10066604614258
2021-03-18,50.03493881225586
2021-03-19,50.33544158935547
2021-03-22,49.75320816040039
2021-03-23,49.959808349609375
2021-03-24,49.696861267089844
2021-03-25,49.03010177612305
2021-03-26,49.818939208984375
2021-03-29,51.08671951293945
2021-03-30,51.50931167602539
2021-03-31,50.47631072998047
2021-04-01,50.49509048461914
2021-04-06,50.729862213134766
2021-04-07,50.29787826538086
2021-04-08,51.236976623535156
2021-04-09,51.49052810668945
2021-04-12,51.35905838012695
2021-04-13,50.692298889160156
2021-04-14,51.143062591552734
2021-04-15,53.05881881713867
2021-04-16,53.312374114990234
2021-04-19,53.584712982177734
2021-04-20,52.33571243286133
2021-04-21,54.260860443115234
2021-04-22,55.096649169921875
2021-04-23,54.90883255004883
2021-04-26,54.805538177490234
2021-04-27,54.52381134033203
2021-04-28,55.40655517578125
2021-04-29,55.641326904296875
2021-04-30,55.24691390991211
2021-05-03,55.55680847167969
2021-05-04,55.59469223022461
2021-05-05,55.5852165222168
2021-05-06,58.473873138427734
2021-05-07,58.038204193115234
2021-05-10,58.7958869934082
2021-05-11,57.64989471435547
2021-05-12,58.41704559326172
2021-05-13,58.644344329833984
2021-05-14,59.023189544677734
2021-05-17,58.67276382446289
2021-05-18,58.170799255371094
2021-05-19,57.58359909057617
2021-05-20,58.398101806640625
2021-05-21,58.98530197143555
2021-05-24,58.96635818481445
2021-05-25,58.6348762512207
2021-05-26,58.83376693725586
2021-05-27,58.843238830566406
2021-05-28,59.04212951660156
2021-05-31,58.30339813232422
2021-06-01,59.08001708984375
2021-06-02,60.017642974853516
2021-06-03,59.49673843383789
2021-06-04,59.525150299072266
2021-06-07,60.66167068481445
2021-06-08,61.27727508544922
2021-06-09,61.315162658691406
2021-06-10,61.116275787353516
2021-06-11,61.144683837890625
2021-06-14,61.19204330444336
2021-06-15,61.76030349731445
2021-06-16,61.883426666259766
2021-06-17,61.5614128112793
2021-06-18,60.04605484008789
2021-06-21,60.396484375
2021-06-22,60.5101318359375
2021-06-23,59.64827346801758
2021-06-24,59.9608154296875
2021-06-25,59.74298858642578
2021-06-28,58.776939392089844
2021-06-29,58.24656677246094
2021-06-30,57.59307098388672
2021-07-01,57.75407791137695
2021-07-02,57.11952209472656
2021-07-05,57.242645263671875
2021-07-06,56.2955436706543
2021-07-07,56.6175537109375
2021-07-08,55.56627655029297
2021-07-09,55.765167236328125
2021-07-12,55.4715690612793
2021-07-13,55.71781539916992
2021-07-14,55.660987854003906
2021-07-15,55.12114334106445
2021-07-16,55.23479461669922
2021-07-19,53.03752517700195
2021-07-20,53.60578536987305
2021-07-21,54.9696044921875
2021-07-22,54.81807327270508
2021-07-23,55.01696014404297
2021-07-26,55.083255767822266
2021-07-27,55.130611419677734
2021-07-28,55.045372009277344
2021-07-29,51.948360443115234
2021-07-30,50.575069427490234
2021-08-02,50.499305725097656
2021-08-03,49.6374397277832
2021-08-04,49.48590850830078
2021-08-05,49.64691162109375
2021-08-06,49.71320724487305
2021-08-09,49.069183349609375
2021-08-10,49.33436965942383
2021-08-11,49.448020935058594
2021-08-12,49.684791564941406
2021-08-13,49.88368606567383
2021-08-16,49.864749908447266
2021-08-17,49.77003479003906
2021-08-18,49.609031677246094
2021-08-19,48.15996170043945
2021-08-20,48.59563446044922
2021-08-23,48.91764831542969
2021-08-24,48.936588287353516
2021-08-25,48.84187698364258
2021-08-26,48.936588287353516
2021-08-27,48.98394012451172
2021-08-30,49.11653518676758
2021-08-31,49.23965835571289
2021-09-01,49.66585159301758
2021-09-02,48.43462371826172
2021-09-03,47.62959289550781
2021-09-06,47.591705322265625
2021-09-07,47.55382537841797
2021-09-08,47.070804595947266
2021-09-09,46.3368034362793
2021-09-10,46.171058654785156
2021-09-13,46.852970123291016
2021-09-14,46.06687927246094
2021-09-15,45.6264762878418
2021-09-16,45.84430694580078
2021-09-17,46.40309524536133
2021-09-20,46.26576614379883
2021-09-21,46.71564483642578
2021-09-22,47.345462799072266
2021-09-23,47.35020065307617
2021-09-24,46.933475494384766
2021-09-27,47.97054672241211
2021-09-28,47.676944732666016
2021-09-29,47.089744567871094
2021-09-30,46.545166015625
2021-10-01,46.11896514892578
2021-10-04,46.01478958129883
2021-10-05,45.80168914794922
2021-10-06,45.006126403808594
2021-10-07,45.36129379272461
2021-10-08,45.00139617919922
2021-10-11,44.84038543701172
2021-10-12,44.513641357421875
2021-10-13,45.49388122558594
2021-10-14,46.11896514892578
2021-10-15,45.375492095947266
2021-10-18,45.152931213378906
2021-10-19,45.19081497192383
2021-10-20,46.137908935546875
2021-10-21,45.645416259765625
2021-10-22,45.67856979370117
2021-10-25,45.967430114746094
2021-10-26,46.7251091003418
2021-10-27,46.74878692626953
2021-10-28,51.5789909362793
2021-10-29,49.9783935546875
2021-11-01,49.43854904174805
2021-11-02,49.19230270385742
2021-11-03,49.391197204589844
2021-11-04,48.775577545166016
2021-11-05,49.675331115722656
2021-11-08,49.14494705200195
2021-11-09,49.069183349609375
2021-11-10,49.69426727294922
2021-11-11,49.6563835144043
2021-11-12,49.48590850830078
2021-11-15,49.85527420043945
2021-11-16,50.215171813964844
2021-11-17,49.732147216796875
2021-11-18,49.28701400756836
2021-11-19,49.11653518676758
2021-11-22,49.66585159301758
2021-11-23,49.28701400756836
2021-11-24,49.609031677246094
2021-11-25,51.47481155395508
2021-11-26,48.48197937011719
2021-11-29,48.15049743652344
2021-11-30,46.649349212646484
2021-12-01,47.122894287109375
2021-12-02,47.26969528198242
2021-12-03,47.12762451171875
2021-12-06,49.28701400756836
2021-12-07,49.37225341796875
2021-12-08,48.20732498168945
2021-12-09,48.26414489746094
2021-12-10,48.33992004394531
2021-12-13,48.169437408447266
2021-12-14,48.82293701171875
2021-12-15,48.14102554321289
2021-12-16,49.61849594116211
2021-12-17,50.34776306152344
2021-12-20,49.24913024902344
2021-12-21,50.1867561340332
2021-12-22,50.12993240356445
2021-12-23,50.821311950683594
2021-12-24,50.42353057861328
2021-12-27,50.62242126464844
2021-12-28,50.433006286621094
2021-12-29,50.12046432495117
2021-12-30,50.65083694458008
2021-12-31,50.35723114013672
2022-01-03,52.86705017089844
2022-01-04,53.38794708251953
2022-01-05,53.03752517700195
2022-01-06,52.223018646240234
2022-01-07,52.54502868652344
2022-01-10,53.728904724121094
2022-01-11,53.64366149902344
2022-01-12,53.482662200927734
2022-01-13,54.837013244628906
2022-01-14,55.8598747253418
2022-01-17,56.38077926635742
2022-01-18,56.011417388916016
2022-01-19,55.4052734375
2022-01-20,55.4715690612793
2022-01-21,55.06431579589844
2022-01-24,53.50160598754883
2022-01-25,54.04145050048828
2022-01-26,53.98462677001953
2022-01-27,54.799129486083984
2022-01-28,53.05646896362305
2022-01-31,52.7723388671875
2022-02-01,53.44477844238281
2022-02-02,53.378482818603516
2022-02-03,51.588462829589844
2022-02-04,50.4140625
2022-02-07,50.94444274902344
2022-02-08,51.65475845336914
2022-02-09,51.077030181884766
2022-02-10,52.96175765991211
2022-02-11,52.904930114746094
2022-02-14,51.588462829589844
2022-02-15,52.32720184326172
2022-02-16,53.321651458740234
2022-02-17,52.914398193359375
2022-02-18,52.86705017089844
2022-02-21,51.512699127197266
2022-02-22,51.541107177734375
2022-02-23,52.241966247558594
2022-02-24,51.50322723388672
2022-02-25,55.16849899291992
2022-02-28,52.223018646240234
2022-03-01,49.93104553222656
2022-03-02,50.215171813964844
2022-03-03,49.58061599731445
2022-03-04,48.00843048095703
2022-03-07,46.36994934082031
2022-03-08,45.93428421020508
2022-03-09,49.050235748291016
2022-03-10,48.10314178466797
2022-03-11,48.88923263549805
2022-03-14,49.52378845214844
2022-03-15,49.476436614990234
2022-03-16,51.162269592285156
2022-03-17,51.11491775512695
2022-03-18,51.92941665649414
2022-03-21,51.61687469482422
2022-03-22,51.56005096435547
2022-03-23,50.5277099609375
2022-03-24,50.46141815185547
2022-03-25,51.11491775512695
2022-03-28,51.35169219970703
2022-03-29,52.696571350097656
2022-03-30,52.27984619140625
2022-03-31,51.38957214355469
2022-04-01,52.04307556152344
2022-04-04,53.321651458740234
2022-04-05,52.914398193359375
2022-04-06,51.872596740722656
2022-04-07,50.47088623046875
2022-04-08,51.49375534057617
2022-04-11,51.06755828857422
2022-04-12,51.11491775512695
2022-04-13,51.105438232421875
2022-04-14,51.72105407714844
2022-04-19,51.69264602661133
2022-04-20,53.975154876708984
2022-04-21,54.477115631103516
2022-04-22,52.582916259765625
2022-04-25,51.863121032714844
2022-04-26,52.080955505371094
2022-04-27,51.92941665649414
2022-04-28,51.5789909362793
2022-04-29,52.46926498413086
2022-05-02,50.84025955200195
2022-05-03,51.80582046508789
2022-05-04,51.44253921508789
2022-05-05,51.93009948730469
2022-05-06,49.798213958740234
2022-05-09,48.679683685302734
2022-05-10,49.578330993652344
2022-05-11,50.44829559326172
2022-05-12,49.98941421508789
2022-05-13,51.12705993652344
2022-05-16,51.700660705566406
2022-05-17,52.044822692871094
2022-05-18,51.14617919921875
2022-05-19,48.823089599609375
2022-05-20,48.95692825317383
2022-05-23,49.63569259643555
2022-05-24,48.823089599609375
2022-05-25,50.05633544921875
2022-05-26,50.4387321472168
2022-05-27,50.54389572143555
2022-05-30,50.25709533691406
2022-05-31,49.874691009521484
2022-06-01,49.234169006347656
2022-06-02,48.899574279785156
2022-06-03,49.587890625
2022-06-06,50.25709533691406
2022-06-07,49.80777359008789
2022-06-08,49.66437530517578
2022-06-09,48.574527740478516
2022-06-10,47.33650207519531
2022-06-13,47.140525817871094
2022-06-14,46.672080993652344
2022-06-15,48.20168685913086
2022-06-16,46.84416198730469
2022-06-17,47.054481506347656
2022-06-20,47.42254638671875
2022-06-21,46.74378204345703
2022-06-22,47.32694625854492
2022-06-23,47.63286590576172
2022-06-24,48.574527740478516
2022-06-27,48.80397033691406
2022-06-28,49.798213958740234
2022-06-29,49.53053665161133
2022-06-30,49.1003303527832
2022-07-01,49.97985076904297
2022-07-04,49.27241134643555
2022-07-05,49.88425064086914
2022-07-06,51.19397735595703
2022-07-07,51.22266387939453
2022-07-08,52.226463317871094
2022-07-11,52.1882209777832
2022-07-12,52.43678283691406
2022-07-13,52.207340240478516
2022-07-14,51.547698974609375
2022-07-15,51.65285873413086
2022-07-18,52.044822692871094
2022-07-19,52.3698616027832
2022-07-20,51.62417984008789
2022-07-21,51.041019439697266
2022-07-22,50.73509979248047
2022-07-25,51.23221969604492
2022-07-26,51.62417984008789
2022-07-27,51.939666748046875
2022-07-28,49.81733322143555
2022-07-29,49.97029495239258
2022-08-01,49.262847900390625
2022-08-02,48.51716995239258
2022-08-03,49.68349075317383
2022-08-04,49.97029495239258
2022-08-05,49.81733322143555
2022-08-08,50.58213424682617
2022-08-09,50.237972259521484
2022-08-10,50.62993621826172
2022-08-11,50.687294006347656
2022-08-12,50.64905548095703
2022-08-15,50.87849807739258
2022-08-16,51.14617919921875
2022-08-17,50.69685363769531
2022-08-18,50.36225509643555
2022-08-19,50.06589126586914
2022-08-22,49.2819709777832
2022-08-23,49.0142936706543
2022-08-24,49.951171875
2022-08-25,49.1003303527832
2022-08-26,48.067848205566406
2022-08-29,47.317386627197266
2022-08-30,47.073604583740234
2022-08-31,46.21798324584961
2022-09-01,45.84035873413086
2022-09-02,46.67686080932617
2022-09-05,46.82025909423828
2022-09-06,47.054481506347656
2022-09-07,46.915863037109375
2022-09-08,47.19310760498047
2022-09-09,47.293487548828125
2022-09-12,48.66057205200195
2022-09-13,47.85752487182617
2022-09-14,46.82025909423828
2022-09-15,47.083160400390625
2022-09-16,47.11662292480469
2022-09-19,47.62808609008789
2022-09-20,47.25046157836914
2022-09-21,47.054481506347656
2022-09-22,47.322166442871094
2022-09-23,45.89772033691406
2022-09-26,45.27632141113281
2022-09-27,45.37670135498047
2022-09-28,45.25719451904297
2022-09-29,44.31553268432617
2022-09-30,44.688377380371094
2022-10-03,44.401573181152344
2022-10-04,46.23231887817383
2022-10-05,45.00385665893555
2022-10-06,44.77919387817383
2022-10-07,44.57365417480469
2022-10-10,44.229496002197266
2022-10-11,44.597557067871094
2022-10-12,45.12813949584961
2022-10-13,44.917816162109375
2022-10-14,45.08033752441406
2022-10-17,45.44839859008789
2022-10-18,45.65871810913086
2022-10-19,44.607112884521484
2022-10-20,44.31553268432617
2022-10-21,44.501953125
2022-10-24,45.08033752441406
2022-10-25,45.32411575317383
2022-10-26,45.152034759521484
2022-10-27,47.800167083740234
2022-10-28,47.99136734008789
2022-10-31,48.37376403808594
2022-11-01,49.320213317871094
2022-11-02,48.48849105834961
2022-11-03,48.096527099609375
2022-11-04,49.93205261230469
2022-11-07,50.30488967895508
2022-11-08,50.161495208740234
2022-11-09,49.8938102722168
2022-11-10,50.57257843017578
2022-11-11,51.03145980834961
2022-11-14,50.96453857421875
2022-11-15,50.706417083740234
2022-11-16,50.59169387817383
2022-11-17,50.63949966430664
2022-11-18,51.22266387939453
2022-11-21,51.56681823730469
2022-11-22,51.81538009643555
2022-11-23,51.67197799682617
2022-11-24,52.130859375
2022-11-25,52.16910171508789
2022-11-28,53.70826721191406
2022-11-29,53.727386474609375
2022-11-30,53.583984375
2022-12-01,54.387027740478516
2022-12-02,54.635589599609375
2022-12-05,53.937705993652344
2022-12-06,54.09067153930664
2022-12-07,53.880348205566406
2022-12-08,54.052433013916016
2022-12-09,54.377471923828125
2022-12-12,54.052433013916016
2022-12-13,55.05623245239258
2022-12-14,55.00843048095703
2022-12-15,53.440589904785156
2022-12-16,53.5266227722168
2022-12-19,53.74650955200195
2022-12-20,53.67002868652344
2022-12-21,54.444393157958984
2022-12-22,54.35835266113281
2022-12-23,54.28186798095703
2022-12-27,54.34878921508789
2022-12-28,54.29143142700195
2022-12-29,54.47306823730469
2022-12-30,53.794307708740234
2023-01-02,54.39659118652344
2023-01-03,54.339229583740234
2023-01-04,55.467315673828125
2023-01-05,54.62602615356445
2023-01-06,54.9128303527832
2023-01-09,54.272308349609375
2023-01-10,53.861228942871094
2023-01-11,54.42526626586914
2023-01-12,53.5266227722168
2023-01-13,53.81342697143555
2023-01-16,53.870784759521484
2023-01-17,54.205387115478516
2023-01-18,53.25894546508789
2023-01-19,52.62798309326172
2023-01-20,52.59930419921875
2023-01-23,52.54194259643555
2023-01-24,52.350738525390625
2023-01-25,52.44634246826172
2023-01-26,52.29338073730469
2023-01-27,51.758018493652344
2023-01-30,52.11174011230469
2023-01-31,52.66622543334961
2023-02-01,52.59930419921875
2023-02-02,52.58018112182617
2023-02-03,52.522823333740234
2023-02-06,52.341182708740234
2023-02-07,52.08306121826172
2023-02-08,52.092620849609375
2023-02-09,52.092620849609375
2023-02-10,52.10218048095703
2023-02-13,52.37942123413086
2023-02-14,52.302940368652344
2023-02-15,52.97214126586914
2023-02-16,52.94346618652344
2023-02-17,52.58974075317383
2023-02-20,53.12510299682617
2023-02-21,53.11554718017578
2023-02-22,54.16714859008789
2023-02-23,54.61647033691406
2023-02-24,54.19582748413086
2023-02-27,54.69294738769531
2023-02-28,54.71207046508789
2023-03-01,54.12890625
2023-03-02,54.387027740478516
2023-03-03,55.30479049682617
2023-03-06,54.606910705566406
2023-03-07,54.4348258972168
2023-03-08,54.4921875
2023-03-09,55.09447479248047
2023-03-10,54.893707275390625
2023-03-13,53.23982620239258
2023-03-14,54.25318908691406
2023-03-15,53.31630325317383
2023-03-16,54.53042984008789
2023-03-17,53.81342697143555
2023-03-20,53.92814636230469
2023-03-21,54.52086639404297
2023-03-22,55.05623245239258
2023-03-23,54.73118591308594
2023-03-24,54.94151306152344
2023-03-27,55.582035064697266
2023-03-28,55.88795471191406
2023-03-29,57.47492218017578
2023-03-30,57.98160171508789
2023-03-31,58.631683349609375
2023-04-03,58.46916198730469
2023-04-04,58.306644439697266
2023-04-05,58.52652359008789
2023-04-06,58.39268493652344
2023-04-11,57.943359375
2023-04-12,56.060035705566406
2023-04-13,55.582035064697266
2023-04-14,56.1556396484375
2023-04-17,56.80571365356445
2023-04-18,56.20343780517578
2023-04-19,57.55139923095703
2023-04-20,57.22636032104492
2023-04-21,57.044715881347656
2023-04-24,57.18811798095703
2023-04-25,57.436683654785156
2023-04-26,57.56095886230469
2023-04-27,57.063838958740234
2023-04-28,56.499794006347656
2023-05-02,55.734989166259766
2023-05-03,56.199851989746094
2023-05-04,57.604122161865234
2023-05-05,56.86809539794922
2023-05-08,56.92619705200195
2023-05-09,56.3644905090332
2023-05-10,54.66968536376953
2023-05-11,54.72779083251953
2023-05-12,54.505043029785156
2023-05-15,54.505043029785156
2023-05-16,53.80775451660156
2023-05-17,52.645599365234375
2023-05-18,53.032981872558594
2023-05-19,53.12014389038086
2023-05-22,52.78118133544922
2023-05-23,52.79086685180664
2023-05-24,51.75461196899414
2023-05-25,51.338172912597656
2023-05-26,51.493125915527344
2023-05-29,51.280067443847656
2023-05-30,49.66273498535156
2023-05-31,48.335941314697266
2023-06-01,48.73301315307617
2023-06-02,49.30440139770508
2023-06-05,49.30440139770508
2023-06-06,49.53683853149414
2023-06-07,50.0307502746582
2023-06-08,49.2559814453125
2023-06-09,49.55620193481445
2023-06-12,49.43998718261719
2023-06-13,49.83705520629883
2023-06-14,50.6699333190918
2023-06-15,51.40597152709961
2023-06-16,51.773983001708984
2023-06-19,50.68930435180664
2023-06-20,50.36002731323242
2023-06-21,50.05012130737305
2023-06-22,50.95079040527344
2023-06-23,50.747413635253906
2023-06-26,50.127593994140625
2023-06-27,49.89516830444336
2023-06-28,49.740211486816406
2023-06-29,49.45935821533203
2023-06-30,50.19539260864258
2023-07-03,50.82489013671875
2023-07-04,50.52466583251953
2023-07-05,50.6408805847168
2023-07-06,49.265663146972656
2023-07-07,49.03323745727539
2023-07-10,49.081661224365234
2023-07-11,49.3140869140625
2023-07-12,49.96295928955078
2023-07-13,50.15665054321289
2023-07-14,50.11791229248047
2023-07-17,49.672420501708984
2023-07-18,49.85643005371094
2023-07-19,50.36002731323242
2023-07-20,50.960472106933594
2023-07-21,51.0379524230957
2023-07-24,51.0379524230957
2023-07-25,51.25101089477539
2023-07-26,51.17353439331055
2023-07-27,51.783668518066406
2023-07-28,51.832088470458984
2023-07-31,50.408451080322266
2023-08-01,49.89516830444336
2023-08-02,49.44967269897461
2023-08-03,50.08885955810547
2023-08-04,50.11791229248047
2023-08-07,49.69178771972656
2023-08-08,49.682106018066406
2023-08-09,49.672420501708984
2023-08-10,50.292236328125
2023-08-11,49.54651641845703
2023-08-14,49.85643005371094
2023-08-15,49.2850341796875
2023-08-16,49.13008117675781
2023-08-17,49.39156723022461
2023-08-18,49.49809646606445
2023-08-21,49.74989700317383
2023-08-22,50.0016975402832
2023-08-23,50.485931396484375
2023-08-24,50.54403305053711
2023-08-25,50.602142333984375
2023-08-28,51.15416717529297
2023-08-29,51.15416717529297
2023-08-30,51.34785842895508
2023-08-31,50.844261169433594
2023-09-01,50.321285247802734
2023-09-04,49.74989700317383
2023-09-05,50.21475601196289
2023-09-06,50.80552291870117
2023-09-07,50.82489013671875
2023-09-08,50.766780853271484
2023-09-11,51.17353439331055
2023-09-12,50.79583740234375
2023-09-13,50.5537223815918
2023-09-14,51.2994384765625
2023-09-15,51.64808654785156
2023-09-18,51.938621520996094
2023-09-19,52.09357452392578
2023-09-20,51.72555923461914
2023-09-21,51.638397216796875
2023-09-22,51.45439147949219
2023-09-25,50.573089599609375
2023-09-26,49.69178771972656
2023-09-27,49.265663146972656
2023-09-28,49.197872161865234
2023-09-29,50.85394287109375
2023-10-02,49.43998718261719
2023-10-03,48.9944953918457
2023-10-04,48.55868911743164
2023-10-05,49.43030548095703
2023-10-06,47.8856086730957
2023-10-09,47.92919158935547
2023-10-10,49.03323745727539
2023-10-11,49.71116256713867
2023-10-12,49.46904754638672
2023-10-13,49.236610412597656
2023-10-16,49.701473236083984
2023-10-17,49.48841094970703
2023-10-18,49.07197189331055
2023-10-19,48.95575714111328
2023-10-20,48.30204772949219
2023-10-23,48.24393844604492
2023-10-24,48.60710906982422
2023-10-25,49.48841094970703
2023-10-26,49.120399475097656
2023-10-27,48.810489654541016
2023-10-30,49.24629592895508
2023-10-31,51.938621520996094
2023-11-01,51.69650650024414
2023-11-02,52.674652099609375
2023-11-03,53.3719482421875
2023-11-06,53.1104621887207
2023-11-07,53.61406326293945
2023-11-08,53.904598236083984
2023-11-09,54.505043029785156
2023-11-10,53.66248321533203
2023-11-13,54.156394958496094
2023-11-14,54.42757034301758
2023-11-15,54.70842361450195
2023-11-16,54.65999984741211
2023-11-17,54.45662307739258
2023-11-20,54.640625
2023-11-21,55.02801513671875
2023-11-22,55.812469482421875
2023-11-23,55.71562194824219
2023-11-24,55.899635314941406
2023-11-27,55.39603042602539
2023-11-28,55.46382522583008
2023-11-29,55.37665939331055
2023-11-30,55.7931022644043
2023-12-01,56.41291427612305
2023-12-04,56.519447326660156
2023-12-05,56.58723831176758
2023-12-06,56.50008010864258
2023-12-07,56.39354705810547
2023-12-08,56.85840606689453
2023-12-11,56.713138580322266
2023-12-12,56.80998611450195
2023-12-13,55.609092712402344
2023-12-14,55.70594024658203
2023-12-15,55.71562194824219
2023-12-18,55.57035446166992
2023-12-19,55.93836975097656
2023-12-20,56.2482795715332
2023-12-21,55.78341293334961
2023-12-22,56.548500061035156
2023-12-27,56.47102355957031
2023-12-28,56.52913284301758
2023-12-29,56.577552795410156
2024-01-02,56.91651916503906
2024-01-03,56.52913284301758
2024-01-04,56.955257415771484
2024-01-05,57.00367736816406
2024-01-08,57.50727844238281
2024-01-09,57.720340728759766
2024-01-10,58.19488525390625
2024-01-11,57.2845344543457
2024-01-12,57.61381149291992
2024-01-15,57.691287994384766
2024-01-16,56.80030059814453
2024-01-17,55.9093132019043
2024-01-18,55.638145446777344
2024-01-19,55.812469482421875
2024-01-22,55.96742630004883
2024-01-23,55.5606689453125
2024-01-24,55.93836975097656
2024-01-25,55.39603042602539
2024-01-26,55.39603042602539
2024-01-29,55.62845993041992
2024-01-30,55.65751647949219
2024-01-31,55.696250915527344
2024-02-01,55.618778228759766
2024-02-02,55.5025634765625
2024-02-05,55.83184051513672
2024-02-06,56.3063850402832
2024-02-07,58.679115295410156
2024-02-08,58.73722839355469
2024-02-09,58.06898498535156
2024-02-12,57.96245574951172
2024-02-13,57.526649475097656
2024-02-14,56.09332275390625
2024-02-15,56.43228530883789
2024-02-16,55.986793518066406
2024-02-19,56.39354705810547
2024-02-20,56.42259979248047
2024-02-21,56.655029296875
2024-02-22,56.63566207885742
2024-02-23,56.625980377197266
2024-02-26,56.43228530883789
2024-02-27,56.2482795715332
2024-02-28,55.754364013671875
2024-02-29,53.96270751953125
2024-03-01,54.02081298828125
2024-03-04,53.856178283691406
2024-03-05,53.84648895263672
2024-03-06,53.92396926879883
2024-03-07,54.36946105957031
2024-03-08,54.82463836669922
2024-03-11,55.734989166259766
2024-03-12,56.12237548828125
2024-03-13,56.96493911743164
2024-03-14,54.2048225402832
2024-03-15,53.64311599731445
2024-03-18,53.43973922729492
2024-03-19,53.430049896240234
2024-03-20,53.207305908203125
2024-03-21,53.09109115600586
2024-03-22,53.430049896240234
2024-03-25,53.769012451171875
2024-03-26,54.05955123901367
2024-03-27,54.475990295410156
2024-03-28,54.67936706542969
2024-04-02,54.446937561035156
2024-04-03,54.11766052246094
2024-04-04,53.536582946777344
2024-04-05,53.61406326293945
2024-04-08,53.788387298583984
2024-04-09,53.96270751953125
2024-04-10,53.536582946777344
2024-04-11,53.788387298583984
2024-04-12,53.710906982421875
2024-04-15,53.071720123291016
2024-04-16,52.16136932373047
2024-04-17,52.16136932373047
2024-04-18,52.451908111572266
2024-04-19,53.22667694091797
2024-04-22,53.943336486816406
2024-04-23,54.078922271728516
2024-04-24,54.27261734008789
2024-04-25,54.29198455810547
2024-04-26,54.35009002685547
2024-04-29,54.640625
2024-04-30,54.388832092285156
2024-05-02,54.214508056640625
2024-05-03,54.568336486816406
2024-05-06,54.529022216796875
2024-05-07,55.57085418701172
2024-05-08,57.772457122802734
2024-05-09,57.949371337890625
2024-05-10,58.46045684814453
2024-05-13,58.99120330810547
2024-05-14,59.384342193603516
2024-05-15,60.01337814331055
2024-05-16,60.19029235839844
2024-05-17,61.055206298828125
2024-05-20,60.56377410888672
2024-05-21,60.15097427368164
2024-05-22,59.462974548339844
2024-05-23,58.85360336303711
2024-05-24,58.99120330810547
2024-05-27,58.85360336303711
2024-05-28,57.65451431274414
2024-05-29,56.671653747558594
2024-05-30,56.63233947753906
2024-05-31,56.63233947753906
2024-06-03,56.76993942260742
2024-06-04,56.12125015258789
2024-06-05,56.29816818237305
2024-06-06,57.300682067871094
2024-06-07,56.80925369262695
2024-06-10,56.278507232666016
2024-06-11,55.787078857421875
2024-06-12,56.14091110229492
2024-06-13,55.13839340209961
2024-06-14,54.50936508178711
2024-06-17,54.666622161865234
2024-06-18,54.352108001708984
2024-06-19,54.13587951660156
2024-06-20,54.568336486816406
2024-06-21,54.1162223815918
2024-06-24,55.68879318237305
2024-06-25,54.92216491699219
2024-06-26,54.50936508178711
2024-06-27,54.214508056640625
2024-06-28,53.19233322143555
2024-07-01,53.5068473815918
2024-07-02,53.66410446166992
2024-07-03,54.705936431884766
2024-07-04,54.82387924194336
2024-07-05,54.194847106933594
2024-07-08,54.076908111572266
2024-07-09,53.72307586669922
2024-07-10,54.568336486816406
2024-07-11,55.23667907714844
2024-07-12,55.590511322021484
2024-07-15,54.391422271728516
2024-07-16,53.91965103149414
2024-07-17,55.23667907714844
2024-07-18,55.334964752197266
2024-07-19,54.529022216796875
2024-07-22,55.05976486206055
2024-07-23,54.843536376953125
2024-07-24,54.72559356689453
2024-07-25,54.90250778198242
2024-07-26,55.197364807128906
2024-07-29,54.13587951660156
2024-07-30,54.076908111572266
2024-07-31,54.0179328918457
2024-08-01,55.3742790222168
2024-08-02,56.5930290222168
2024-08-05,54.666622161865234
2024-08-06,54.194847106933594
2024-08-07,54.843536376953125
2024-08-08,54.6273078918457
2024-08-09,54.50936508178711
2024-08-12,54.253822326660156
2024-08-13,53.91965103149414
2024-08-14,53.97861862182617
2024-08-15,54.253822326660156
2024-08-16,54.09656524658203
2024-08-19,54.13587951660156
2024-08-20,53.4478759765625
2024-08-21,53.742733001708984
2024-08-22,54.0572509765625
2024-08-23,54.214508056640625
2024-08-26,54.076908111572266
2024-08-27,54.48970413208008
2024-08-28,54.31278991699219
2024-08-29,54.568336486816406
2024-08-30,54.352108001708984
2024-09-02,54.253822326660156
2024-09-03,54.705936431884766
2024-09-04,55.55119705200195
2024-09-05,56.278507232666016
2024-09-06,55.590511322021484
2024-09-09,56.76993942260742
2024-09-10,57.28102493286133
2024-09-11,57.26136779785156
2024-09-12,57.53657150268555
2024-09-13,57.55622863769531
2024-09-16,57.1237678527832
2024-09-17,57.00582504272461
2024-09-18,56.33748245239258
2024-09-19,56.45542526245117
2024-09-20,55.62982177734375
2024-09-23,55.8657112121582
2024-09-24,56.76993942260742
2024-09-25,55.767425537109375
2024-09-26,57.55622863769531
2024-09-27,58.59805679321289
2024-09-30,58.3621711730957
2024-10-01,59.28606033325195
2024-10-02,59.010860443115234
2024-10-03,59.20743179321289
2024-10-04,59.16811752319336
2024-10-07,58.3621711730957
2024-10-08,57.51691436767578
2024-10-09,57.83142852783203
2024-10-10,57.7527961730957
2024-10-11,58.3621711730957
2024-10-14,58.578399658203125
2024-10-15,59.44331741333008
2024-10-16,58.892913818359375
2024-10-17,59.52194595336914
2024-10-18,59.679203033447266
2024-10-21,59.148460388183594
2024-10-22,58.696346282958984
2024-10-23,58.73565673828125
2024-10-24,58.833946228027344
2024-10-25,58.519432067871094
2024-10-28,58.71600341796875
2024-10-29,58.4801139831543
2024-10-30,57.37931442260742
2024-10-31,54.03759002685547
2024-11-01,54.194847106933594
2024-11-04,53.03507614135742
2024-11-05,53.03507614135742
2024-11-06,51.83599090576172
2024-11-07,52.799190521240234
2024-11-08,52.38638687133789
2024-11-11,52.72056198120117
2024-11-12,51.600101470947266
2024-11-13,51.71804428100586
2024-11-14,52.70090103149414
2024-11-15,52.2684440612793
2024-11-18,52.46501922607422
2024-11-19,52.091529846191406
2024-11-20,51.423187255859375
2024-11-21,51.34455871582031
2024-11-22,51.678733825683594
2024-11-25,51.75735855102539
2024-11-26,50.4010124206543
2024-11-27,50.42066955566406
2024-11-28,50.16512680053711
2024-11-29,50.06684112548828
2024-12-02,50.224098205566406
2024-12-03,50.38135528564453
2024-12-04,49.67369842529297
2024-12-05,49.61472702026367
2024-12-06,49.41815185546875
2024-12-09,49.63438415527344
2024-12-10,49.595069885253906
2024-12-11,49.378841400146484
2024-12-12,50.08649826049805
2024-12-13,50.342044830322266
2024-12-16,49.7130126953125
2024-12-17,48.7203254699707
2024-12-18,48.09129333496094
2024-12-19,47.560550689697266
2024-12-20,47.31483459472656
2024-12-23,47.422950744628906
2024-12-24,47.59003448486328
2024-12-27,47.88489532470703
2024-12-30,47.19689178466797
2024-12-31,47.422950744628906
2025-01-02,47.9242057800293
2025-01-03,46.56786346435547
2025-01-06,46.725120544433594
2025-01-07,46.921695709228516
2025-01-08,46.587520599365234
2025-01-09,46.803749084472656
2025-01-10,44.86751937866211
2025-01-13,44.68077087402344
2025-01-14,44.28763198852539
2025-01-15,44.42523193359375
2025-01-16,44.66111373901367
2025-01-17,45.87002944946289
2025-01-20,46.302490234375
2025-01-21,45.781578063964844
2025-01-22,45.2901496887207
2025-01-23,45.3098030090332
2025-01-24,45.82088851928711
2025-01-27,46.67597961425781
2025-01-28,46.626834869384766
2025-01-29,46.38111877441406
2025-01-30,47.01997756958008
2025-01-31,46.8725471496582
2025-02-03,46.57769012451172
2025-02-04,46.26317596435547
2025-02-05,46.155059814453125
2025-02-06,47.77677917480469
2025-02-07,48.06180953979492
2025-02-10,47.94386291503906
2025-02-11,47.95369338989258
2025-02-12,49.31986999511719
2025-02-13,50.02752685546875
2025-02-14,49.870269775390625
2025-02-17,49.85061264038086
2025-02-18,49.96855545043945
2025-02-19,49.63438415527344
2025-02-20,49.75232696533203
2025-02-21,50.73518371582031
2025-02-24,51.18730163574219
2025-02-25,51.423187255859375
2025-02-26,55.826393127441406
2025-02-27,56.76993942260742
2025-02-28,56.65199661254883
2025-03-03,57.39897155761719
2025-03-04,57.497257232666016
2025-03-05,56.710968017578125
2025-03-06,56.75028610229492
2025-03-07,57.26136779785156
2025-03-10,57.24171447753906
2025-03-11,56.042625427246094
2025-03-12,56.37679672241211
2025-03-13,55.84605407714844
2025-03-14,56.357139587402344
2025-03-17,57.10411071777344
2025-03-18,57.00582504272461
2025-03-19,57.025482177734375
2025-03-20,57.06480026245117
2025-03-21,57.14342498779297
2025-03-24,56.06228256225586
2025-03-25,56.219539642333984
2025-03-26,56.12125015258789
2025-03-27,56.278507232666016
2025-03-28,56.73062515258789
2025-03-31,55.9443359375
2025-04-01,56.258853912353516
2025-04-02,56.31782531738281
2025-04-03,56.41611099243164
2025-04-04,54.94182205200195
2025-04-07,52.89747619628906
2025-04-08,53.95896530151367
2025-04-09,52.170162200927734
2025-04-10,53.27096176147461
2025-04-11,53.52650451660156
2025-04-14,54.45039367675781
2025-04-15,55.099082946777344
2025-04-16,56.5537109375
2025-04-17,56.78959655761719
2025-04-22,57.41862487792969
2025-04-23,57.300682067871094
2025-04-24,57.24171447753906
2025-04-25,56.33748245239258
2025-04-28,56.31782531738281
2025-04-29,55.80673599243164
2025-04-30,56.6126823425293
2025-05-02,57.43828201293945
2025-05-05,57.34000015258789
2025-05-06,57.86000061035156
2025-05-07,57.58000183105469
2025-05-08,59.41999816894531
2025-05-09,59.84000015258789
2025-05-12,59.63999938964844
2025-05-13,58.81999969482422
2025-05-14,59.220001220703125
2025-05-15,60.2400016784668
2025-05-16,60.31999969482422
2025-05-19,60.7400016784668
2025-05-20,60.84000015258789
2025-05-21,60.7400016784668
2025-05-22,60.79999923706055
2025-05-23,60.70000076293945
2025-05-26,61.47999954223633
2025-05-27,61.959999084472656
2025-05-28,62.0
2025-05-29,61.86000061035156
2025-05-30,62.040000915527344
2025-06-02,61.939998626708984
2025-06-03,62.220001220703125
2025-06-04,62.779998779296875
2025-06-05,62.36000061035156
2025-06-06,62.18000030517578
2025-06-09,62.119998931884766
2025-06-10,61.86000061035156
2025-06-11,61.70000076293945
2025-06-12,61.779998779296875
2025-06-13,61.959999084472656
2025-06-16,61.91999816894531
2025-06-17,61.560001373291016
2025-06-18,61.7599983215332
2025-06-19,61.380001068115234
2025-06-20,62.13999938964844
2025-06-23,61.65999984741211
2025-06-24,61.099998474121094
2025-06-25,58.91999816894531
2025-06-26,59.060001373291016
2025-06-27,58.7599983215332
2025-06-30,58.2400016784668
2025-07-01,59.220001220703125
2025-07-02,58.880001068115234
2025-07-03,58.7400016784668
2025-07-04,58.939998626708984
2025-07-07,58.720001220703125
2025-07-08,57.959999084472656
2025-07-09,57.65999984741211
2025-07-10,58.0
2025-07-11,57.720001220703125
2025-07-14,57.97999954223633
2025-07-15,57.70000076293945
2025-07-16,57.599998474121094
2025-07-17,58.36000061035156
2025-07-18,58.380001068115234
2025-07-21,58.70000076293945
2025-07-22,58.939998626708984
2025-07-23,59.58000183105469
2025-07-24,59.97999954223633
2025-07-25,59.599998474121094
2025-07-28,57.439998626708984
2025-07-29,57.63999938964844
2025-07-30,58.119998931884766
2025-07-31,51.400001525878906
2025-08-01,49.939998626708984
2025-08-04,50.41999816894531
2025-08-05,51.459999084472656
2025-08-06,51.7400016784668
2025-08-07,52.439998626708984
2025-08-08,53.02000045776367
2025-08-11,52.720001220703125
2025-08-12,52.619998931884766
2025-08-13,52.560001373291016
2025-08-14,52.099998474121094
2025-08-15,52.52000045776367
2025-08-18,53.119998931884766
2025-08-19,53.41999816894531
2025-08-20,53.97999954223633
2025-08-21,54.2599983215332
2025-08-22,54.2400016784668
