Date,AGRO3.SA
2015-08-24,5.258313179016113
2015-08-25,5.263164520263672
2015-08-26,5.234059810638428
2015-08-27,5.001218795776367
2015-08-28,5.088533878326416
2015-08-31,5.083682537078857
2015-09-01,5.088533878326416
2015-09-02,5.122489929199219
2015-09-03,5.234059810638428
2015-09-04,5.423242568969727
2015-09-08,5.432943820953369
2015-09-09,5.432943820953369
2015-09-10,5.432943820953369
2015-09-11,5.432943820953369
2015-09-14,5.432943820953369
2015-09-15,5.398987293243408
2015-09-16,5.428093433380127
2015-09-17,5.432943820953369
2015-09-18,5.384435653686523
2015-09-21,5.428093433380127
2015-09-22,5.384435653686523
2015-09-23,5.394135475158691
2015-09-24,5.384435653686523
2015-09-25,5.394135475158691
2015-09-28,5.3747334480285645
2015-09-29,5.384435653686523
2015-09-30,5.437794208526611
2015-10-01,5.384435653686523
2015-10-02,5.423242568969727
2015-10-05,5.496004104614258
2015-10-06,5.481452465057373
2015-10-07,5.72884464263916
2015-10-08,5.903475284576416
2015-10-09,5.981088638305664
2015-10-13,5.932580471038818
2015-10-14,5.990790367126465
2015-10-15,6.03444766998291
2015-10-16,6.0635528564453125
2015-10-19,6.2818403244018555
2015-10-20,6.286692142486572
2015-10-21,6.301243305206299
2015-10-22,6.306094646453857
2015-10-23,6.2818403244018555
2015-10-26,6.301243305206299
2015-10-27,6.441919326782227
2015-10-28,6.451620578765869
2015-10-29,6.184769630432129
2015-10-30,5.799915790557861
2015-11-03,5.908324718475342
2015-11-04,6.065519332885742
2015-11-05,6.163087368011475
2015-11-06,6.282339096069336
2015-11-09,6.304020404815674
2015-11-10,6.260656833648682
2015-11-11,6.163087368011475
2015-11-12,6.20103120803833
2015-11-13,6.238974571228027
2015-11-16,6.163087368011475
2015-11-17,6.125144958496094
2015-11-18,6.125144958496094
2015-11-19,6.119724273681641
2015-11-23,6.087201118469238
2015-11-24,5.995052337646484
2015-11-25,5.95168924331665
2015-11-26,5.875802516937256
2015-11-27,5.837859153747559
2015-11-30,5.713188171386719
2015-12-01,5.718608856201172
2015-12-02,5.664403438568115
2015-12-03,5.664403438568115
2015-12-04,5.675243854522705
2015-12-07,5.827017784118652
2015-12-08,5.827017784118652
2015-12-09,5.919166088104248
2015-12-10,5.935428142547607
2015-12-11,5.962530612945557
2015-12-14,5.962530612945557
2015-12-15,5.962530612945557
2015-12-16,6.016735553741455
2015-12-17,6.01131534576416
2015-12-18,6.016735553741455
2015-12-21,5.9896321296691895
2015-12-22,6.005893707275391
2015-12-23,5.995052337646484
2015-12-28,5.962530612945557
2015-12-29,5.940848350524902
2015-12-30,5.978790760040283
2016-01-04,5.935428142547607
2016-01-05,5.957110404968262
2016-01-06,5.908324718475342
2016-01-07,5.85412073135376
2016-01-08,5.919166088104248
2016-01-11,5.79449462890625
2016-01-12,5.772812366485596
2016-01-13,5.664403438568115
2016-01-14,5.664403438568115
2016-01-15,5.637300968170166
2016-01-18,5.637300968170166
2016-01-19,5.555994033813477
2016-01-20,5.453004837036133
2016-01-21,5.4150614738464355
2016-01-22,5.382538318634033
2016-01-26,5.013945579528809
2016-01-27,4.742921829223633
2016-01-28,4.981423377990723
2016-01-29,5.1494574546813965
2016-02-01,5.165719032287598
2016-02-02,5.111514091491699
2016-02-03,4.981423377990723
2016-02-04,4.889275550842285
2016-02-05,4.965161323547363
2016-02-10,5.041048526763916
2016-02-11,5.290390491485596
2016-02-12,5.501788139343262
2016-02-15,5.588517189025879
2016-02-16,5.751131057739258
2016-02-17,6.016735553741455
2016-02-18,5.9896321296691895
2016-02-19,5.9896321296691895
2016-02-22,6.054677963256836
2016-02-23,6.04383659362793
2016-02-24,5.962530612945557
2016-02-25,5.908324718475342
2016-02-26,5.913745403289795
2016-02-29,6.04383659362793
2016-03-01,5.962530612945557
2016-03-02,5.9896321296691895
2016-03-03,5.962530612945557
2016-03-04,5.930006980895996
2016-03-07,5.978790760040283
2016-03-08,6.04383659362793
2016-03-09,6.070939540863037
2016-03-10,6.09262228012085
2016-03-11,6.103463172912598
2016-03-14,6.125144958496094
2016-03-15,6.060099124908447
2016-03-16,6.038416385650635
2016-03-17,5.984212398529053
2016-03-18,5.984212398529053
2016-03-21,6.060099124908447
2016-03-22,6.032997131347656
2016-03-23,6.060099124908447
2016-03-24,6.060099124908447
2016-03-28,6.070939540863037
2016-03-29,5.962530612945557
2016-03-30,6.016735553741455
2016-03-31,6.125144958496094
2016-04-01,6.146826267242432
2016-04-04,6.173929214477539
2016-04-05,6.1576666831970215
2016-04-06,6.146826267242432
2016-04-07,6.125144958496094
2016-04-08,6.206450939178467
2016-04-11,6.195611476898193
2016-04-12,6.195611476898193
2016-04-13,6.282339096069336
2016-04-14,6.42869234085083
2016-04-15,6.585885524749756
2016-04-18,6.667193412780762
2016-04-19,6.818965911865234
2016-04-20,6.781023979187012
2016-04-22,6.6292500495910645
2016-04-25,6.585885524749756
2016-04-26,6.412429332733154
2016-04-27,6.347384929656982
2016-04-28,6.43953275680542
2016-04-29,6.50457763671875
2016-05-02,6.461214065551758
2016-05-03,6.461214065551758
2016-05-04,6.461214065551758
2016-05-05,6.4720563888549805
2016-05-06,6.477476596832275
2016-05-09,6.287758827209473
2016-05-10,6.396169185638428
2016-05-11,6.423271656036377
2016-05-12,6.423271656036377
2016-05-13,6.434112071990967
2016-05-16,6.450374603271484
2016-05-17,6.450374603271484
2016-05-18,6.396169185638428
2016-05-19,6.352805137634277
2016-05-20,6.423271656036377
2016-05-23,6.385326862335205
2016-05-24,6.341963768005371
2016-05-25,6.260656833648682
2016-05-27,6.260656833648682
2016-05-30,6.363645553588867
2016-05-31,6.434112071990967
2016-06-01,6.36906623840332
2016-06-02,6.363645553588867
2016-06-03,6.320282936096191
2016-06-06,6.233554363250732
2016-06-07,6.108883380889893
2016-06-08,6.108883380889893
2016-06-09,6.114303112030029
2016-06-10,6.070939540863037
2016-06-13,5.962530612945557
2016-06-14,5.962530612945557
2016-06-15,6.07636022567749
2016-06-16,5.967950344085693
2016-06-17,6.114303112030029
2016-06-20,6.005893707275391
2016-06-21,6.016735553741455
2016-06-22,6.016735553741455
2016-06-23,6.4991583824157715
2016-06-24,6.423271656036377
2016-06-27,6.450374603271484
2016-06-28,6.48289680480957
2016-06-29,6.450374603271484
2016-06-30,6.488316535949707
2016-07-01,6.564203262329102
2016-07-04,6.4720563888549805
2016-07-05,6.667193412780762
2016-07-06,6.721397876739502
2016-07-07,6.802704811096191
2016-07-08,6.911114692687988
2016-07-11,6.85690975189209
2016-07-12,6.8352274894714355
2016-07-13,6.618408679962158
2016-07-14,6.829808235168457
2016-07-15,6.748499393463135
2016-07-18,6.74307918548584
2016-07-19,6.884011745452881
2016-07-20,6.932796955108643
2016-07-21,6.884011745452881
2016-07-22,6.884011745452881
2016-07-25,7.062887668609619
2016-07-26,6.981581687927246
2016-07-27,6.943637371063232
2016-07-28,6.808125972747803
2016-07-29,6.900273323059082
2016-08-01,6.894853591918945
2016-08-02,6.840648651123047
2016-08-03,6.8514885902404785
2016-08-04,6.813546657562256
2016-08-05,6.802704811096191
2016-08-08,6.829808235168457
2016-08-09,6.829808235168457
2016-08-10,6.802704811096191
2016-08-11,6.553362846374512
2016-08-12,6.591305255889893
2016-08-15,6.612987518310547
2016-08-16,6.612987518310547
2016-08-17,6.558783531188965
2016-08-18,6.4991583824157715
2016-08-19,6.477476596832275
2016-08-22,6.645511150360107
2016-08-23,6.645511150360107
2016-08-24,6.634670257568359
2016-08-25,6.607567310333252
2016-08-26,6.575045108795166
2016-08-29,6.6292500495910645
2016-08-30,6.515419960021973
2016-08-31,6.5425214767456055
2016-09-01,6.455793857574463
2016-09-02,6.66177225112915
2016-09-05,6.50457763671875
2016-09-06,6.36906623840332
2016-09-08,6.260656833648682
2016-09-09,6.168509483337402
2016-09-12,5.967950344085693
2016-09-13,5.967950344085693
2016-09-14,6.195611476898193
2016-09-15,6.0980424880981445
2016-09-16,5.995052337646484
2016-09-19,6.032997131347656
2016-09-20,5.9896321296691895
2016-09-21,6.233554363250732
2016-09-22,6.14140510559082
2016-09-23,6.287758827209473
2016-09-26,6.184769630432129
2016-09-27,6.168509483337402
2016-09-28,6.0980424880981445
2016-09-29,6.09262228012085
2016-09-30,6.222712516784668
2016-10-03,6.211872100830078
2016-10-04,6.179349422454834
2016-10-05,6.184769630432129
2016-10-06,6.152247428894043
2016-10-07,6.184769630432129
2016-10-10,6.222712516784668
2016-10-11,6.163087368011475
2016-10-13,6.152247428894043
2016-10-14,6.125144958496094
2016-10-17,6.114303112030029
2016-10-18,6.168509483337402
2016-10-19,6.146826267242432
2016-10-20,6.195611476898193
2016-10-21,6.211872100830078
2016-10-24,6.1969990730285645
2016-10-25,6.141913414001465
2016-10-26,6.141913414001465
2016-10-27,6.1694560050964355
2016-10-28,5.921576023101807
2016-10-31,5.706747055053711
2016-11-01,5.585561752319336
2016-11-03,5.535985469818115
2016-11-04,5.701239109039307
2016-11-07,5.783865451812744
2016-11-08,5.668188095092773
2016-11-09,5.563528060913086
2016-11-10,5.475392818450928
2016-11-11,5.3101396560668945
2016-11-14,5.233020782470703
2016-11-16,5.480900287628174
2016-11-17,5.508443832397461
2016-11-18,5.569035530090332
2016-11-21,5.54700231552124
2016-11-22,5.508443832397461
2016-11-23,5.524968147277832
2016-11-24,5.508443832397461
2016-11-25,5.480900287628174
2016-11-28,5.480900287628174
2016-11-29,5.480900287628174
2016-11-30,5.502934455871582
2016-12-01,5.497425556182861
2016-12-02,5.491918087005615
2016-12-05,5.425817012786865
2016-12-06,5.3872575759887695
2016-12-07,5.3982744216918945
2016-12-08,5.420308589935303
2016-12-09,5.431325435638428
2016-12-12,5.425817012786865
2016-12-13,5.43683385848999
2016-12-14,5.728780746459961
2016-12-15,5.789374351501465
2016-12-16,5.8389506340026855
2016-12-19,5.783865451812744
2016-12-20,5.772847652435303
2016-12-21,5.783865451812744
2016-12-22,5.778356552124023
2016-12-23,5.816916465759277
2016-12-26,5.888525485992432
2016-12-27,5.9601359367370605
2016-12-28,6.020728588104248
2016-12-29,6.086829662322998
2017-01-02,6.031745433807373
2017-01-03,6.031745433807373
2017-01-04,6.031745433807373
2017-01-05,6.0372538566589355
2017-01-06,6.059288024902344
2017-01-09,6.0372538566589355
2017-01-10,6.0427632331848145
2017-01-11,6.185981750488281
2017-01-12,6.241065502166748
2017-01-13,6.219032287597656
2017-01-16,6.191490650177002
2017-01-17,6.1969990730285645
2017-01-18,6.224541187286377
2017-01-19,6.224541187286377
2017-01-20,6.323692321777344
2017-01-23,6.334709644317627
2017-01-24,6.406319618225098
2017-01-26,6.505471706390381
2017-01-27,6.533014297485352
2017-01-30,6.4724202156066895
2017-01-31,6.555047988891602
2017-02-01,6.510979652404785
2017-02-02,6.4724202156066895
2017-02-03,6.555047988891602
2017-02-06,6.555047988891602
2017-02-07,6.312675952911377
2017-02-08,6.4724202156066895
2017-02-09,6.499963283538818
2017-02-10,6.439369201660156
2017-02-13,6.4614033699035645
2017-02-14,6.455895900726318
2017-02-15,6.428353786468506
2017-02-16,6.61013126373291
2017-02-17,6.747842788696289
2017-02-20,6.808436393737793
2017-02-21,6.720300197601318
2017-02-22,6.659708023071289
2017-02-23,6.47792911529541
2017-02-24,6.61013126373291
2017-03-01,6.4724202156066895
2017-03-02,6.4724202156066895
2017-03-03,6.466912269592285
2017-03-06,6.77538537979126
2017-03-07,6.9351301193237305
2017-03-08,6.924113750457764
2017-03-09,6.77538537979126
2017-03-10,6.907588005065918
2017-03-13,6.75335168838501
2017-03-14,6.57708215713501
2017-03-15,6.593606472015381
2017-03-16,6.692758083343506
2017-03-17,6.527505874633789
2017-03-20,6.499963283538818
2017-03-21,6.4724202156066895
2017-03-22,6.395301818847656
2017-03-23,6.499963283538818
2017-03-24,6.4724202156066895
2017-03-27,6.384285926818848
2017-03-28,6.604623794555664
2017-03-29,6.632165908813477
2017-03-30,6.604623794555664
2017-03-31,6.599115371704102
2017-04-03,6.588098526000977
2017-04-04,6.75335168838501
2017-04-05,6.637673377990723
2017-04-06,6.637673377990723
2017-04-07,6.742334365844727
2017-04-10,6.8029279708862305
2017-04-11,6.808436393737793
2017-04-12,6.8029279708862305
2017-04-13,6.742334365844727
2017-04-17,6.7808942794799805
2017-04-18,7.001231670379639
2017-04-19,6.990213394165039
2017-04-20,7.045299530029297
2017-04-24,6.979197978973389
2017-04-25,6.990213394165039
2017-04-26,6.951655864715576
2017-04-27,6.9571638107299805
2017-04-28,7.045299530029297
2017-05-02,7.0232648849487305
2017-05-03,7.067332744598389
2017-05-04,7.050807952880859
2017-05-05,7.067332744598389
2017-05-08,7.155467987060547
2017-05-09,7.034281253814697
2017-05-10,7.050807952880859
2017-05-11,7.050807952880859
2017-05-12,7.105891704559326
2017-05-15,7.122417449951172
2017-05-16,7.155467987060547
2017-05-17,7.06182336807251
2017-05-18,6.555047988891602
2017-05-19,6.88555383682251
2017-05-22,6.692758083343506
2017-05-23,6.769876480102539
2017-05-24,6.720300197601318
2017-05-25,6.720300197601318
2017-05-26,6.791910171508789
2017-05-29,6.791910171508789
2017-05-30,6.764367580413818
2017-05-31,6.77538537979126
2017-06-01,6.692758083343506
2017-06-02,6.88555383682251
2017-06-05,6.88555383682251
2017-06-06,6.968181133270264
2017-06-07,6.984705924987793
2017-06-08,6.9130964279174805
2017-06-09,6.962671756744385
2017-06-12,6.8029279708862305
2017-06-13,6.720300197601318
2017-06-14,6.714792251586914
2017-06-15,6.714792251586914
2017-06-16,6.709284782409668
2017-06-19,6.720300197601318
2017-06-20,6.709284782409668
2017-06-21,6.736826419830322
2017-06-22,6.742334365844727
2017-06-23,6.714792251586914
2017-06-26,6.791910171508789
2017-06-27,6.714792251586914
2017-06-28,6.665216445922852
2017-06-29,6.720300197601318
2017-06-30,6.720300197601318
2017-07-03,6.709284782409668
2017-07-04,6.714792251586914
2017-07-05,6.665216445922852
2017-07-06,6.61013126373291
2017-07-07,6.555047988891602
2017-07-10,6.571572780609131
2017-07-11,6.593606472015381
2017-07-12,6.588098526000977
2017-07-13,6.61013126373291
2017-07-14,6.588098526000977
2017-07-17,6.549539089202881
2017-07-18,6.544031143188477
2017-07-19,6.549539089202881
2017-07-20,6.455895900726318
2017-07-21,6.433862209320068
2017-07-24,6.488945007324219
2017-07-25,6.450387477874756
2017-07-26,6.444878101348877
2017-07-27,6.4724202156066895
2017-07-28,6.455895900726318
2017-07-31,6.527505874633789
2017-08-01,6.527505874633789
2017-08-02,6.499963283538818
2017-08-03,6.527505874633789
2017-08-04,6.549539089202881
2017-08-07,6.599115371704102
2017-08-08,6.599115371704102
2017-08-09,6.56606388092041
2017-08-10,6.56606388092041
2017-08-11,6.571572780609131
2017-08-14,6.555047988891602
2017-08-15,6.56606388092041
2017-08-16,6.555047988891602
2017-08-17,6.488945007324219
2017-08-18,6.4724202156066895
2017-08-21,6.4724202156066895
2017-08-22,6.4724202156066895
2017-08-23,6.52199649810791
2017-08-24,6.593606472015381
2017-08-25,6.599115371704102
2017-08-28,6.599115371704102
2017-08-29,6.599115371704102
2017-08-30,6.736826419830322
2017-08-31,6.758860111236572
2017-09-01,6.769876480102539
2017-09-04,6.764367580413818
2017-09-05,6.791910171508789
2017-09-06,6.77538537979126
2017-09-07,6.77538537979126
2017-09-08,6.7808942794799805
2017-09-11,6.858011245727539
2017-09-12,6.924113750457764
2017-09-13,7.006740093231201
2017-09-14,7.177501201629639
2017-09-15,7.364789009094238
2017-09-18,7.436398029327393
2017-09-19,7.386821746826172
2017-09-20,7.381314277648926
2017-09-21,7.386821746826172
2017-09-22,7.48597526550293
2017-09-25,7.326229095458984
2017-09-26,7.414363384246826
2017-09-27,7.326229095458984
2017-09-28,7.304196357727051
2017-09-29,7.29868745803833
2017-10-02,7.408855438232422
2017-10-03,7.342170715332031
2017-10-04,7.342170715332031
2017-10-05,7.347779273986816
2017-10-06,7.347779273986816
2017-10-09,7.342170715332031
2017-10-10,7.347779273986816
2017-10-11,7.347779273986816
2017-10-12,7.347779273986816
2017-10-13,7.387040615081787
2017-10-16,7.3758225440979
2017-10-17,7.347779273986816
2017-10-18,7.347779273986816
2017-10-19,7.347779273986816
2017-10-20,7.347779273986816
2017-10-23,7.286080360412598
2017-10-24,7.269252777099609
2017-10-25,7.196335792541504
2017-10-26,7.145854473114014
2017-10-27,7.151463031768799
2017-10-30,7.179509162902832
2017-10-31,7.14024543762207
2017-11-01,7.129027843475342
2017-11-02,7.129027843475342
2017-11-03,7.106592655181885
2017-11-06,7.100982189178467
2017-11-07,7.016848564147949
2017-11-08,7.0056304931640625
2017-11-09,7.011240005493164
2017-11-10,6.955148696899414
2017-11-13,6.854187488555908
2017-11-14,6.730789661407471
2017-11-15,6.730789661407471
2017-11-16,6.730789661407471
2017-11-17,6.730789661407471
2017-11-20,6.730789661407471
2017-11-21,6.809315204620361
2017-11-22,6.809315204620361
2017-11-23,6.814924240112305
2017-11-24,6.803706645965576
2017-11-27,6.730789661407471
2017-11-28,6.713962554931641
2017-11-29,6.713962554931641
2017-11-30,6.7588348388671875
2017-12-01,6.730789661407471
2017-12-04,6.719571113586426
2017-12-05,6.674699306488037
2017-12-06,6.590565204620361
2017-12-07,6.5456929206848145
2017-12-08,6.590565204620361
2017-12-11,6.60178279876709
2017-12-12,6.63543701171875
2017-12-13,6.6466546058654785
2017-12-14,6.719571113586426
2017-12-15,6.820533752441406
2017-12-18,6.820533752441406
2017-12-19,6.9214959144592285
2017-12-20,7.033675670623779
2017-12-21,6.9831929206848145
2017-12-22,7.0056304931640625
2017-12-25,7.0056304931640625
2017-12-26,7.011240005493164
2017-12-27,6.994411945343018
2017-12-28,7.022457122802734
2017-12-29,7.022457122802734
2018-01-02,7.106592655181885
2018-01-03,7.100982189178467
2018-01-04,7.330950736999512
2018-01-05,7.482394695281982
2018-01-08,7.516048908233643
2018-01-09,7.403867721557617
2018-01-10,7.36460542678833
2018-01-11,7.476786136627197
2018-01-12,7.448740005493164
2018-01-15,7.448740005493164
2018-01-16,7.482394695281982
2018-01-17,7.521657466888428
2018-01-18,7.510440349578857
2018-01-19,7.482394695281982
2018-01-22,7.415086269378662
2018-01-23,7.353386402130127
2018-01-24,7.459958076477051
2018-01-25,7.459958076477051
2018-01-26,7.516048908233643
2018-01-29,7.465567588806152
2018-01-30,7.454349517822266
2018-01-31,7.516048908233643
2018-02-01,7.5609211921691895
2018-02-02,7.566528797149658
2018-02-05,7.459958076477051
2018-02-06,7.398259162902832
2018-02-07,7.572138786315918
2018-02-08,7.572138786315918
2018-02-09,7.544093132019043
2018-02-14,7.566528797149658
2018-02-15,7.611400604248047
2018-02-16,7.572138786315918
2018-02-19,7.600183010101318
2018-02-20,7.594574451446533
2018-02-21,7.656272888183594
2018-02-22,7.740408897399902
2018-02-23,7.706753730773926
2018-02-26,7.684317111968994
2018-02-27,7.628229141235352
2018-02-28,7.684317111968994
2018-03-01,7.678709506988525
2018-03-02,7.572138786315918
2018-03-05,7.628229141235352
2018-03-06,7.622620582580566
2018-03-07,7.572138786315918
2018-03-08,7.516048908233643
2018-03-09,7.538484573364258
2018-03-12,7.538484573364258
2018-03-13,7.459958076477051
2018-03-14,7.454349517822266
2018-03-15,7.403867721557617
2018-03-16,7.3758225440979
2018-03-19,7.336560249328613
2018-03-20,7.291687965393066
2018-03-21,7.280470371246338
2018-03-22,7.291687965393066
2018-03-23,7.269252777099609
2018-03-26,7.235599517822266
2018-03-27,7.235599517822266
2018-03-28,7.241207599639893
2018-03-29,7.291687965393066
2018-04-02,7.263643741607666
2018-04-03,7.286080360412598
2018-04-04,7.342170715332031
2018-04-05,7.347779273986816
2018-04-06,7.336560249328613
2018-04-09,7.286080360412598
2018-04-10,7.286080360412598
2018-04-11,7.3197340965271
2018-04-12,7.291687965393066
2018-04-13,7.291687965393066
2018-04-16,7.151463031768799
2018-04-17,7.263643741607666
2018-04-18,7.308516025543213
2018-04-19,7.347779273986816
2018-04-20,7.342170715332031
2018-04-23,7.43191385269165
2018-04-24,7.347779273986816
2018-04-25,7.403867721557617
2018-04-26,7.392650604248047
2018-04-27,7.443131446838379
2018-04-30,7.4711761474609375
2018-05-02,7.330950736999512
2018-05-03,7.314124584197998
2018-05-04,7.347779273986816
2018-05-07,7.403867721557617
2018-05-08,7.661881446838379
2018-05-09,7.583355903625488
2018-05-10,7.572138786315918
2018-05-11,7.566528797149658
2018-05-14,7.482394695281982
2018-05-15,7.459958076477051
2018-05-16,7.617010116577148
2018-05-17,7.516048908233643
2018-05-18,7.488004207611084
2018-05-21,7.448740005493164
2018-05-22,7.6674909591674805
2018-05-23,7.6674909591674805
2018-05-24,7.572138786315918
2018-05-25,7.544093132019043
2018-05-28,7.392650604248047
2018-05-29,7.403867721557617
2018-05-30,7.5609211921691895
2018-06-01,7.572138786315918
2018-06-04,7.499220848083496
2018-06-05,7.516048908233643
2018-06-06,7.465567588806152
2018-06-07,7.358996391296387
2018-06-08,7.274861812591553
2018-06-11,7.291687965393066
2018-06-12,7.532876968383789
2018-06-13,7.521657466888428
2018-06-14,7.532876968383789
2018-06-15,7.516048908233643
2018-06-18,7.488004207611084
2018-06-19,7.572138786315918
2018-06-20,7.622620582580566
2018-06-21,7.60579252243042
2018-06-22,7.527266025543213
2018-06-25,7.521657466888428
2018-06-26,7.628229141235352
2018-06-27,8.01524829864502
2018-06-28,7.577747344970703
2018-06-29,7.600183010101318
2018-07-02,7.577747344970703
2018-07-03,7.566528797149658
2018-07-04,7.5497026443481445
2018-07-05,7.566528797149658
2018-07-06,7.555311679840088
2018-07-10,7.60579252243042
2018-07-11,7.656272888183594
2018-07-12,7.931114673614502
2018-07-13,7.841369152069092
2018-07-16,7.807714939117432
2018-07-17,7.83015251159668
2018-07-18,7.751626014709473
2018-07-19,7.768453121185303
2018-07-20,7.7964982986450195
2018-07-23,7.7964982986450195
2018-07-24,7.931114673614502
2018-07-25,7.8525872230529785
2018-07-26,7.824543476104736
2018-07-27,7.87502384185791
2018-07-30,7.824543476104736
2018-07-31,7.863805770874023
2018-08-01,7.824543476104736
2018-08-02,7.824543476104736
2018-08-03,7.824543476104736
2018-08-06,7.846980094909668
2018-08-07,7.7964982986450195
2018-08-08,7.768453121185303
2018-08-09,7.746016502380371
2018-08-10,7.723581790924072
2018-08-13,7.740408897399902
2018-08-14,7.746016502380371
2018-08-15,7.818933963775635
2018-08-16,7.751626014709473
2018-08-17,7.684317111968994
2018-08-20,7.746016502380371
2018-08-21,7.779670715332031
2018-08-22,7.869415283203125
2018-08-23,7.785279273986816
2018-08-24,7.936722278594971
2018-08-27,8.054511070251465
2018-08-28,8.16108226776123
2018-08-29,8.211562156677246
2018-08-30,8.189126968383789
2018-08-31,8.104991912841797
2018-09-03,8.233999252319336
2018-09-04,8.155473709106445
2018-09-05,8.065729141235352
2018-09-06,8.060120582580566
2018-09-10,7.987203121185303
2018-09-11,7.824543476104736
2018-09-12,7.577747344970703
2018-09-13,7.678709506988525
2018-09-14,7.846980094909668
2018-09-17,7.824543476104736
2018-09-18,7.846980094909668
2018-09-19,7.81332540512085
2018-09-20,7.740408897399902
2018-09-21,7.684317111968994
2018-09-24,7.656272888183594
2018-09-25,7.684317111968994
2018-09-26,7.661881446838379
2018-09-27,7.684317111968994
2018-09-28,7.678709506988525
2018-10-01,7.611400604248047
2018-10-02,7.729189395904541
2018-10-03,7.684317111968994
2018-10-04,7.762844562530518
2018-10-05,7.914285659790039
2018-10-08,7.90867805480957
2018-10-09,7.947939872741699
2018-10-10,7.8525872230529785
2018-10-11,7.7964982986450195
2018-10-15,7.7964982986450195
2018-10-16,8.020856857299805
2018-10-17,7.9924492835998535
2018-10-18,7.968749046325684
2018-10-19,7.95097541809082
2018-10-22,8.23536205291748
2018-10-23,8.330158233642578
2018-10-24,8.18796443939209
2018-10-25,8.23536205291748
2018-10-26,8.20573902130127
2018-10-29,8.324233055114746
2018-10-30,8.300533294677734
2018-10-31,8.413104057312012
2018-11-01,8.893006324768066
2018-11-05,8.993725776672363
2018-11-06,8.987801551818848
2018-11-07,8.887081146240234
2018-11-08,8.780437469482422
2018-11-09,8.827834129333496
2018-11-12,8.999650955200195
2018-11-13,8.916704177856445
2018-11-14,9.041125297546387
2018-11-16,8.887081146240234
2018-11-19,8.970027923583984
2018-11-21,8.970027923583984
2018-11-22,9.064823150634766
2018-11-23,8.987801551818848
2018-11-26,9.064823150634766
2018-11-27,9.272188186645508
2018-11-28,9.396608352661133
2018-11-29,9.444005012512207
2018-11-30,9.37883472442627
2018-12-03,9.301811218261719
2018-12-04,9.289961814880371
2018-12-05,9.254414558410645
2018-12-06,9.212939262390137
2018-12-07,9.26033878326416
2018-12-10,9.207015991210938
2018-12-11,9.207015991210938
2018-12-12,9.272188186645508
2018-12-13,9.18924331665039
2018-12-14,9.100371360778809
2018-12-17,9.052973747253418
2018-12-18,9.094447135925293
2018-12-19,9.479554176330566
2018-12-20,9.420306205749512
2018-12-21,9.3906831741333
2018-12-26,9.36106014251709
2018-12-27,9.313661575317383
2018-12-28,9.248489379882812
2019-01-02,9.449931144714355
2019-01-03,9.627671241760254
2019-01-04,9.657295227050781
2019-01-07,9.657295227050781
2019-01-08,9.633596420288086
2019-01-09,9.598047256469727
2019-01-10,9.568425178527832
2019-01-11,9.485478401184082
2019-01-14,9.532876968383789
2019-01-15,9.61582088470459
2019-01-16,9.657295227050781
2019-01-17,9.497328758239746
2019-01-18,9.49140453338623
2019-01-21,9.420306205749512
2019-01-22,9.301811218261719
2019-01-23,9.509176254272461
2019-01-24,9.509176254272461
2019-01-28,9.509176254272461
2019-01-29,9.509176254272461
2019-01-30,9.438080787658691
2019-01-31,9.52695083618164
2019-02-01,9.598047256469727
2019-02-04,9.645445823669434
2019-02-05,9.639521598815918
2019-02-06,9.420306205749512
2019-02-07,9.272188186645508
2019-02-08,9.301811218261719
2019-02-11,8.887081146240234
2019-02-12,9.183317184448242
2019-02-13,9.355134963989258
2019-02-14,9.532876968383789
2019-02-15,9.355134963989258
2019-02-18,9.598047256469727
2019-02-19,9.444005012512207
2019-02-20,9.473628997802734
2019-02-21,9.52695083618164
2019-02-22,9.509176254272461
2019-02-25,9.479554176330566
2019-02-26,9.455855369567871
2019-02-27,9.52695083618164
2019-02-28,9.3906831741333
2019-03-01,9.473628997802734
2019-03-06,9.538800239562988
2019-03-07,9.49140453338623
2019-03-08,9.355134963989258
2019-03-11,9.449931144714355
2019-03-12,9.479554176330566
2019-03-13,9.449931144714355
2019-03-14,9.402532577514648
2019-03-15,9.473628997802734
2019-03-18,9.52695083618164
2019-03-19,9.449931144714355
2019-03-20,9.224790573120117
2019-03-21,9.307737350463867
2019-03-22,9.183317184448242
2019-03-25,9.094447135925293
2019-03-26,9.129996299743652
2019-03-27,8.893006324768066
2019-03-28,9.01150131225586
2019-03-29,9.212939262390137
2019-04-01,9.3906831741333
2019-04-02,9.32551097869873
2019-04-03,9.165544509887695
2019-04-04,9.18924331665039
2019-04-05,9.218866348266602
2019-04-08,9.183317184448242
2019-04-09,9.212939262390137
2019-04-10,9.272188186645508
2019-04-11,9.207015991210938
2019-04-12,9.23071575164795
2019-04-15,9.141844749450684
2019-04-16,9.100371360778809
2019-04-17,9.242565155029297
2019-04-18,9.218866348266602
2019-04-22,9.218866348266602
2019-04-23,9.218866348266602
2019-04-24,9.23071575164795
2019-04-25,9.094447135925293
2019-04-26,9.153694152832031
2019-04-29,9.124070167541504
2019-04-30,9.183317184448242
2019-05-02,9.272188186645508
2019-05-03,9.301811218261719
2019-05-06,9.272188186645508
2019-05-07,9.242565155029297
2019-05-08,9.272188186645508
2019-05-09,9.272188186645508
2019-05-10,9.272188186645508
2019-05-13,9.195167541503906
2019-05-14,9.420306205749512
2019-05-15,9.301811218261719
2019-05-16,9.248489379882812
2019-05-17,9.307737350463867
2019-05-20,9.301811218261719
2019-05-21,9.349209785461426
2019-05-22,9.37883472442627
2019-05-23,9.33143424987793
2019-05-24,9.23071575164795
2019-05-27,9.242565155029297
2019-05-28,9.33143424987793
2019-05-29,9.3906831741333
2019-05-30,9.420306205749512
2019-05-31,9.313661575317383
2019-06-03,9.420306205749512
2019-06-04,9.473628997802734
2019-06-05,9.473628997802734
2019-06-06,9.426231384277344
2019-06-07,9.698769569396973
2019-06-10,9.657295227050781
2019-06-11,9.521025657653809
2019-06-12,9.603972434997559
2019-06-13,9.497328758239746
2019-06-14,9.538800239562988
2019-06-17,9.775790214538574
2019-06-18,9.835037231445312
2019-06-19,9.805413246154785
2019-06-21,9.775790214538574
2019-06-24,9.823186874389648
2019-06-25,9.811338424682617
2019-06-26,9.864660263061523
2019-06-27,9.78171443939209
2019-06-28,9.835037231445312
2019-07-01,9.89428424835205
2019-07-02,9.89428424835205
2019-07-03,9.947607040405273
2019-07-04,9.953531265258789
2019-07-05,10.012778282165527
2019-07-08,10.012778282165527
2019-07-10,10.00092887878418
2019-07-11,9.923907279968262
2019-07-12,9.811338424682617
2019-07-15,9.509176254272461
2019-07-16,9.621746063232422
2019-07-17,9.669145584106445
2019-07-18,9.651371002197266
2019-07-19,9.722467422485352
2019-07-22,9.76393985748291
2019-07-23,9.740241050720215
2019-07-24,9.657295227050781
2019-07-25,9.829113006591797
2019-07-26,9.746166229248047
2019-07-29,9.823186874389648
2019-07-30,9.941681861877441
2019-07-31,9.888360023498535
2019-08-01,9.947607040405273
2019-08-02,9.929832458496094
2019-08-05,9.846887588500977
2019-08-06,9.870585441589355
2019-08-07,9.906133651733398
2019-08-08,10.030553817749023
2019-08-09,10.06610107421875
2019-08-12,10.13127326965332
2019-08-13,9.912057876586914
2019-08-14,9.793564796447754
2019-08-15,10.072025299072266
2019-08-16,9.835037231445312
2019-08-19,9.686919212341309
2019-08-20,10.042402267456055
2019-08-21,9.953531265258789
2019-08-22,10.13127326965332
2019-08-23,9.959456443786621
2019-08-26,9.686919212341309
2019-08-27,9.78171443939209
2019-08-28,9.657295227050781
2019-08-29,9.959456443786621
2019-08-30,10.00092887878418
2019-09-02,9.870585441589355
2019-09-03,10.149046897888184
2019-09-04,10.196444511413574
2019-09-05,10.26754093170166
2019-09-06,10.658573150634766
2019-09-09,10.457131385803223
2019-09-10,10.563777923583984
2019-09-11,10.516379356384277
2019-09-12,10.52230453491211
2019-09-13,10.516379356384277
2019-09-16,10.634875297546387
2019-09-17,10.605250358581543
2019-09-18,10.575626373291016
2019-09-19,10.611174583435059
2019-09-20,10.700045585632324
2019-09-23,10.546004295349121
2019-09-24,10.593400955200195
2019-09-25,10.581552505493164
2019-09-26,10.593400955200195
2019-09-27,10.498603820800781
2019-09-30,10.546004295349121
2019-10-01,10.605250358581543
2019-10-02,10.314939498901367
2019-10-03,10.48083209991455
2019-10-04,10.474906921386719
2019-10-07,10.605250358581543
2019-10-08,10.546004295349121
2019-10-09,10.605250358581543
2019-10-10,10.5697021484375
2019-10-11,10.61709976196289
2019-10-14,10.705971717834473
2019-10-15,10.646723747253418
2019-10-16,10.664498329162598
2019-10-17,10.670326232910156
2019-10-18,10.707808494567871
2019-10-21,10.776530265808105
2019-10-22,10.832755088806152
2019-10-23,10.807765007019043
2019-10-24,10.626595497131348
2019-10-25,10.595358848571777
2019-10-28,10.601606369018555
2019-10-29,10.582864761352539
2019-10-30,10.65158462524414
2019-10-31,10.589112281799316
2019-11-01,10.576618194580078
2019-11-04,10.632843971252441
2019-11-05,10.570371627807617
2019-11-06,10.526639938354492
2019-11-07,10.557875633239746
2019-11-08,10.589112281799316
2019-11-11,10.451672554016113
2019-11-12,10.53913402557373
2019-11-13,10.407941818237305
2019-11-14,10.557875633239746
2019-11-18,10.526639938354492
2019-11-19,10.451672554016113
2019-11-21,10.445425033569336
2019-11-22,10.432930946350098
2019-11-25,10.520391464233398
2019-11-26,10.695317268371582
2019-11-27,10.595358848571777
2019-11-28,10.570371627807617
2019-11-29,10.526639938354492
2019-12-02,10.632843971252441
2019-12-03,10.557875633239746
2019-12-04,10.601606369018555
2019-12-05,10.53288745880127
2019-12-06,10.61410140991211
2019-12-09,10.689068794250488
2019-12-10,10.75778865814209
2019-12-11,11.107634544372559
2019-12-12,11.12637710571289
2019-12-13,11.238826751708984
2019-12-16,11.532448768615723
2019-12-17,11.619911193847656
2019-12-18,11.513707160949707
2019-12-19,11.557437896728516
2019-12-20,11.463729858398438
2019-12-23,11.901037216186523
2019-12-26,12.057218551635742
2019-12-27,12.157175064086914
2019-12-30,11.882295608520508
2020-01-02,12.025981903076172
2020-01-03,12.150928497314453
2020-01-06,12.157175064086914
2020-01-07,12.119691848754883
2020-01-08,11.994747161865234
2020-01-09,12.244636535644531
2020-01-10,12.06346607208252
2020-01-13,12.40081787109375
2020-01-14,12.694438934326172
2020-01-15,12.500776290893555
2020-01-16,12.113442420959473
2020-01-17,11.994747161865234
2020-01-20,12.619473457336426
2020-01-21,12.619473457336426
2020-01-22,12.963071823120117
2020-01-23,12.90684700012207
2020-01-24,12.944329261779785
2020-01-27,12.40081787109375
2020-01-28,12.37583065032959
2020-01-29,12.007241249084473
2020-01-30,11.807328224182129
2020-01-31,12.163423538208008
2020-02-03,12.269625663757324
2020-02-04,12.407066345214844
2020-02-05,12.36958122253418
2020-02-06,12.125940322875977
2020-02-07,11.86980152130127
2020-02-10,11.788588523864746
2020-02-11,12.088455200195312
2020-02-12,12.394571304321289
2020-02-13,12.244636535644531
2020-02-14,12.188411712646484
2020-02-17,12.144680976867676
2020-02-18,12.250885009765625
2020-02-19,12.557000160217285
2020-02-20,12.463292121887207
2020-02-21,12.544506072998047
2020-02-26,11.969757080078125
2020-02-27,11.807328224182129
2020-02-28,11.557437896728516
2020-03-02,12.119691848754883
2020-03-03,12.307108879089355
2020-03-04,12.744417190551758
2020-03-05,12.475784301757812
2020-03-06,11.857305526733398
2020-03-09,11.026419639587402
2020-03-10,11.226332664489746
2020-03-11,10.739047050476074
2020-03-12,9.58330249786377
2020-03-13,9.733237266540527
2020-03-16,9.42712116241455
2020-03-17,8.971070289611816
2020-03-18,8.677449226379395
2020-03-19,8.789899826049805
2020-03-20,8.714932441711426
2020-03-23,8.621224403381348
2020-03-24,9.477099418640137
2020-03-25,10.214276313781738
2020-03-26,10.863991737365723
2020-03-27,10.514144897460938
2020-03-30,10.520391464233398
2020-03-31,10.83900260925293
2020-04-01,10.863991737365723
2020-04-02,10.707808494567871
2020-04-03,10.62034797668457
2020-04-06,10.807765007019043
2020-04-07,10.701562881469727
2020-04-08,10.807765007019043
2020-04-09,10.901474952697754
2020-04-13,10.826507568359375
2020-04-14,10.76403522491455
2020-04-15,10.695317268371582
2020-04-16,10.776530265808105
2020-04-17,10.995185852050781
2020-04-20,11.326289176940918
2020-04-22,11.738608360290527
2020-04-23,11.8385648727417
2020-04-24,11.738608360290527
2020-04-27,12.013487815856934
2020-04-28,12.738171577453613
2020-04-29,12.494526863098145
2020-04-30,12.806890487670898
2020-05-04,12.900599479675293
2020-05-05,13.056779861450195
2020-05-06,13.18172550201416
2020-05-07,13.412874221801758
2020-05-08,12.42580795288086
2020-05-11,12.931835174560547
2020-05-12,12.769405364990234
2020-05-13,12.557000160217285
2020-05-14,12.513269424438477
2020-05-15,12.781901359558105
2020-05-18,12.525762557983398
2020-05-19,12.219646453857422
2020-05-20,13.081769943237305
2020-05-21,12.38207721710205
2020-05-22,12.238389015197754
2020-05-25,12.407066345214844
2020-05-26,12.544506072998047
2020-05-27,12.500776290893555
2020-05-28,12.788148880004883
2020-05-29,12.432053565979004
2020-06-01,12.494526863098145
2020-06-02,12.494526863098145
2020-06-03,12.525762557983398
2020-06-04,12.706934928894043
2020-06-05,12.51951789855957
2020-06-08,12.482032775878906
2020-06-09,12.494526863098145
2020-06-10,12.18216323852539
2020-06-12,12.113442420959473
2020-06-15,12.463292121887207
2020-06-16,12.300863265991211
2020-06-17,12.325851440429688
2020-06-18,12.363334655761719
2020-06-19,12.088455200195312
2020-06-22,12.032230377197266
2020-06-23,11.938521385192871
2020-06-24,12.232141494750977
2020-06-25,12.494526863098145
2020-06-26,12.494526863098145
2020-06-29,13.025545120239258
2020-06-30,13.094265937805176
2020-07-01,13.837688446044922
2020-07-02,13.862679481506348
2020-07-03,13.87517261505127
2020-07-06,13.781464576721191
2020-07-07,13.681507110595703
2020-07-08,13.462852478027344
2020-07-09,13.88141918182373
2020-07-10,13.825194358825684
2020-07-13,13.57530403137207
2020-07-14,13.506584167480469
2020-07-15,13.43161678314209
2020-07-16,13.194221496582031
2020-07-17,13.162983894348145
2020-07-20,13.187973976135254
2020-07-21,13.319167137145996
2020-07-22,13.394133567810059
2020-07-23,13.362896919250488
2020-07-24,13.275436401367188
2020-07-27,13.619034767150879
2020-07-28,13.706496238708496
2020-07-29,13.48159408569336
2020-07-30,13.71274471282959
2020-07-31,13.137995719909668
2020-08-03,13.169232368469238
2020-08-04,12.719429969787598
2020-08-05,12.756913185119629
2020-08-06,12.681944847106934
2020-08-07,12.863115310668945
2020-08-10,12.581989288330078
2020-08-11,12.544506072998047
2020-08-12,12.625720977783203
2020-08-13,13.050533294677734
2020-08-14,12.66320514678955
2020-08-17,12.257132530212402
2020-08-18,12.619473457336426
2020-08-19,12.65070915222168
2020-08-20,12.744417190551758
2020-08-21,12.644461631774902
2020-08-24,12.869363784790039
2020-08-25,13.244199752807617
2020-08-26,13.119255065917969
2020-08-27,13.1754789352417
2020-08-28,13.06927490234375
2020-08-31,12.938082695007324
2020-09-01,13.231703758239746
2020-09-02,13.40038013458252
2020-09-03,13.33166217803955
2020-09-04,13.125500679016113
2020-09-08,13.131749153137207
2020-09-09,13.162983894348145
2020-09-10,13.281683921813965
2020-09-11,13.350403785705566
2020-09-14,13.756474494934082
2020-09-15,13.893914222717285
2020-09-16,14.07508659362793
2020-09-17,13.925150871276855
2020-09-18,13.900160789489746
2020-09-21,13.868926048278809
2020-09-22,13.818946838378906
2020-09-23,13.981374740600586
2020-09-24,13.694002151489258
2020-09-25,13.594046592712402
2020-09-28,13.394133567810059
2020-09-29,13.462852478027344
2020-09-30,13.556563377380371
2020-10-01,13.281683921813965
2020-10-02,13.600292205810547
2020-10-05,13.656519889831543
2020-10-06,13.76272201538086
2020-10-07,13.818946838378906
2020-10-08,13.962634086608887
2020-10-09,13.88141918182373
2020-10-13,13.587798118591309
2020-10-14,14.056344032287598
2020-10-15,13.931397438049316
2020-10-16,13.931397438049316
2020-10-19,14.118306159973145
2020-10-20,14.189286231994629
2020-10-21,14.608704566955566
2020-10-22,14.757115364074707
2020-10-23,14.46674919128418
2020-10-26,14.473199844360352
2020-10-27,14.557085037231445
2020-10-28,14.260265350341797
2020-10-29,14.163476943969727
2020-10-30,14.09894847869873
2020-11-03,13.87310791015625
2020-11-04,14.073139190673828
2020-11-05,14.150571823120117
2020-11-06,14.09894847869873
2020-11-09,14.879714965820312
2020-11-10,15.583050727844238
2020-11-11,15.91213321685791
2020-11-12,15.273324012756348
2020-11-13,16.131521224975586
2020-11-16,15.854058265686035
2020-11-17,15.815342903137207
2020-11-18,16.615467071533203
2020-11-19,16.860666275024414
2020-11-23,17.13167381286621
2020-11-24,16.886474609375
2020-11-25,17.041337966918945
2020-11-26,16.71225357055664
2020-11-27,17.13812828063965
2020-11-30,17.56399917602539
2020-12-01,17.37042236328125
2020-12-02,17.151033401489258
2020-12-03,17.080055236816406
2020-12-04,16.783235549926758
2020-12-07,16.802593231201172
2020-12-08,17.09941291809082
2020-12-09,16.821950912475586
2020-12-10,15.963753700256348
2020-12-11,16.29928970336914
2020-12-14,16.809045791625977
2020-12-15,16.847759246826172
2020-12-16,16.77678108215332
2020-12-17,16.789688110351562
2020-12-18,16.673540115356445
2020-12-21,16.357362747192383
2020-12-22,16.576751708984375
2020-12-23,16.131521224975586
2020-12-28,16.29928970336914
2020-12-29,16.24766731262207
2020-12-30,16.131521224975586
2021-01-04,16.131521224975586
2021-01-05,16.58320426940918
2021-01-06,16.789688110351562
2021-01-07,17.09941291809082
2021-01-08,16.71225357055664
2021-01-11,17.09941291809082
2021-01-12,17.557544708251953
2021-01-13,17.518831253051758
2021-01-14,18.028589248657227
2021-01-15,17.422042846679688
2021-01-18,17.415592193603516
2021-01-19,16.91228485107422
2021-01-20,17.189748764038086
2021-01-21,17.041337966918945
2021-01-22,17.028432846069336
2021-01-26,17.163938522338867
2021-01-27,16.70580291748047
2021-01-28,16.880023956298828
2021-01-29,16.634824752807617
2021-02-01,17.09941291809082
2021-02-02,16.634824752807617
2021-02-03,16.099258422851562
2021-02-04,15.486259460449219
2021-02-05,15.3443021774292
2021-02-08,15.486259460449219
2021-02-09,15.453998565673828
2021-02-10,14.905524253845215
2021-02-11,14.924881935119629
2021-02-12,14.840999603271484
2021-02-17,14.647420883178711
2021-02-18,14.518369674682617
2021-02-19,14.615158081054688
2021-02-22,14.67968463897705
2021-02-23,14.776472091674805
2021-02-24,14.976503372192383
2021-02-25,14.59580135345459
2021-02-26,14.202192306518555
2021-03-01,14.569988250732422
2021-03-02,14.750663757324219
2021-03-03,14.795830726623535
2021-03-04,14.744210243225098
2021-03-05,15.066842079162598
2021-03-08,14.840999603271484
2021-03-09,14.492558479309082
2021-03-10,14.382864952087402
2021-03-11,14.305431365966797
2021-03-12,14.292527198791504
2021-03-15,14.83454704284668
2021-03-16,14.802285194396973
2021-03-17,15.008769035339355
2021-03-18,14.608704566955566
2021-03-19,14.744210243225098
2021-03-22,14.802285194396973
2021-03-23,14.428032875061035
2021-03-24,14.395769119262695
2021-03-25,14.066686630249023
2021-03-26,14.137664794921875
2021-03-29,14.021517753601074
2021-03-30,14.298980712890625
2021-03-31,14.66032600402832
2021-04-01,14.795830726623535
2021-04-05,14.982955932617188
2021-04-06,15.40237808227539
2021-04-07,15.299132347106934
2021-04-08,15.583050727844238
2021-04-09,16.099258422851562
2021-04-12,16.48641586303711
2021-04-13,16.292837142944336
2021-04-14,16.58320426940918
2021-04-15,17.09941291809082
2021-04-16,17.99632453918457
2021-04-19,19.164247512817383
2021-04-20,19.261035919189453
2021-04-22,19.5578556060791
2021-04-23,19.551401138305664
2021-04-26,19.002931594848633
2021-04-27,19.054553985595703
2021-04-28,19.809507369995117
2021-04-29,20.983882904052734
2021-04-30,22.229236602783203
2021-05-03,22.48733901977539
2021-05-04,22.10018539428711
2021-05-05,23.313276290893555
2021-05-06,22.693822860717773
2021-05-07,22.519603729248047
2021-05-10,21.938867568969727
2021-05-11,21.506546020507812
2021-05-12,21.241985321044922
2021-05-13,21.112934112548828
2021-05-14,20.977428436279297
2021-05-17,20.82901954650879
2021-05-18,20.77739715576172
2021-05-19,20.390243530273438
2021-05-20,20.3837890625
2021-05-21,19.790151596069336
2021-05-24,19.654644012451172
2021-05-25,19.544950485229492
2021-05-26,19.848222732543945
2021-05-27,20.23537826538086
2021-05-28,20.325714111328125
2021-05-31,20.938716888427734
2021-06-01,21.42266082763672
2021-06-02,21.79046058654785
2021-06-04,21.648500442504883
2021-06-07,21.816268920898438
2021-06-08,21.345230102539062
2021-06-09,20.906452178955078
2021-06-10,21.00324058532715
2021-06-11,20.57091522216797
2021-06-14,20.441862106323242
2021-06-15,21.229082107543945
2021-06-16,20.499937057495117
2021-06-17,19.867582321166992
2021-06-18,20.190210342407227
2021-06-21,19.867582321166992
2021-06-22,19.886940002441406
2021-06-23,19.777246475219727
2021-06-24,19.570762634277344
2021-06-25,19.09326934814453
2021-06-28,19.22877311706543
2021-06-29,18.931955337524414
2021-06-30,19.35782241821289
2021-07-01,19.08036231994629
2021-07-02,19.370729446411133
2021-07-05,20.067609786987305
2021-07-06,19.4158992767334
2021-07-07,19.61592674255371
2021-07-08,19.196510314941406
2021-07-12,18.51898765563965
2021-07-13,18.51253318786621
2021-07-14,18.706111907958984
2021-07-15,18.46091079711914
2021-07-16,18.57706069946289
2021-07-19,18.29314613342285
2021-07-20,18.35767364501953
2021-07-21,18.557703018188477
2021-07-22,18.383480072021484
2021-07-23,18.25442886352539
2021-07-26,18.24797821044922
2021-07-27,18.61577796936035
2021-07-28,18.71256446838379
2021-07-29,18.764184951782227
2021-07-30,18.641584396362305
2021-08-02,18.67384910583496
2021-08-03,18.802902221679688
2021-08-04,18.435100555419922
2021-08-05,18.570608139038086
2021-08-06,18.654491424560547
2021-08-09,18.299598693847656
2021-08-10,18.41574478149414
2021-08-11,18.435100555419922
2021-08-12,18.228620529174805
2021-08-13,17.718862533569336
2021-08-16,16.809045791625977
2021-08-17,16.505773544311523
2021-08-18,16.525131225585938
2021-08-19,16.944549560546875
2021-08-20,16.97035789489746
2021-08-23,17.157485961914062
2021-08-24,17.422042846679688
2021-08-25,17.31879997253418
2021-08-26,17.409137725830078
2021-08-27,17.35751724243164
2021-08-30,18.054399490356445
2021-08-31,18.002777099609375
2021-09-01,19.48687744140625
2021-09-02,18.931955337524414
2021-09-03,18.151187896728516
2021-09-06,18.073755264282227
2021-09-08,17.512378692626953
2021-09-09,17.97696876525879
2021-09-10,18.38993263244629
2021-09-13,18.777088165283203
2021-09-14,18.764184951782227
2021-09-15,18.815807342529297
2021-09-16,18.880332946777344
2021-09-17,18.738374710083008
2021-09-20,17.905988693237305
2021-09-21,18.209260940551758
2021-09-22,18.71256446838379
2021-09-23,19.24167823791504
2021-09-24,19.20296287536621
2021-09-27,19.29975128173828
2021-09-28,18.841617584228516
2021-09-29,19.39008903503418
2021-09-30,19.648193359375
2021-10-01,19.777246475219727
2021-10-04,19.899845123291016
2021-10-05,19.912750244140625
2021-10-06,19.654644012451172
2021-10-07,20.09987449645996
2021-10-08,20.977428436279297
2021-10-11,21.13874626159668
2021-10-13,20.970977783203125
2021-10-14,21.13874626159668
2021-10-15,21.429113388061523
2021-10-18,21.3065128326416
2021-10-19,20.919355392456055
2021-10-20,20.39669418334961
2021-10-21,19.532047271728516
2021-10-22,19.332012176513672
2021-10-25,19.712718963623047
2021-10-26,18.951311111450195
2021-10-27,18.6351318359375
2021-10-28,18.30952262878418
2021-10-29,17.926300048828125
2021-11-01,17.99726676940918
2021-11-03,18.472747802734375
2021-11-04,18.01146125793457
2021-11-05,18.898548126220703
2021-11-08,19.75015640258789
2021-11-09,20.01273536682129
2021-11-10,19.572738647460938
2021-11-11,19.579833984375
2021-11-12,18.7991943359375
2021-11-16,18.238557815551758
2021-11-17,17.734689712524414
2021-11-18,17.550174713134766
2021-11-19,17.372756958007812
2021-11-22,17.159854888916016
2021-11-23,17.237918853759766
2021-11-24,17.514690399169922
2021-11-25,17.93339729309082
2021-11-26,17.450820922851562
2021-11-29,17.358562469482422
2021-11-30,16.705665588378906
2021-12-01,16.641796112060547
2021-12-02,16.812114715576172
2021-12-03,17.03921127319336
2021-12-06,17.216630935668945
2021-12-07,17.237918853759766
2021-12-08,17.805654525756836
2021-12-09,17.486303329467773
2021-12-10,17.692108154296875
2021-12-13,18.259843826293945
2021-12-14,18.132104873657227
2021-12-15,18.210168838500977
2021-12-16,18.735326766967773
2021-12-17,18.35919952392578
2021-12-20,18.54371452331543
2021-12-21,19.005002975463867
2021-12-22,19.6862850189209
2021-12-23,19.55144691467285
2021-12-27,19.594026565551758
2021-12-28,20.069507598876953
2021-12-29,20.133378982543945
2021-12-30,20.431440353393555
2022-01-03,20.12628173828125
2022-01-04,19.444997787475586
2022-01-05,19.508867263793945
2022-01-06,20.06241226196289
2022-01-07,19.913379669189453
2022-01-10,19.792736053466797
2022-01-11,19.6295108795166
2022-01-12,19.771446228027344
2022-01-13,19.977249145507812
2022-01-14,19.991443634033203
2022-01-17,19.70757484436035
2022-01-18,19.52306365966797
2022-01-19,19.963056564331055
2022-01-20,19.92757225036621
2022-01-21,19.35983657836914
2022-01-24,18.664356231689453
2022-01-25,18.96951675415039
2022-01-26,18.657262802124023
2022-01-27,18.742422103881836
2022-01-28,19.182418823242188
2022-01-31,19.82822036743164
2022-02-01,20.64434051513672
2022-02-02,20.54498863220215
2022-02-03,19.977249145507812
2022-02-04,19.82822036743164
2022-02-07,20.417245864868164
2022-02-08,20.303699493408203
2022-02-09,20.935306549072266
2022-02-10,21.42498207092285
2022-02-11,21.219173431396484
2022-02-14,21.47465705871582
2022-02-15,21.14111328125
2022-02-16,21.524333953857422
2022-02-17,21.758525848388672
2022-02-18,21.013370513916016
2022-02-21,21.119821548461914
2022-02-22,21.772720336914062
2022-02-23,22.092069625854492
2022-02-24,22.993356704711914
2022-02-25,23.312705993652344
2022-03-02,24.015281677246094
2022-03-03,24.192699432373047
2022-03-04,24.24237632751465
2022-03-07,24.774629592895508
2022-03-08,23.39786720275879
2022-03-09,23.66044807434082
2022-03-10,23.837862014770508
2022-03-11,23.440444946289062
2022-03-14,23.497220993041992
2022-03-15,22.766260147094727
2022-03-16,22.77335548400879
2022-03-17,23.561092376708984
2022-03-18,23.77399253845215
2022-03-21,23.93721580505371
2022-03-22,23.77399253845215
2022-03-23,24.1643123626709
2022-03-24,22.929485321044922
2022-03-25,22.830127716064453
2022-03-28,22.688194274902344
2022-03-29,22.666906356811523
2022-03-30,22.51077651977539
2022-03-31,22.610132217407227
2022-04-01,22.67400360107422
2022-04-04,22.844322204589844
2022-04-05,23.41915512084961
2022-04-06,24.34172821044922
2022-04-07,24.41269874572754
2022-04-08,23.362041473388672
2022-04-11,23.701276779174805
2022-04-12,23.61835289001465
2022-04-13,23.203731536865234
2022-04-14,23.746509552001953
2022-04-18,24.696367263793945
2022-04-19,24.221439361572266
2022-04-20,24.522981643676758
2022-04-22,24.13851547241211
2022-04-25,24.40990447998047
2022-04-26,25.427610397338867
2022-04-27,25.85730743408203
2022-04-28,25.827152252197266
2022-04-29,25.623613357543945
2022-05-02,25.412532806396484
2022-05-03,26.02315902709961
2022-05-04,26.407623291015625
2022-05-05,25.40499496459961
2022-05-06,25.103450775146484
2022-05-09,24.81698226928711
2022-05-10,24.651138305664062
2022-05-11,23.407270431518555
2022-05-12,23.746509552001953
2022-05-13,24.168670654296875
2022-05-16,23.82943344116211
2022-05-17,23.852046966552734
2022-05-18,23.083112716674805
2022-05-19,23.248960494995117
2022-05-20,23.17357635498047
2022-05-23,23.294193267822266
2022-05-24,23.452505111694336
2022-05-25,23.505273818969727
2022-05-26,23.701276779174805
2022-05-27,23.49773597717285
2022-05-30,24.538057327270508
2022-05-31,24.168670654296875
2022-06-01,24.13851547241211
2022-06-02,24.432518005371094
2022-06-03,23.701276779174805
2022-06-06,23.02280616760254
2022-06-07,22.90218734741211
2022-06-08,22.336793899536133
2022-06-09,22.103099822998047
2022-06-10,21.846786499023438
2022-06-13,21.19093132019043
2022-06-14,21.025083541870117
2022-06-15,21.01754379272461
2022-06-17,20.44461441040039
2022-06-20,20.22599220275879
2022-06-21,20.6707706451416
2022-06-22,19.856605529785156
2022-06-23,19.720909118652344
2022-06-24,19.713369369506836
2022-06-27,19.660600662231445
2022-06-28,19.502290725708008
2022-06-29,19.200746536254883
2022-06-30,18.379043579101562
2022-07-01,18.371505737304688
2022-07-04,17.971960067749023
2022-07-05,17.8588809967041
2022-07-06,17.38395118713379
2022-07-07,17.911651611328125
2022-07-08,17.775957107543945
2022-07-11,17.21056365966797
2022-07-12,17.09748649597168
2022-07-13,16.788406372070312
2022-07-14,16.969329833984375
2022-07-15,16.924097061157227
2022-07-18,17.43671989440918
2022-07-19,17.54226303100586
2022-07-20,17.896574020385742
2022-07-21,18.085039138793945
2022-07-22,17.587493896484375
2022-07-25,17.617647171020508
2022-07-26,17.489492416381836
2022-07-27,17.949342727661133
2022-07-28,18.054885864257812
2022-07-29,18.085039138793945
2022-08-01,17.70810890197754
2022-08-02,17.88149642944336
2022-08-03,17.775957107543945
2022-08-04,17.896574020385742
2022-08-05,18.40165901184082
2022-08-08,18.356428146362305
2022-08-09,18.265966415405273
2022-08-10,18.92182159423828
2022-08-11,19.268592834472656
2022-08-12,19.547523498535156
2022-08-15,19.45705795288086
2022-08-16,19.88675880432129
2022-08-17,20.135528564453125
2022-08-18,19.766141891479492
2022-08-19,20.127992630004883
2022-08-22,19.939529418945312
2022-08-23,20.798925399780273
2022-08-24,21.055238723754883
2022-08-25,21.206008911132812
2022-08-26,21.78647804260254
2022-08-29,22.012638092041016
2022-08-30,21.718629837036133
2022-08-31,21.59047508239746
2022-09-01,22.065406799316406
2022-09-02,21.31155014038086
2022-09-05,21.831708908081055
2022-09-06,21.65078353881836
2022-09-08,21.63570785522461
2022-09-09,22.268949508666992
2022-09-12,22.630800247192383
2022-09-13,22.35940933227539
2022-09-14,22.82680320739746
2022-09-15,22.39710235595703
2022-09-16,22.743877410888672
2022-09-19,22.811725616455078
2022-09-20,22.66849136352539
2022-09-21,22.909727096557617
2022-09-22,23.362041473388672
2022-09-23,23.03788185119629
2022-09-26,21.94478988647461
2022-09-27,21.741247177124023
2022-09-28,21.59047508239746
2022-09-29,21.6884765625
2022-09-30,22.766494750976562
2022-10-03,23.03788185119629
2022-10-04,23.090652465820312
2022-10-05,23.27911376953125
2022-10-06,23.27911376953125
2022-10-07,23.43742561340332
2022-10-10,24.41744041442871
2022-10-11,24.379749298095703
2022-10-13,24.1912841796875
2022-10-14,23.512813568115234
2022-10-17,23.912355422973633
2022-10-18,23.897279739379883
2022-10-19,24.002819061279297
2022-10-20,24.274208068847656
2022-10-21,24.73406219482422
2022-10-24,24.854679107666016
2022-10-25,24.161128997802734
2022-10-26,24.093280792236328
2022-10-27,24.41744041442871
2022-10-28,24.63410758972168
2022-10-31,25.17855453491211
2022-11-01,25.88214683532715
2022-11-03,26.259071350097656
2022-11-04,26.208816528320312
2022-11-07,25.58898162841797
2022-11-08,24.474960327148438
2022-11-09,22.782989501953125
2022-11-10,22.11290168762207
2022-11-11,22.632219314575195
2022-11-14,23.168291091918945
2022-11-16,22.380937576293945
2022-11-17,21.895122528076172
2022-11-18,21.836490631103516
2022-11-21,22.146406173706055
2022-11-22,21.987260818481445
2022-11-23,22.41444206237793
2022-11-24,23.017520904541016
2022-11-25,23.034273147583008
2022-11-28,22.34743309020996
2022-11-29,22.98401641845703
2022-11-30,22.682476043701172
2022-12-01,22.0458927154541
2022-12-02,22.8332462310791
2022-12-05,22.305551528930664
2022-12-06,22.640596389770508
2022-12-07,22.858375549316406
2022-12-08,21.836490631103516
2022-12-09,22.062644958496094
2022-12-12,21.903499603271484
2022-12-13,21.81973648071289
2022-12-14,22.004013061523438
2022-12-15,22.82486915588379
2022-12-16,22.280424118041992
2022-12-19,22.82486915588379
2022-12-20,23.268802642822266
2022-12-21,23.394445419311523
2022-12-22,23.6205997467041
2022-12-23,23.78812026977539
2022-12-26,23.704360961914062
2022-12-27,23.662479400634766
2022-12-28,24.273935317993164
2022-12-29,25.094791412353516
2023-01-02,24.38282585144043
2023-01-03,23.695985794067383
2023-01-04,23.168291091918945
2023-01-05,23.12640953063965
2023-01-06,23.30230712890625
2023-01-09,23.293930053710938
2023-01-10,23.36094093322754
2023-01-11,23.76299285888672
2023-01-12,23.386070251464844
2023-01-13,23.704360961914062
2023-01-16,23.670856475830078
2023-01-17,24.39957618713379
2023-01-18,24.056156158447266
2023-01-19,24.458209991455078
2023-01-20,24.39957618713379
2023-01-23,24.433080673217773
2023-01-24,24.55872344970703
2023-01-25,24.79325294494629
2023-01-26,25.312570571899414
2023-01-27,24.751373291015625
2023-01-30,24.63410758972168
2023-01-31,24.96077537536621
2023-02-01,24.567100524902344
2023-02-02,24.516843795776367
2023-02-03,24.273935317993164
2023-02-06,24.433080673217773
2023-02-07,23.99752426147461
2023-02-08,23.21017074584961
2023-02-09,22.23016929626465
2023-02-10,22.623844146728516
2023-02-13,22.481449127197266
2023-02-14,22.02076530456543
2023-02-15,22.481449127197266
2023-02-16,22.205039978027344
2023-02-17,22.18828582763672
2023-02-22,21.995635986328125
2023-02-23,21.987260818481445
2023-02-24,21.987260818481445
2023-02-27,21.987260818481445
2023-02-28,21.727602005004883
2023-03-01,21.54332733154297
2023-03-02,21.911876678466797
2023-03-03,22.054269790649414
2023-03-06,22.397689819335938
2023-03-07,22.154783248901367
2023-03-08,21.96213150024414
2023-03-09,21.895122528076172
2023-03-10,21.853242874145508
2023-03-13,21.38418197631836
2023-03-14,21.07426643371582
2023-03-15,20.889991760253906
2023-03-16,20.83135986328125
2023-03-17,20.546571731567383
2023-03-20,20.454435348510742
2023-03-21,21.01563262939453
2023-03-22,20.345544815063477
2023-03-23,19.935115814208984
2023-03-24,20.11101531982422
2023-03-27,20.722469329833984
2023-03-28,21.476316452026367
2023-03-29,20.554948806762695
2023-03-30,20.194774627685547
2023-03-31,20.186399459838867
2023-04-03,19.935115814208984
2023-04-04,20.13614273071289
2023-04-05,19.399045944213867
2023-04-06,19.71733856201172
2023-04-10,20.11101531982422
2023-04-11,20.395801544189453
2023-04-12,20.84811019897461
2023-04-13,20.705717086791992
2023-04-14,20.873239517211914
2023-04-17,21.199907302856445
2023-04-18,20.940248489379883
2023-04-19,20.15289306640625
2023-04-20,20.102638244628906
2023-04-24,19.901611328125
2023-04-25,19.792722702026367
2023-04-26,19.633577346801758
2023-04-27,19.625202178955078
2023-04-28,20.236656188964844
2023-05-02,19.44092559814453
2023-05-03,19.47443199157715
2023-05-04,19.533061981201172
2023-05-05,19.81785011291504
2023-05-08,19.792722702026367
2023-05-09,19.64195442199707
2023-05-10,18.980241775512695
2023-05-11,19.055625915527344
2023-05-12,19.407421112060547
2023-05-15,19.5749454498291
2023-05-16,19.19801902770996
2023-05-17,19.558191299438477
2023-05-18,19.6838321685791
2023-05-19,19.382293701171875
2023-05-22,19.466054916381836
2023-05-23,19.407421112060547
2023-05-24,19.482807159423828
2023-05-25,19.482807159423828
2023-05-26,19.533061981201172
2023-05-29,19.801097869873047
2023-05-30,19.248275756835938
2023-05-31,19.064001083374023
2023-06-01,18.921607971191406
2023-06-02,18.996992111206055
2023-06-05,18.996992111206055
2023-06-06,19.49955940246582
2023-06-07,19.558191299438477
2023-06-09,19.41579818725586
2023-06-12,19.47443199157715
2023-06-13,19.18126678466797
2023-06-14,19.80947494506836
2023-06-15,19.759218215942383
2023-06-16,20.060758590698242
2023-06-19,20.881616592407227
2023-06-20,20.739221572875977
2023-06-21,20.563322067260742
2023-06-22,20.705717086791992
2023-06-23,21.14965057373047
2023-06-26,21.049137115478516
2023-06-27,20.404178619384766
2023-06-28,20.04400634765625
2023-06-29,20.21990203857422
2023-06-30,20.52981948852539
2023-07-03,20.814605712890625
2023-07-04,21.14965057373047
2023-07-05,21.44281578063965
2023-07-06,21.434438705444336
2023-07-07,21.660593032836914
2023-07-10,21.493070602416992
2023-07-11,21.350675582885742
2023-07-12,20.982126235961914
2023-07-13,20.940248489379883
2023-07-14,20.68896484375
2023-07-17,20.856487274169922
2023-07-18,20.84811019897461
2023-07-19,21.024009704589844
2023-07-20,21.191530227661133
2023-07-21,21.191530227661133
2023-07-24,21.367429733276367
2023-07-25,21.191530227661133
2023-07-26,21.660593032836914
2023-07-27,21.761106491088867
2023-07-28,21.6522159576416
2023-07-31,21.702472686767578
2023-08-01,22.19666290283203
2023-08-02,22.02914047241211
2023-08-03,22.489826202392578
2023-08-04,22.071022033691406
2023-08-07,21.920251846313477
2023-08-08,21.61871337890625
2023-08-09,21.29204559326172
2023-08-10,21.00725555419922
2023-08-11,20.714092254638672
2023-08-14,19.935115814208984
2023-08-15,19.482807159423828
2023-08-16,19.49955940246582
2023-08-17,19.47443199157715
2023-08-18,19.81785011291504
2023-08-21,19.700586318969727
2023-08-22,20.429306030273438
2023-08-23,20.814605712890625
2023-08-24,20.102638244628906
2023-08-25,20.420928955078125
2023-08-28,20.312040328979492
2023-08-29,20.454435348510742
2023-08-30,20.15289306640625
2023-08-31,19.926740646362305
2023-09-01,20.4711856842041
2023-09-04,20.15289306640625
2023-09-05,20.37067222595215
2023-09-06,21.568456649780273
2023-09-08,22.0877742767334
2023-09-11,22.682476043701172
2023-09-12,24.30743980407715
2023-09-13,22.917009353637695
2023-09-14,23.545215606689453
2023-09-15,23.352563858032227
2023-09-18,23.578720092773438
2023-09-19,23.327436447143555
2023-09-20,23.570343017578125
2023-09-21,23.41119956970215
2023-09-22,23.37769317626953
2023-09-25,23.61222267150879
2023-09-26,23.059402465820312
2023-09-27,23.30230712890625
2023-09-28,23.36931610107422
2023-09-29,24.056156158447266
2023-10-02,23.93889045715332
2023-10-03,23.813249588012695
2023-10-04,24.106412887573242
2023-10-05,23.729490280151367
2023-10-06,23.989147186279297
2023-10-09,23.880260467529297
2023-10-10,24.500089645385742
2023-10-11,23.93051528930664
2023-10-13,24.039405822753906
2023-10-16,24.38282585144043
2023-10-17,24.38282585144043
2023-10-18,24.139917373657227
2023-10-19,24.114789962768555
2023-10-20,24.340944290161133
2023-10-23,24.86863899230957
2023-10-24,25.279067993164062
2023-10-25,23.003427505493164
2023-10-26,22.965930938720703
2023-10-27,22.525362014770508
2023-10-30,22.431621551513672
2023-10-31,23.19090461730957
2023-11-01,23.022174835205078
2023-11-03,23.60335350036621
2023-11-06,23.734586715698242
2023-11-07,23.940813064575195
2023-11-08,22.356632232666016
2023-11-09,22.759708404541016
2023-11-10,22.600351333618164
2023-11-13,22.38475227355957
2023-11-14,22.975305557250977
2023-11-16,22.965930938720703
2023-11-17,22.881567001342773
2023-11-20,22.8721923828125
2023-11-21,22.50661277770996
2023-11-22,22.647220611572266
2023-11-23,22.844072341918945
2023-11-24,22.82532501220703
2023-11-27,22.731584548950195
2023-11-28,22.74095916748047
2023-11-29,22.62847328186035
2023-11-30,22.590978622436523
2023-12-01,23.078418731689453
2023-12-04,23.153409957885742
2023-12-05,22.94718360900879
2023-12-06,22.62847328186035
2023-12-07,22.94718360900879
2023-12-08,22.844072341918945
2023-12-11,22.759708404541016
2023-12-12,22.731584548950195
2023-12-13,23.265893936157227
2023-12-14,23.856447219848633
2023-12-15,24.353260040283203
2023-12-18,24.278270721435547
2023-12-19,25.028179168701172
2023-12-20,24.184532165527344
2023-12-21,24.24077606201172
2023-12-22,24.24077606201172
2023-12-26,24.606355667114258
2023-12-27,24.709468841552734
2023-12-28,25.037551879882812
2024-01-02,24.40950584411621
2024-01-03,24.24077606201172
2024-01-04,23.997055053710938
2024-01-05,24.015804290771484
2024-01-08,24.109540939331055
2024-01-09,23.584606170654297
2024-01-10,23.43462371826172
2024-01-11,23.11591339111328
2024-01-12,23.415876388549805
2024-01-15,23.31276512145996
2024-01-16,23.35963249206543
2024-01-17,23.60335350036621
2024-01-18,23.219026565551758
2024-01-19,23.425249099731445
2024-01-22,23.14403533935547
2024-01-23,23.75333595275879
2024-01-24,23.687719345092773
2024-01-25,23.54711151123047
2024-01-26,23.76270866394043
2024-01-29,23.35025978088379
2024-01-30,23.340885162353516
2024-01-31,23.11591339111328
2024-02-01,23.06904411315918
2024-02-02,23.16278076171875
2024-02-05,22.637845993041992
2024-02-06,22.74095916748047
2024-02-07,23.087791442871094
2024-02-08,22.74095916748047
2024-02-09,22.347257614135742
2024-02-14,21.81294822692871
2024-02-15,22.10353660583496
2024-02-16,22.478490829467773
2024-02-19,22.21602439880371
2024-02-20,22.515987396240234
2024-02-21,22.17852783203125
2024-02-22,22.487865447998047
2024-02-23,22.13166046142578
2024-02-26,22.21602439880371
2024-02-27,22.38475227355957
2024-02-28,22.54410743713379
2024-02-29,22.234769821166992
2024-03-01,22.497238159179688
2024-03-04,22.38475227355957
2024-03-05,22.497238159179688
2024-03-06,22.403499603271484
2024-03-07,22.45974349975586
2024-03-08,22.572229385375977
2024-03-11,22.50661277770996
2024-03-12,22.431621551513672
2024-03-13,22.30976104736328
2024-03-14,22.30038833618164
2024-03-15,22.21602439880371
2024-03-18,22.141033172607422
2024-03-19,22.272266387939453
2024-03-20,22.497238159179688
2024-03-21,22.515987396240234
2024-03-22,22.347257614135742
2024-03-25,22.497238159179688
2024-03-26,22.684717178344727
2024-03-27,23.247146606445312
2024-03-28,23.022174835205078
2024-04-01,23.443998336791992
2024-04-02,23.284643173217773
2024-04-03,23.219026565551758
2024-04-04,23.584606170654297
2024-04-05,23.331510543823242
2024-04-08,23.378381729125977
2024-04-09,23.89394187927246
2024-04-10,23.425249099731445
2024-04-11,23.60335350036621
2024-04-12,23.20027732849121
2024-04-15,23.172155380249023
2024-04-16,23.415876388549805
2024-04-17,23.3221378326416
2024-04-18,23.509614944458008
2024-04-19,24.962560653686523
2024-04-22,24.222026824951172
2024-04-23,24.390756607055664
2024-04-24,24.193904876708984
2024-04-25,23.443998336791992
2024-04-26,23.715839385986328
2024-04-29,24.381383895874023
2024-04-30,24.053298950195312
2024-05-02,23.490867614746094
2024-05-03,24.062671661376953
2024-05-06,23.903316497802734
2024-05-07,24.278270721435547
2024-05-08,24.484495162963867
2024-05-09,24.09079360961914
2024-05-10,23.83769989013672
2024-05-13,24.053298950195312
2024-05-14,23.800203323364258
2024-05-15,23.687719345092773
2024-05-16,23.89394187927246
2024-05-17,23.781457901000977
2024-05-20,23.88456916809082
2024-05-21,23.940813064575195
2024-05-22,23.800203323364258
2024-05-23,23.631473541259766
2024-05-24,23.75333595275879
2024-05-27,23.687719345092773
2024-05-28,23.875194549560547
2024-05-29,23.715839385986328
2024-05-31,23.800203323364258
2024-06-03,24.803205490112305
2024-06-04,23.743961334228516
2024-06-05,23.106538772583008
2024-06-06,23.256521224975586
2024-06-07,23.294015884399414
2024-06-10,23.425249099731445
2024-06-11,23.56585693359375
2024-06-12,23.64084815979004
2024-06-13,23.875194549560547
2024-06-14,23.940813064575195
2024-06-17,23.931438446044922
2024-06-18,23.612728118896484
2024-06-19,23.950185775756836
2024-06-20,24.015804290771484
2024-06-21,23.83769989013672
2024-06-24,24.16578483581543
2024-06-25,24.24077606201172
2024-06-26,24.118915557861328
2024-06-27,24.137662887573242
2024-06-28,24.034549713134766
2024-07-01,24.16578483581543
2024-07-02,24.203279495239258
2024-07-03,24.625102996826172
2024-07-04,25.365636825561523
2024-07-05,25.365636825561523
2024-07-08,25.243778228759766
2024-07-09,25.15003776550293
2024-07-10,25.065673828125
2024-07-11,25.328142166137695
2024-07-12,25.487497329711914
2024-07-15,25.403133392333984
2024-07-16,25.27189826965332
2024-07-17,26.43425750732422
2024-07-18,26.049928665161133
2024-07-19,26.124919891357422
2024-07-22,25.618730545043945
2024-07-23,25.26252555847168
2024-07-24,25.159412384033203
2024-07-25,24.812580108642578
2024-07-26,24.99068260192871
2024-07-29,24.709468841552734
2024-07-30,24.681346893310547
2024-07-31,24.70009422302246
2024-08-01,24.953187942504883
2024-08-02,24.04392433166504
2024-08-05,24.184532165527344
2024-08-06,24.09079360961914
2024-08-07,24.00642967224121
2024-08-08,24.184532165527344
2024-08-09,24.493867874145508
2024-08-12,24.32513999938965
2024-08-13,24.437625885009766
2024-08-14,24.70009422302246
2024-08-15,24.40950584411621
2024-08-16,24.32513999938965
2024-08-19,24.493867874145508
2024-08-20,24.521989822387695
2024-08-21,24.512617111206055
2024-08-22,24.137662887573242
2024-08-23,24.278270721435547
2024-08-26,24.231401443481445
2024-08-27,24.37200927734375
2024-08-28,24.493867874145508
2024-08-29,24.0814208984375
2024-08-30,24.287643432617188
2024-09-02,24.12828826904297
2024-09-03,23.931438446044922
2024-09-04,24.803205490112305
2024-09-05,24.803205490112305
2024-09-06,24.878198623657227
2024-09-09,24.550111770629883
2024-09-10,24.653223037719727
2024-09-11,24.64385223388672
2024-09-12,24.793832778930664
2024-09-13,24.953187942504883
2024-09-16,25.1125431060791
2024-09-17,25.14066505432129
2024-09-18,25.028179168701172
2024-09-19,24.746963500976562
2024-09-20,23.2752685546875
2024-09-23,24.21265411376953
2024-09-24,24.12828826904297
2024-09-25,24.21265411376953
2024-09-26,23.734586715698242
2024-09-27,23.978307723999023
2024-09-30,23.631473541259766
2024-10-01,23.443998336791992
2024-10-02,23.959558486938477
2024-10-03,23.584606170654297
2024-10-04,23.575231552124023
2024-10-07,23.575231552124023
2024-10-08,23.43462371826172
2024-10-09,23.340885162353516
2024-10-10,23.181529998779297
2024-10-11,23.19090461730957
2024-10-14,23.43462371826172
2024-10-15,23.11591339111328
2024-10-16,23.11591339111328
2024-10-17,22.8721923828125
2024-10-18,23.078418731689453
2024-10-21,23.284643173217773
2024-10-22,23.294015884399414
2024-10-23,23.09000015258789
2024-10-24,23.420000076293945
2024-10-25,23.530000686645508
2024-10-28,23.6200008392334
2024-10-29,23.579999923706055
2024-10-30,23.709999084472656
2024-10-31,23.549999237060547
2024-11-01,23.5
2024-11-04,23.670000076293945
2024-11-05,23.75
2024-11-06,24.389999389648438
2024-11-07,23.600000381469727
2024-11-08,23.850000381469727
2024-11-11,23.6299991607666
2024-11-12,23.6299991607666
2024-11-13,23.600000381469727
2024-11-14,23.920000076293945
2024-11-18,24.059999465942383
2024-11-19,23.760000228881836
2024-11-21,23.790000915527344
2024-11-22,24.0
2024-11-25,23.920000076293945
2024-11-26,23.75
2024-11-27,23.610000610351562
2024-11-28,23.520000457763672
2024-11-29,23.610000610351562
2024-12-02,23.5
2024-12-03,23.25
2024-12-04,23.440000534057617
2024-12-05,23.299999237060547
2024-12-06,23.049999237060547
2024-12-09,23.200000762939453
2024-12-10,23.350000381469727
2024-12-11,23.709999084472656
2024-12-12,23.270000457763672
2024-12-13,23.469999313354492
2024-12-16,23.489999771118164
2024-12-17,23.299999237060547
2024-12-18,22.700000762939453
2024-12-19,22.81999969482422
2024-12-20,22.899999618530273
2024-12-23,22.549999237060547
2024-12-26,22.559999465942383
2024-12-27,22.290000915527344
2024-12-30,22.1200008392334
2025-01-02,22.25
2025-01-03,22.229999542236328
2025-01-06,22.809999465942383
2025-01-07,22.690000534057617
2025-01-08,22.489999771118164
2025-01-09,22.299999237060547
2025-01-10,22.18000030517578
2025-01-13,22.1299991607666
2025-01-14,22.260000228881836
2025-01-15,22.229999542236328
2025-01-16,22.139999389648438
2025-01-17,22.43000030517578
2025-01-20,22.479999542236328
2025-01-21,22.350000381469727
2025-01-22,22.719999313354492
2025-01-23,22.100000381469727
2025-01-24,22.219999313354492
2025-01-27,22.59000015258789
2025-01-28,22.790000915527344
2025-01-29,22.450000762939453
2025-01-30,23.049999237060547
2025-01-31,22.670000076293945
2025-02-03,22.420000076293945
2025-02-04,22.3799991607666
2025-02-05,22.600000381469727
2025-02-06,22.719999313354492
2025-02-07,22.010000228881836
2025-02-10,22.100000381469727
2025-02-11,22.149999618530273
2025-02-12,21.940000534057617
2025-02-13,21.799999237060547
2025-02-14,21.81999969482422
2025-02-17,21.899999618530273
2025-02-18,21.75
2025-02-19,21.559999465942383
2025-02-20,21.149999618530273
2025-02-21,20.979999542236328
2025-02-24,20.5
2025-02-25,20.399999618530273
2025-02-26,20.149999618530273
2025-02-27,19.989999771118164
2025-02-28,20.770000457763672
2025-03-05,20.6299991607666
2025-03-06,20.959999084472656
2025-03-07,21.469999313354492
2025-03-10,21.280000686645508
2025-03-11,21.170000076293945
2025-03-12,21.43000030517578
2025-03-13,21.200000762939453
2025-03-14,21.40999984741211
2025-03-17,21.899999618530273
2025-03-18,22.06999969482422
2025-03-19,22.030000686645508
2025-03-20,22.0
2025-03-21,22.549999237060547
2025-03-24,21.969999313354492
2025-03-25,22.239999771118164
2025-03-26,22.0
2025-03-27,22.170000076293945
2025-03-28,22.010000228881836
2025-03-31,22.530000686645508
2025-04-01,22.84000015258789
2025-04-02,22.350000381469727
2025-04-03,22.5
2025-04-04,22.389999389648438
2025-04-07,22.0
2025-04-08,21.31999969482422
2025-04-09,21.940000534057617
2025-04-10,21.290000915527344
2025-04-11,22.040000915527344
2025-04-14,22.450000762939453
2025-04-15,22.049999237060547
2025-04-16,21.829999923706055
2025-04-17,21.18000030517578
2025-04-22,21.549999237060547
2025-04-23,21.739999771118164
2025-04-24,21.940000534057617
2025-04-25,21.559999465942383
2025-04-28,21.420000076293945
2025-04-29,21.25
2025-04-30,21.18000030517578
2025-05-02,20.850000381469727
2025-05-05,20.639999389648438
2025-05-06,20.989999771118164
2025-05-07,20.3799991607666
2025-05-08,20.270000457763672
2025-05-09,20.34000015258789
2025-05-12,20.260000228881836
2025-05-13,20.700000762939453
2025-05-14,20.809999465942383
2025-05-15,21.40999984741211
2025-05-16,21.209999084472656
2025-05-19,21.559999465942383
2025-05-20,21.270000457763672
2025-05-21,21.09000015258789
2025-05-22,20.989999771118164
2025-05-23,21.299999237060547
2025-05-26,21.510000228881836
2025-05-27,21.520000457763672
2025-05-28,21.3799991607666
2025-05-29,21.479999542236328
2025-05-30,21.020000457763672
2025-06-02,21.049999237060547
2025-06-03,21.56999969482422
2025-06-04,21.219999313354492
2025-06-05,21.229999542236328
2025-06-06,21.25
2025-06-09,20.959999084472656
2025-06-10,20.8700008392334
2025-06-11,21.09000015258789
2025-06-12,20.889999389648438
2025-06-13,20.81999969482422
2025-06-16,20.889999389648438
2025-06-17,20.81999969482422
2025-06-18,20.469999313354492
2025-06-20,20.760000228881836
2025-06-23,20.0
2025-06-24,20.09000015258789
2025-06-25,20.200000762939453
2025-06-26,20.110000610351562
2025-06-27,20.049999237060547
2025-06-30,19.799999237060547
2025-07-01,20.31999969482422
2025-07-02,20.219999313354492
2025-07-03,20.399999618530273
2025-07-04,20.68000030517578
2025-07-07,20.610000610351562
2025-07-08,20.739999771118164
2025-07-09,20.520000457763672
2025-07-10,20.639999389648438
2025-07-11,20.799999237060547
2025-07-14,20.450000762939453
2025-07-15,20.6299991607666
2025-07-16,20.860000610351562
2025-07-17,20.729999542236328
2025-07-18,20.489999771118164
2025-07-21,20.350000381469727
2025-07-22,20.3700008392334
2025-07-23,20.43000030517578
2025-07-24,20.299999237060547
2025-07-25,20.31999969482422
2025-07-28,20.309999465942383
2025-07-29,20.450000762939453
2025-07-30,20.280000686645508
2025-07-31,20.56999969482422
2025-08-01,20.479999542236328
2025-08-04,20.350000381469727
2025-08-05,20.290000915527344
2025-08-06,20.350000381469727
2025-08-07,20.56999969482422
2025-08-08,20.34000015258789
2025-08-11,20.200000762939453
2025-08-12,20.329999923706055
2025-08-13,20.260000228881836
2025-08-14,20.200000762939453
2025-08-15,20.209999084472656
2025-08-18,20.3799991607666
2025-08-19,20.389999389648438
2025-08-20,20.489999771118164
2025-08-21,20.389999389648438
2025-08-22,20.649999618530273
