Date,BALL
2015-08-03,30.432531356811523
2015-08-04,30.654111862182617
2015-08-05,30.86663818359375
2015-08-06,31.345958709716797
2015-08-07,31.345958709716797
2015-08-10,32.04233932495117
2015-08-11,31.721282958984375
2015-08-12,31.513282775878906
2015-08-13,31.816253662109375
2015-08-14,32.426700592041016
2015-08-17,32.40410232543945
2015-08-18,32.38148880004883
2015-08-19,31.9473819732666
2015-08-20,31.165090560913086
2015-08-21,30.36922836303711
2015-08-24,29.302059173583984
2015-08-25,28.754905700683594
2015-08-26,28.872474670410156
2015-08-27,29.790424346923828
2015-08-28,30.1392879486084
2015-08-31,29.862916946411133
2015-09-01,29.174224853515625
2015-09-02,29.405302047729492
2015-09-03,29.998844146728516
2015-09-04,29.002056121826172
2015-09-08,30.302410125732422
2015-09-09,30.266162872314453
2015-09-10,30.288816452026367
2015-09-11,30.18008041381836
2015-09-14,29.84026527404785
2015-09-15,30.497241973876953
2015-09-16,30.732845306396484
2015-09-17,30.44739532470703
2015-09-18,30.33865737915039
2015-09-21,30.379436492919922
2015-09-22,29.396238327026367
2015-09-23,28.712078094482422
2015-09-24,28.444753646850586
2015-09-25,28.52630615234375
2015-09-28,27.524986267089844
2015-09-29,27.411720275878906
2015-09-30,28.181968688964844
2015-10-01,28.60787010192871
2015-10-02,29.024709701538086
2015-10-05,29.314672470092773
2015-10-06,28.730205535888672
2015-10-07,29.25124740600586
2015-10-08,29.948999404907227
2015-10-09,30.148359298706055
2015-10-12,30.257091522216797
2015-10-13,29.912761688232422
2015-10-14,30.030555725097656
2015-10-15,30.1392879486084
2015-10-16,30.329591751098633
2015-10-19,30.175539016723633
2015-10-20,30.383962631225586
2015-10-21,29.958065032958984
2015-10-22,31.000158309936523
2015-10-23,30.732845306396484
2015-10-26,30.692066192626953
2015-10-27,30.57879638671875
2015-10-28,30.791736602783203
2015-10-29,30.501766204833984
2015-10-30,31.03641128540039
2015-11-02,31.82477569580078
2015-11-03,30.72831153869629
2015-11-04,30.547080993652344
2015-11-05,30.7147159576416
2015-11-06,30.71017837524414
2015-11-09,30.0577392578125
2015-11-10,30.705663681030273
2015-11-11,30.891420364379883
2015-11-12,29.64090347290039
2015-11-13,29.86745262145996
2015-11-16,30.030555725097656
2015-11-17,29.962596893310547
2015-11-18,30.972986221313477
2015-11-19,30.995637893676758
2015-11-20,31.462310791015625
2015-11-23,31.16327476501465
2015-11-24,31.40793800354004
2015-11-25,31.17232894897461
2015-11-27,31.32668113708496
2015-11-30,31.512794494628906
2015-12-01,31.2495059967041
2015-12-02,30.641212463378906
2015-12-03,30.822792053222656
2015-12-04,31.671669006347656
2015-12-07,31.231342315673828
2015-12-08,30.613983154296875
2015-12-09,31.2495059967041
2015-12-10,32.634033203125
2015-12-11,32.38436508178711
2015-12-14,32.16193389892578
2015-12-15,32.2935905456543
2015-12-16,32.51599884033203
2015-12-17,32.01212692260742
2015-12-18,31.68983268737793
2015-12-21,31.92588233947754
2015-12-22,32.20280075073242
2015-12-23,32.947265625
2015-12-24,32.929107666015625
2015-12-28,33.02443313598633
2015-12-29,33.51015090942383
2015-12-30,33.28771209716797
2015-12-31,33.01534652709961
2016-01-04,32.733917236328125
2016-01-05,33.1197624206543
2016-01-06,32.80653381347656
2016-01-07,31.939495086669922
2016-01-08,31.676218032836914
2016-01-11,31.39476776123047
2016-01-12,32.04390335083008
2016-01-13,31.158710479736328
2016-01-14,31.240413665771484
2016-01-15,31.308515548706055
2016-01-19,31.47648048400879
2016-01-20,31.14055633544922
2016-01-21,30.441482543945312
2016-01-22,31.213186264038086
2016-01-25,30.24628257751465
2016-01-26,30.79102897644043
2016-01-27,30.00569725036621
2016-01-28,30.368854522705078
2016-01-29,30.337074279785156
2016-02-01,30.505033493041992
2016-02-02,29.769649505615234
2016-02-03,30.01477813720703
2016-02-04,30.795564651489258
2016-02-05,29.606224060058594
2016-02-08,29.002485275268555
2016-02-09,29.574451446533203
2016-02-10,29.6243839263916
2016-02-11,29.088735580444336
2016-02-12,29.583528518676758
2016-02-16,30.078330993652344
2016-02-17,30.468717575073242
2016-02-18,30.200897216796875
2016-02-19,29.987533569335938
2016-02-22,30.173660278320312
2016-02-23,29.973920822143555
2016-02-24,30.368854522705078
2016-02-25,30.337074279785156
2016-02-26,30.478076934814453
2016-02-29,30.12331199645996
2016-03-01,30.882871627807617
2016-03-02,30.960187911987305
2016-03-03,31.2421932220459
2016-03-04,31.01022720336914
2016-03-07,30.59178352355957
2016-03-08,30.664560317993164
2016-03-09,30.70093536376953
2016-03-10,30.555395126342773
2016-03-11,31.392284393310547
2016-03-14,31.278566360473633
2016-03-15,31.192153930664062
2016-03-16,31.687917709350586
2016-03-17,32.56118392944336
2016-03-18,32.00629806518555
2016-03-21,31.787981033325195
2016-03-22,32.07451629638672
2016-03-23,32.05633544921875
2016-03-24,31.947168350219727
2016-03-28,32.001747131347656
2016-03-29,32.29738998413086
2016-03-30,32.247352600097656
2016-03-31,32.424747467041016
2016-04-01,32.57029342651367
2016-04-04,32.11090850830078
2016-04-05,32.069976806640625
2016-04-06,32.424747467041016
2016-04-07,32.12908935546875
2016-04-08,32.20186996459961
2016-04-11,32.05178451538086
2016-04-12,32.361061096191406
2016-04-13,32.688541412353516
2016-04-14,32.679443359375
2016-04-15,32.875030517578125
2016-04-18,33.94386672973633
2016-04-19,34.10761642456055
2016-04-20,34.26224899291992
2016-04-21,34.18492889404297
2016-04-22,34.49421310424805
2016-04-25,33.975711822509766
2016-04-26,34.139442443847656
2016-04-27,34.048484802246094
2016-04-28,33.1706657409668
2016-04-29,32.46568298339844
2016-05-02,32.770408630371094
2016-05-03,32.542999267578125
2016-05-04,32.76587677001953
2016-05-05,32.670352935791016
2016-05-06,32.492958068847656
2016-05-09,32.75675582885742
2016-05-10,32.8204345703125
2016-05-11,32.8204345703125
2016-05-12,33.129722595214844
2016-05-13,32.81135177612305
2016-05-16,33.252532958984375
2016-05-17,32.61576843261719
2016-05-18,32.63396072387695
2016-05-19,32.48387908935547
2016-05-20,32.64305114746094
2016-05-23,32.27010726928711
2016-05-24,32.638511657714844
2016-05-25,32.78859329223633
2016-05-26,32.665809631347656
2016-05-27,32.930076599121094
2016-05-31,32.94374465942383
2016-06-01,32.77060317993164
2016-06-02,33.572547912597656
2016-06-03,33.82772445678711
2016-06-06,33.85506057739258
2016-06-07,33.955299377441406
2016-06-08,34.15578842163086
2016-06-09,34.119327545166016
2016-06-10,33.572547912597656
2016-06-13,32.816162109375
2016-06-14,32.77516174316406
2016-06-15,32.81161117553711
2016-06-16,32.74325942993164
2016-06-17,32.560997009277344
2016-06-20,32.83439254760742
2016-06-21,32.802494049072266
2016-06-22,33.03032684326172
2016-06-23,33.50419998168945
2016-06-24,31.626907348632812
2016-06-27,31.139360427856445
2016-06-28,32.16913986206055
2016-06-29,32.52910614013672
2016-06-30,32.93919372558594
2016-07-01,32.53822326660156
2016-07-05,31.918527603149414
2016-07-06,32.046112060546875
2016-07-07,32.26937484741211
2016-07-08,32.63390350341797
2016-07-11,32.67035675048828
2016-07-12,32.4789924621582
2016-07-13,32.501766204833984
2016-07-14,32.488101959228516
2016-07-15,31.909412384033203
2016-07-18,31.863847732543945
2016-07-19,31.79094696044922
2016-07-20,32.14179611206055
2016-07-21,32.31950759887695
2016-07-22,32.24205017089844
2016-07-25,32.378753662109375
2016-07-26,32.56555938720703
2016-07-27,32.41974639892578
2016-07-28,32.3149528503418
2016-07-29,32.2010383605957
2016-08-01,32.21470642089844
2016-08-02,31.918527603149414
2016-08-03,31.94131851196289
2016-08-04,35.773353576660156
2016-08-05,36.06498718261719
2016-08-08,36.543418884277344
2016-08-09,36.48417282104492
2016-08-10,36.53886032104492
2016-08-11,36.70744705200195
2016-08-12,36.58897018432617
2016-08-15,36.789466857910156
2016-08-16,36.58442687988281
2016-08-17,36.57075119018555
2016-08-18,36.5753059387207
2016-08-19,36.71656036376953
2016-08-22,36.771240234375
2016-08-23,36.69377517700195
2016-08-24,36.36571502685547
2016-08-25,36.37025833129883
2016-08-26,35.855384826660156
2016-08-29,35.96929931640625
2016-08-30,36.03318405151367
2016-08-31,36.14271926879883
2016-09-01,36.443946838378906
2016-09-02,36.81364440917969
2016-09-06,36.95969009399414
2016-09-07,36.809085845947266
2016-09-08,36.558048248291016
2016-09-09,35.50832748413086
2016-09-12,35.60417175292969
2016-09-13,35.21622085571289
2016-09-14,35.18426513671875
2016-09-15,35.736515045166016
2016-09-16,35.80954360961914
2016-09-19,35.76847457885742
2016-09-20,35.873443603515625
2016-09-21,36.097076416015625
2016-09-22,36.37091827392578
2016-09-23,36.2111701965332
2016-09-26,36.07426452636719
2016-09-27,36.31159591674805
2016-09-28,36.70866012573242
2016-09-29,36.92317581176758
2016-09-30,37.40239715576172
2016-10-03,36.900352478027344
2016-10-04,36.25225830078125
2016-10-05,36.23857116699219
2016-10-06,36.307029724121094
2016-10-07,35.745643615722656
2016-10-10,36.15642166137695
2016-10-11,35.77302551269531
2016-10-12,35.914527893066406
2016-10-13,35.873443603515625
2016-10-14,36.1746711730957
2016-10-17,36.2933349609375
2016-10-18,36.93229293823242
2016-10-19,37.43434143066406
2016-10-20,36.56260299682617
2016-10-21,36.366371154785156
2016-10-24,36.653907775878906
2016-10-25,36.398311614990234
2016-10-26,36.297908782958984
2016-10-27,35.7639045715332
2016-10-28,35.188846588134766
2016-10-31,35.17514419555664
2016-11-01,35.08385467529297
2016-11-02,35.10668182373047
2016-11-03,35.709136962890625
2016-11-04,34.905860900878906
2016-11-07,35.88257598876953
2016-11-08,36.32985305786133
2016-11-09,35.86887741088867
2016-11-10,34.63658905029297
2016-11-11,34.673095703125
2016-11-14,34.76437759399414
2016-11-15,34.864776611328125
2016-11-16,34.91042709350586
2016-11-17,34.91042709350586
2016-11-18,34.864776611328125
2016-11-21,34.7324333190918
2016-11-22,34.99714660644531
2016-11-23,35.444419860839844
2016-11-25,35.166011810302734
2016-11-28,35.29837417602539
2016-11-29,35.225223541259766
2016-11-30,34.315452575683594
2016-12-01,33.4239616394043
2016-12-02,33.92685317993164
2016-12-05,33.64340591430664
2016-12-06,33.92227554321289
2016-12-07,34.553184509277344
2016-12-08,34.77720260620117
2016-12-09,35.12921905517578
2016-12-12,34.88692092895508
2016-12-13,35.330379486083984
2016-12-14,34.27887725830078
2016-12-15,34.88235855102539
2016-12-16,35.046932220458984
2016-12-19,34.98748779296875
2016-12-20,34.88692092895508
2016-12-21,34.88692092895508
2016-12-22,34.95091247558594
2016-12-23,34.84577178955078
2016-12-27,34.96006393432617
2016-12-28,34.74976348876953
2016-12-29,34.60345458984375
2016-12-30,34.32002258300781
2017-01-03,34.63090133666992
2017-01-04,35.156646728515625
2017-01-05,35.13837432861328
2017-01-06,35.29380416870117
2017-01-09,34.73604965209961
2017-01-10,34.57145690917969
2017-01-11,35.069793701171875
2017-01-12,35.225223541259766
2017-01-13,34.822914123535156
2017-01-17,34.96920394897461
2017-01-18,35.1932258605957
2017-01-19,34.56689453125
2017-01-20,34.27887725830078
2017-01-23,34.46175003051758
2017-01-24,34.95549392700195
2017-01-25,35.08807373046875
2017-01-26,34.9097785949707
2017-01-27,35.1749382019043
2017-01-30,34.96463394165039
2017-01-31,34.864070892333984
2017-02-01,34.98748779296875
2017-02-02,33.51996612548828
2017-02-03,33.7576904296875
2017-02-06,33.34624481201172
2017-02-07,33.19994354248047
2017-02-08,34.04115676879883
2017-02-09,33.86743927001953
2017-02-10,33.981712341308594
2017-02-13,33.76226806640625
2017-02-14,33.711978912353516
2017-02-15,33.42854309082031
2017-02-16,33.364532470703125
2017-02-17,33.49711227416992
2017-02-21,33.693687438964844
2017-02-22,33.5748291015625
2017-02-23,33.84455871582031
2017-02-24,33.405677795410156
2017-02-27,33.662139892578125
2017-02-28,33.67589569091797
2017-03-01,34.349143981933594
2017-03-02,33.55680847167969
2017-03-03,33.80411911010742
2017-03-06,33.309505462646484
2017-03-07,33.103397369384766
2017-03-08,33.28660202026367
2017-03-09,33.59345626831055
2017-03-10,33.77206039428711
2017-03-13,34.0377082824707
2017-03-14,33.9140510559082
2017-03-15,34.3216667175293
2017-03-16,34.2346305847168
2017-03-17,34.404090881347656
2017-03-20,34.491111755371094
2017-03-21,33.881980895996094
2017-03-22,34.05602264404297
2017-03-23,34.03311538696289
2017-03-24,33.767486572265625
2017-03-27,33.767486572265625
2017-03-28,33.89115524291992
2017-03-29,33.6942138671875
2017-03-30,33.717105865478516
2017-03-31,34.010231018066406
2017-04-03,33.59345626831055
2017-04-04,33.61177444458008
2017-04-05,33.27285385131836
2017-04-06,33.15836715698242
2017-04-07,33.080501556396484
2017-04-10,33.07592010498047
2017-04-11,33.08966064453125
2017-04-12,32.85609436035156
2017-04-13,32.759918212890625
2017-04-17,33.11256408691406
2017-04-18,33.103397369384766
2017-04-19,33.341556549072266
2017-04-20,33.55680847167969
2017-04-21,33.74460220336914
2017-04-24,34.069759368896484
2017-04-25,34.41325759887695
2017-04-26,34.42698287963867
2017-04-27,35.42539978027344
2017-04-28,35.2147216796875
2017-05-01,35.22847366333008
2017-05-02,35.173519134521484
2017-05-03,34.90788269042969
2017-05-04,36.863494873046875
2017-05-05,36.65739059448242
2017-05-08,36.460453033447266
2017-05-09,36.47420883178711
2017-05-10,36.72608947753906
2017-05-11,36.639076232910156
2017-05-12,36.8039436340332
2017-05-15,36.996307373046875
2017-05-16,37.01005554199219
2017-05-17,36.62075424194336
2017-05-18,36.41007995605469
2017-05-19,36.675716400146484
2017-05-22,36.8039436340332
2017-05-23,36.758148193359375
2017-05-24,36.932186126708984
2017-05-25,37.298583984375
2017-05-26,37.271095275878906
2017-05-30,37.49148941040039
2017-05-31,37.555755615234375
2017-06-01,38.03322219848633
2017-06-02,37.9781379699707
2017-06-05,37.83123016357422
2017-06-06,37.63840103149414
2017-06-07,37.399654388427734
2017-06-08,37.197628021240234
2017-06-09,36.986446380615234
2017-06-12,37.124183654785156
2017-06-13,37.84040451049805
2017-06-14,37.90468978881836
2017-06-15,37.78531265258789
2017-06-16,37.794490814208984
2017-06-19,38.46479797363281
2017-06-20,38.37297439575195
2017-06-21,38.363800048828125
2017-06-22,38.26279067993164
2017-06-23,38.63008499145508
2017-06-26,38.832096099853516
2017-06-27,38.64844512939453
2017-06-28,39.04328536987305
2017-06-29,38.59336853027344
2017-06-30,38.75864028930664
2017-07-03,38.997379302978516
2017-07-05,39.098388671875
2017-07-06,38.58417892456055
2017-07-07,38.84128189086914
2017-07-10,38.712730407714844
2017-07-11,38.25360870361328
2017-07-12,38.529083251953125
2017-07-13,38.3087158203125
2017-07-14,38.65763473510742
2017-07-17,38.960655212402344
2017-07-18,38.951454162597656
2017-07-19,39.052467346191406
2017-07-20,38.951454162597656
2017-07-21,39.41058349609375
2017-07-24,39.190216064453125
2017-07-25,39.03410720825195
2017-07-26,38.942283630371094
2017-07-27,38.832096099853516
2017-07-28,38.46479797363281
2017-07-31,38.47398376464844
2017-08-01,38.5566291809082
2017-08-02,38.45561599731445
2017-08-03,37.289459228515625
2017-08-04,37.24356460571289
2017-08-07,37.80366897583008
2017-08-08,37.73021697998047
2017-08-09,36.986446380615234
2017-08-10,36.77525329589844
2017-08-11,36.87624740600586
2017-08-14,37.31700897216797
2017-08-15,37.02317810058594
2017-08-16,37.48228454589844
2017-08-17,36.977264404296875
2017-08-18,36.83952331542969
2017-08-21,36.35286331176758
2017-08-22,36.50897216796875
2017-08-23,36.16922378540039
2017-08-24,36.00394058227539
2017-08-25,36.08657455444336
2017-08-28,35.88456726074219
2017-08-29,35.86619186401367
2017-08-30,36.372520446777344
2017-08-31,36.81441116333008
2017-09-01,36.96171569824219
2017-09-05,36.81441116333008
2017-09-06,36.8236198425293
2017-09-07,37.06296920776367
2017-09-08,37.081390380859375
2017-09-11,37.688961029052734
2017-09-12,37.486446380615234
2017-09-13,37.15502166748047
2017-09-14,37.20105743408203
2017-09-15,37.31153106689453
2017-09-18,37.54167175292969
2017-09-19,37.38518142700195
2017-09-20,37.54167175292969
2017-09-21,37.560081481933594
2017-09-22,37.74421310424805
2017-09-25,37.569297790527344
2017-09-26,37.716583251953125
2017-09-27,37.735008239746094
2017-09-28,38.13084411621094
2017-09-29,38.02037048339844
2017-10-02,38.075618743896484
2017-10-03,38.27815246582031
2017-10-04,38.44385528564453
2017-10-05,38.69240951538086
2017-10-06,38.68321228027344
2017-10-09,38.720035552978516
2017-10-10,39.125083923339844
2017-10-11,38.940975189208984
2017-10-12,38.89494323730469
2017-10-13,38.987003326416016
2017-10-16,38.83971405029297
2017-10-17,38.64637756347656
2017-10-18,38.76605224609375
2017-10-19,38.60956573486328
2017-10-20,38.940975189208984
2017-10-23,39.50253677368164
2017-10-24,39.51173400878906
2017-10-25,39.07906723022461
2017-10-26,39.33683395385742
2017-10-27,39.3736457824707
2017-10-30,39.25398635864258
2017-10-31,39.52095031738281
2017-11-01,39.3092155456543
2017-11-02,38.480682373046875
2017-11-03,38.43464660644531
2017-11-06,38.15848159790039
2017-11-07,37.79023742675781
2017-11-08,37.504859924316406
2017-11-09,37.118202209472656
2017-11-10,36.80519485473633
2017-11-13,37.1089973449707
2017-11-14,36.81441116333008
2017-11-15,36.25284957885742
2017-11-16,37.30232620239258
2017-11-17,36.80519485473633
2017-11-20,36.584266662597656
2017-11-21,36.455379486083984
2017-11-22,36.381717681884766
2017-11-24,36.76837921142578
2017-11-27,36.860443115234375
2017-11-28,36.436973571777344
2017-11-29,36.41855239868164
2017-11-30,36.83386993408203
2017-12-01,36.67698287963867
2017-12-04,37.5168342590332
2017-12-05,37.64604949951172
2017-12-06,37.655269622802734
2017-12-07,37.66450500488281
2017-12-08,36.54777145385742
2017-12-11,36.54777145385742
2017-12-12,35.892494201660156
2017-12-13,35.661766052246094
2017-12-14,35.338748931884766
2017-12-15,36.363182067871094
2017-12-18,35.560245513916016
2017-12-19,35.31104278564453
2017-12-20,35.061851501464844
2017-12-21,34.72960662841797
2017-12-22,35.04341506958008
2017-12-26,34.70192337036133
2017-12-27,34.66500473022461
2017-12-28,34.99724578857422
2017-12-29,34.93264389038086
2018-01-02,35.652530670166016
2018-01-03,35.560245513916016
2018-01-04,35.39411926269531
2018-01-05,35.61561584472656
2018-01-08,35.64329528808594
2018-01-09,35.532554626464844
2018-01-10,34.93264389038086
2018-01-11,35.42180633544922
2018-01-12,34.978797912597656
2018-01-16,35.43102264404297
2018-01-17,36.030941009521484
2018-01-18,35.80019760131836
2018-01-19,35.735595703125
2018-01-22,34.849578857421875
2018-01-23,35.44026565551758
2018-01-24,35.846343994140625
2018-01-25,36.18782043457031
2018-01-26,35.18184280395508
2018-01-29,34.72960662841797
2018-01-30,34.67424011230469
2018-01-31,35.329505920410156
2018-02-01,35.39411926269531
2018-02-02,34.57270431518555
2018-02-05,33.695926666259766
2018-02-06,34.08356475830078
2018-02-07,36.298583984375
2018-02-08,35.477176666259766
2018-02-09,34.95111083984375
2018-02-12,34.63730239868164
2018-02-13,34.849578857421875
2018-02-14,35.18184280395508
2018-02-15,36.10475158691406
2018-02-16,36.56622314453125
2018-02-20,36.18782043457031
2018-02-21,36.12321853637695
2018-02-22,36.501609802246094
2018-02-23,36.66775131225586
2018-02-26,36.99077606201172
2018-02-27,36.92616271972656
2018-02-28,36.96316909790039
2018-03-01,36.54682922363281
2018-03-02,36.45429229736328
2018-03-05,36.94467544555664
2018-03-06,37.527557373046875
2018-03-07,37.694122314453125
2018-03-08,37.95317459106445
2018-03-09,38.68412399291992
2018-03-12,38.53608322143555
2018-03-13,38.50831604003906
2018-03-14,37.879154205322266
2018-03-15,37.90692901611328
2018-03-16,37.564579010009766
2018-03-19,37.22223663330078
2018-03-20,36.90766143798828
2018-03-21,36.842899322509766
2018-03-22,36.21373748779297
2018-03-23,35.87139129638672
2018-03-26,36.37102127075195
2018-03-27,36.259986877441406
2018-03-28,36.259986877441406
2018-03-29,36.74111557006836
2018-04-02,35.982421875
2018-04-03,36.69485855102539
2018-04-04,37.092708587646484
2018-04-05,37.26850509643555
2018-04-06,36.32476043701172
2018-04-09,36.36176681518555
2018-04-10,37.13896942138672
2018-04-11,37.240753173828125
2018-04-12,37.4813117980957
2018-04-13,37.60158920288086
2018-04-16,37.71261978149414
2018-04-17,38.314022064208984
2018-04-18,38.16598129272461
2018-04-19,37.860652923583984
2018-04-20,37.62934112548828
2018-04-23,37.46281051635742
2018-04-24,37.15747833251953
2018-04-25,37.21299362182617
2018-04-26,37.40728759765625
2018-04-27,37.51830291748047
2018-04-30,37.092708587646484
2018-05-01,36.32476043701172
2018-05-02,35.621585845947266
2018-05-03,35.08494186401367
2018-05-04,35.65859603881836
2018-05-07,35.36251449584961
2018-05-08,35.223731994628906
2018-05-09,35.70485305786133
2018-05-10,35.90840148925781
2018-05-11,35.6678352355957
2018-05-14,35.492061614990234
2018-05-15,34.91840362548828
2018-05-16,35.29775619506836
2018-05-17,35.14971160888672
2018-05-18,35.121952056884766
2018-05-21,35.17747116088867
2018-05-22,35.492061614990234
2018-05-23,35.482791900634766
2018-05-24,35.482791900634766
2018-05-25,35.50130081176758
2018-05-29,34.77960968017578
2018-05-30,34.85363006591797
2018-05-31,34.278472900390625
2018-06-01,34.10219955444336
2018-06-04,34.148582458496094
2018-06-05,34.00014877319336
2018-06-06,34.07437515258789
2018-06-07,34.630985260009766
2018-06-08,34.881465911865234
2018-06-11,35.07628631591797
2018-06-12,35.0855598449707
2018-06-13,34.4268913269043
2018-06-14,34.21351623535156
2018-06-15,34.00014877319336
2018-06-18,34.08364486694336
2018-06-19,33.36930847167969
2018-06-20,33.13739776611328
2018-06-21,32.729209899902344
2018-06-22,33.31365966796875
2018-06-25,33.322940826416016
2018-06-26,33.15595245361328
2018-06-27,32.71064758300781
2018-06-28,32.701377868652344
2018-06-29,32.97969436645508
2018-07-02,33.17450714111328
2018-07-03,33.49919891357422
2018-07-05,33.81460189819336
2018-07-06,34.204246520996094
2018-07-09,34.380516052246094
2018-07-10,34.9278564453125
2018-07-11,35.02989959716797
2018-07-12,35.131935119628906
2018-07-13,34.900028228759766
2018-07-16,34.7052116394043
2018-07-17,35.48447036743164
2018-07-18,35.32675552368164
2018-07-19,35.503021240234375
2018-07-20,34.872188568115234
2018-07-23,35.141239166259766
2018-07-24,35.37314987182617
2018-07-25,35.363868713378906
2018-07-26,35.76278305053711
2018-07-27,35.966880798339844
2018-07-30,35.790618896484375
2018-07-31,36.15241622924805
2018-08-01,36.486392974853516
2018-08-02,37.599632263183594
2018-08-03,38.425270080566406
2018-08-06,38.45310974121094
2018-08-07,38.722145080566406
2018-08-08,38.46238327026367
2018-08-09,38.26755905151367
2018-08-10,37.404808044433594
2018-08-13,36.78324890136719
2018-08-14,36.82964324951172
2018-08-15,37.209983825683594
2018-08-16,37.38623809814453
2018-08-17,37.7202262878418
2018-08-20,37.96142578125
2018-08-21,38.10057830810547
2018-08-22,37.7202262878418
2018-08-23,37.738792419433594
2018-08-24,38.11913299560547
2018-08-27,38.824188232421875
2018-08-28,38.65719985961914
2018-08-29,38.81490707397461
2018-08-30,38.81490707397461
2018-08-31,38.945098876953125
2018-09-04,38.51732635498047
2018-09-05,39.01020050048828
2018-09-06,39.1868782043457
2018-09-07,39.4472541809082
2018-09-10,40.15400314331055
2018-09-11,39.79132080078125
2018-09-12,40.1725959777832
2018-09-13,40.73984909057617
2018-09-14,41.04672622680664
2018-09-17,41.04672622680664
2018-09-18,41.77206039428711
2018-09-19,41.130409240722656
2018-09-20,41.27920913696289
2018-09-21,41.44657897949219
2018-09-24,41.71626281738281
2018-09-25,41.121116638183594
2018-09-26,41.19550704956055
2018-09-27,41.04672622680664
2018-09-28,40.907230377197266
2018-10-01,40.80493927001953
2018-10-02,41.33500671386719
2018-10-03,42.144020080566406
2018-10-04,42.59968948364258
2018-10-05,42.71128463745117
2018-10-08,43.10185241699219
2018-10-09,42.51600646972656
2018-10-10,40.786338806152344
2018-10-11,40.46086502075195
2018-10-12,41.06532287597656
2018-10-15,41.474483489990234
2018-10-16,42.86937713623047
2018-10-17,42.96236038208008
2018-10-18,42.96236038208008
2018-10-19,42.71128463745117
2018-10-22,41.96733856201172
2018-10-23,41.94873809814453
2018-10-24,40.591064453125
2018-10-25,40.28418731689453
2018-10-26,40.349281311035156
2018-10-29,40.79564666748047
2018-10-30,41.81855392456055
2018-10-31,41.66046905517578
2018-11-01,44.2828483581543
2018-11-02,44.041072845458984
2018-11-05,44.087562561035156
2018-11-06,44.50603103637695
2018-11-07,45.41733932495117
2018-11-08,45.305755615234375
2018-11-09,45.26856994628906
2018-11-12,44.9058837890625
2018-11-13,45.65913009643555
2018-11-14,45.62193298339844
2018-11-15,46.84943389892578
2018-11-16,46.961021423339844
2018-11-19,46.040401458740234
2018-11-20,45.612640380859375
2018-11-21,45.854400634765625
2018-11-23,45.445255279541016
2018-11-26,45.65913009643555
2018-11-27,45.249969482421875
2018-11-28,46.114784240722656
2018-11-29,46.096187591552734
2018-11-30,45.76074981689453
2018-12-03,46.39437484741211
2018-12-04,45.68619918823242
2018-12-06,45.3973388671875
2018-12-07,45.089847564697266
2018-12-10,45.0059928894043
2018-12-11,44.56804275512695
2018-12-12,44.903480529785156
2018-12-13,45.22030258178711
2018-12-14,44.73575973510742
2018-12-17,43.46851348876953
2018-12-18,43.58964920043945
2018-12-19,42.7417106628418
2018-12-20,41.12969970703125
2018-12-21,40.64516067504883
2018-12-24,39.461769104003906
2018-12-26,40.524024963378906
2018-12-27,41.41856002807617
2018-12-28,41.744686126708984
2018-12-31,42.844207763671875
2019-01-02,41.6235466003418
2019-01-03,41.24150466918945
2019-01-04,42.480804443359375
2019-01-07,43.27284240722656
2019-01-08,43.710784912109375
2019-01-09,43.87850570678711
2019-01-10,44.40031433105469
2019-01-11,44.838260650634766
2019-01-14,45.16438674926758
2019-01-15,45.937782287597656
2019-01-16,45.13644027709961
2019-01-17,46.12415313720703
2019-01-18,46.832313537597656
2019-01-22,47.26095199584961
2019-01-23,47.31685256958008
2019-01-24,47.39139938354492
2019-01-25,48.220706939697266
2019-01-28,47.326171875
2019-01-29,47.82001876831055
2019-01-30,47.6895751953125
2019-01-31,48.714561462402344
2019-02-01,48.481605529785156
2019-02-04,48.43501281738281
2019-02-05,49.385459899902344
2019-02-06,49.58113098144531
2019-02-07,49.62771224975586
2019-02-08,50.22408676147461
2019-02-11,50.177494049072266
2019-02-12,51.15586853027344
2019-02-13,51.43540954589844
2019-02-14,51.20246124267578
2019-02-15,50.43838882446289
2019-02-19,50.3731575012207
2019-02-20,50.68997573852539
2019-02-21,50.764522552490234
2019-02-22,51.49131774902344
2019-02-25,51.137237548828125
2019-02-26,50.94155502319336
2019-02-27,51.7149543762207
2019-02-28,51.136192321777344
2019-03-01,51.53759765625
2019-03-04,51.57493209838867
2019-03-05,52.23771667480469
2019-03-06,51.733612060546875
2019-03-07,51.0428466796875
2019-03-08,51.350894927978516
2019-03-11,51.90164566040039
2019-03-12,52.86314010620117
2019-03-13,53.31121063232422
2019-03-14,53.460567474365234
2019-03-15,53.675262451171875
2019-03-18,54.029998779296875
2019-03-19,54.1980094909668
2019-03-20,54.25403594970703
2019-03-21,54.92613220214844
2019-03-22,54.08599853515625
2019-03-25,54.244693756103516
2019-03-26,54.3753776550293
2019-03-27,54.319366455078125
2019-03-28,54.08599853515625
2019-03-29,54.01131820678711
2019-04-01,54.51540756225586
2019-04-02,54.12333297729492
2019-04-03,54.16068649291992
2019-04-04,54.14200973510742
2019-04-05,54.244693756103516
2019-04-08,54.32870864868164
2019-04-09,53.80596160888672
2019-04-10,54.3753776550293
2019-04-11,54.72077178955078
2019-04-12,54.17001724243164
2019-04-15,54.459388732910156
2019-04-16,53.73128128051758
2019-04-17,53.25520324707031
2019-04-18,54.61807632446289
2019-04-22,54.804771423339844
2019-04-23,55.542232513427734
2019-04-24,54.982147216796875
2019-04-25,55.038150787353516
2019-04-26,55.72892761230469
2019-04-29,55.6635856628418
2019-04-30,55.95296096801758
2019-05-01,54.7674446105957
2019-05-02,56.008975982666016
2019-05-03,57.4465446472168
2019-05-06,57.82926940917969
2019-05-07,57.84793472290039
2019-05-08,57.82926940917969
2019-05-09,58.221317291259766
2019-05-10,60.032291412353516
2019-05-13,60.125648498535156
2019-05-14,59.220157623291016
2019-05-15,58.352012634277344
2019-05-16,58.40803527832031
2019-05-17,58.40803527832031
2019-05-20,57.91328048706055
2019-05-21,58.24934005737305
2019-05-22,57.40919876098633
2019-05-23,56.9891357421875
2019-05-24,57.269168853759766
2019-05-28,57.129150390625
2019-05-29,56.4757194519043
2019-05-30,56.979793548583984
2019-05-31,57.44768142700195
2019-06-03,58.065303802490234
2019-06-04,59.03852462768555
2019-06-05,60.311180114746094
2019-06-06,61.443485260009766
2019-06-07,61.66807556152344
2019-06-10,62.061092376708984
2019-06-11,62.17338562011719
2019-06-12,62.32311248779297
2019-06-13,60.750980377197266
2019-06-14,61.20953369140625
2019-06-17,61.125301361083984
2019-06-18,62.1827507019043
2019-06-19,62.379268646240234
2019-06-20,62.931358337402344
2019-06-21,62.77227783203125
2019-06-24,62.865875244140625
2019-06-25,63.689334869384766
2019-06-26,63.399253845214844
2019-06-27,63.7267951965332
2019-06-28,65.49542236328125
2019-07-01,65.74807739257812
2019-07-02,66.96459197998047
2019-07-03,67.61026763916016
2019-07-05,67.16111755371094
2019-07-08,66.0662612915039
2019-07-09,66.36567687988281
2019-07-10,65.90716552734375
2019-07-11,66.58091735839844
2019-07-12,65.50476837158203
2019-07-15,64.8403549194336
2019-07-16,64.63449096679688
2019-07-17,64.11046600341797
2019-07-18,66.34697723388672
2019-07-19,66.15982818603516
2019-07-22,66.54350280761719
2019-07-23,67.17047119140625
2019-07-24,67.40442657470703
2019-07-25,66.7119369506836
2019-07-26,67.50736236572266
2019-07-29,67.63835144042969
2019-07-30,68.10626220703125
2019-07-31,66.88972473144531
2019-08-01,69.94036865234375
2019-08-02,69.9310302734375
2019-08-05,68.54607391357422
2019-08-06,69.20112609863281
2019-08-07,70.4550552368164
2019-08-08,71.19432830810547
2019-08-09,72.4857177734375
2019-08-12,71.90552520751953
2019-08-13,74.19819641113281
2019-08-14,71.91486358642578
2019-08-15,72.99104309082031
2019-08-16,74.51636505126953
2019-08-19,74.61929321289062
2019-08-20,74.10462188720703
2019-08-21,74.60994720458984
2019-08-22,74.63800048828125
2019-08-23,73.17819213867188
2019-08-26,73.70223236083984
2019-08-27,73.945556640625
2019-08-28,74.17947387695312
2019-08-29,75.26498413085938
2019-08-30,75.3868637084961
2019-09-03,74.93683624267578
2019-09-04,75.7337417602539
2019-09-05,73.79306030273438
2019-09-06,73.40869903564453
2019-09-09,70.38043212890625
2019-09-10,67.39911651611328
2019-09-11,67.38970947265625
2019-09-12,68.77727508544922
2019-09-13,68.18663787841797
2019-09-16,67.6897201538086
2019-09-17,70.31483459472656
2019-09-18,69.85543060302734
2019-09-19,69.63980102539062
2019-09-20,69.2272720336914
2019-09-23,69.82731628417969
2019-09-24,70.05232238769531
2019-09-25,68.90850830078125
2019-09-26,69.81793975830078
2019-09-27,68.24288940429688
2019-09-30,68.26163482666016
2019-10-01,67.6053466796875
2019-10-02,66.39593505859375
2019-10-03,67.16472625732422
2019-10-04,68.18663787841797
2019-10-07,67.92412567138672
2019-10-08,66.94906616210938
2019-10-09,67.75535583496094
2019-10-10,68.28974914550781
2019-10-11,68.07411193847656
2019-10-14,68.3647689819336
2019-10-15,67.65222930908203
2019-10-16,68.0459976196289
2019-10-17,69.25541687011719
2019-10-18,69.48040771484375
2019-10-21,67.77413940429688
2019-10-22,66.424072265625
2019-10-23,66.63970184326172
2019-10-24,67.31472778320312
2019-10-25,67.41786193847656
2019-10-28,66.88346862792969
2019-10-29,68.19598388671875
2019-10-30,69.33979797363281
2019-10-31,65.59905242919922
2019-11-01,64.08961486816406
2019-11-04,62.39269256591797
2019-11-05,60.66761779785156
2019-11-06,62.49582290649414
2019-11-07,61.005130767822266
2019-11-08,60.61137771606445
2019-11-11,60.508235931396484
2019-11-12,60.3488655090332
2019-11-13,61.06138610839844
2019-11-14,61.633270263671875
2019-11-15,61.50204086303711
2019-11-18,63.36771011352539
2019-11-19,63.048946380615234
2019-11-20,63.227115631103516
2019-11-21,62.02705764770508
2019-11-22,61.6239128112793
2019-11-25,60.91139221191406
2019-11-26,62.53331756591797
2019-11-27,62.39269256591797
2019-11-29,62.073204040527344
2019-12-02,61.81949996948242
2019-12-03,62.430267333984375
2019-12-04,61.78190994262695
2019-12-05,62.14837646484375
2019-12-06,59.71469497680664
2019-12-09,60.259674072265625
2019-12-10,60.05295944213867
2019-12-11,60.0153694152832
2019-12-12,59.58313751220703
2019-12-13,59.517356872558594
2019-12-16,60.10934829711914
2019-12-17,60.316062927246094
2019-12-18,60.513389587402344
2019-12-19,59.87443161010742
2019-12-20,61.24631881713867
2019-12-23,61.31208419799805
2019-12-24,61.293304443359375
2019-12-26,60.992618560791016
2019-12-27,60.785884857177734
2019-12-30,60.55099105834961
2019-12-31,60.767093658447266
2020-01-02,60.02477264404297
2020-01-03,60.86106491088867
2020-01-06,60.297264099121094
2020-01-07,60.062355041503906
2020-01-08,60.579166412353516
2020-01-09,62.693363189697266
2020-01-10,62.27055358886719
2020-01-13,63.42630386352539
2020-01-14,62.533634185791016
2020-01-15,64.09343719482422
2020-01-16,65.00491333007812
2020-01-17,65.06127166748047
2020-01-21,65.080078125
2020-01-22,67.51376342773438
2020-01-23,67.53255462646484
2020-01-24,67.58893585205078
2020-01-27,69.49644470214844
2020-01-28,68.2842788696289
2020-01-29,68.2091064453125
2020-01-30,68.68832397460938
2020-01-31,67.82384490966797
2020-02-03,69.67497253417969
2020-02-04,70.48307037353516
2020-02-05,72.00528717041016
2020-02-06,73.29261779785156
2020-02-07,72.27777099609375
2020-02-10,72.08987426757812
2020-02-11,72.95433807373047
2020-02-12,71.91133117675781
2020-02-13,72.51268768310547
2020-02-14,72.5596923828125
2020-02-18,73.33018493652344
2020-02-19,72.36235046386719
2020-02-20,71.97711181640625
2020-02-21,72.2214126586914
2020-02-24,71.760986328125
2020-02-25,70.03203582763672
2020-02-26,71.10323333740234
2020-02-27,67.66413116455078
2020-02-28,66.34587097167969
2020-03-02,70.78084564208984
2020-03-03,71.70362854003906
2020-03-04,73.9729232788086
2020-03-05,72.53225708007812
2020-03-06,71.60946655273438
2020-03-09,68.27616119384766
2020-03-10,68.69990539550781
2020-03-11,65.68671417236328
2020-03-12,59.49094009399414
2020-03-13,60.11240768432617
2020-03-16,55.01829147338867
2020-03-17,60.85627746582031
2020-03-18,60.686771392822266
2020-03-19,56.60019302368164
2020-03-20,51.68498611450195
2020-03-23,48.90724182128906
2020-03-24,54.82054901123047
2020-03-25,52.7490119934082
2020-03-26,58.907142639160156
2020-03-27,60.62086486816406
2020-03-30,62.1368522644043
2020-03-31,60.884525299072266
2020-04-01,60.423126220703125
2020-04-02,60.79036331176758
2020-04-03,58.53990936279297
2020-04-06,61.788475036621094
2020-04-07,62.014461517333984
2020-04-08,63.64341354370117
2020-04-09,65.85625457763672
2020-04-13,63.389217376708984
2020-04-14,63.99182891845703
2020-04-15,63.69052505493164
2020-04-16,63.8411750793457
2020-04-17,66.1010513305664
2020-04-20,64.5379638671875
2020-04-21,61.713138580322266
2020-04-22,62.73007583618164
2020-04-23,61.110511779785156
2020-04-24,61.458919525146484
2020-04-27,63.624603271484375
2020-04-28,63.09730911254883
2020-04-29,62.908992767333984
2020-04-30,61.76021957397461
2020-05-01,61.77906036376953
2020-05-04,62.28751754760742
2020-05-05,62.39112091064453
2020-05-06,61.882633209228516
2020-05-07,62.04270935058594
2020-05-08,60.79036331176758
2020-05-11,59.669837951660156
2020-05-12,58.313934326171875
2020-05-13,57.59830093383789
2020-05-14,58.417510986328125
2020-05-15,58.596412658691406
2020-05-18,60.592620849609375
2020-05-19,60.526710510253906
2020-05-20,60.44197463989258
2020-05-21,60.30072021484375
2020-05-22,60.743282318115234
2020-05-26,62.65475082397461
2020-05-27,64.59446716308594
2020-05-28,66.43061065673828
2020-05-29,67.24211120605469
2020-06-01,67.15718841552734
2020-06-02,67.9215316772461
2020-06-03,69.78044128417969
2020-06-04,71.14868927001953
2020-06-05,69.76156616210938
2020-06-08,69.90314483642578
2020-06-09,68.35559844970703
2020-06-10,68.71416473388672
2020-06-11,63.37329864501953
2020-06-12,64.47732543945312
2020-06-15,64.35466003417969
2020-06-16,66.22301483154297
2020-06-17,65.67572021484375
2020-06-18,66.49665069580078
2020-06-19,66.69481658935547
2020-06-22,67.07227325439453
2020-06-23,66.59103393554688
2020-06-24,65.0906982421875
2020-06-25,65.29827117919922
2020-06-26,63.54313278198242
2020-06-29,64.53394317626953
2020-06-30,65.57192993164062
2020-07-01,66.69481658935547
2020-07-02,67.7611083984375
2020-07-06,68.35559844970703
2020-07-07,68.5820541381836
2020-07-08,68.07250213623047
2020-07-09,67.7044906616211
2020-07-10,68.31782531738281
2020-07-13,67.59126281738281
2020-07-14,69.45962524414062
2020-07-15,65.6002426147461
2020-07-16,65.55304718017578
2020-07-17,66.32681274414062
2020-07-20,68.65754699707031
2020-07-21,68.5820541381836
2020-07-22,69.0538558959961
2020-07-23,68.87457275390625
2020-07-24,69.03500366210938
2020-07-27,70.36549377441406
2020-07-28,69.90314483642578
2020-07-29,69.61060333251953
2020-07-30,69.30863189697266
2020-07-31,69.4784927368164
2020-08-03,69.99748229980469
2020-08-04,70.8939208984375
2020-08-05,70.80900573730469
2020-08-06,70.24280548095703
2020-08-07,71.27136993408203
2020-08-10,71.0826416015625
2020-08-11,69.78044128417969
2020-08-12,70.18618774414062
2020-08-13,70.98827362060547
2020-08-14,71.24305725097656
2020-08-17,71.91300964355469
2020-08-18,72.05455017089844
2020-08-19,71.60160064697266
2020-08-20,71.48838806152344
2020-08-21,72.29991912841797
2020-08-24,72.89437866210938
2020-08-25,73.10197448730469
2020-08-26,74.47021484375
2020-08-27,74.86653900146484
2020-08-28,75.74411010742188
2020-08-31,75.98045349121094
2020-09-01,77.49304962158203
2020-09-02,79.96994018554688
2020-09-03,78.69369506835938
2020-09-04,77.96575164794922
2020-09-08,76.15061950683594
2020-09-09,77.16220092773438
2020-09-10,76.5760269165039
2020-09-11,77.21890258789062
2020-09-14,78.73151397705078
2020-09-15,79.81871795654297
2020-09-16,80.04560089111328
2020-09-17,79.5067367553711
2020-09-18,78.3628158569336
2020-09-21,76.60438537597656
2020-09-22,77.12435913085938
2020-09-23,75.48883056640625
2020-09-24,75.72518157958984
2020-09-25,77.0203628540039
2020-09-28,77.74833679199219
2020-09-29,77.86176300048828
2020-09-30,78.58025360107422
2020-10-01,78.08863830566406
2020-10-02,78.15483856201172
2020-10-05,80.70738220214844
2020-10-06,79.70526123046875
2020-10-07,81.8228988647461
2020-10-08,84.13910675048828
2020-10-09,85.3302993774414
2020-10-12,84.7819595336914
2020-10-13,85.3302993774414
2020-10-14,85.14122009277344
2020-10-15,85.85022735595703
2020-10-16,86.42693328857422
2020-10-19,86.20003509521484
2020-10-20,86.3985595703125
2020-10-21,87.71265411376953
2020-10-22,86.15275573730469
2020-10-23,87.65594482421875
2020-10-26,86.55928039550781
2020-10-27,86.1244125366211
2020-10-28,83.88386535644531
2020-10-29,84.34708404541016
2020-10-30,84.13910675048828
2020-11-02,85.27357482910156
2020-11-03,88.62966918945312
2020-11-04,88.97000885009766
2020-11-05,91.85343933105469
2020-11-06,92.1370620727539
2020-11-09,87.90172576904297
2020-11-10,89.79248809814453
2020-11-11,90.57716369628906
2020-11-12,89.05510711669922
2020-11-13,89.48051452636719
2020-11-16,91.47528076171875
2020-11-17,91.83453369140625
2020-11-18,91.28618621826172
2020-11-19,92.56246948242188
2020-11-20,91.93852233886719
2020-11-23,90.22737121582031
2020-11-24,90.86077880859375
2020-11-25,91.0404052734375
2020-11-27,91.09712219238281
2020-11-30,90.90776824951172
2020-12-01,91.67471313476562
2020-12-02,89.00457000732422
2020-12-03,87.71684265136719
2020-12-04,89.15607452392578
2020-12-07,90.42485046386719
2020-12-08,90.79412841796875
2020-12-09,88.39859008789062
2020-12-10,88.30387878417969
2020-12-11,87.66004180908203
2020-12-14,85.50120544433594
2020-12-15,87.14874267578125
2020-12-16,85.62428283691406
2020-12-17,87.0919189453125
2020-12-18,87.290771484375
2020-12-21,87.80207824707031
2020-12-22,87.57481384277344
2020-12-23,86.74156951904297
2020-12-24,87.43278503417969
2020-12-28,86.51434326171875
2020-12-29,87.33810424804688
2020-12-30,87.92516326904297
2020-12-31,88.22815704345703
2021-01-04,84.9898910522461
2021-01-05,85.80419158935547
2021-01-06,86.79839324951172
2021-01-07,85.86099243164062
2021-01-08,85.7568359375
2021-01-11,85.74737548828125
2021-01-12,85.44438171386719
2021-01-13,86.24921417236328
2021-01-14,85.15084838867188
2021-01-15,85.61481475830078
2021-01-19,85.61481475830078
2021-01-20,87.3570327758789
2021-01-21,86.44805908203125
2021-01-22,85.9178237915039
2021-01-25,85.0845718383789
2021-01-26,84.08091735839844
2021-01-27,80.79531860351562
2021-01-28,83.56961059570312
2021-01-29,83.34235382080078
2021-02-01,84.66796875
2021-02-02,85.70003509521484
2021-02-03,86.1261215209961
2021-02-04,84.17559814453125
2021-02-05,84.63956451416016
2021-02-08,84.95201873779297
2021-02-09,84.07144927978516
2021-02-10,85.13192749023438
2021-02-11,83.82527160644531
2021-02-12,84.91413116455078
2021-02-16,85.38756561279297
2021-02-17,85.0845718383789
2021-02-18,85.56748962402344
2021-02-19,85.67162322998047
2021-02-22,83.38970947265625
2021-02-23,81.91261291503906
2021-02-24,81.67589569091797
2021-02-25,81.67589569091797
2021-02-26,80.99295806884766
2021-03-01,82.04580688476562
2021-03-02,81.90352630615234
2021-03-03,80.24364471435547
2021-03-04,79.2002944946289
2021-03-05,77.97671508789062
2021-03-08,78.33714294433594
2021-03-09,81.81817626953125
2021-03-10,80.83171844482422
2021-03-11,79.22875213623047
2021-03-12,80.28158569335938
2021-03-15,81.0024642944336
2021-03-16,79.5797119140625
2021-03-17,79.21926879882812
2021-03-18,78.37507629394531
2021-03-19,77.06615447998047
2021-03-22,79.97805786132812
2021-03-23,80.9360580444336
2021-03-24,80.95502471923828
2021-03-25,79.72197723388672
2021-03-26,79.7599105834961
2021-03-29,80.7178955078125
2021-03-30,80.17725372314453
2021-03-31,80.37641906738281
2021-04-01,81.8276596069336
2021-04-05,82.39677429199219
2021-04-06,83.45909881591797
2021-04-07,82.07426452636719
2021-04-08,83.11762237548828
2021-04-09,85.2327880859375
2021-04-12,86.02954864501953
2021-04-13,86.08646392822266
2021-04-14,84.86287689208984
2021-04-15,85.88727569580078
2021-04-16,86.32357788085938
2021-04-19,86.21924591064453
2021-04-20,87.53768920898438
2021-04-21,88.11624908447266
2021-04-22,87.91706848144531
2021-04-23,89.14065551757812
2021-04-26,88.11624908447266
2021-04-27,88.11624908447266
2021-04-28,86.64606475830078
2021-04-29,88.571533203125
2021-04-30,88.81814575195312
2021-05-03,88.45772552490234
2021-05-04,88.82763671875
2021-05-05,88.08778381347656
2021-05-06,85.8967514038086
2021-05-07,86.02954864501953
2021-05-10,85.24227905273438
2021-05-11,85.9346923828125
2021-05-12,83.30732727050781
2021-05-13,83.90489196777344
2021-05-14,84.51192474365234
2021-05-17,84.06612396240234
2021-05-18,82.56748962402344
2021-05-19,81.40082550048828
2021-05-20,82.78563690185547
2021-05-21,82.31138610839844
2021-05-24,82.62440490722656
2021-05-25,81.4482650756836
2021-05-26,78.00515747070312
2021-05-27,78.3940658569336
2021-05-28,78.07099151611328
2021-06-01,78.12800598144531
2021-06-02,77.73839569091797
2021-06-03,79.22077178955078
2021-06-04,78.43206787109375
2021-06-07,77.31080627441406
2021-06-08,76.57911682128906
2021-06-09,76.8736801147461
2021-06-10,76.45556640625
2021-06-11,77.47234344482422
2021-06-14,77.0827407836914
2021-06-15,77.35831451416016
2021-06-16,76.48409271240234
2021-06-17,75.96146392822266
2021-06-18,75.24880981445312
2021-06-21,75.9804916381836
2021-06-22,77.61487579345703
2021-06-23,77.43433380126953
2021-06-24,77.94745635986328
2021-06-25,78.6886215209961
2021-06-28,77.7954330444336
2021-06-29,77.5673599243164
2021-06-30,76.98771667480469
2021-07-01,78.28955078125
2021-07-02,77.75740814208984
2021-07-06,77.9854507446289
2021-07-07,78.69811248779297
2021-07-08,81.04520416259766
2021-07-09,80.570068359375
2021-07-12,80.54159545898438
2021-07-13,80.11396026611328
2021-07-14,80.38004302978516
2021-07-15,80.71261596679688
2021-07-16,81.48231506347656
2021-07-19,79.58186340332031
2021-07-20,80.21852111816406
2021-07-21,78.58411407470703
2021-07-22,77.66239166259766
2021-07-23,76.01848602294922
2021-07-26,77.13026428222656
2021-07-27,77.0827407836914
2021-07-28,77.13026428222656
2021-07-29,76.97821807861328
2021-07-30,76.85469818115234
2021-08-02,77.33930969238281
2021-08-03,76.43659210205078
2021-08-04,75.09676361083984
2021-08-05,76.75965881347656
2021-08-06,80.99769592285156
2021-08-09,83.00269317626953
2021-08-10,84.40902709960938
2021-08-11,85.08368682861328
2021-08-12,84.9981689453125
2021-08-13,84.2664794921875
2021-08-16,84.6370849609375
2021-08-17,84.941162109375
2021-08-18,86.1954574584961
2021-08-19,87.8963623046875
2021-08-20,89.92036437988281
2021-08-23,90.12942504882812
2021-08-24,89.80634307861328
2021-08-25,89.94886779785156
2021-08-26,89.61628723144531
2021-08-27,89.67330169677734
2021-08-30,90.9276123046875
2021-08-31,91.37516021728516
2021-09-01,92.04170989990234
2021-09-02,93.11772155761719
2021-09-03,92.727294921875
2021-09-07,92.29882049560547
2021-09-08,92.06074523925781
2021-09-09,90.89903259277344
2021-09-10,90.29914855957031
2021-09-13,89.5659408569336
2021-09-14,88.22330474853516
2021-09-15,88.75656127929688
2021-09-16,88.31851959228516
2021-09-17,87.9471664428711
2021-09-20,88.31851959228516
2021-09-21,88.1090316772461
2021-09-22,88.50895690917969
2021-09-23,88.79462432861328
2021-09-24,87.8900375366211
2021-09-27,86.48075103759766
2021-09-28,85.42377471923828
2021-09-29,85.45233917236328
2021-09-30,85.67134094238281
2021-10-01,85.55707550048828
2021-10-04,85.52851104736328
2021-10-05,87.11873626708984
2021-10-06,88.03286743164062
2021-10-07,87.51866149902344
2021-10-08,87.03303527832031
2021-10-11,86.59501647949219
2021-10-12,86.13792419433594
2021-10-13,86.44264221191406
2021-10-14,87.6233901977539
2021-10-15,86.93781280517578
2021-10-18,85.80465698242188
2021-10-19,86.3093490600586
2021-10-20,88.15664672851562
2021-10-21,88.59466552734375
2021-10-22,87.80432891845703
2021-10-25,83.3003158569336
2021-10-26,84.88099670410156
2021-10-27,87.08062744140625
2021-10-28,87.42343139648438
2021-10-29,87.10921478271484
2021-11-01,88.46135711669922
2021-11-02,88.77558898925781
2021-11-03,89.6230697631836
2021-11-04,87.10921478271484
2021-11-05,86.16649627685547
2021-11-08,86.67118072509766
2021-11-09,86.91876220703125
2021-11-10,86.89019775390625
2021-11-11,87.2806167602539
2021-11-12,89.09935760498047
2021-11-15,91.2989730834961
2021-11-16,92.25119018554688
2021-11-17,90.51814270019531
2021-11-18,89.71829223632812
2021-11-19,91.12757110595703
2021-11-22,90.42292785644531
2021-11-23,89.61353302001953
2021-11-24,89.14695739746094
2021-11-26,90.17534637451172
2021-11-29,90.28009796142578
2021-11-30,89.17318725585938
2021-12-01,86.74943542480469
2021-12-02,89.2972412109375
2021-12-03,88.9632568359375
2021-12-06,88.43843078613281
2021-12-07,89.17318725585938
2021-12-08,89.64077758789062
2021-12-09,88.38117980957031
2021-12-10,89.22091674804688
2021-12-13,89.37356567382812
2021-12-14,88.09489440917969
2021-12-15,87.65596008300781
2021-12-16,88.11398315429688
2021-12-17,88.54339599609375
2021-12-20,85.8810806274414
2021-12-21,85.87153625488281
2021-12-22,85.90969848632812
2021-12-23,85.8810806274414
2021-12-27,87.71321105957031
2021-12-28,89.98429107666016
2021-12-29,90.87171936035156
2021-12-30,91.0816421508789
2021-12-31,91.86412811279297
2022-01-03,88.99187469482422
2022-01-04,85.89061737060547
2022-01-05,87.236083984375
2022-01-06,87.36968994140625
2022-01-07,86.36773681640625
2022-01-10,85.82382202148438
2022-01-11,85.7379379272461
2022-01-12,86.7780532836914
2022-01-13,86.85438537597656
2022-01-14,86.44407653808594
2022-01-18,85.45166778564453
2022-01-19,87.55098724365234
2022-01-20,86.39636993408203
2022-01-21,84.28750610351562
2022-01-24,83.23786926269531
2022-01-25,82.44583129882812
2022-01-26,82.60806274414062
2022-01-27,89.68848419189453
2022-01-28,89.22091674804688
2022-01-31,92.6561508178711
2022-02-01,92.15040588378906
2022-02-02,90.136962890625
2022-02-03,88.85828399658203
2022-02-04,89.39266204833984
2022-02-07,88.1807861328125
2022-02-08,89.17318725585938
2022-02-09,89.7457275390625
2022-02-10,88.42888641357422
2022-02-11,88.20941925048828
2022-02-14,88.05671691894531
2022-02-15,87.6368637084961
2022-02-16,87.82771301269531
2022-02-17,86.75897979736328
2022-02-18,86.46315002441406
2022-02-22,85.91924285888672
2022-02-23,84.50697326660156
2022-02-24,83.82947540283203
2022-02-25,86.71126556396484
2022-02-28,85.82186126708984
2022-03-01,83.04847717285156
2022-03-02,84.32041931152344
2022-03-03,86.20442199707031
2022-03-04,86.26178741455078
2022-03-07,85.77405548095703
2022-03-08,83.95701599121094
2022-03-09,82.63725280761719
2022-03-10,83.25885772705078
2022-03-11,81.8243637084961
2022-03-14,84.57864379882812
2022-03-15,86.78778076171875
2022-03-16,86.45305633544922
2022-03-17,87.57195281982422
2022-03-18,88.93954467773438
2022-03-21,89.49421691894531
2022-03-22,90.07758331298828
2022-03-23,87.4189682006836
2022-03-24,88.8917236328125
2022-03-25,90.1158218383789
2022-03-28,89.2072982788086
2022-03-29,86.92166900634766
2022-03-30,87.49545288085938
2022-03-31,86.07051849365234
2022-04-01,85.32457733154297
2022-04-04,85.9175033569336
2022-04-05,85.82186126708984
2022-04-06,84.51168060302734
2022-04-07,83.8996353149414
2022-04-08,83.60316467285156
2022-04-11,84.20564270019531
2022-04-12,82.54164123535156
2022-04-13,84.11001586914062
2022-04-14,83.3449478149414
2022-04-18,82.35035705566406
2022-04-19,83.80398559570312
2022-04-20,85.11418151855469
2022-04-21,84.76031494140625
2022-04-22,82.67550659179688
2022-04-25,82.20689392089844
2022-04-26,77.35826873779297
2022-04-27,77.47303771972656
2022-04-28,79.30919647216797
2022-04-29,77.6164779663086
2022-05-02,77.11918640136719
2022-05-03,78.14246368408203
2022-05-04,79.58653259277344
2022-05-05,73.44683837890625
2022-05-06,68.77035522460938
2022-05-09,66.45599365234375
2022-05-10,66.07347106933594
2022-05-11,64.34248352050781
2022-05-12,66.23603820800781
2022-05-13,66.70465850830078
2022-05-16,68.5790786743164
2022-05-17,70.09965515136719
2022-05-18,68.10090637207031
2022-05-19,66.65682220458984
2022-05-20,65.96826171875
2022-05-23,67.71836853027344
2022-05-24,67.0489273071289
2022-05-25,67.2210693359375
2022-05-26,68.62689971923828
2022-05-27,70.51087951660156
2022-05-31,67.97928619384766
2022-06-01,68.34367370605469
2022-06-02,69.53276062011719
2022-06-03,70.5780029296875
2022-06-06,70.74103546142578
2022-06-07,71.12460327148438
2022-06-08,69.6957778930664
2022-06-09,67.52857208251953
2022-06-10,65.66824340820312
2022-06-13,64.65174865722656
2022-06-14,63.76952362060547
2022-06-15,63.548973083496094
2022-06-16,60.71051025390625
2022-06-17,62.24481964111328
2022-06-21,62.80099868774414
2022-06-22,62.77222442626953
2022-06-23,63.02156066894531
2022-06-24,68.6505355834961
2022-06-27,68.10393524169922
2022-06-28,67.07787322998047
2022-06-29,65.5435562133789
2022-06-30,65.9463119506836
2022-07-01,68.01763916015625
2022-07-05,67.15458679199219
2022-07-06,68.51627349853516
2022-07-07,67.52857208251953
2022-07-08,65.802490234375
2022-07-11,65.61067962646484
2022-07-12,64.88189697265625
2022-07-13,64.81478118896484
2022-07-14,63.91337966918945
2022-07-15,63.75034713745117
2022-07-18,64.287353515625
2022-07-19,67.10664367675781
2022-07-20,67.84501647949219
2022-07-21,68.87110137939453
2022-07-22,67.80667114257812
2022-07-25,66.9915771484375
2022-07-26,67.27926635742188
2022-07-27,69.38893127441406
2022-07-28,70.53963470458984
2022-07-29,70.40538787841797
2022-08-01,70.15606689453125
2022-08-02,68.84232330322266
2022-08-03,69.8204345703125
2022-08-04,56.84598159790039
2022-08-05,54.045875549316406
2022-08-08,54.64041519165039
2022-08-09,52.626644134521484
2022-08-10,55.11988830566406
2022-08-11,55.407569885253906
2022-08-12,57.02818298339844
2022-08-15,57.776153564453125
2022-08-16,59.157020568847656
2022-08-17,58.73509216308594
2022-08-18,59.176204681396484
2022-08-19,59.36798858642578
2022-08-22,58.00630187988281
2022-08-23,58.55289840698242
2022-08-24,58.78303527832031
2022-08-25,58.00630187988281
2022-08-26,55.3404426574707
2022-08-29,54.467811584472656
2022-08-30,54.48699188232422
2022-08-31,53.70750045776367
2022-09-01,53.524662017822266
2022-09-02,53.70750045776367
2022-09-06,53.44767761230469
2022-09-07,56.43089294433594
2022-09-08,56.652225494384766
2022-09-09,57.09489822387695
2022-09-12,58.40366744995117
2022-09-13,56.3731575012207
2022-09-14,55.24722671508789
2022-09-15,55.48781204223633
2022-09-16,54.525474548339844
2022-09-19,54.843055725097656
2022-09-20,53.18784713745117
2022-09-21,51.86945724487305
2022-09-22,47.3753776550293
2022-09-23,47.288780212402344
2022-09-26,46.490047454833984
2022-09-27,45.70093536376953
2022-09-28,47.3753776550293
2022-09-29,45.85490798950195
2022-09-30,46.49966812133789
2022-10-03,47.51011276245117
2022-10-04,48.65528869628906
2022-10-05,49.020965576171875
2022-10-06,48.05864334106445
2022-10-07,46.692134857177734
2022-10-10,47.471622467041016
2022-10-11,46.64401626586914
2022-10-12,47.096309661865234
2022-10-13,47.096309661865234
2022-10-14,45.67206573486328
2022-10-17,47.356136322021484
2022-10-18,48.241485595703125
2022-10-19,47.096309661865234
2022-10-20,46.68251419067383
2022-10-21,47.346519470214844
2022-10-24,47.52936935424805
2022-10-25,46.59590148925781
2022-10-26,46.37456512451172
2022-10-27,45.97039794921875
2022-10-28,47.7314453125
2022-10-31,47.52936935424805
2022-11-01,47.596717834472656
2022-11-02,46.0473747253418
2022-11-03,49.107582092285156
2022-11-04,48.93435287475586
2022-11-07,49.08832931518555
2022-11-08,48.63603591918945
2022-11-09,47.68333435058594
2022-11-10,51.484519958496094
2022-11-11,54.66983413696289
2022-11-14,53.44767761230469
2022-11-15,53.39956283569336
2022-11-16,52.67781066894531
2022-11-17,52.32175064086914
2022-11-18,53.01462936401367
2022-11-21,53.11085891723633
2022-11-22,53.312957763671875
2022-11-23,54.005821228027344
2022-11-25,54.05393600463867
2022-11-28,53.10123825073242
2022-11-29,52.67781066894531
2022-11-30,54.16523361206055
2022-12-01,53.94308090209961
2022-12-02,53.90445327758789
2022-12-05,52.494300842285156
2022-12-06,52.9289436340332
2022-12-07,50.69780349731445
2022-12-08,52.05000305175781
2022-12-09,51.73128128051758
2022-12-12,51.76990509033203
2022-12-13,51.982391357421875
2022-12-14,52.600547790527344
2022-12-15,49.88648986816406
2022-12-16,49.567752838134766
2022-12-19,48.88199996948242
2022-12-20,48.90131759643555
2022-12-21,49.973411560058594
2022-12-22,49.40355682373047
2022-12-23,49.86716842651367
2022-12-27,50.021705627441406
2022-12-28,48.85301971435547
2022-12-29,49.85751724243164
2022-12-30,49.39390182495117
2023-01-03,50.1955680847168
2023-01-04,50.69780349731445
2023-01-05,51.035850524902344
2023-01-06,52.40736770629883
2023-01-09,53.672645568847656
2023-01-10,54.174888610839844
2023-01-11,54.48396301269531
2023-01-12,55.19870376586914
2023-01-13,55.16971969604492
2023-01-17,55.01518630981445
2023-01-18,54.87030792236328
2023-01-19,54.69645309448242
2023-01-20,56.2418212890625
2023-01-23,57.004852294921875
2023-01-24,55.102108001708984
2023-01-25,54.70611572265625
2023-01-26,55.082794189453125
2023-01-27,55.66231155395508
2023-01-30,55.47879409790039
2023-01-31,56.25148391723633
2023-02-01,56.44465637207031
2023-02-02,58.81100845336914
2023-02-03,56.95655822753906
2023-02-06,56.686119079589844
2023-02-07,55.63333511352539
2023-02-08,53.9720573425293
2023-02-09,53.15107727050781
2023-02-10,52.745418548583984
2023-02-13,54.01069259643555
2023-02-14,54.9862060546875
2023-02-15,56.96621322631836
2023-02-16,55.43050003051758
2023-02-17,55.575382232666016
2023-02-21,55.102108001708984
2023-02-22,55.58503723144531
2023-02-23,55.54640579223633
2023-02-24,54.90894317626953
2023-02-27,54.18455123901367
2023-02-28,54.48503875732422
2023-03-01,52.982608795166016
2023-03-02,54.2814826965332
2023-03-03,55.31864547729492
2023-03-06,54.35902786254883
2023-03-07,53.14738845825195
2023-03-08,53.8065185546875
2023-03-09,53.01168441772461
2023-03-10,50.92766189575195
2023-03-13,50.811336517333984
2023-03-14,51.354156494140625
2023-03-15,50.50115966796875
2023-03-16,50.52054977416992
2023-03-17,49.90018844604492
2023-03-20,50.15220642089844
2023-03-21,51.053672790527344
2023-03-22,51.053672790527344
2023-03-23,50.917964935302734
2023-03-24,51.34446334838867
2023-03-27,51.03428649902344
2023-03-28,51.66434097290039
2023-03-29,52.24592590332031
2023-03-30,52.614261627197266
2023-03-31,53.41878890991211
2023-04-03,53.38971710205078
2023-04-04,52.58517837524414
2023-04-05,51.54802322387695
2023-04-06,51.014896392822266
2023-04-10,50.44300842285156
2023-04-11,50.782257080078125
2023-04-12,49.19259262084961
2023-04-13,50.18128967285156
2023-04-14,48.494686126708984
2023-04-17,49.63847351074219
2023-04-18,50.33638000488281
2023-04-19,50.61748123168945
2023-04-20,50.02619934082031
2023-04-21,50.49147415161133
2023-04-24,50.675636291503906
2023-04-25,50.15220642089844
2023-04-26,49.66755294799805
2023-04-27,51.09244918823242
2023-04-28,51.54802322387695
2023-05-01,51.984214782714844
2023-05-02,50.75318908691406
2023-05-03,50.65625
2023-05-04,57.44144058227539
2023-05-05,56.80168914794922
2023-05-08,55.929317474365234
2023-05-09,55.279869079589844
2023-05-10,54.892147064208984
2023-05-11,55.33803176879883
2023-05-12,54.475337982177734
2023-05-15,54.83399200439453
2023-05-16,54.039154052734375
2023-05-17,53.69020080566406
2023-05-18,53.37032699584961
2023-05-19,52.924442291259766
2023-05-22,52.57549285888672
2023-05-23,53.079532623291016
2023-05-24,52.042362213134766
2023-05-25,51.65464782714844
2023-05-26,52.15869140625
2023-05-30,50.41392517089844
2023-05-31,49.78144073486328
2023-06-01,50.23877716064453
2023-06-02,52.97305679321289
2023-06-05,52.671409606933594
2023-06-06,53.15793228149414
2023-06-07,51.45508575439453
2023-06-08,51.785926818847656
2023-06-09,51.16318130493164
2023-06-12,51.863773345947266
2023-06-13,52.85628890991211
2023-06-14,52.99251937866211
2023-06-15,53.021705627441406
2023-06-16,56.85553741455078
2023-06-20,54.49102020263672
2023-06-21,53.9947624206543
2023-06-22,54.83158874511719
2023-06-23,54.30613708496094
2023-06-26,54.52021026611328
2023-06-27,55.960330963134766
2023-06-28,55.123504638671875
2023-06-29,56.15494155883789
2023-06-30,56.6414680480957
2023-07-03,56.943115234375
2023-07-05,55.133235931396484
2023-07-06,54.74401092529297
2023-07-07,55.91168212890625
2023-07-10,54.52021026611328
2023-07-11,54.67589569091797
2023-07-12,55.20134735107422
2023-07-13,54.84132385253906
2023-07-14,54.76347351074219
2023-07-17,54.46182632446289
2023-07-18,54.666175842285156
2023-07-19,55.46407699584961
2023-07-20,55.882484436035156
2023-07-21,56.03818130493164
2023-07-24,56.38847732543945
2023-07-25,57.614524841308594
2023-07-26,57.857784271240234
2023-07-27,56.466312408447266
2023-07-28,57.16691970825195
2023-07-31,57.10853958129883
2023-08-01,56.514976501464844
2023-08-02,55.54191970825195
2023-08-03,57.478294372558594
2023-08-04,56.26198196411133
2023-08-07,55.55165100097656
2023-08-08,54.75374221801758
2023-08-09,53.75149917602539
2023-08-10,55.318119049072266
2023-08-11,55.8630256652832
2023-08-14,55.133235931396484
2023-08-15,54.014225006103516
2023-08-16,53.041168212890625
2023-08-17,53.907196044921875
2023-08-18,53.09955596923828
2023-08-21,51.610782623291016
2023-08-22,51.09505844116211
2023-08-23,50.96856689453125
2023-08-24,51.338321685791016
2023-08-25,51.20209503173828
2023-08-28,51.06587219238281
2023-08-29,52.398948669433594
2023-08-30,52.94386672973633
2023-08-31,53.178260803222656
2023-09-01,53.64704895019531
2023-09-05,52.43600845336914
2023-09-06,51.693763732910156
2023-09-07,50.092063903808594
2023-09-08,50.87338638305664
2023-09-11,50.795249938964844
2023-09-12,50.66828918457031
2023-09-13,49.691646575927734
2023-09-14,51.3519401550293
2023-09-15,50.47295379638672
2023-09-18,50.258094787597656
2023-09-19,49.369346618652344
2023-09-20,50.74641418457031
2023-09-21,49.22285461425781
2023-09-22,48.382938385009766
2023-09-25,48.1387825012207
2023-09-26,47.02540969848633
2023-09-27,47.10353469848633
2023-09-28,47.04493713378906
2023-09-29,48.61733627319336
2023-10-02,48.10948181152344
2023-10-03,47.591861724853516
2023-10-04,48.11924743652344
2023-10-05,46.60544967651367
2023-10-06,45.05258560180664
2023-10-09,44.86701965332031
2023-10-10,45.169776916503906
2023-10-11,44.915855407714844
2023-10-12,42.825836181640625
2023-10-13,43.05046463012695
2023-10-16,43.93921661376953
2023-10-17,44.50566482543945
2023-10-18,44.1052360534668
2023-10-19,44.1052360534668
2023-10-20,43.10906219482422
2023-10-23,41.819889068603516
2023-10-24,44.896324157714844
2023-10-25,44.39823532104492
2023-10-26,45.90226364135742
2023-10-27,45.96086120605469
2023-10-30,46.791011810302734
2023-10-31,47.02540969848633
2023-11-01,46.439414978027344
2023-11-02,47.69929122924805
2023-11-03,50.02369689941406
2023-11-06,49.31075668334961
2023-11-07,48.92985916137695
2023-11-08,48.822425842285156
2023-11-09,47.50395965576172
2023-11-10,47.66999053955078
2023-11-13,47.46488952636719
2023-11-14,49.75023651123047
2023-11-15,50.756187438964844
2023-11-16,50.65851593017578
2023-11-17,51.137081146240234
2023-11-20,51.72306442260742
2023-11-21,52.494606018066406
2023-11-22,52.338348388671875
2023-11-24,53.012229919433594
2023-11-27,52.88527297973633
2023-11-28,52.455543518066406
2023-11-29,53.53961944580078
2023-11-30,54.19636535644531
2023-12-01,55.22559356689453
2023-12-04,55.549068450927734
2023-12-05,55.14717483520508
2023-12-06,56.22542190551758
2023-12-07,56.07838821411133
2023-12-08,56.37245178222656
2023-12-11,56.44107437133789
2023-12-12,56.088191986083984
2023-12-13,57.78396987915039
2023-12-14,57.97021484375
2023-12-15,57.274253845214844
2023-12-18,56.32344436645508
2023-12-19,56.254825592041016
2023-12-20,54.5982551574707
2023-12-21,55.607879638671875
2023-12-22,56.068580627441406
2023-12-26,56.47047805786133
2023-12-27,56.76454162597656
2023-12-28,56.80375289916992
2023-12-29,56.38225555419922
2024-01-02,55.85293960571289
2024-01-03,54.74528884887695
2024-01-04,55.52946472167969
2024-01-05,56.254825592041016
2024-01-08,56.03917694091797
2024-01-09,55.94115447998047
2024-01-10,56.16660690307617
2024-01-11,55.51966094970703
2024-01-12,55.24520492553711
2024-01-16,54.382606506347656
2024-01-17,53.549415588378906
2024-01-18,53.76506805419922
2024-01-19,54.43161392211914
2024-01-22,55.23539733886719
2024-01-23,55.607879638671875
2024-01-24,54.764892578125
2024-01-25,55.745113372802734
2024-01-26,56.1077995300293
2024-01-29,55.87254333496094
2024-01-30,55.42163848876953
2024-01-31,54.35320281982422
2024-02-01,58.234867095947266
2024-02-02,58.30348587036133
2024-02-05,57.31346893310547
2024-02-06,56.11759567260742
2024-02-07,57.33306884765625
2024-02-08,57.97021484375
2024-02-09,57.99961853027344
2024-02-12,59.32291793823242
2024-02-13,58.63676071166992
2024-02-14,60.773643493652344
2024-02-15,61.00889587402344
2024-02-16,60.86185836791992
2024-02-20,60.65601348876953
2024-02-21,60.45016860961914
2024-02-22,60.401153564453125
2024-02-23,61.646034240722656
2024-02-26,61.1461296081543
2024-02-27,61.371578216552734
2024-02-28,61.577415466308594
2024-02-29,62.9541130065918
2024-03-01,63.20977783203125
2024-03-04,63.44578170776367
2024-03-05,62.77711486816406
2024-03-06,62.99344253540039
2024-03-07,64.09480285644531
2024-03-08,64.18329620361328
2024-03-11,64.83232116699219
2024-03-12,64.40946960449219
2024-03-13,64.21279907226562
2024-03-14,63.593292236328125
2024-03-15,63.01312255859375
2024-03-18,63.70146560668945
2024-03-19,63.54412078857422
2024-03-20,64.16362762451172
2024-03-21,64.43896484375
2024-03-22,65.11748504638672
2024-03-25,65.392822265625
2024-03-26,65.3534927368164
2024-03-27,66.02216339111328
2024-03-28,66.2385025024414
2024-04-01,66.71051025390625
2024-04-02,66.29750061035156
2024-04-03,65.62882995605469
2024-04-04,64.89131164550781
2024-04-05,65.36332702636719
2024-04-08,65.5009994506836
2024-04-09,66.2385025024414
2024-04-10,65.65831756591797
2024-04-11,65.24532318115234
2024-04-12,64.42913055419922
2024-04-15,63.54412078857422
2024-04-16,62.708274841308594
2024-04-17,62.87544631958008
2024-04-18,63.27861785888672
2024-04-19,63.868629455566406
2024-04-22,64.34063720703125
2024-04-23,64.40946960449219
2024-04-24,64.10464477539062
2024-04-25,64.36029815673828
2024-04-26,68.63788604736328
2024-04-29,69.54256439208984
2024-04-30,68.41171264648438
2024-05-01,67.14318084716797
2024-05-02,66.8580093383789
2024-05-03,67.44802856445312
2024-05-06,67.75286102294922
2024-05-07,68.05770874023438
2024-05-08,68.72638702392578
2024-05-09,68.4510498046875
2024-05-10,68.00853729248047
2024-05-13,68.11669158935547
2024-05-14,68.86404418945312
2024-05-15,69.3557357788086
2024-05-16,69.0508804321289
2024-05-17,68.9427261352539
2024-05-20,68.92304992675781
2024-05-21,69.13938903808594
2024-05-22,68.95256042480469
2024-05-23,67.41851806640625
2024-05-24,67.73319244384766
2024-05-28,66.33683776855469
2024-05-29,65.43215942382812
2024-05-30,67.51686096191406
2024-05-31,68.2740478515625
2024-06-03,68.69811248779297
2024-06-04,68.14583587646484
2024-06-05,69.02354431152344
2024-06-06,68.8263168334961
2024-06-07,67.52452850341797
2024-06-10,67.45550537109375
2024-06-11,66.92295837402344
2024-06-12,66.21289825439453
2024-06-13,65.30560302734375
2024-06-14,65.09850311279297
2024-06-17,65.5225601196289
2024-06-18,61.40028381347656
2024-06-20,59.59555435180664
2024-06-21,59.82238006591797
2024-06-24,60.72967529296875
2024-06-25,60.552162170410156
2024-06-26,59.82238006591797
2024-06-27,60.2365837097168
2024-06-28,59.19121551513672
2024-07-01,58.72770309448242
2024-07-02,58.885494232177734
2024-07-03,59.201080322265625
2024-07-05,58.81645965576172
2024-07-08,59.092594146728516
2024-07-09,58.04723358154297
2024-07-10,58.47129821777344
2024-07-11,59.66458511352539
2024-07-12,59.960445404052734
2024-07-15,60.26616668701172
2024-07-16,61.24249267578125
2024-07-17,61.064979553222656
2024-07-18,60.857879638671875
2024-07-19,60.19713592529297
2024-07-22,60.46340560913086
2024-07-23,61.84407043457031
2024-07-24,61.20304489135742
2024-07-25,61.19318389892578
2024-07-26,62.376617431640625
2024-07-29,62.366756439208984
2024-07-30,62.376617431640625
2024-07-31,62.9486083984375
2024-08-01,63.6488037109375
2024-08-02,63.865760803222656
2024-08-05,61.814483642578125
2024-08-06,62.42592239379883
2024-08-07,62.08076095581055
2024-08-08,62.32730484008789
2024-08-09,61.43973159790039
2024-08-12,61.19318389892578
2024-08-13,61.71586608886719
2024-08-14,61.34111022949219
2024-08-15,62.13006591796875
2024-08-16,62.54426574707031
2024-08-19,62.790809631347656
2024-08-20,62.41606140136719
2024-08-21,63.06694793701172
2024-08-22,62.91902160644531
2024-08-23,63.66851806640625
2024-08-26,63.451560974121094
2024-08-27,63.17542266845703
2024-08-28,62.613304138183594
2024-08-29,61.52849197387695
2024-08-30,62.92888259887695
2024-09-03,63.21577835083008
2024-09-04,64.16549682617188
2024-09-05,63.858821868896484
2024-09-06,63.61149597167969
2024-09-09,63.601600646972656
2024-09-10,63.89838409423828
2024-09-11,64.45240020751953
2024-09-12,64.92725372314453
2024-09-13,65.29328918457031
2024-09-16,66.28257751464844
2024-09-17,66.50022888183594
2024-09-18,65.8077163696289
2024-09-19,66.39141082763672
2024-09-20,65.59996032714844
2024-09-23,66.52001190185547
2024-09-24,66.42108154296875
2024-09-25,65.71868896484375
2024-09-26,66.28257751464844
2024-09-27,66.74755096435547
2024-09-30,67.18284606933594
2024-10-01,66.88605499267578
2024-10-02,65.77803802490234
2024-10-03,64.6502456665039
2024-10-04,65.31307220458984
2024-10-07,63.26523971557617
2024-10-08,63.37405776977539
2024-10-09,64.10614013671875
2024-10-10,63.7796745300293
2024-10-11,63.94786071777344
2024-10-14,64.6898193359375
2024-10-15,65.32295989990234
2024-10-16,66.56947326660156
2024-10-17,66.09461212158203
2024-10-18,66.5299072265625
2024-10-21,65.48126220703125
2024-10-22,64.76897430419922
2024-10-23,64.77886199951172
2024-10-24,63.92806625366211
2024-10-25,63.344383239746094
2024-10-28,63.89838409423828
2024-10-29,62.612308502197266
2024-10-30,63.5026741027832
2024-10-31,58.61556625366211
2024-11-01,58.378135681152344
2024-11-04,58.82331848144531
2024-11-05,59.33775329589844
2024-11-06,59.6246452331543
2024-11-07,59.29817581176758
2024-11-08,59.614749908447266
2024-11-11,59.66421890258789
2024-11-12,59.98078918457031
2024-11-13,61.81098175048828
2024-11-14,61.276763916015625
2024-11-15,60.26768493652344
2024-11-18,60.20832443237305
2024-11-19,59.26850509643555
2024-11-20,59.773040771484375
2024-11-21,60.178653717041016
2024-11-22,61.1976203918457
2024-11-25,61.791194915771484
2024-11-26,61.7021598815918
2024-11-27,61.92969512939453
2024-11-29,61.494407653808594
2024-12-02,62.357872009277344
2024-12-03,61.6829833984375
2024-12-04,60.601173400878906
2024-12-05,57.11754608154297
2024-12-06,56.68085479736328
2024-12-09,57.23664474487305
2024-12-10,56.65108108520508
2024-12-11,56.978599548339844
2024-12-12,57.55424118041992
2024-12-13,57.802364349365234
2024-12-16,57.395442962646484
2024-12-17,57.316043853759766
2024-12-18,55.19212341308594
2024-12-19,54.94400405883789
2024-12-20,55.38069534301758
2024-12-23,55.301300048828125
2024-12-24,55.73799133300781
2024-12-26,55.767765045166016
2024-12-27,55.41047668457031
2024-12-30,54.576786041259766
2024-12-31,54.71573257446289
2025-01-02,54.03091812133789
2025-01-03,53.62399673461914
2025-01-06,53.61407470703125
2025-01-07,53.28655242919922
2025-01-08,53.05828094482422
2025-01-10,51.619178771972656
2025-01-13,52.84986114501953
2025-01-14,53.97136688232422
2025-01-15,53.85226821899414
2025-01-16,53.84234619140625
2025-01-17,53.88204574584961
2025-01-21,54.62641143798828
2025-01-22,53.92174530029297
2025-01-23,54.76535415649414
2025-01-24,54.586708068847656
2025-01-27,56.10520935058594
2025-01-28,55.17227554321289
2025-01-29,54.91423034667969
2025-01-30,55.618896484375
2025-01-31,55.28145217895508
2025-02-03,55.261600494384766
2025-02-04,51.45045471191406
2025-02-05,50.80533981323242
2025-02-06,50.88473892211914
2025-02-07,50.09075164794922
2025-02-10,49.971649169921875
2025-02-11,49.98157501220703
2025-02-12,49.20743942260742
2025-02-13,48.95931625366211
2025-02-14,49.475406646728516
2025-02-18,49.475406646728516
2025-02-19,48.6714973449707
2025-02-20,50.070899963378906
2025-02-21,50.964134216308594
2025-02-24,50.39842224121094
2025-02-25,51.202335357666016
2025-02-26,51.59933090209961
2025-02-27,51.66880416870117
2025-02-28,52.2940673828125
2025-03-03,51.94537353515625
2025-03-04,50.839515686035156
2025-03-05,51.6763801574707
2025-03-06,51.985225677490234
2025-03-07,54.05746078491211
2025-03-10,53.76854705810547
2025-03-11,52.114742279052734
2025-03-12,51.0786247253418
2025-03-13,50.77974319458008
2025-03-14,51.69630813598633
2025-03-17,52.0848503112793
2025-03-18,51.70627212524414
2025-03-19,51.6464958190918
2025-03-20,51.37750244140625
2025-03-21,50.50078582763672
2025-03-24,50.590450286865234
2025-03-25,50.19194412231445
2025-03-26,51.118473052978516
2025-03-27,51.86567306518555
2025-03-28,51.267913818359375
2025-03-31,51.87563705444336
2025-04-01,52.20440673828125
2025-04-02,52.114742279052734
2025-04-03,50.31149673461914
2025-04-04,48.41858673095703
2025-04-07,46.99392318725586
2025-04-08,44.77225112915039
2025-04-09,46.50575637817383
2025-04-10,45.7884407043457
2025-04-11,47.910491943359375
2025-04-14,48.61783981323242
2025-04-15,47.42232131958008
2025-04-16,46.8942985534668
2025-04-17,47.20314407348633
2025-04-21,47.12343978881836
2025-04-22,48.18944549560547
2025-04-23,48.31896209716797
2025-04-24,50.3314208984375
2025-04-25,50.371273040771484
2025-04-28,50.32145690917969
2025-04-29,52.19444274902344
2025-04-30,51.74612045288086
2025-05-01,51.02880859375
2025-05-02,51.467166900634766
2025-05-05,51.656455993652344
2025-05-06,51.487091064453125
2025-05-07,50.47089767456055
2025-05-08,51.58671569824219
2025-05-09,51.9354133605957
2025-05-12,53.031307220458984
2025-05-13,52.59294891357422
2025-05-14,52.70254135131836
2025-05-15,53.17078399658203
2025-05-16,53.56929016113281
2025-05-19,54.127201080322266
2025-05-20,54.127201080322266
2025-05-21,53.62907028198242
2025-05-22,53.1209716796875
2025-05-23,51.56679153442383
2025-05-27,53.16082000732422
2025-05-28,52.6527214050293
2025-05-29,53.3501091003418
2025-05-30,53.380001068115234
2025-06-02,52.150001525878906
2025-06-03,53.459999084472656
2025-06-04,53.2400016784668
2025-06-05,53.4900016784668
2025-06-06,53.72999954223633
2025-06-09,54.22999954223633
2025-06-10,55.02000045776367
2025-06-11,54.93000030517578
2025-06-12,55.150001525878906
2025-06-13,54.369998931884766
2025-06-16,56.0
2025-06-17,55.310001373291016
2025-06-18,55.83000183105469
2025-06-20,56.22999954223633
2025-06-23,56.68000030517578
2025-06-24,56.97999954223633
2025-06-25,56.75
2025-06-26,56.9900016784668
2025-06-27,56.40999984741211
2025-06-30,56.09000015258789
2025-07-01,57.880001068115234
2025-07-02,58.7400016784668
2025-07-03,58.72999954223633
2025-07-07,58.40999984741211
2025-07-08,58.7599983215332
2025-07-09,57.939998626708984
2025-07-10,58.400001525878906
2025-07-11,58.310001373291016
2025-07-14,58.20000076293945
2025-07-15,57.599998474121094
2025-07-16,58.290000915527344
2025-07-17,58.06999969482422
2025-07-18,57.849998474121094
2025-07-21,58.0099983215332
2025-07-22,59.70000076293945
2025-07-23,59.619998931884766
2025-07-24,58.95000076293945
2025-07-25,59.0099983215332
2025-07-28,58.68000030517578
2025-07-29,58.779998779296875
2025-07-30,58.09000015258789
2025-07-31,57.2599983215332
2025-08-01,57.13999938964844
