Date,CHRW
2015-08-03,55.33769989013672
2015-08-04,55.10296630859375
2015-08-05,55.01688003540039
2015-08-06,54.51609420776367
2015-08-07,53.87445831298828
2015-08-10,54.4456672668457
2015-08-11,54.64912033081055
2015-08-12,54.0700798034668
2015-08-13,53.76490020751953
2015-08-14,54.30483627319336
2015-08-17,54.53173065185547
2015-08-18,54.57868576049805
2015-08-19,55.423789978027344
2015-08-20,54.16398239135742
2015-08-21,52.61465072631836
2015-08-24,50.987056732177734
2015-08-25,50.18891906738281
2015-08-26,52.63029098510742
2015-08-27,53.068485260009766
2015-08-28,52.61465072631836
2015-08-31,52.76332092285156
2015-09-01,51.64436721801758
2015-09-02,54.099853515625
2015-09-03,53.67485809326172
2015-09-04,53.28135299682617
2015-09-08,54.25727081298828
2015-09-09,54.17071533203125
2015-09-10,54.304473876953125
2015-09-11,54.052642822265625
2015-09-14,53.98967742919922
2015-09-15,54.69010543823242
2015-09-16,54.92623519897461
2015-09-17,54.328094482421875
2015-09-18,53.17904281616211
2015-09-21,53.926700592041016
2015-09-22,52.62026596069336
2015-09-23,53.045257568359375
2015-09-24,53.147560119628906
2015-09-25,53.93458938598633
2015-09-28,53.40728759765625
2015-09-29,53.63551712036133
2015-09-30,53.34431838989258
2015-10-01,53.289222717285156
2015-10-02,54.154945373535156
2015-10-05,55.12300109863281
2015-10-06,55.28038787841797
2015-10-07,55.23318099975586
2015-10-08,55.791961669921875
2015-10-09,56.437320709228516
2015-10-12,56.665550231933594
2015-10-13,56.15398025512695
2015-10-14,55.847049713134766
2015-10-15,56.90166091918945
2015-10-16,56.468788146972656
2015-10-19,56.586849212646484
2015-10-20,56.767860412597656
2015-10-21,56.55535125732422
2015-10-22,57.23220443725586
2015-10-23,57.28729248046875
2015-10-26,57.059059143066406
2015-10-27,55.0836296081543
2015-10-28,53.50959777832031
2015-10-29,54.60354232788086
2015-10-30,54.60354232788086
2015-11-02,55.28038787841797
2015-11-03,55.20167922973633
2015-11-04,54.07624435424805
2015-11-05,53.75357437133789
2015-11-06,54.08412170410156
2015-11-09,53.37580490112305
2015-11-10,54.10772705078125
2015-11-11,54.10772705078125
2015-11-12,53.108211517333984
2015-11-13,52.74617385864258
2015-11-16,53.05312728881836
2015-11-17,53.383670806884766
2015-11-18,53.73783493041992
2015-11-19,53.76142501831055
2015-11-20,53.93458938598633
2015-11-23,53.71421813964844
2015-11-24,53.690608978271484
2015-11-25,53.99754333496094
2015-11-27,54.19430923461914
2015-11-30,53.06886672973633
2015-12-01,53.47811508178711
2015-12-02,50.03883743286133
2015-12-03,48.968482971191406
2015-12-04,49.424949645996094
2015-12-07,48.858306884765625
2015-12-08,47.62267303466797
2015-12-09,47.654151916503906
2015-12-10,48.75593948364258
2015-12-11,49.14433670043945
2015-12-14,48.89069366455078
2015-12-15,49.62786102294922
2015-12-16,50.94365692138672
2015-12-17,50.88816833496094
2015-12-18,49.429691314697266
2015-12-21,49.54066467285156
2015-12-22,50.2540397644043
2015-12-23,50.71378707885742
2015-12-24,50.35709762573242
2015-12-28,50.07966232299805
2015-12-29,50.087589263916016
2015-12-30,49.429691314697266
2015-12-31,49.16020202636719
2016-01-04,48.97787094116211
2016-01-05,50.30953598022461
2016-01-06,50.06380844116211
2016-01-07,50.008323669433594
2016-01-08,50.032108306884766
2016-01-11,48.946189880371094
2016-01-12,49.92113494873047
2016-01-13,49.69126510620117
2016-01-14,50.04004669189453
2016-01-15,50.3808708190918
2016-01-19,50.46014404296875
2016-01-20,50.515628814697266
2016-01-21,51.1338996887207
2016-01-22,50.91194534301758
2016-01-25,49.71506118774414
2016-01-26,50.78512954711914
2016-01-27,50.07966232299805
2016-01-28,49.97663116455078
2016-01-29,51.3399772644043
2016-02-01,51.688751220703125
2016-02-02,50.317466735839844
2016-02-03,51.450965881347656
2016-02-04,53.46426773071289
2016-02-05,53.96365737915039
2016-02-08,55.10507583618164
2016-02-09,55.23982238769531
2016-02-10,54.39961242675781
2016-02-11,54.55815887451172
2016-02-12,55.61235809326172
2016-02-16,56.444644927978516
2016-02-17,56.1513557434082
2016-02-18,56.246490478515625
2016-02-19,55.86602783203125
2016-02-22,55.541015625
2016-02-23,55.112998962402344
2016-02-24,55.66785430908203
2016-02-25,55.61235809326172
2016-02-26,55.76296615600586
2016-02-29,55.350799560546875
2016-03-01,56.072105407714844
2016-03-02,56.94935607910156
2016-03-03,57.02910614013672
2016-03-04,57.96217346191406
2016-03-07,57.10086441040039
2016-03-08,57.12480163574219
2016-03-09,56.957332611083984
2016-03-10,57.02910614013672
2016-03-11,57.92229080200195
2016-03-14,57.786720275878906
2016-03-15,58.27320861816406
2016-03-16,58.30509948730469
2016-03-17,58.879310607910156
2016-03-18,59.286033630371094
2016-03-21,58.735748291015625
2016-03-22,58.600181579589844
2016-03-23,58.600181579589844
2016-03-24,58.80754089355469
2016-03-28,59.04677200317383
2016-03-29,59.41364288330078
2016-03-30,59.45348358154297
2016-03-31,59.19832229614258
2016-04-01,58.735748291015625
2016-04-04,58.59221649169922
2016-04-05,58.64003372192383
2016-04-06,58.74372863769531
2016-04-07,57.300235748291016
2016-04-08,57.292274475097656
2016-04-11,57.2364501953125
2016-04-12,57.810646057128906
2016-04-13,58.177486419677734
2016-04-14,58.13762283325195
2016-04-15,58.62409210205078
2016-04-18,59.10260009765625
2016-04-19,59.99578857421875
2016-04-20,59.59703826904297
2016-04-21,59.26209259033203
2016-04-22,59.46147537231445
2016-04-25,59.49338912963867
2016-04-26,60.378597259521484
2016-04-27,57.26835250854492
2016-04-28,56.486793518066406
2016-04-29,56.598453521728516
2016-05-02,57.26835250854492
2016-05-03,56.4947624206543
2016-05-04,57.212528228759766
2016-05-05,56.50275802612305
2016-05-06,58.07379913330078
2016-05-09,58.329017639160156
2016-05-10,58.257259368896484
2016-05-11,57.8903923034668
2016-05-12,57.79469299316406
2016-05-13,57.66709518432617
2016-05-16,57.770790100097656
2016-05-17,58.04192352294922
2016-05-18,58.33699035644531
2016-05-19,58.297119140625
2016-05-20,59.27009201049805
2016-05-23,59.301963806152344
2016-05-24,59.56514358520508
2016-05-25,59.66083526611328
2016-05-26,59.788455963134766
2016-05-27,59.95594024658203
2016-05-31,59.79642105102539
2016-06-01,59.555782318115234
2016-06-02,59.186832427978516
2016-06-03,58.841922760009766
2016-06-06,58.72962951660156
2016-06-07,58.51306915283203
2016-06-08,59.090576171875
2016-06-09,59.443504333496094
2016-06-10,58.5451545715332
2016-06-13,58.53712844848633
2016-06-14,58.1280517578125
2016-06-15,58.16817855834961
2016-06-16,57.823265075683594
2016-06-17,57.73503112792969
2016-06-20,58.1841926574707
2016-06-21,57.823265075683594
2016-06-22,57.63877487182617
2016-06-23,57.68689727783203
2016-06-24,57.462303161621094
2016-06-27,57.895450592041016
2016-06-28,58.890037536621094
2016-06-29,59.074527740478516
2016-06-30,59.555782318115234
2016-07-01,60.309757232666016
2016-07-05,60.18142318725586
2016-07-06,59.996944427490234
2016-07-07,58.841922760009766
2016-07-08,59.70016098022461
2016-07-11,57.63877487182617
2016-07-12,58.11203384399414
2016-07-13,58.41682434082031
2016-07-14,57.99169158935547
2016-07-15,57.702938079833984
2016-07-18,57.301902770996094
2016-07-19,57.4462776184082
2016-07-20,57.085323333740234
2016-07-21,57.13346862792969
2016-07-22,57.77512741088867
2016-07-25,57.350032806396484
2016-07-26,57.86335754394531
2016-07-27,54.823402404785156
2016-07-28,55.52927017211914
2016-07-29,55.84208679199219
2016-08-01,55.53727722167969
2016-08-02,54.83142852783203
2016-08-03,55.17633056640625
2016-08-04,54.93570327758789
2016-08-05,55.5212516784668
2016-08-08,55.54530334472656
2016-08-09,55.28061294555664
2016-08-10,55.360816955566406
2016-08-11,55.368839263916016
2016-08-12,55.890220642089844
2016-08-15,55.52927017211914
2016-08-16,56.00248336791992
2016-08-17,56.06665802001953
2016-08-18,55.312679290771484
2016-08-19,55.68166732788086
2016-08-22,55.697696685791016
2016-08-23,55.66563034057617
2016-08-24,55.86614990234375
2016-08-25,55.24049758911133
2016-08-26,55.168304443359375
2016-08-29,55.68967819213867
2016-08-30,55.76187515258789
2016-08-31,56.0282096862793
2016-09-01,57.33568572998047
2016-09-02,57.561676025390625
2016-09-06,56.74651336669922
2016-09-07,56.673858642578125
2016-09-08,56.55281066894531
2016-09-09,55.60852813720703
2016-09-12,55.697296142578125
2016-09-13,54.68844223022461
2016-09-14,54.29295349121094
2016-09-15,54.36558532714844
2016-09-16,54.5027961730957
2016-09-19,54.30104446411133
2016-09-20,54.9144401550293
2016-09-21,55.31796646118164
2016-09-22,55.89100646972656
2016-09-23,56.1654167175293
2016-09-26,56.12505340576172
2016-09-27,56.593177795410156
2016-09-28,56.698089599609375
2016-09-29,56.74651336669922
2016-09-30,56.86759567260742
2016-10-03,56.89985656738281
2016-10-04,56.657737731933594
2016-10-05,56.6416015625
2016-10-06,56.70616912841797
2016-10-07,56.770729064941406
2016-10-10,57.22270202636719
2016-10-11,57.069358825683594
2016-10-12,56.81108856201172
2016-10-13,56.74651336669922
2016-10-14,56.70616912841797
2016-10-17,55.42289352416992
2016-10-18,55.52781677246094
2016-10-19,55.49552917480469
2016-10-20,55.48746871948242
2016-10-21,55.57624435424805
2016-10-24,55.78608322143555
2016-10-25,56.03628158569336
2016-10-26,54.317195892333984
2016-10-27,54.422096252441406
2016-10-28,54.55125045776367
2016-10-31,54.9789924621582
2016-11-01,55.22111892700195
2016-11-02,55.25340270996094
2016-11-03,55.64082336425781
2016-11-04,55.439029693603516
2016-11-07,56.86759567260742
2016-11-08,56.891788482666016
2016-11-09,57.66658401489258
2016-11-10,58.75619125366211
2016-11-11,59.385704040527344
2016-11-14,59.32920455932617
2016-11-15,59.78925704956055
2016-11-16,59.86994171142578
2016-11-17,59.73275375366211
2016-11-18,60.047508239746094
2016-11-21,60.0233039855957
2016-11-22,59.6762580871582
2016-11-23,59.821537017822266
2016-11-25,59.966796875
2016-11-28,59.89417266845703
2016-11-29,60.515621185302734
2016-11-30,60.41069030761719
2016-12-01,60.41876983642578
2016-12-02,59.7569580078125
2016-12-05,60.84653854370117
2016-12-06,60.98374938964844
2016-12-07,61.91997146606445
2016-12-08,62.525272369384766
2016-12-09,62.17824172973633
2016-12-12,62.34770965576172
2016-12-13,62.19437789916992
2016-12-14,61.839271545410156
2016-12-15,60.32919692993164
2016-12-16,59.3549690246582
2016-12-19,60.58087921142578
2016-12-20,60.50782012939453
2016-12-21,60.5889892578125
2016-12-22,60.45911407470703
2016-12-23,60.51594161987305
2016-12-27,60.467220306396484
2016-12-28,59.647254943847656
2016-12-29,59.85831832885742
2016-12-30,59.47676467895508
2017-01-03,59.14387893676758
2017-01-04,59.257545471191406
2017-01-05,59.86644744873047
2017-01-06,60.19932556152344
2017-01-09,59.39557647705078
2017-01-10,59.37932586669922
2017-01-11,59.62289047241211
2017-01-12,59.62289047241211
2017-01-13,59.574180603027344
2017-01-17,59.720298767089844
2017-01-18,60.11811065673828
2017-01-19,59.56605911254883
2017-01-20,59.75278854370117
2017-01-23,59.817745208740234
2017-01-24,60.613365173339844
2017-01-25,60.629600524902344
2017-01-26,61.498268127441406
2017-01-27,62.98398208618164
2017-01-30,62.11528396606445
2017-01-31,61.74995040893555
2017-02-01,60.97870635986328
2017-02-02,60.84067153930664
2017-02-03,61.335899353027344
2017-02-06,60.75138854980469
2017-02-07,61.392730712890625
2017-02-08,61.806785583496094
2017-02-09,61.392730712890625
2017-02-10,62.155879974365234
2017-02-13,62.49684524536133
2017-02-14,62.675479888916016
2017-02-15,63.2275390625
2017-02-16,63.37368392944336
2017-02-17,64.1855239868164
2017-02-21,64.4778060913086
2017-02-22,64.46967315673828
2017-02-23,64.51025390625
2017-02-24,65.05420684814453
2017-02-27,65.13541412353516
2017-02-28,65.24906158447266
2017-03-01,66.01652526855469
2017-03-02,65.7470932006836
2017-03-03,65.12660217285156
2017-03-06,64.7265396118164
2017-03-07,64.44896697998047
2017-03-08,64.27751159667969
2017-03-09,64.10606384277344
2017-03-10,64.77555084228516
2017-03-13,64.75103759765625
2017-03-14,64.13871765136719
2017-03-15,64.12239837646484
2017-03-16,63.852970123291016
2017-03-17,64.43263244628906
2017-03-20,64.44080352783203
2017-03-21,63.975433349609375
2017-03-22,63.75502395629883
2017-03-23,63.42027282714844
2017-03-24,63.24879455566406
2017-03-27,62.88140106201172
2017-03-28,63.28963851928711
2017-03-29,63.10184860229492
2017-03-30,63.395782470703125
2017-03-31,63.10184860229492
2017-04-03,62.628299713134766
2017-04-04,62.75078582763672
2017-04-05,62.38338088989258
2017-04-06,62.27726364135742
2017-04-07,61.82821273803711
2017-04-10,62.244590759277344
2017-04-11,61.84453201293945
2017-04-12,61.0607795715332
2017-04-13,60.79133987426758
2017-04-17,61.77925109863281
2017-04-18,61.46898651123047
2017-04-19,61.50980758666992
2017-04-20,62.416046142578125
2017-04-21,62.48953628540039
2017-04-24,63.3467903137207
2017-04-25,63.43659591674805
2017-04-26,59.44423294067383
2017-04-27,59.44423294067383
2017-04-28,59.35442352294922
2017-05-01,59.23198699951172
2017-05-02,59.37078094482422
2017-05-03,59.41975402832031
2017-05-04,59.24012756347656
2017-05-05,59.885128021240234
2017-05-08,58.34206771850586
2017-05-09,57.852210998535156
2017-05-10,57.28887176513672
2017-05-11,56.97046661376953
2017-05-12,56.6193962097168
2017-05-15,56.71738052368164
2017-05-16,56.82350540161133
2017-05-17,55.3865852355957
2017-05-18,55.56620407104492
2017-05-19,54.99469757080078
2017-05-22,55.5825309753418
2017-05-23,55.79481506347656
2017-05-24,55.82746505737305
2017-05-25,55.443748474121094
2017-05-26,54.73344421386719
2017-05-30,54.92123031616211
2017-05-31,55.077396392822266
2017-06-01,55.54589080810547
2017-06-02,55.578773498535156
2017-06-05,55.28288269042969
2017-06-06,55.167816162109375
2017-06-07,55.258209228515625
2017-06-08,55.044517517089844
2017-06-09,55.776039123535156
2017-06-12,56.56509780883789
2017-06-13,56.7869987487793
2017-06-14,55.75959396362305
2017-06-15,57.082889556884766
2017-06-16,57.567840576171875
2017-06-19,57.617164611816406
2017-06-20,56.21988296508789
2017-06-21,55.208900451660156
2017-06-22,55.31576919555664
2017-06-23,55.060951232910156
2017-06-26,55.54589080810547
2017-06-27,55.34042739868164
2017-06-28,55.34042739868164
2017-06-29,55.521236419677734
2017-06-30,56.45001983642578
2017-07-03,57.60072708129883
2017-07-05,56.51576614379883
2017-07-06,55.62807083129883
2017-07-07,55.866455078125
2017-07-10,56.08015060424805
2017-07-11,56.384254455566406
2017-07-12,56.606178283691406
2017-07-13,56.51576614379883
2017-07-14,57.09111404418945
2017-07-17,56.622615814208984
2017-07-18,57.12400817871094
2017-07-19,56.45823287963867
2017-07-20,53.43354034423828
2017-07-21,53.885597229003906
2017-07-24,53.93491744995117
2017-07-25,54.1897087097168
2017-07-26,54.17326354980469
2017-07-27,53.803409576416016
2017-07-28,53.63078689575195
2017-07-31,53.926692962646484
2017-08-01,53.408878326416016
2017-08-02,53.926692962646484
2017-08-03,54.000667572021484
2017-08-04,55.250003814697266
2017-08-07,54.69108200073242
2017-08-08,54.86368942260742
2017-08-09,54.35408401489258
2017-08-10,54.3376579284668
2017-08-11,53.94314193725586
2017-08-14,55.18424606323242
2017-08-15,55.90754699707031
2017-08-16,55.89931869506836
2017-08-17,54.97874450683594
2017-08-18,54.88835144042969
2017-08-21,54.954105377197266
2017-08-22,55.1513786315918
2017-08-23,55.14314651489258
2017-08-24,54.96232223510742
2017-08-25,56.770572662353516
2017-08-28,58.39796447753906
2017-08-29,58.82538986206055
2017-08-30,60.43002700805664
2017-08-31,58.42008590698242
2017-09-01,58.03960418701172
2017-09-05,59.379547119140625
2017-09-06,60.190162658691406
2017-09-07,60.603702545166016
2017-09-08,60.992469787597656
2017-09-11,60.23979187011719
2017-09-12,60.20670700073242
2017-09-13,59.78485107421875
2017-09-14,58.535892486572266
2017-09-15,59.098331451416016
2017-09-18,59.760040283203125
2017-09-19,60.04953384399414
2017-09-20,60.20670700073242
2017-09-21,60.3803825378418
2017-09-22,60.4879150390625
2017-09-25,61.14134979248047
2017-09-26,61.94365692138672
2017-09-27,62.59709167480469
2017-09-28,62.431678771972656
2017-09-29,62.94448471069336
2017-10-02,63.93705368041992
2017-10-03,62.96929931640625
2017-10-04,62.05119323730469
2017-10-05,62.903133392333984
2017-10-06,63.29186248779297
2017-10-09,62.406856536865234
2017-10-10,63.76334762573242
2017-10-11,63.440773010253906
2017-10-12,63.83778762817383
2017-10-13,63.903961181640625
2017-10-16,63.96186447143555
2017-10-17,62.878318786621094
2017-10-18,63.970123291015625
2017-10-19,64.49950408935547
2017-10-20,64.76415252685547
2017-10-23,64.87171936035156
2017-10-24,65.2025375366211
2017-10-25,65.01229858398438
2017-10-26,65.83116149902344
2017-10-27,66.02140808105469
2017-10-30,64.8055419921875
2017-10-31,64.95440673828125
2017-11-01,65.61611938476562
2017-11-02,65.79808807373047
2017-11-03,65.70709228515625
2017-11-06,65.40931701660156
2017-11-07,66.58385467529297
2017-11-08,66.6913833618164
2017-11-09,66.73271942138672
2017-11-10,66.44322967529297
2017-11-13,66.46806335449219
2017-11-14,66.47632598876953
2017-11-15,66.1289291381836
2017-11-16,66.50113677978516
2017-11-17,64.87997436523438
2017-11-20,64.87171936035156
2017-11-21,65.16946411132812
2017-11-22,65.54165649414062
2017-11-24,65.8973388671875
2017-11-27,65.78980255126953
2017-11-28,67.43579864501953
2017-11-29,69.88409423828125
2017-11-30,71.67068481445312
2017-12-01,71.57969665527344
2017-12-04,71.76168060302734
2017-12-05,71.06689453125
2017-12-06,72.08425903320312
2017-12-07,72.3075942993164
2017-12-08,73.10161590576172
2017-12-11,72.76251220703125
2017-12-12,72.78732299804688
2017-12-13,72.59709167480469
2017-12-14,70.95936584472656
2017-12-15,71.69114685058594
2017-12-18,72.48117065429688
2017-12-19,72.0404052734375
2017-12-20,72.14025115966797
2017-12-21,72.45621490478516
2017-12-22,73.76180267333984
2017-12-26,73.83666229248047
2017-12-27,74.42707824707031
2017-12-28,74.39381408691406
2017-12-29,74.08611297607422
2018-01-02,74.62667083740234
2018-01-03,74.41876983642578
2018-01-04,74.61003875732422
2018-01-05,74.48528289794922
2018-01-08,75.49151611328125
2018-01-09,76.05699157714844
2018-01-10,76.04036712646484
2018-01-11,78.10270690917969
2018-01-12,78.40206146240234
2018-01-16,77.31268310546875
2018-01-17,77.32099151611328
2018-01-18,77.90310668945312
2018-01-19,79.13388061523438
2018-01-22,79.35840606689453
2018-01-23,78.91765594482422
2018-01-24,79.98209381103516
2018-01-25,80.27313232421875
2018-01-26,80.43946838378906
2018-01-29,80.09019470214844
2018-01-30,78.94261169433594
2018-01-31,76.05699157714844
2018-02-01,76.48941802978516
2018-02-02,76.33142852783203
2018-02-05,75.11730194091797
2018-02-06,75.48318481445312
2018-02-07,76.98004913330078
2018-02-08,75.23371887207031
2018-02-09,74.30233764648438
2018-02-12,75.82415771484375
2018-02-13,77.10479736328125
2018-02-14,76.86363220214844
2018-02-15,77.29606628417969
2018-02-16,77.02163696289062
2018-02-20,74.81791687011719
2018-02-21,74.99256134033203
2018-02-22,74.91771697998047
2018-02-23,77.02995300292969
2018-02-26,78.69314575195312
2018-02-27,77.72848510742188
2018-02-28,77.63700866699219
2018-03-01,74.96273803710938
2018-03-02,74.80396270751953
2018-03-05,75.02960968017578
2018-03-06,75.20510864257812
2018-03-07,75.22183227539062
2018-03-08,74.87918853759766
2018-03-09,76.66759490966797
2018-03-12,76.0742416381836
2018-03-13,76.64251708984375
2018-03-14,74.99618530273438
2018-03-15,75.44744873046875
2018-03-16,77.00187683105469
2018-03-19,77.41136932373047
2018-03-20,77.77906036376953
2018-03-21,78.23872375488281
2018-03-22,77.43646240234375
2018-03-23,75.93216705322266
2018-03-26,77.52001953125
2018-03-27,76.51715850830078
2018-03-28,76.62581634521484
2018-03-29,78.31391906738281
2018-04-02,77.07708740234375
2018-04-03,78.24706268310547
2018-04-04,78.85713195800781
2018-04-05,77.96295166015625
2018-04-06,75.61460876464844
2018-04-09,76.52552032470703
2018-04-10,78.65657043457031
2018-04-11,78.51448822021484
2018-04-12,79.734619140625
2018-04-13,78.78192901611328
2018-04-16,81.58153533935547
2018-04-17,80.2527847290039
2018-04-18,79.34185791015625
2018-04-19,78.79862976074219
2018-04-20,78.28884887695312
2018-04-23,78.31391906738281
2018-04-24,77.18571472167969
2018-04-25,77.37794494628906
2018-04-26,76.31661987304688
2018-04-27,76.88488006591797
2018-04-30,76.90992736816406
2018-05-01,75.75666046142578
2018-05-02,69.27996063232422
2018-05-03,69.02925872802734
2018-05-04,68.9791030883789
2018-05-07,68.88717651367188
2018-05-08,70.14073181152344
2018-05-09,69.77302551269531
2018-05-10,70.68396759033203
2018-05-11,72.23835754394531
2018-05-14,71.60323333740234
2018-05-15,71.18535614013672
2018-05-16,71.65338134765625
2018-05-17,73.1743392944336
2018-05-18,73.95993041992188
2018-05-21,75.13825225830078
2018-05-22,73.83454895019531
2018-05-23,73.07405853271484
2018-05-24,73.54205322265625
2018-05-25,73.7342758178711
2018-05-29,73.4835433959961
2018-05-30,74.73709869384766
2018-05-31,73.0822525024414
2018-06-01,73.51907348632812
2018-06-04,73.88867950439453
2018-06-05,73.78788757324219
2018-06-06,73.75428771972656
2018-06-07,73.91387939453125
2018-06-08,74.19110107421875
2018-06-11,74.4935073852539
2018-06-12,76.29956817626953
2018-06-13,76.26595306396484
2018-06-14,75.96354675292969
2018-06-15,75.67794799804688
2018-06-18,76.13157653808594
2018-06-19,75.58554077148438
2018-06-20,75.8291244506836
2018-06-21,75.42594146728516
2018-06-22,74.43470764160156
2018-06-25,71.8978271484375
2018-06-26,71.30979919433594
2018-06-27,70.32698059082031
2018-06-28,70.16736602783203
2018-06-29,70.27656555175781
2018-07-02,71.92302703857422
2018-07-03,71.393798828125
2018-07-05,70.898193359375
2018-07-06,70.94857788085938
2018-07-09,72.12462615966797
2018-07-10,72.14144134521484
2018-07-11,72.10784149169922
2018-07-12,72.09943389892578
2018-07-13,72.86384582519531
2018-07-16,73.33428955078125
2018-07-17,73.67029571533203
2018-07-18,74.62791442871094
2018-07-19,75.25790405273438
2018-07-20,75.87112426757812
2018-07-23,75.2999267578125
2018-07-24,75.58554077148438
2018-07-25,77.07240295410156
2018-07-26,77.15640258789062
2018-07-27,76.82035827636719
2018-07-30,75.99715423583984
2018-07-31,77.47560119628906
2018-08-01,80.12166595458984
2018-08-02,80.16368103027344
2018-08-03,80.46611022949219
2018-08-06,80.8272933959961
2018-08-07,80.91129302978516
2018-08-08,80.7012939453125
2018-08-09,79.59247589111328
2018-08-10,79.71846008300781
2018-08-13,78.91202545166016
2018-08-14,78.93726348876953
2018-08-15,79.44125366210938
2018-08-16,80.97852325439453
2018-08-17,81.60013580322266
2018-08-20,81.79334259033203
2018-08-21,81.658935546875
2018-08-22,81.70932006835938
2018-08-23,80.97852325439453
2018-08-24,81.06250762939453
2018-08-27,81.32292175292969
2018-08-28,80.91129302978516
2018-08-29,80.7012939453125
2018-08-30,80.28968811035156
2018-08-31,80.70970153808594
2018-09-04,80.71808624267578
2018-09-05,81.1213150024414
2018-09-06,82.04131317138672
2018-09-07,81.39985656738281
2018-09-10,84.55657196044922
2018-09-11,84.11768341064453
2018-09-12,83.65345764160156
2018-09-13,83.1639175415039
2018-09-14,84.48060607910156
2018-09-17,81.62772369384766
2018-09-18,82.03286743164062
2018-09-19,81.75435638427734
2018-09-20,81.33232116699219
2018-09-21,82.35362243652344
2018-09-24,81.33232116699219
2018-09-25,81.18882751464844
2018-09-26,82.06664276123047
2018-09-27,82.20169830322266
2018-09-28,82.64906311035156
2018-10-01,82.5815200805664
2018-10-02,81.91471099853516
2018-10-03,82.65748596191406
2018-10-04,82.32830810546875
2018-10-05,82.10883331298828
2018-10-08,82.51399993896484
2018-10-09,81.23947143554688
2018-10-10,78.11650085449219
2018-10-11,76.90107727050781
2018-10-12,77.3822021484375
2018-10-15,78.5047607421875
2018-10-16,79.50919342041016
2018-10-17,79.07025909423828
2018-10-18,78.7833023071289
2018-10-19,76.6900634765625
2018-10-22,77.34844207763672
2018-10-23,74.61370086669922
2018-10-24,72.83277130126953
2018-10-25,73.77810668945312
2018-10-26,72.74834442138672
2018-10-29,73.4826889038086
2018-10-30,74.52085876464844
2018-10-31,75.14546966552734
2018-11-01,76.72386169433594
2018-11-02,74.8669204711914
2018-11-05,74.38581848144531
2018-11-06,74.97665405273438
2018-11-07,76.69852447509766
2018-11-08,77.12052154541016
2018-11-09,75.6350326538086
2018-11-12,74.40269470214844
2018-11-13,74.43646240234375
2018-11-14,75.96420288085938
2018-11-15,77.0276870727539
2018-11-16,76.63943481445312
2018-11-19,76.4452896118164
2018-11-20,74.30984497070312
2018-11-21,75.32271575927734
2018-11-23,75.31427764892578
2018-11-26,76.5550308227539
2018-11-27,76.83355712890625
2018-11-28,77.55943298339844
2018-11-29,77.44125366210938
2018-11-30,77.93080139160156
2018-12-03,77.20494842529297
2018-12-04,75.01043701171875
2018-12-06,76.00638580322266
2018-12-07,74.01444244384766
2018-12-10,74.1241683959961
2018-12-11,74.33519744873047
2018-12-12,74.37738037109375
2018-12-13,71.60044860839844
2018-12-14,71.8721694946289
2018-12-17,72.03346252441406
2018-12-18,72.15235137939453
2018-12-19,71.21836853027344
2018-12-20,70.12312316894531
2018-12-21,68.6627426147461
2018-12-24,67.12594604492188
2018-12-26,69.8089599609375
2018-12-27,70.75141906738281
2018-12-28,70.64952087402344
2018-12-31,71.39669036865234
2019-01-02,70.4542465209961
2019-01-03,67.8561782836914
2019-01-04,70.20802307128906
2019-01-07,70.54763793945312
2019-01-08,71.11651611328125
2019-01-09,71.93158721923828
2019-01-10,72.54290008544922
2019-01-11,72.7042465209961
2019-01-14,72.89100646972656
2019-01-15,72.36460876464844
2019-01-16,72.1863021850586
2019-01-17,73.05233001708984
2019-01-18,75.28533172607422
2019-01-22,73.82499694824219
2019-01-23,73.85045623779297
2019-01-24,73.47685241699219
2019-01-25,73.90988159179688
2019-01-28,73.672119140625
2019-01-29,73.53632354736328
2019-01-30,73.63819122314453
2019-01-31,73.672119140625
2019-02-01,74.4787368774414
2019-02-04,75.24290466308594
2019-02-05,76.17683410644531
2019-02-06,77.0853271484375
2019-02-07,76.72024536132812
2019-02-08,76.72024536132812
2019-02-11,76.49099731445312
2019-02-12,77.27214050292969
2019-02-13,77.17872619628906
2019-02-14,77.0089340209961
2019-02-15,77.64568328857422
2019-02-19,78.07022857666016
2019-02-20,78.12966918945312
2019-02-21,78.26551055908203
2019-02-22,78.06175231933594
2019-02-25,77.28911590576172
2019-02-26,77.35702514648438
2019-02-27,76.47402954101562
2019-02-28,77.16558837890625
2019-03-01,77.01192474365234
2019-03-04,75.7653579711914
2019-03-05,75.84221649169922
2019-03-06,75.1250228881836
2019-03-07,74.6810531616211
2019-03-08,74.65544128417969
2019-03-11,75.87638092041016
2019-03-12,75.77391815185547
2019-03-13,76.05565643310547
2019-03-14,76.27765655517578
2019-03-15,75.98735046386719
2019-03-18,76.9179916381836
2019-03-19,75.39825439453125
2019-03-20,73.97239685058594
2019-03-21,74.51884460449219
2019-03-22,72.29898834228516
2019-03-25,71.23172760009766
2019-03-26,73.03324890136719
2019-03-27,73.27230834960938
2019-03-28,73.66504669189453
2019-03-29,74.271240234375
2019-04-01,75.38970947265625
2019-04-02,75.55192565917969
2019-04-03,75.731201171875
2019-04-04,76.18372344970703
2019-04-05,76.38008880615234
2019-04-08,76.51670837402344
2019-04-09,76.18372344970703
2019-04-10,75.41532135009766
2019-04-11,76.55940246582031
2019-04-12,77.51565551757812
2019-04-15,77.59247589111328
2019-04-16,76.43131256103516
2019-04-17,76.38861846923828
2019-04-18,76.83260345458984
2019-04-22,76.97776794433594
2019-04-23,77.46440887451172
2019-04-24,78.05353546142578
2019-04-25,75.62876892089844
2019-04-26,74.92866516113281
2019-04-29,69.25093841552734
2019-04-30,69.15702819824219
2019-05-01,68.926513671875
2019-05-02,71.22320556640625
2019-05-03,71.6330337524414
2019-05-06,71.04390716552734
2019-05-07,70.48041534423828
2019-05-08,71.08658599853516
2019-05-09,70.5914077758789
2019-05-10,69.7802963256836
2019-05-13,68.345947265625
2019-05-14,69.49002075195312
2019-05-15,69.89129638671875
2019-05-16,70.78776550292969
2019-05-17,70.19865417480469
2019-05-20,69.83150482177734
2019-05-21,69.91690826416016
2019-05-22,69.3106918334961
2019-05-23,68.93506622314453
2019-05-24,68.06417846679688
2019-05-28,67.45799255371094
2019-05-29,68.03856658935547
2019-05-30,67.2701644897461
2019-05-31,67.98735046386719
2019-06-03,68.13247680664062
2019-06-04,68.50816345214844
2019-06-05,69.15702819824219
2019-06-06,68.3494873046875
2019-06-07,68.4611587524414
2019-06-10,68.89929962158203
2019-06-11,69.07974243164062
2019-06-12,70.63467407226562
2019-06-13,71.79444122314453
2019-06-14,71.90614318847656
2019-06-17,70.69483184814453
2019-06-18,71.73430633544922
2019-06-19,71.62262725830078
2019-06-20,72.16386413574219
2019-06-21,71.3305435180664
2019-06-24,71.1930923461914
2019-06-25,71.08140563964844
2019-06-26,71.57967376708984
2019-06-27,72.30989074707031
2019-06-28,72.46453857421875
2019-07-01,72.43017578125
2019-07-02,71.84600067138672
2019-07-03,73.05733489990234
2019-07-05,72.93704986572266
2019-07-08,72.09514617919922
2019-07-09,71.46798706054688
2019-07-10,70.60890197753906
2019-07-11,71.16732788085938
2019-07-12,73.07450103759766
2019-07-15,72.60198974609375
2019-07-16,72.9800033569336
2019-07-17,70.66044616699219
2019-07-18,70.8408432006836
2019-07-19,71.86318969726562
2019-07-22,71.49376678466797
2019-07-23,71.6570053100586
2019-07-24,73.78753662109375
2019-07-25,72.2239990234375
2019-07-26,73.12602996826172
2019-07-29,73.07450103759766
2019-07-30,72.82536315917969
2019-07-31,71.93191528320312
2019-08-01,69.58659362792969
2019-08-02,70.15357208251953
2019-08-05,69.72405242919922
2019-08-06,69.87008666992188
2019-08-07,71.73430633544922
2019-08-08,73.93358612060547
2019-08-09,72.57622528076172
2019-08-12,72.53326416015625
2019-08-13,72.7051010131836
2019-08-14,70.78070831298828
2019-08-15,71.21887969970703
2019-08-16,72.00923156738281
2019-08-19,72.43017578125
2019-08-20,72.30989074707031
2019-08-21,72.38723754882812
2019-08-22,71.92330932617188
2019-08-23,70.64328002929688
2019-08-26,71.38208770751953
2019-08-27,70.72918701171875
2019-08-28,71.45079803466797
2019-08-29,72.2669448852539
2019-08-30,72.58480834960938
2019-09-03,70.48863220214844
2019-09-04,71.09857940673828
2019-09-05,72.55064392089844
2019-09-06,71.98019409179688
2019-09-09,71.98883056640625
2019-09-10,74.93612670898438
2019-09-11,76.98458099365234
2019-09-12,74.72006225585938
2019-09-13,75.28186798095703
2019-09-16,73.71746063232422
2019-09-17,74.54718780517578
2019-09-18,75.01392364501953
2019-09-19,73.98540496826172
2019-09-20,73.03463745117188
2019-09-23,72.5074234008789
2019-09-24,71.89376068115234
2019-09-25,73.3458023071289
2019-09-26,72.68025970458984
2019-09-27,72.4209976196289
2019-09-30,73.27664947509766
2019-10-01,72.23084259033203
2019-10-02,71.0467300415039
2019-10-03,70.96029663085938
2019-10-04,71.98883056640625
2019-10-07,72.10981750488281
2019-10-08,71.00350952148438
2019-10-09,71.7554702758789
2019-10-10,72.88770294189453
2019-10-11,73.6828842163086
2019-10-14,73.74340057373047
2019-10-15,73.71746063232422
2019-10-16,74.33112335205078
2019-10-17,74.90156555175781
2019-10-18,74.81513977050781
2019-10-21,75.0312271118164
2019-10-22,76.79441833496094
2019-10-23,76.95864868164062
2019-10-24,75.78316497802734
2019-10-25,77.88345336914062
2019-10-28,78.07359313964844
2019-10-29,78.23783874511719
2019-10-30,66.62142944335938
2019-10-31,65.3768310546875
2019-11-01,64.5643539428711
2019-11-04,65.28174591064453
2019-11-05,65.98182678222656
2019-11-06,67.9438247680664
2019-11-07,68.40190887451172
2019-11-08,67.46844482421875
2019-11-11,66.43128204345703
2019-11-12,65.25580596923828
2019-11-13,64.50384521484375
2019-11-14,64.5384292602539
2019-11-15,64.58163452148438
2019-11-18,64.99649047851562
2019-11-19,65.60154724121094
2019-11-20,65.30768585205078
2019-11-21,64.4779281616211
2019-11-22,65.33358764648438
2019-11-25,65.8694839477539
2019-11-26,66.59550476074219
2019-11-27,67.20052337646484
2019-11-29,66.42263793945312
2019-12-02,67.20052337646484
2019-12-03,65.70525360107422
2019-12-04,66.02503204345703
2019-12-05,65.95591735839844
2019-12-06,65.70525360107422
2019-12-09,65.92133331298828
2019-12-10,65.51510620117188
2019-12-11,65.5928955078125
2019-12-12,67.39929962158203
2019-12-13,66.5988998413086
2019-12-16,67.03392028808594
2019-12-17,67.66032409667969
2019-12-18,67.64291381835938
2019-12-19,66.7555160522461
2019-12-20,66.81642150878906
2019-12-23,66.82511138916016
2019-12-24,67.4602279663086
2019-12-26,67.78211975097656
2019-12-27,67.7995376586914
2019-12-30,67.4602279663086
2019-12-31,68.03441619873047
2020-01-02,67.7125015258789
2020-01-03,67.63419342041016
2020-01-06,66.56411743164062
2020-01-07,68.13882446289062
2020-01-08,68.55640411376953
2020-01-09,69.10452270507812
2020-01-10,69.70481872558594
2020-01-13,70.00064086914062
2020-01-14,71.1229248046875
2020-01-15,72.64543151855469
2020-01-16,73.1674575805664
2020-01-17,70.2442398071289
2020-01-21,69.7744140625
2020-01-22,69.87013244628906
2020-01-23,69.4264144897461
2020-01-24,69.26982879638672
2020-01-27,68.26931762695312
2020-01-28,67.75601959228516
2020-01-29,63.86711120605469
2020-01-30,63.197181701660156
2020-01-31,62.83179473876953
2020-02-03,62.649085998535156
2020-02-04,62.840492248535156
2020-02-05,63.2841911315918
2020-02-06,64.01500701904297
2020-02-07,64.71098327636719
2020-02-10,63.44078826904297
2020-02-11,63.26679611206055
2020-02-12,63.78879165649414
2020-02-13,62.753482818603516
2020-02-14,62.649085998535156
2020-02-18,63.03188705444336
2020-02-19,63.92798614501953
2020-02-20,65.09380340576172
2020-02-21,64.8589096069336
2020-02-24,62.762184143066406
2020-02-25,62.509883880615234
2020-02-26,62.34459686279297
2020-02-27,60.78728103637695
2020-02-28,59.94337463378906
2020-03-02,60.97865676879883
2020-03-03,59.39527130126953
2020-03-04,61.587669372558594
2020-03-05,58.17002868652344
2020-03-06,57.90714645385742
2020-03-09,54.91889190673828
2020-03-10,56.767921447753906
2020-03-11,56.1807975769043
2020-03-12,52.6755256652832
2020-03-13,54.6559944152832
2020-03-16,53.50801467895508
2020-03-17,56.61018753051758
2020-03-18,56.82926940917969
2020-03-19,56.13697052001953
2020-03-20,56.00551986694336
2020-03-23,55.418392181396484
2020-03-24,55.6900520324707
2020-03-25,54.58589172363281
2020-03-26,57.74064636230469
2020-03-27,54.7786865234375
2020-03-30,57.1272087097168
2020-03-31,58.01229476928711
2020-04-01,58.336544036865234
2020-04-02,60.395877838134766
2020-04-03,59.721126556396484
2020-04-06,63.43670654296875
2020-04-07,62.954742431640625
2020-04-08,63.81352615356445
2020-04-09,64.16407012939453
2020-04-13,62.45521926879883
2020-04-14,62.209861755371094
2020-04-15,62.14852523803711
2020-04-16,65.04035949707031
2020-04-17,65.04913330078125
2020-04-20,63.37535858154297
2020-04-21,62.18357467651367
2020-04-22,62.72688674926758
2020-04-23,61.76295852661133
2020-04-24,63.340335845947266
2020-04-27,64.88264465332031
2020-04-28,64.85633850097656
2020-04-29,62.44647216796875
2020-04-30,62.13100051879883
2020-05-01,62.06965255737305
2020-05-04,61.28971481323242
2020-05-05,62.33253860473633
2020-05-06,61.719120025634766
2020-05-07,63.05113220214844
2020-05-08,64.67230987548828
2020-05-11,65.19810485839844
2020-05-12,63.72590255737305
2020-05-13,62.910919189453125
2020-05-14,63.252685546875
2020-05-15,63.53310775756836
2020-05-18,68.21263885498047
2020-05-19,66.56517028808594
2020-05-20,68.01986694335938
2020-05-21,68.26522827148438
2020-05-22,68.23017120361328
2020-05-26,68.57193756103516
2020-05-27,70.24571228027344
2020-05-28,70.859130859375
2020-05-29,71.0957260131836
2020-06-01,70.68386840820312
2020-06-02,72.01587677001953
2020-06-03,73.44426727294922
2020-06-04,72.56259155273438
2020-06-05,73.232666015625
2020-06-08,75.03131103515625
2020-06-09,73.25911712646484
2020-06-10,72.47442626953125
2020-06-11,69.45023345947266
2020-06-12,68.53329467773438
2020-06-15,68.8859634399414
2020-06-16,68.85069274902344
2020-06-17,69.33560943603516
2020-06-18,68.64791107177734
2020-06-19,68.55093383789062
2020-06-22,67.92493438720703
2020-06-23,68.1629867553711
2020-06-24,69.2474594116211
2020-06-25,68.17179107666016
2020-06-26,67.58990478515625
2020-06-29,68.55974578857422
2020-06-30,69.70594024658203
2020-07-01,69.73237609863281
2020-07-02,69.81172943115234
2020-07-06,70.71986389160156
2020-07-07,70.71104431152344
2020-07-08,70.97554016113281
2020-07-09,71.30177307128906
2020-07-10,72.48323822021484
2020-07-13,72.35099029541016
2020-07-14,73.87630462646484
2020-07-15,74.86377716064453
2020-07-16,75.7454833984375
2020-07-17,76.07170104980469
2020-07-20,75.2076416015625
2020-07-21,75.45450592041016
2020-07-22,75.11946105957031
2020-07-23,75.14591217041016
2020-07-24,75.88652801513672
2020-07-27,77.32368469238281
2020-07-28,76.83875274658203
2020-07-29,84.00682830810547
2020-07-30,82.4903564453125
2020-07-31,82.63143157958984
2020-08-03,82.47271728515625
2020-08-04,84.1655502319336
2020-08-05,84.20963287353516
2020-08-06,83.90103912353516
2020-08-07,84.45650482177734
2020-08-10,85.2059326171875
2020-08-11,84.02448272705078
2020-08-12,84.35951232910156
2020-08-13,83.86577606201172
2020-08-14,83.83051300048828
2020-08-17,84.00682830810547
2020-08-18,83.72468566894531
2020-08-19,84.13911437988281
2020-08-20,85.10894775390625
2020-08-21,85.07369232177734
2020-08-24,85.5057144165039
2020-08-25,85.12660217285156
2020-08-26,85.77020263671875
2020-08-27,86.63426971435547
2020-08-28,87.04864501953125
2020-08-31,86.6695327758789
2020-09-01,87.48067474365234
2020-09-02,87.87744140625
2020-09-03,86.50377655029297
2020-09-04,86.76081085205078
2020-09-08,84.82884216308594
2020-09-09,87.74449920654297
2020-09-10,87.33685302734375
2020-09-11,87.4343490600586
2020-09-14,89.25108337402344
2020-09-15,92.21990966796875
2020-09-16,91.71475982666016
2020-09-17,91.78565216064453
2020-09-18,91.39572143554688
2020-09-21,90.3499755859375
2020-09-22,90.89055633544922
2020-09-23,89.65873718261719
2020-09-24,90.217041015625
2020-09-25,90.71332550048828
2020-09-28,91.50206756591797
2020-09-29,91.90087127685547
2020-09-30,90.56267547607422
2020-10-01,89.70304870605469
2020-10-02,89.39286804199219
2020-10-05,92.16673278808594
2020-10-06,91.80339813232422
2020-10-07,94.0809555053711
2020-10-08,94.0632553100586
2020-10-09,93.45174407958984
2020-10-12,93.0706787109375
2020-10-13,92.7072982788086
2020-10-14,92.8934326171875
2020-10-15,93.15930938720703
2020-10-16,88.82569122314453
2020-10-19,88.62186431884766
2020-10-20,89.07386016845703
2020-10-21,89.30424499511719
2020-10-22,88.24966430664062
2020-10-23,89.10042572021484
2020-10-26,88.25850677490234
2020-10-27,88.64842987060547
2020-10-28,78.5012435913086
2020-10-29,79.83059692382812
2020-10-30,78.3683090209961
2020-11-02,77.40233612060547
2020-11-03,79.06843566894531
2020-11-04,78.08472442626953
2020-11-05,78.69619750976562
2020-11-06,80.30912017822266
2020-11-09,83.23365783691406
2020-11-10,83.2070541381836
2020-11-11,82.71078491210938
2020-11-12,80.23823547363281
2020-11-13,81.50552368164062
2020-11-16,82.3474349975586
2020-11-17,82.90574645996094
2020-11-18,82.31197357177734
2020-11-19,83.10072326660156
2020-11-20,82.05497741699219
2020-11-23,81.68274688720703
2020-11-24,83.67677307128906
2020-11-25,82.44491577148438
2020-11-27,82.17019653320312
2020-11-30,83.2779541015625
2020-12-01,83.15388488769531
2020-12-02,81.79796600341797
2020-12-03,82.00180053710938
2020-12-04,82.35627746582031
2020-12-07,82.61329650878906
2020-12-08,83.55269622802734
2020-12-09,84.26166534423828
2020-12-10,82.17019653320312
2020-12-11,83.02566528320312
2020-12-14,81.78699493408203
2020-12-15,80.423583984375
2020-12-16,81.48401641845703
2020-12-17,82.24147033691406
2020-12-18,82.51774597167969
2020-12-21,83.30193328857422
2020-12-22,84.11283111572266
2020-12-23,83.57815551757812
2020-12-24,84.35343170166016
2020-12-28,84.36234283447266
2020-12-29,83.51579284667969
2020-12-30,82.90982055664062
2020-12-31,83.64942932128906
2021-01-04,82.3127670288086
2021-01-05,81.53749084472656
2021-01-06,84.87026977539062
2021-01-07,85.69011688232422
2021-01-08,86.75945281982422
2021-01-11,86.01982879638672
2021-01-12,87.24066925048828
2021-01-13,85.28910827636719
2021-01-14,86.76837921142578
2021-01-15,84.84355926513672
2021-01-19,85.93963623046875
2021-01-20,88.04267883300781
2021-01-21,87.28519439697266
2021-01-22,87.15155792236328
2021-01-25,88.50605010986328
2021-01-26,86.88421630859375
2021-01-27,81.5553207397461
2021-01-28,79.30078125
2021-01-29,76.24424743652344
2021-02-01,77.01951599121094
2021-02-02,77.18882751464844
2021-02-03,77.46508026123047
2021-02-04,77.80370330810547
2021-02-05,79.1671142578125
2021-02-08,80.17408752441406
2021-02-09,81.8672103881836
2021-02-10,81.05628967285156
2021-02-11,80.4503173828125
2021-02-12,81.3592758178711
2021-02-16,78.86414337158203
2021-02-17,80.15624237060547
2021-02-18,81.30579376220703
2021-02-19,80.89588165283203
2021-02-22,80.04039764404297
2021-02-23,80.00476837158203
2021-02-24,80.22754669189453
2021-02-25,80.20082092285156
2021-02-26,80.95826721191406
2021-03-01,82.17912292480469
2021-03-02,82.98112487792969
2021-03-03,82.84744262695312
2021-03-04,82.42631530761719
2021-03-05,84.25421142578125
2021-03-08,82.2650146484375
2021-03-09,83.87788391113281
2021-03-10,84.69327545166016
2021-03-11,84.70220947265625
2021-03-12,85.94772338867188
2021-03-15,87.11256408691406
2021-03-16,86.1806869506836
2021-03-17,85.28466033935547
2021-03-18,85.6699447631836
2021-03-19,86.64663696289062
2021-03-22,85.65203094482422
2021-03-23,85.2219467163086
2021-03-24,85.18608856201172
2021-03-25,86.27030181884766
2021-03-26,87.54267120361328
2021-03-29,87.28282165527344
2021-03-30,87.6412353515625
2021-03-31,85.50868225097656
2021-04-01,87.04985809326172
2021-04-05,87.5247573852539
2021-04-06,87.41722869873047
2021-04-07,86.2613296508789
2021-04-08,86.47638702392578
2021-04-09,87.31864929199219
2021-04-12,88.74337005615234
2021-04-13,87.99964141845703
2021-04-14,88.27741241455078
2021-04-15,90.28453063964844
2021-04-16,90.28453063964844
2021-04-19,88.38494110107422
2021-04-20,89.13761138916016
2021-04-21,88.66270446777344
2021-04-22,88.8598403930664
2021-04-23,89.40641784667969
2021-04-26,87.93692779541016
2021-04-27,86.54804992675781
2021-04-28,83.89579772949219
2021-04-29,87.3007583618164
2021-04-30,86.98715209960938
2021-05-03,88.77022552490234
2021-05-04,88.976318359375
2021-05-05,88.59103393554688
2021-05-06,87.82940673828125
2021-05-07,89.16448974609375
2021-05-10,91.15370178222656
2021-05-11,88.78815460205078
2021-05-12,87.04985809326172
2021-05-13,88.89568328857422
2021-05-14,89.40641784667969
2021-05-17,88.73439025878906
2021-05-18,87.35450744628906
2021-05-19,87.25592041015625
2021-05-20,86.47638702392578
2021-05-21,86.53910827636719
2021-05-24,87.56058502197266
2021-05-25,86.14484405517578
2021-05-26,87.2200927734375
2021-05-27,87.03192901611328
2021-05-28,86.93336486816406
2021-06-01,86.39574432373047
2021-06-02,85.63409423828125
2021-06-03,86.62503051757812
2021-06-04,86.78718566894531
2021-06-07,88.77806854248047
2021-06-08,88.88614654541016
2021-06-09,89.18343353271484
2021-06-10,89.33657836914062
2021-06-11,90.08427429199219
2021-06-14,88.92218780517578
2021-06-15,89.34556579589844
2021-06-16,86.904296875
2021-06-17,85.59807586669922
2021-06-18,83.67930603027344
2021-06-21,84.9945297241211
2021-06-22,85.90437316894531
2021-06-23,84.9945297241211
2021-06-24,84.9945297241211
2021-06-25,86.29174041748047
2021-06-28,84.92244720458984
2021-06-29,85.16568756103516
2021-06-30,84.38194274902344
2021-07-01,84.868408203125
2021-07-02,84.48104095458984
2021-07-06,83.6162109375
2021-07-07,84.08465576171875
2021-07-08,82.66134643554688
2021-07-09,83.93152618408203
2021-07-12,83.5441665649414
2021-07-13,83.4360580444336
2021-07-14,85.2647705078125
2021-07-15,84.62516021728516
2021-07-16,84.04862976074219
2021-07-19,83.8954849243164
2021-07-20,83.87747192382812
2021-07-21,83.90448760986328
2021-07-22,82.67034149169922
2021-07-23,83.6702651977539
2021-07-26,83.32797241210938
2021-07-27,82.26495361328125
2021-07-28,79.73358917236328
2021-07-29,80.3822021484375
2021-07-30,80.3281478881836
2021-08-02,80.76055908203125
2021-08-03,82.34603881835938
2021-08-04,81.40015411376953
2021-08-05,80.84163665771484
2021-08-06,81.97669219970703
2021-08-09,80.72452545166016
2021-08-10,80.53534698486328
2021-08-11,81.81451416015625
2021-08-12,82.18386840820312
2021-08-13,82.7874526977539
2021-08-16,83.1657943725586
2021-08-17,82.39107513427734
2021-08-18,79.96780395507812
2021-08-19,79.06696319580078
2021-08-20,79.895751953125
2021-08-23,80.65245056152344
2021-08-24,80.67948150634766
2021-08-25,81.3551025390625
2021-08-26,81.06683349609375
2021-08-27,81.74246215820312
2021-08-30,81.76049041748047
2021-08-31,81.12992095947266
2021-09-01,80.31914520263672
2021-09-02,82.2308578491211
2021-09-03,81.62380981445312
2021-09-07,80.17417907714844
2021-09-08,80.73591613769531
2021-09-09,79.077880859375
2021-09-10,80.09264373779297
2021-09-13,80.75402069091797
2021-09-14,81.61474609375
2021-09-15,82.1493148803711
2021-09-16,81.78689575195312
2021-09-17,79.22286224365234
2021-09-20,78.66111755371094
2021-09-21,79.23190307617188
2021-09-22,79.2862777709961
2021-09-23,80.14701080322266
2021-09-24,80.19229888916016
2021-09-27,81.27953338623047
2021-09-28,80.36444854736328
2021-09-29,80.12886810302734
2021-09-30,78.82418823242188
2021-10-01,78.23527526855469
2021-10-04,78.33495330810547
2021-10-05,79.15037536621094
2021-10-06,80.38256072998047
2021-10-07,81.21610260009766
2021-10-08,82.1402587890625
2021-10-11,82.68386840820312
2021-10-12,82.3124008178711
2021-10-13,82.89224243164062
2021-10-14,85.11200714111328
2021-10-15,85.73719024658203
2021-10-18,87.91162872314453
2021-10-19,88.3918228149414
2021-10-20,89.10758972167969
2021-10-21,89.51529693603516
2021-10-22,90.33072662353516
2021-10-25,88.9626235961914
2021-10-26,89.2525634765625
2021-10-27,88.46430969238281
2021-10-28,88.91732025146484
2021-10-29,87.87539672851562
2021-11-01,86.97843170166016
2021-11-02,85.68280792236328
2021-11-03,85.60126495361328
2021-11-04,87.02374267578125
2021-11-05,85.0032958984375
2021-11-08,85.58314514160156
2021-11-09,85.32946014404297
2021-11-10,84.13350677490234
2021-11-11,84.12445068359375
2021-11-12,85.61032104492188
2021-11-15,86.63414001464844
2021-11-16,87.42236328125
2021-11-17,85.57408142089844
2021-11-18,85.0848388671875
2021-11-19,87.22306060791016
2021-11-22,87.68515014648438
2021-11-23,88.58208465576172
2021-11-24,89.02603912353516
2021-11-26,87.23210906982422
2021-11-29,86.63414001464844
2021-11-30,86.15394592285156
2021-12-01,85.0486068725586
2021-12-02,85.36569213867188
2021-12-03,87.88445281982422
2021-12-06,88.69989013671875
2021-12-07,89.05321502685547
2021-12-08,90.22200012207031
2021-12-09,91.1733169555664
2021-12-10,95.38216400146484
2021-12-13,95.64634704589844
2021-12-14,94.9045639038086
2021-12-15,95.20677947998047
2021-12-16,95.60055541992188
2021-12-17,92.83485412597656
2021-12-20,92.26705169677734
2021-12-21,93.1553726196289
2021-12-22,92.76158905029297
2021-12-23,93.82389831542969
2021-12-27,95.68299865722656
2021-12-28,97.19406127929688
2021-12-29,98.37544250488281
2021-12-30,98.0732192993164
2021-12-31,98.5677490234375
2022-01-03,98.8150405883789
2022-01-04,101.08621978759766
2022-01-05,100.4268569946289
2022-01-06,101.60823059082031
2022-01-07,99.30040740966797
2022-01-10,98.76009368896484
2022-01-11,98.88829040527344
2022-01-12,98.31134033203125
2022-01-13,99.31871795654297
2022-01-14,99.17219543457031
2022-01-18,99.91397094726562
2022-01-19,98.45787048339844
2022-01-20,96.19584655761719
2022-01-21,96.14089965820312
2022-01-24,98.52198028564453
2022-01-25,96.28741455078125
2022-01-26,94.00706481933594
2022-01-27,94.16275024414062
2022-01-28,95.3349838256836
2022-01-31,95.83866882324219
2022-02-01,95.7654037475586
2022-02-02,84.74832153320312
2022-02-03,82.01921844482422
2022-02-04,81.25910949707031
2022-02-07,81.79943084716797
2022-02-08,80.78289794921875
2022-02-09,81.84522247314453
2022-02-10,82.72438049316406
2022-02-11,81.96429443359375
2022-02-14,81.69869995117188
2022-02-15,82.2939682006836
2022-02-16,82.79766845703125
2022-02-17,83.20060729980469
2022-02-18,84.23546600341797
2022-02-22,84.59263610839844
2022-02-23,84.6384048461914
2022-02-24,88.10016632080078
2022-02-25,88.64046478271484
2022-02-28,88.53974151611328
2022-03-01,95.9943618774414
2022-03-02,94.27265167236328
2022-03-03,94.43839263916016
2022-03-04,98.03842163085938
2022-03-07,96.7954330444336
2022-03-08,93.5084457397461
2022-03-09,93.53606414794922
2022-03-10,94.19898986816406
2022-03-11,94.13455200195312
2022-03-14,90.99486541748047
2022-03-15,90.72786712646484
2022-03-16,93.94117736816406
2022-03-17,95.77342987060547
2022-03-18,96.59288024902344
2022-03-21,96.9611587524414
2022-03-22,97.67012023925781
2022-03-23,96.37189483642578
2022-03-24,97.93712615966797
2022-03-25,100.82818603515625
2022-03-28,101.3990249633789
2022-03-29,101.85018920898438
2022-03-30,101.0583724975586
2022-03-31,99.1708984375
2022-04-01,94.9539794921875
2022-04-04,94.57649993896484
2022-04-05,93.4624252319336
2022-04-06,91.82353210449219
2022-04-07,92.87315368652344
2022-04-08,93.9504165649414
2022-04-11,94.48442840576172
2022-04-12,93.3703384399414
2022-04-13,93.60053253173828
2022-04-14,95.09208679199219
2022-04-18,94.6041030883789
2022-04-19,95.19337463378906
2022-04-20,95.01844024658203
2022-04-21,95.05526733398438
2022-04-22,94.04248046875
2022-04-25,94.9908218383789
2022-04-26,93.32431030273438
2022-04-27,94.67776489257812
2022-04-28,101.5923843383789
2022-04-29,97.73457336425781
2022-05-02,99.714111328125
2022-05-03,99.99954223632812
2022-05-04,101.7857437133789
2022-05-05,97.93712615966797
2022-05-06,98.48955535888672
2022-05-09,99.39186096191406
2022-05-10,101.54634094238281
2022-05-11,99.68648529052734
2022-05-12,99.1708984375
2022-05-13,97.4030990600586
2022-05-16,98.3882827758789
2022-05-17,101.00312805175781
2022-05-18,94.9908218383789
2022-05-19,93.16779327392578
2022-05-20,93.83990478515625
2022-05-23,96.1601333618164
2022-05-24,96.48236846923828
2022-05-25,97.7621841430664
2022-05-26,99.07881927490234
2022-05-27,98.9314956665039
2022-05-31,99.90747833251953
2022-06-01,100.30337524414062
2022-06-02,99.54454803466797
2022-06-03,99.96096801757812
2022-06-06,101.18250274658203
2022-06-07,99.10034942626953
2022-06-08,95.99104309082031
2022-06-09,94.50115966796875
2022-06-10,94.1402587890625
2022-06-13,92.83544921875
2022-06-14,98.41558074951172
2022-06-15,95.44505310058594
2022-06-16,93.54800415039062
2022-06-17,91.61392974853516
2022-06-21,93.69607543945312
2022-06-22,92.44678497314453
2022-06-23,92.80769348144531
2022-06-24,96.11133575439453
2022-06-27,97.29584503173828
2022-06-28,93.52949523925781
2022-06-29,93.88114166259766
2022-06-30,93.80712127685547
2022-07-01,94.44563293457031
2022-07-05,92.03961944580078
2022-07-06,93.50173950195312
2022-07-07,92.77993774414062
2022-07-08,92.77993774414062
2022-07-11,90.59600067138672
2022-07-12,89.67986297607422
2022-07-13,88.06966400146484
2022-07-14,88.43983459472656
2022-07-15,91.13272857666016
2022-07-18,91.197509765625
2022-07-19,93.39994049072266
2022-07-20,94.15876770019531
2022-07-21,93.81637573242188
2022-07-22,94.38085174560547
2022-07-25,93.38143920898438
2022-07-26,92.4005126953125
2022-07-27,93.58501434326172
2022-07-28,100.00724792480469
2022-07-29,102.44104766845703
2022-08-01,101.5156478881836
2022-08-02,100.8956298828125
2022-08-03,101.0807113647461
2022-08-04,99.49828338623047
2022-08-05,101.55264282226562
2022-08-08,102.89448547363281
2022-08-09,103.6070327758789
2022-08-10,106.9754638671875
2022-08-11,108.66891479492188
2022-08-12,108.53013610839844
2022-08-15,109.09461975097656
2022-08-16,108.77997589111328
2022-08-17,107.44741821289062
2022-08-18,109.9089584350586
2022-08-19,108.38206481933594
2022-08-22,107.32711791992188
2022-08-23,108.28951263427734
2022-08-24,110.03852844238281
2022-08-25,110.63076782226562
2022-08-26,106.70709228515625
2022-08-29,106.44799041748047
2022-08-30,105.94827270507812
2022-08-31,105.63363647460938
2022-09-01,106.82386779785156
2022-09-02,107.27021789550781
2022-09-06,104.98272705078125
2022-09-07,106.14507293701172
2022-09-08,105.28959655761719
2022-09-09,106.27525329589844
2022-09-12,105.58714294433594
2022-09-13,102.34188079833984
2022-09-14,102.28608703613281
2022-09-15,100.17529296875
2022-09-16,96.51158142089844
2022-09-19,98.53871154785156
2022-09-20,95.31205749511719
2022-09-21,94.35427856445312
2022-09-22,93.30352020263672
2022-09-23,90.8300552368164
2022-09-26,90.38370513916016
2022-09-27,91.18340301513672
2022-09-28,92.50383758544922
2022-09-29,91.80642700195312
2022-09-30,89.5561294555664
2022-10-03,91.797119140625
2022-10-04,93.3406982421875
2022-10-05,92.65260314941406
2022-10-06,90.65336608886719
2022-10-07,88.16131591796875
2022-10-10,87.53829956054688
2022-10-11,87.45460510253906
2022-10-12,87.85446166992188
2022-10-13,88.61695861816406
2022-10-14,88.23571014404297
2022-10-17,89.53752136230469
2022-10-18,89.45384216308594
2022-10-19,86.89669036865234
2022-10-20,85.98540496826172
2022-10-21,87.48251342773438
2022-10-24,87.81725311279297
2022-10-25,88.15203094482422
2022-10-26,89.7328109741211
2022-10-27,90.01174926757812
2022-10-28,90.94163513183594
2022-10-31,90.86724090576172
2022-11-01,90.97882080078125
2022-11-02,81.98695373535156
2022-11-03,82.26591491699219
2022-11-04,83.66072845458984
2022-11-07,85.6041488647461
2022-11-08,86.01331329345703
2022-11-09,83.97687530517578
2022-11-10,87.34302520751953
2022-11-11,91.36936950683594
2022-11-14,91.09041595458984
2022-11-15,90.8300552368164
2022-11-16,86.29226684570312
2022-11-17,88.55186462402344
2022-11-18,90.28143310546875
2022-11-21,90.7277603149414
2022-11-22,90.80213165283203
2022-11-23,91.18340301513672
2022-11-25,91.83431243896484
2022-11-28,90.82074737548828
2022-11-29,90.75566864013672
2022-11-30,93.19193267822266
2022-12-01,92.40605926513672
2022-12-02,90.4787826538086
2022-12-05,89.27189636230469
2022-12-06,89.24383544921875
2022-12-07,89.91744232177734
2022-12-08,89.88936614990234
2022-12-09,89.15962982177734
2022-12-12,91.3395004272461
2022-12-13,89.4122314453125
2022-12-14,90.01099395751953
2022-12-15,88.65441131591797
2022-12-16,88.01824188232422
2022-12-19,87.48497009277344
2022-12-20,86.42776489257812
2022-12-21,86.93296813964844
2022-12-22,86.50262451171875
2022-12-23,87.0826644897461
2022-12-27,87.1388168334961
2022-12-28,85.24896240234375
2022-12-29,86.30614471435547
2022-12-30,85.66060638427734
2023-01-03,84.46307373046875
2023-01-04,84.94956970214844
2023-01-05,84.21047973632812
2023-01-06,87.29786682128906
2023-01-09,87.34461975097656
2023-01-10,86.82070922851562
2023-01-11,88.8602523803711
2023-01-12,87.47561645507812
2023-01-13,87.59723663330078
2023-01-17,86.70844268798828
2023-01-18,87.22301483154297
2023-01-19,86.81135559082031
2023-01-20,87.52238464355469
2023-01-23,91.74179077148438
2023-01-24,92.70542907714844
2023-01-25,90.60040283203125
2023-01-26,91.19917297363281
2023-01-27,91.6856689453125
2023-01-30,90.38522338867188
2023-01-31,93.71583557128906
2023-02-01,95.54020690917969
2023-02-02,97.65458679199219
2023-02-03,96.94356536865234
2023-02-06,96.31671142578125
2023-02-07,98.44046783447266
2023-02-08,96.76579284667969
2023-02-09,95.11920928955078
2023-02-10,96.47577667236328
2023-02-13,97.17745208740234
2023-02-14,98.20658874511719
2023-02-15,98.40303802490234
2023-02-16,97.04647064208984
2023-02-17,94.65140533447266
2023-02-21,93.36033630371094
2023-02-22,93.44452667236328
2023-02-23,94.4455795288086
2023-02-24,93.87488555908203
2023-02-27,94.4549331665039
2023-02-28,93.51937866210938
2023-03-01,92.97673797607422
2023-03-02,95.35833740234375
2023-03-03,95.0571060180664
2023-03-06,94.5864486694336
2023-03-07,95.12301635742188
2023-03-08,96.63858032226562
2023-03-09,97.2881088256836
2023-03-10,96.31851959228516
2023-03-13,95.34893798828125
2023-03-14,92.04481506347656
2023-03-15,91.8753662109375
2023-03-16,92.44959259033203
2023-03-17,90.28450012207031
2023-03-20,90.34097290039062
2023-03-21,90.9528579711914
2023-03-22,89.39021301269531
2023-03-23,89.30549621582031
2023-03-24,89.87972259521484
2023-03-27,90.80223846435547
2023-03-28,90.84930419921875
2023-03-29,90.77400207519531
2023-03-30,90.98109436035156
2023-03-31,93.54154968261719
2023-04-03,91.3199691772461
2023-04-04,89.11721801757812
2023-04-05,87.71463012695312
2023-04-06,87.23454284667969
2023-04-10,89.55964660644531
2023-04-11,90.07740020751953
2023-04-12,89.17372131347656
2023-04-13,89.97386169433594
2023-04-14,89.96443176269531
2023-04-17,90.1527099609375
2023-04-18,90.29391479492188
2023-04-19,90.36921691894531
2023-04-20,91.41410064697266
2023-04-21,91.67768859863281
2023-04-24,92.78846740722656
2023-04-25,90.23744201660156
2023-04-26,87.07451629638672
2023-04-27,93.83336639404297
2023-04-28,94.95356750488281
2023-05-01,98.3141860961914
2023-05-02,98.27651977539062
2023-05-03,98.9072265625
2023-05-04,96.7138900756836
2023-05-05,98.37066650390625
2023-05-08,96.92098236083984
2023-05-09,95.63134002685547
2023-05-10,94.7558822631836
2023-05-11,93.47566223144531
2023-05-12,93.41918182373047
2023-05-15,94.15341186523438
2023-05-16,92.22367095947266
2023-05-17,94.80294799804688
2023-05-18,95.53719329833984
2023-05-19,94.53939056396484
2023-05-22,95.16065979003906
2023-05-23,95.51837921142578
2023-05-24,93.49449157714844
2023-05-25,93.58861541748047
2023-05-26,91.81889343261719
2023-05-30,91.82831573486328
2023-05-31,88.99485778808594
2023-06-01,89.88546752929688
2023-06-02,92.5383529663086
2023-06-05,86.59777069091797
2023-06-06,86.58831024169922
2023-06-07,87.07151794433594
2023-06-08,86.42724609375
2023-06-09,85.01553344726562
2023-06-12,85.57452392578125
2023-06-13,86.54093170166016
2023-06-14,89.63912200927734
2023-06-15,90.34972381591797
2023-06-16,89.64860534667969
2023-06-20,87.79158020019531
2023-06-21,88.51164245605469
2023-06-22,87.20415496826172
2023-06-23,85.69769287109375
2023-06-26,87.69683837890625
2023-06-27,89.47806549072266
2023-06-28,88.94747161865234
2023-06-29,89.32646179199219
2023-06-30,89.39279174804688
2023-07-03,90.50131225585938
2023-07-05,89.67701721191406
2023-07-06,89.9517822265625
2023-07-07,90.25497436523438
2023-07-10,91.17401123046875
2023-07-11,93.04998016357422
2023-07-12,92.50993347167969
2023-07-13,91.76142883300781
2023-07-14,90.57710266113281
2023-07-17,89.86650848388672
2023-07-18,90.8613510131836
2023-07-19,93.15419006347656
2023-07-20,93.38158416748047
2023-07-21,93.41948699951172
2023-07-24,92.79415893554688
2023-07-25,92.77521514892578
2023-07-26,93.11630249023438
2023-07-27,92.52887725830078
2023-07-28,95.12490844726562
2023-07-31,94.91647338867188
2023-08-01,94.16798400878906
2023-08-02,92.3204345703125
2023-08-03,93.05945587158203
2023-08-04,93.34368133544922
2023-08-07,94.74593353271484
2023-08-08,92.77521514892578
2023-08-09,92.81311798095703
2023-08-10,91.37298583984375
2023-08-11,90.22655487060547
2023-08-14,90.37814331054688
2023-08-15,89.59175109863281
2023-08-16,89.35489654541016
2023-08-17,88.42637634277344
2023-08-18,89.99916076660156
2023-08-21,88.60639190673828
2023-08-22,87.98107147216797
2023-08-23,88.29373168945312
2023-08-24,88.24636840820312
2023-08-25,88.83378601074219
2023-08-28,88.15161895751953
2023-08-29,89.42120361328125
2023-08-30,89.6580810546875
2023-08-31,86.2346420288086
2023-09-01,84.25113677978516
2023-09-05,84.5372085571289
2023-09-06,83.32611846923828
2023-09-07,82.19133758544922
2023-09-08,82.31529998779297
2023-09-11,82.53463745117188
2023-09-12,82.94469451904297
2023-09-13,83.31660461425781
2023-09-14,85.71968078613281
2023-09-15,86.33953857421875
2023-09-18,83.74571990966797
2023-09-19,84.39418029785156
2023-09-20,83.51686096191406
2023-09-21,82.7253646850586
2023-09-22,81.94340515136719
2023-09-25,81.6191635131836
2023-09-26,81.00885009765625
2023-09-27,82.28669738769531
2023-09-28,83.09725952148438
2023-09-29,82.13412475585938
2023-10-02,81.6763916015625
2023-10-03,81.73360443115234
2023-10-04,81.54289245605469
2023-10-05,80.43670654296875
2023-10-06,80.92303466796875
2023-10-09,82.34391784667969
2023-10-10,82.4869613647461
2023-10-11,82.00061798095703
2023-10-12,80.80860900878906
2023-10-13,80.10295104980469
2023-10-16,81.77175903320312
2023-10-17,82.21040344238281
2023-10-18,79.89314270019531
2023-10-19,79.4449462890625
2023-10-20,81.3712387084961
2023-10-23,80.28411865234375
2023-10-24,79.86454010009766
2023-10-25,78.89185333251953
2023-10-26,77.26119232177734
2023-10-27,77.49006652832031
2023-10-30,76.87975311279297
2023-10-31,78.03361511230469
2023-11-01,77.68077087402344
2023-11-02,77.65217590332031
2023-11-03,77.90010833740234
2023-11-06,78.19572448730469
2023-11-07,78.93000793457031
2023-11-08,77.6235580444336
2023-11-09,76.4029541015625
2023-11-10,76.2503662109375
2023-11-13,75.30630493164062
2023-11-14,79.4258804321289
2023-11-15,79.38773345947266
2023-11-16,78.06222534179688
2023-11-17,78.76788330078125
2023-11-20,78.22432708740234
2023-11-21,78.49134063720703
2023-11-22,78.90139770507812
2023-11-24,78.68206787109375
2023-11-27,77.63311004638672
2023-11-28,78.56764221191406
2023-11-29,77.7856674194336
2023-11-30,78.83293914794922
2023-12-01,79.9955062866211
2023-12-04,82.35904693603516
2023-12-05,81.73452758789062
2023-12-06,82.15727996826172
2023-12-07,82.64727783203125
2023-12-08,81.1868896484375
2023-12-11,81.1100082397461
2023-12-12,80.3221664428711
2023-12-13,81.52315521240234
2023-12-14,81.7057113647461
2023-12-15,81.61922454833984
2023-12-18,81.10041046142578
2023-12-19,81.72492218017578
2023-12-20,81.89786529541016
2023-12-21,82.48394775390625
2023-12-22,83.84825897216797
2023-12-26,83.82905578613281
2023-12-27,83.45435333251953
2023-12-28,83.48316955566406
2023-12-29,83.00276947021484
2024-01-02,83.71376037597656
2024-01-03,83.91551208496094
2024-01-04,84.75141906738281
2024-01-05,85.11652374267578
2024-01-08,84.15570831298828
2024-01-09,83.22376251220703
2024-01-10,83.77140808105469
2024-01-11,83.58885955810547
2024-01-12,83.46395874023438
2024-01-16,82.44551086425781
2024-01-17,81.60963439941406
2024-01-18,82.21492004394531
2024-01-19,82.8682632446289
2024-01-22,83.71376037597656
2024-01-23,83.8770980834961
2024-01-24,82.21492004394531
2024-01-25,83.5119857788086
2024-01-26,83.96355438232422
2024-01-29,82.47433471679688
2024-01-30,82.5416030883789
2024-01-31,80.79293823242188
2024-02-01,70.61817169189453
2024-02-02,71.22346496582031
2024-02-05,71.13700103759766
2024-02-06,71.59817504882812
2024-02-07,70.77190399169922
2024-02-08,71.73269653320312
2024-02-09,71.74229431152344
2024-02-12,72.78956604003906
2024-02-13,71.1850357055664
2024-02-14,70.94483184814453
2024-02-15,70.8103256225586
2024-02-16,69.41718292236328
2024-02-20,68.83110809326172
2024-02-21,69.65737915039062
2024-02-22,70.76229095458984
2024-02-23,70.47405242919922
2024-02-26,70.55091094970703
2024-02-27,71.3099365234375
2024-02-28,71.47327423095703
2024-02-29,71.76390838623047
2024-03-01,71.57014465332031
2024-03-04,68.24739074707031
2024-03-05,67.472412109375
2024-03-06,69.71017456054688
2024-03-07,70.33985900878906
2024-03-08,70.18486022949219
2024-03-11,72.65514373779297
2024-03-12,73.31387329101562
2024-03-13,72.95543670654297
2024-03-14,72.55825805664062
2024-03-15,71.62828063964844
2024-03-18,71.08576965332031
2024-03-19,71.74452209472656
2024-03-20,71.6379623413086
2024-03-21,72.02545928955078
2024-03-22,72.14170837402344
2024-03-25,72.48076629638672
2024-03-26,70.55299377441406
2024-03-27,71.99639129638672
2024-03-28,73.75948333740234
2024-04-01,71.04702758789062
2024-04-02,69.9620590209961
2024-04-03,69.526123046875
2024-04-04,69.43892669677734
2024-04-05,68.95457458496094
2024-04-08,69.80706024169922
2024-04-09,70.64985656738281
2024-04-10,69.75861358642578
2024-04-11,69.89424133300781
2024-04-12,68.27645111083984
2024-04-15,66.8524169921875
2024-04-16,65.76742553710938
2024-04-17,66.65866088867188
2024-04-18,67.6855239868164
2024-04-19,68.99331665039062
2024-04-22,68.54769897460938
2024-04-23,68.1505126953125
2024-04-24,68.7220687866211
2024-04-25,68.0633316040039
2024-04-26,68.02458190917969
2024-04-29,69.45830535888672
2024-04-30,68.78018951416016
2024-05-01,69.83611297607422
2024-05-02,78.39973449707031
2024-05-03,78.66128540039062
2024-05-06,76.28789520263672
2024-05-07,77.04350280761719
2024-05-08,78.43848419189453
2024-05-09,78.71942138671875
2024-05-10,80.13377380371094
2024-05-13,81.82905578613281
2024-05-14,81.24781799316406
2024-05-15,80.74406433105469
2024-05-16,80.55032348632812
2024-05-17,81.48030853271484
2024-05-20,81.8871841430664
2024-05-21,80.01753234863281
2024-05-22,81.70311737060547
2024-05-23,81.95498657226562
2024-05-24,84.00872039794922
2024-05-28,83.34028625488281
2024-05-29,81.36405944824219
2024-05-30,82.23593139648438
2024-05-31,83.6696548461914
2024-06-03,84.38652038574219
2024-06-04,83.30152893066406
2024-06-05,84.89994812011719
2024-06-06,85.08402252197266
2024-06-07,84.84989166259766
2024-06-10,83.49392700195312
2024-06-11,82.38185119628906
2024-06-12,82.71351623535156
2024-06-13,82.45012664794922
2024-06-14,81.55265808105469
2024-06-17,83.69879150390625
2024-06-18,83.57196807861328
2024-06-20,85.3473892211914
2024-06-21,84.66454315185547
2024-06-24,86.32290649414062
2024-06-25,87.30817413330078
2024-06-26,87.07405090332031
2024-06-27,85.5815200805664
2024-06-28,85.96196746826172
2024-07-01,84.68405151367188
2024-07-02,84.04022216796875
2024-07-03,85.36691284179688
2024-07-05,84.37187957763672
2024-07-08,84.49871063232422
2024-07-09,84.430419921875
2024-07-10,83.34760284423828
2024-07-11,84.25482940673828
2024-07-12,84.63528442382812
2024-07-15,84.8986587524414
2024-07-16,85.59127044677734
2024-07-17,86.79115295410156
2024-07-18,85.25960540771484
2024-07-19,86.683837890625
2024-07-22,87.98127746582031
2024-07-23,88.4104995727539
2024-07-24,88.00078582763672
2024-07-25,87.22038269042969
2024-07-26,87.27890014648438
2024-07-29,87.06429290771484
2024-07-30,87.15208435058594
2024-07-31,86.86919403076172
2024-08-01,99.70691680908203
2024-08-02,96.2145767211914
2024-08-05,96.3121337890625
2024-08-06,96.75110626220703
2024-08-07,95.37564086914062
2024-08-08,96.15604400634766
2024-08-09,96.09752655029297
2024-08-12,96.28286743164062
2024-08-13,95.85364532470703
2024-08-14,95.39514923095703
2024-08-15,95.44392395019531
2024-08-16,96.7901382446289
2024-08-19,98.5753173828125
2024-08-20,96.75110626220703
2024-08-21,98.20462036132812
2024-08-22,98.84846496582031
2024-08-23,99.29720306396484
2024-08-26,99.8044662475586
2024-08-27,101.0628662109375
2024-08-28,101.41405487060547
2024-08-29,100.48731231689453
2024-08-30,100.9750747680664
2024-09-03,101.07262420654297
2024-09-04,101.57988739013672
2024-09-05,99.67764282226562
2024-09-06,98.9317398071289
2024-09-09,99.19673156738281
2024-09-10,99.19673156738281
2024-09-11,98.21525573730469
2024-09-12,97.61656188964844
2024-09-13,98.21525573730469
2024-09-16,98.45081329345703
2024-09-17,98.40174865722656
2024-09-18,100.14875793457031
2024-09-19,101.7190933227539
2024-09-20,102.26871490478516
2024-09-23,104.47701263427734
2024-09-24,106.85216522216797
2024-09-25,106.01791381835938
2024-09-26,105.54681396484375
2024-09-27,106.33197784423828
2024-09-30,108.32435607910156
2024-10-01,107.76493072509766
2024-10-02,106.39087677001953
2024-10-03,103.54461669921875
2024-10-04,104.75182342529297
2024-10-07,104.74200439453125
2024-10-08,105.92958068847656
2024-10-09,106.25346374511719
2024-10-10,106.03753662109375
2024-10-11,108.12805938720703
2024-10-14,108.11824798583984
2024-10-15,107.07788848876953
2024-10-16,108.58935546875
2024-10-17,108.83472442626953
2024-10-18,108.08880615234375
2024-10-21,106.86196899414062
2024-10-22,106.08660888671875
2024-10-23,105.86087799072266
2024-10-24,104.75182342529297
2024-10-25,106.1160659790039
2024-10-28,106.92086791992188
2024-10-29,105.99828338623047
2024-10-30,107.60787963867188
2024-10-31,101.13021087646484
2024-11-01,99.93282318115234
2024-11-04,100.74744415283203
2024-11-05,102.98518371582031
2024-11-06,104.44757080078125
2024-11-07,105.90995788574219
2024-11-08,106.54790496826172
2024-11-11,107.00918579101562
2024-11-12,107.06808471679688
2024-11-13,109.6100845336914
2024-11-14,109.41378784179688
2024-11-15,108.14769744873047
2024-11-18,107.9513931274414
2024-11-19,107.05826568603516
2024-11-20,107.00918579101562
2024-11-21,106.52827453613281
2024-11-22,105.61550903320312
2024-11-25,105.54681396484375
2024-11-26,104.38867950439453
2024-11-27,103.29924774169922
2024-11-29,103.62313842773438
2024-12-02,104.21202087402344
2024-12-03,105.60569763183594
2024-12-04,105.62532806396484
2024-12-05,104.20220184326172
2024-12-06,104.083740234375
2024-12-09,106.75912475585938
2024-12-10,107.81546783447266
2024-12-11,107.73648071289062
2024-12-12,112.60353088378906
2024-12-13,109.95775604248047
2024-12-16,108.7039794921875
2024-12-17,107.48968505859375
2024-12-18,105.09070587158203
2024-12-19,103.65922546386719
2024-12-20,103.00765228271484
2024-12-23,102.68186950683594
2024-12-24,102.94841766357422
2024-12-26,102.98790740966797
2024-12-27,102.56340026855469
2024-12-30,102.15863800048828
2024-12-31,102.00067901611328
2025-01-02,101.46757507324219
2025-01-03,103.10638427734375
2025-01-06,102.1981201171875
2025-01-07,102.72135925292969
2025-01-08,102.28697204589844
2025-01-10,100.4605941772461
2025-01-13,102.24748229980469
2025-01-14,101.52680206298828
2025-01-15,101.71438598632812
2025-01-16,101.37872314453125
2025-01-17,102.25736236572266
2025-01-21,104.04424285888672
2025-01-22,103.90603637695312
2025-01-23,105.6336898803711
2025-01-24,106.77887725830078
2025-01-27,107.65751647949219
2025-01-28,108.41767883300781
2025-01-29,106.55181121826172
2025-01-30,99.15745544433594
2025-01-31,98.21958923339844
2025-02-03,96.84733581542969
2025-02-04,97.5680160522461
2025-02-05,96.00819396972656
2025-02-06,95.40597534179688
2025-02-07,95.35661315917969
2025-02-10,98.07149505615234
2025-02-11,98.46638488769531
2025-02-12,96.30435943603516
2025-02-13,97.3606948852539
2025-02-14,98.21958923339844
2025-02-18,98.64408874511719
2025-02-19,97.75558471679688
2025-02-20,99.13770294189453
2025-02-21,99.59182739257812
2025-02-24,99.39439392089844
2025-02-25,97.50877380371094
2025-02-26,96.92630767822266
2025-02-27,97.9727783203125
2025-02-28,100.3223876953125
2025-03-03,99.0883560180664
2025-03-04,97.09414672851562
2025-03-05,96.6597671508789
2025-03-06,96.86708068847656
2025-03-07,101.78494262695312
2025-03-10,100.90072631835938
2025-03-11,97.41351318359375
2025-03-12,95.55564880371094
2025-03-13,95.69474029541016
2025-03-14,97.74136352539062
2025-03-17,100.3443603515625
2025-03-18,99.41046142578125
2025-03-19,98.66532897949219
2025-03-20,98.6553955078125
2025-03-21,99.3011703491211
2025-03-24,99.8277359008789
2025-03-25,99.3508529663086
2025-03-26,101.21864318847656
2025-03-27,101.01994323730469
2025-03-28,100.4735107421875
2025-03-31,101.73527526855469
2025-04-01,102.09293365478516
2025-04-02,102.15254211425781
2025-04-03,94.15480041503906
2025-04-04,90.34967041015625
2025-04-07,88.59115600585938
2025-04-08,86.40543365478516
2025-04-09,91.34317779541016
2025-04-10,89.68401336669922
2025-04-11,90.66758728027344
2025-04-14,91.7703857421875
2025-04-15,90.96563720703125
2025-04-16,89.27667236328125
2025-04-17,90.5483627319336
2025-04-21,88.69049835205078
2025-04-22,89.6939468383789
2025-04-23,90.02180480957031
2025-04-24,91.43258666992188
2025-04-25,89.16738891601562
2025-04-28,88.50173950195312
2025-04-29,87.75660705566406
2025-04-30,88.64083099365234
2025-05-01,89.6939468383789
2025-05-02,90.2403793334961
2025-05-05,89.35615539550781
2025-05-06,87.74667358398438
2025-05-07,86.97173309326172
2025-05-08,88.99849700927734
2025-05-09,88.3924560546875
2025-05-12,95.32714080810547
2025-05-13,95.65499877929688
2025-05-14,97.39363861083984
2025-05-15,98.10896301269531
2025-05-16,99.62903594970703
2025-05-19,99.43033599853516
2025-05-20,99.42039489746094
2025-05-21,96.54915618896484
2025-05-22,95.89344024658203
2025-05-23,95.1284408569336
2025-05-27,96.66838073730469
2025-05-28,94.95954895019531
2025-05-29,95.47616577148438
2025-05-30,95.34701538085938
2025-06-02,95.49604034423828
2025-06-03,95.6649398803711
2025-06-04,95.53578186035156
2025-06-05,94.88999938964844
2025-06-06,95.80000305175781
2025-06-09,95.73999786376953
2025-06-10,96.16999816894531
2025-06-11,94.58000183105469
2025-06-12,95.0
2025-06-13,93.54000091552734
2025-06-16,93.86000061035156
2025-06-17,93.58999633789062
2025-06-18,93.41000366210938
2025-06-20,92.62999725341797
2025-06-23,93.94999694824219
2025-06-24,94.27999877929688
2025-06-25,92.70999908447266
2025-06-26,93.19000244140625
2025-06-27,96.66000366210938
2025-06-30,95.94999694824219
2025-07-01,98.30999755859375
2025-07-02,99.13999938964844
2025-07-03,98.02999877929688
2025-07-07,96.7300033569336
2025-07-08,98.33000183105469
2025-07-09,99.12000274658203
2025-07-10,100.83999633789062
2025-07-11,99.4000015258789
2025-07-14,98.0199966430664
2025-07-15,97.05999755859375
2025-07-16,97.94000244140625
2025-07-17,98.52999877929688
2025-07-18,97.4800033569336
2025-07-21,96.81999969482422
2025-07-22,98.94000244140625
2025-07-23,100.58999633789062
2025-07-24,103.16999816894531
2025-07-25,102.70999908447266
2025-07-28,101.48999786376953
2025-07-29,99.79000091552734
2025-07-30,97.6500015258789
2025-07-31,115.31999969482422
2025-08-01,113.86000061035156
