Date,CLN.SW
2015-08-24,11.362975120544434
2015-08-25,11.709935188293457
2015-08-26,11.40968132019043
2015-08-27,11.743297576904297
2015-08-28,11.703264236450195
2015-08-31,11.643214225769043
2015-09-01,11.603178977966309
2015-09-02,11.723280906677246
2015-09-03,11.890088081359863
2015-09-04,11.689919471740723
2015-09-07,11.723280906677246
2015-09-08,11.943467140197754
2015-09-09,12.0101900100708
2015-09-10,11.896761894226074
2015-09-11,11.749969482421875
2015-09-14,11.76998519897461
2015-09-15,11.803348541259766
2015-09-16,11.810019493103027
2015-09-17,11.6965913772583
2015-09-18,11.549798011779785
2015-09-21,11.629868507385254
2015-09-22,11.136116027832031
2015-09-23,11.082737922668457
2015-09-24,10.809171676635742
2015-09-25,10.922601699829102
2015-09-28,10.682397842407227
2015-09-29,10.742449760437012
2015-09-30,10.94929027557373
2015-10-01,10.915928840637207
2015-10-02,11.016014099121094
2015-10-05,11.30959701538086
2015-10-06,11.516436576843262
2015-10-07,11.549798011779785
2015-10-08,11.67657470703125
2015-10-09,11.76998519897461
2015-10-12,11.729951858520508
2015-10-13,11.623194694519043
2015-10-14,11.376317024230957
2015-10-15,11.47640323638916
2015-10-16,11.536456108093262
2015-10-19,11.436367988586426
2015-10-20,11.41635513305664
2015-10-21,11.549798011779785
2015-10-22,11.896761894226074
2015-10-23,12.07691478729248
2015-10-26,11.996845245361328
2015-10-27,11.876745223999023
2015-10-28,11.936797142028809
2015-10-29,12.156981468200684
2015-10-30,12.143636703491211
2015-11-02,12.33713436126709
2015-11-03,12.383841514587402
2015-11-04,12.423873901367188
2015-11-05,12.30377197265625
2015-11-06,12.477255821228027
2015-11-09,12.30377197265625
2015-11-10,12.37049674987793
2015-11-11,12.483924865722656
2015-11-12,12.31711483001709
2015-11-13,12.243721961975098
2015-11-16,12.210359573364258
2015-11-17,12.463908195495605
2015-11-18,12.60402774810791
2015-11-19,12.630717277526855
2015-11-20,12.65073299407959
2015-11-23,12.57066822052002
2015-11-24,12.417201042175293
2015-11-25,12.53730583190918
2015-11-26,12.523961067199707
2015-11-27,12.470582008361816
2015-11-30,12.657403945922852
2015-12-01,12.73080062866211
2015-12-02,12.7841796875
2015-12-03,12.550650596618652
2015-12-04,12.357151985168457
2015-12-07,12.31711483001709
2015-12-08,12.17699909210205
2015-12-09,12.17699909210205
2015-12-10,12.190343856811523
2015-12-11,12.00351619720459
2015-12-14,11.963483810424805
2015-12-15,12.230377197265625
2015-12-16,12.31711483001709
2015-12-17,12.577338218688965
2015-12-18,12.517287254333496
2015-12-21,12.363824844360352
2015-12-22,12.323789596557617
2015-12-23,12.57066822052002
2015-12-28,12.577338218688965
2015-12-29,12.757491111755371
2015-12-30,12.684096336364746
2016-01-04,12.277085304260254
2016-01-05,12.197015762329102
2016-01-06,11.8233642578125
2016-01-07,11.443042755126953
2016-01-08,11.249545097351074
2016-01-11,11.176148414611816
2016-01-12,11.39633560180664
2016-01-13,11.436367988586426
2016-01-14,11.302924156188965
2016-01-15,10.995997428894043
2016-01-18,10.875894546508789
2016-01-19,11.12944221496582
2016-01-20,10.882566452026367
2016-01-21,10.98265266418457
2016-01-22,11.236200332641602
2016-01-25,11.056047439575195
2016-01-26,11.122772216796875
2016-01-27,11.06272029876709
2016-01-28,10.989323616027832
2016-01-29,11.109426498413086
2016-02-01,11.056047439575195
2016-02-02,10.909256935119629
2016-02-03,10.882566452026367
2016-02-04,10.875894546508789
2016-02-05,10.935944557189941
2016-02-08,10.635690689086914
2016-02-09,10.382143020629883
2016-02-10,10.5489501953125
2016-02-11,10.235352516174316
2016-02-12,10.435522079467773
2016-02-15,10.722432136535645
2016-02-16,10.835860252380371
2016-02-17,10.535605430603027
2016-02-18,10.615674018859863
2016-02-19,10.588984489440918
2016-02-22,10.98265266418457
2016-02-23,10.882566452026367
2016-02-24,10.882566452026367
2016-02-25,10.889240264892578
2016-02-26,11.056047439575195
2016-02-29,11.156132698059082
2016-03-01,11.382993698120117
2016-03-02,11.362975120544434
2016-03-03,11.316267013549805
2016-03-04,11.489749908447266
2016-03-07,11.52978229522705
2016-03-08,11.556472778320312
2016-03-09,11.629868507385254
2016-03-10,11.483075141906738
2016-03-11,11.609850883483887
2016-03-14,11.709935188293457
2016-03-15,11.6965913772583
2016-03-16,11.649884223937988
2016-03-17,11.469732284545898
2016-03-18,11.40968132019043
2016-03-21,11.489749908447266
2016-03-22,11.496419906616211
2016-03-23,11.556472778320312
2016-03-24,11.449714660644531
2016-03-29,11.583162307739258
2016-03-30,11.749969482421875
2016-03-31,11.609850883483887
2016-04-01,11.503094673156738
2016-04-04,11.443042755126953
2016-04-05,11.262890815734863
2016-04-06,11.249545097351074
2016-04-07,11.182822227478027
2016-04-08,11.27623462677002
2016-04-11,11.443042755126953
2016-04-12,11.47640323638916
2016-04-13,11.643214225769043
2016-04-14,11.716609001159668
2016-04-15,11.349628448486328
2016-04-18,11.362975120544434
2016-04-19,11.536456108093262
2016-04-20,11.489749908447266
2016-04-21,11.362975120544434
2016-04-22,11.29625129699707
2016-04-25,11.446593284606934
2016-04-26,11.241580963134766
2016-04-27,11.344088554382324
2016-04-28,12.266651153564453
2016-04-29,12.403326034545898
2016-05-02,12.498997688293457
2016-05-03,12.369156837463379
2016-05-04,12.30081844329834
2016-05-06,12.170976638793945
2016-05-09,12.22564697265625
2016-05-10,12.287150382995605
2016-05-11,12.314486503601074
2016-05-12,12.177809715270996
2016-05-13,12.177809715270996
2016-05-17,12.198309898376465
2016-05-18,12.116304397583008
2016-05-19,12.04113483428955
2016-05-20,12.082137107849121
2016-05-23,12.075302124023438
2016-05-24,12.164143562316895
2016-05-25,12.061637878417969
2016-05-26,12.068469047546387
2016-05-27,12.047968864440918
2016-05-30,12.054800987243652
2016-05-31,12.136807441711426
2016-06-01,12.10263729095459
2016-06-02,12.088970184326172
2016-06-03,12.006965637207031
2016-06-06,12.088970184326172
2016-06-07,12.136807441711426
2016-06-08,12.006965637207031
2016-06-09,11.8429536819458
2016-06-10,11.617440223693848
2016-06-13,11.48076343536377
2016-06-14,11.309918403625488
2016-06-15,11.460262298583984
2016-06-16,11.289419174194336
2016-06-17,11.330421447753906
2016-06-20,11.658441543579102
2016-06-21,11.590103149414062
2016-06-22,11.562768936157227
2016-06-23,11.583271980285645
2016-06-24,11.193743705749512
2016-06-27,10.71537971496582
2016-06-28,10.899890899658203
2016-06-29,11.186910629272461
2016-06-30,11.227912902832031
2016-07-01,11.514933586120605
2016-07-04,11.549099922180176
2016-07-05,11.378256797790527
2016-07-06,11.200577735900879
2016-07-07,11.221078872680664
2016-07-08,11.385088920593262
2016-07-11,11.603771209716797
2016-07-12,11.665275573730469
2016-07-13,11.740447044372559
2016-07-14,11.83612060546875
2016-07-15,11.870288848876953
2016-07-18,11.993297576904297
2016-07-19,11.924960136413574
2016-07-20,11.83612060546875
2016-07-21,11.883956909179688
2016-07-22,11.904458045959473
2016-07-25,11.95229434967041
2016-07-26,11.993297576904297
2016-07-27,12.129974365234375
2016-07-28,11.699445724487305
2016-07-29,11.528599739074707
2016-08-02,11.48759651184082
2016-08-03,11.378256797790527
2016-08-04,11.398757934570312
2016-08-05,11.542267799377441
2016-08-08,11.617440223693848
2016-08-09,11.79511833190918
2016-08-10,11.754115104675293
2016-08-11,11.774615287780762
2016-08-12,11.706277847290039
2016-08-15,11.719945907592773
2016-08-16,11.67210865020752
2016-08-17,11.562768936157227
2016-08-18,11.590103149414062
2016-08-19,11.514933586120605
2016-08-22,11.603771209716797
2016-08-23,11.617440223693848
2016-08-24,11.590103149414062
2016-08-25,11.63794231414795
2016-08-26,11.706277847290039
2016-08-29,11.706277847290039
2016-08-30,11.76094913482666
2016-08-31,11.706277847290039
2016-09-01,11.740447044372559
2016-09-02,11.911293029785156
2016-09-05,11.931792259216309
2016-09-06,11.918127059936523
2016-09-07,11.945460319519043
2016-09-08,11.856620788574219
2016-09-09,11.624272346496582
2016-09-12,11.48759651184082
2016-09-13,11.528599739074707
2016-09-14,11.624272346496582
2016-09-15,11.576435089111328
2016-09-16,11.419259071350098
2016-09-19,11.453429222106934
2016-09-20,11.37142276763916
2016-09-21,11.20741081237793
2016-09-22,11.303086280822754
2016-09-23,11.344088554382324
2016-09-26,11.248414039611816
2016-09-27,11.193743705749512
2016-09-28,11.385088920593262
2016-09-29,11.385088920593262
2016-09-30,11.426093101501465
2016-10-03,11.41242790222168
2016-10-04,11.514933586120605
2016-10-05,11.521767616271973
2016-10-06,11.576435089111328
2016-10-07,11.48759651184082
2016-10-10,11.514933586120605
2016-10-11,11.508096694946289
2016-10-12,11.473931312561035
2016-10-13,11.432926177978516
2016-10-14,11.528599739074707
2016-10-17,11.555935859680176
2016-10-18,11.651606559753418
2016-10-19,11.713111877441406
2016-10-20,11.63794231414795
2016-10-21,11.603771209716797
2016-10-24,11.562768936157227
2016-10-25,11.617440223693848
2016-10-26,11.562768936157227
2016-10-27,11.364588737487793
2016-10-28,11.303086280822754
2016-10-31,11.200577735900879
2016-11-01,11.070735931396484
2016-11-02,10.913559913635254
2016-11-03,10.86572265625
2016-11-04,10.86572265625
2016-11-07,10.831555366516113
2016-11-08,10.886222839355469
2016-11-09,10.893057823181152
2016-11-10,11.084403038024902
2016-11-11,11.10490608215332
2016-11-14,11.193743705749512
2016-11-15,11.057069778442383
2016-11-16,11.111740112304688
2016-11-17,11.111740112304688
2016-11-18,11.145907402038574
2016-11-21,11.070735931396484
2016-11-22,11.043400764465332
2016-11-23,11.0502347946167
2016-11-24,11.152741432189941
2016-11-25,11.152741432189941
2016-11-28,11.043400764465332
2016-11-29,11.016066551208496
2016-11-30,11.227912902832031
2016-12-01,11.084403038024902
2016-12-02,10.995565414428711
2016-12-05,11.118573188781738
2016-12-06,11.20741081237793
2016-12-07,11.275751113891602
2016-12-08,11.385088920593262
2016-12-09,11.48759651184082
2016-12-12,11.350923538208008
2016-12-13,11.494431495666504
2016-12-14,11.542267799377441
2016-12-15,11.631107330322266
2016-12-16,11.719945907592773
2016-12-19,11.801950454711914
2016-12-20,11.726778984069824
2016-12-21,11.754115104675293
2016-12-22,11.747281074523926
2016-12-23,11.774615287780762
2016-12-27,11.781452178955078
2016-12-28,11.849788665771484
2016-12-29,11.849788665771484
2016-12-30,12.006965637207031
2017-01-03,12.075302124023438
2017-01-04,12.095803260803223
2017-01-05,12.22564697265625
2017-01-06,12.150476455688477
2017-01-09,12.129974365234375
2017-01-10,12.129974365234375
2017-01-11,12.164143562316895
2017-01-12,12.389656066894531
2017-01-13,12.574170112609863
2017-01-16,12.498997688293457
2017-01-17,12.410158157348633
2017-01-18,12.540000915527344
2017-01-19,12.601505279541016
2017-01-20,12.574170112609863
2017-01-23,12.540000915527344
2017-01-24,12.58784008026123
2017-01-25,12.76551628112793
2017-01-26,12.758681297302246
2017-01-27,12.799684524536133
2017-01-30,12.656173706054688
2017-01-31,12.635674476623535
2017-02-01,12.656173706054688
2017-02-02,12.656173706054688
2017-02-03,12.669843673706055
2017-02-06,12.553668022155762
2017-02-07,12.669843673706055
2017-02-08,12.704011917114258
2017-02-09,12.813352584838867
2017-02-10,12.813352584838867
2017-02-13,13.059368133544922
2017-02-14,12.984195709228516
2017-02-15,12.888524055480957
2017-02-16,12.840686798095703
2017-02-17,13.127705574035645
2017-02-20,13.155040740966797
2017-02-21,13.155040740966797
2017-02-22,13.100372314453125
2017-02-23,13.03203296661377
2017-02-24,12.840686798095703
2017-02-27,12.833854675292969
2017-02-28,12.827020645141602
2017-03-01,12.950027465820312
2017-03-02,13.004697799682617
2017-03-03,12.929526329040527
2017-03-06,12.799684524536133
2017-03-07,12.786017417907715
2017-03-08,12.840686798095703
2017-03-09,13.011531829833984
2017-03-10,13.018364906311035
2017-03-13,13.045700073242188
2017-03-14,13.025199890136719
2017-03-15,13.03203296661377
2017-03-16,13.004697799682617
2017-03-17,13.059368133544922
2017-03-20,13.018364906311035
2017-03-21,12.929526329040527
2017-03-22,12.91585922241211
2017-03-23,13.041866302490234
2017-03-24,12.971864700317383
2017-03-27,12.852855682373047
2017-03-28,12.999865531921387
2017-03-29,13.104873657226562
2017-03-30,13.300886154174805
2017-03-31,13.230880737304688
2017-04-03,13.209880828857422
2017-04-04,13.195877075195312
2017-04-05,13.132872581481934
2017-04-06,13.244882583618164
2017-04-07,13.22387981414795
2017-04-10,13.286883354187012
2017-04-11,13.321885108947754
2017-04-12,13.335885047912598
2017-04-13,13.356887817382812
2017-04-18,13.111872673034668
2017-04-19,13.125874519348145
2017-04-20,13.027865409851074
2017-04-21,12.887856483459473
2017-04-24,13.258882522583008
2017-04-25,13.482897758483887
2017-04-26,13.545902252197266
2017-04-27,14.126940727233887
2017-04-28,14.105937957763672
2017-05-02,14.294952392578125
2017-05-03,14.427960395812988
2017-05-04,14.441959381103516
2017-05-05,14.497963905334473
2017-05-08,14.490964889526367
2017-05-09,14.81298542022705
2017-05-10,14.833986282348633
2017-05-11,14.735979080200195
2017-05-12,14.756980895996094
2017-05-15,14.784982681274414
2017-05-16,14.735979080200195
2017-05-17,14.378958702087402
2017-05-18,14.399957656860352
2017-05-19,14.609973907470703
2017-05-22,15.114004135131836
2017-05-23,14.728981018066406
2017-05-24,14.665977478027344
2017-05-26,14.644972801208496
2017-05-29,14.483963012695312
2017-05-30,14.490964889526367
2017-05-31,14.189945220947266
2017-06-01,14.420961380004883
2017-06-02,14.58197021484375
2017-06-06,14.350956916809082
2017-06-07,14.105937957763672
2017-06-08,13.96592903137207
2017-06-09,14.245950698852539
2017-06-12,14.06393814086914
2017-06-13,14.0989351272583
2017-06-14,14.371956825256348
2017-06-15,14.32995319366455
2017-06-16,14.385957717895508
2017-06-19,14.504963874816895
2017-06-20,14.574970245361328
2017-06-21,14.679976463317871
2017-06-22,14.588971138000488
2017-06-23,14.58197021484375
2017-06-26,14.651975631713867
2017-06-27,14.560970306396484
2017-06-28,14.630972862243652
2017-06-29,14.630972862243652
2017-06-30,14.784982681274414
2017-07-03,15.07900619506836
2017-07-04,15.541032791137695
2017-07-05,15.380023002624512
2017-07-06,15.324020385742188
2017-07-07,15.401023864746094
2017-07-10,15.443025588989258
2017-07-11,15.499031066894531
2017-07-12,15.618038177490234
2017-07-13,15.611038208007812
2017-07-14,15.870057106018066
2017-07-17,15.996066093444824
2017-07-18,15.751047134399414
2017-07-19,15.69504451751709
2017-07-20,15.66704273223877
2017-07-21,15.513033866882324
2017-07-24,15.47803020477295
2017-07-25,15.604039192199707
2017-07-26,15.765048027038574
2017-07-27,15.961057662963867
2017-07-28,15.758049964904785
2017-07-31,15.751047134399414
2017-08-02,15.842055320739746
2017-08-03,15.758049964904785
2017-08-04,15.744048118591309
2017-08-07,15.919060707092285
2017-08-08,15.884057998657227
2017-08-09,15.555035591125488
2017-08-10,15.261015892028809
2017-08-11,15.191010475158691
2017-08-14,15.50603199005127
2017-08-15,15.50603199005127
2017-08-16,15.555035591125488
2017-08-17,15.555035591125488
2017-08-18,15.471029281616211
2017-08-21,15.499031066894531
2017-08-22,15.807053565979004
2017-08-23,15.89805793762207
2017-08-24,15.954062461853027
2017-08-25,16.094070434570312
2017-08-28,16.01006507873535
2017-08-29,15.751047134399414
2017-08-30,16.115074157714844
2017-08-31,16.199079513549805
2017-09-01,16.304086685180664
2017-09-04,16.395090103149414
2017-09-05,16.23407745361328
2017-09-06,15.947059631347656
2017-09-07,16.283082962036133
2017-09-08,16.101072311401367
2017-09-11,16.311084747314453
2017-09-12,16.33208465576172
2017-09-13,16.227081298828125
2017-09-14,16.36008644104004
2017-09-15,16.29708480834961
2017-09-18,16.66110610961914
2017-09-19,16.577106475830078
2017-09-20,16.46509552001953
2017-09-21,16.45809555053711
2017-09-22,16.318084716796875
2017-09-25,16.157075881958008
2017-09-26,15.996066093444824
2017-09-27,16.101072311401367
2017-09-28,16.150075912475586
2017-09-29,16.2410831451416
2017-10-02,16.381088256835938
2017-10-03,16.619104385375977
2017-10-04,16.759117126464844
2017-10-05,16.801118850708008
2017-10-06,16.668109893798828
2017-10-09,16.654109954833984
2017-10-10,16.675107955932617
2017-10-11,16.787118911743164
2017-10-12,16.89212417602539
2017-10-13,17.27014923095703
2017-10-16,17.249147415161133
2017-10-17,17.137142181396484
2017-10-18,17.172142028808594
2017-10-19,17.011133193969727
2017-10-20,17.172142028808594
2017-10-23,17.361154556274414
2017-10-24,17.501163482666016
2017-10-25,17.59916877746582
2017-10-26,17.879188537597656
2017-10-27,17.7111759185791
2017-10-30,17.263147354125977
2017-10-31,17.5711727142334
2017-11-01,17.774181365966797
2017-11-02,17.795183181762695
2017-11-03,18.201210021972656
2017-11-06,18.124204635620117
2017-11-07,18.17321014404297
2017-11-08,18.23621368408203
2017-11-09,18.110204696655273
2017-11-10,18.166208267211914
2017-11-13,17.872190475463867
2017-11-14,18.17321014404297
2017-11-15,18.054201126098633
2017-11-16,18.376220703125
2017-11-17,18.49523162841797
2017-11-20,18.712244033813477
2017-11-21,18.803251266479492
2017-11-22,18.58623504638672
2017-11-23,18.621240615844727
2017-11-24,18.55823516845703
2017-11-27,18.656240463256836
2017-11-28,18.59324073791504
2017-11-29,18.628236770629883
2017-11-30,18.761249542236328
2017-12-01,18.705244064331055
2017-12-04,18.887256622314453
2017-12-05,18.84525489807129
2017-12-06,18.92926025390625
2017-12-07,18.859256744384766
2017-12-08,19.00626564025879
2017-12-11,18.97826385498047
2017-12-12,19.048267364501953
2017-12-13,19.048267364501953
2017-12-14,19.111270904541016
2017-12-15,19.216278076171875
2017-12-18,19.440292358398438
2017-12-19,19.39129066467285
2017-12-20,19.216278076171875
2017-12-21,19.286283493041992
2017-12-22,19.258283615112305
2017-12-27,19.601303100585938
2017-12-28,19.46129608154297
2017-12-29,19.076271057128906
2018-01-03,19.47529411315918
2018-01-04,19.51030158996582
2018-01-05,19.46129608154297
2018-01-08,19.356287002563477
2018-01-09,19.566303253173828
2018-01-10,19.433292388916016
2018-01-11,19.3002872467041
2018-01-12,19.58030128479004
2018-01-15,19.75531578063965
2018-01-16,19.832317352294922
2018-01-17,20.175342559814453
2018-01-18,20.27334976196289
2018-01-19,20.525367736816406
2018-01-22,20.567367553710938
2018-01-23,20.315353393554688
2018-01-24,19.867321014404297
2018-01-25,18.250211715698242
2018-01-26,18.607236862182617
2018-01-29,18.474227905273438
2018-01-30,18.607236862182617
2018-01-31,18.649242401123047
2018-02-01,18.56523323059082
2018-02-02,18.166208267211914
2018-02-05,18.124204635620117
2018-02-06,17.71817970275879
2018-02-07,18.061201095581055
2018-02-08,17.39615821838379
2018-02-09,17.29815101623535
2018-02-12,17.63417625427246
2018-02-13,17.45916175842285
2018-02-14,17.039133071899414
2018-02-15,17.249147415161133
2018-02-16,16.752113342285156
2018-02-19,16.549100875854492
2018-02-20,16.675107955932617
2018-02-21,16.81511878967285
2018-02-22,16.773115158081055
2018-02-23,16.500097274780273
2018-02-26,16.563100814819336
2018-02-27,16.570100784301758
2018-02-28,16.59110450744629
2018-03-01,16.143075942993164
2018-03-02,15.765048027038574
2018-03-05,16.017066955566406
2018-03-06,16.05906867980957
2018-03-07,16.185077667236328
2018-03-08,16.416093826293945
2018-03-09,16.53510093688965
2018-03-12,16.563100814819336
2018-03-13,16.47909927368164
2018-03-14,16.353090286254883
2018-03-15,16.381088256835938
2018-03-16,16.213077545166016
2018-03-19,16.13607406616211
2018-03-20,16.346088409423828
2018-03-21,16.29708480834961
2018-03-22,16.089614868164062
2018-03-23,16.146846771240234
2018-03-26,16.018070220947266
2018-03-27,16.239852905273438
2018-03-28,16.497400283813477
2018-03-29,16.31854820251465
2018-04-03,16.21123504638672
2018-04-04,15.97514533996582
2018-04-05,16.518861770629883
2018-04-06,16.404394149780273
2018-04-09,16.325700759887695
2018-04-10,16.526016235351562
2018-04-11,16.597558975219727
2018-04-12,17.048269271850586
2018-04-13,17.14126968383789
2018-04-16,17.11980628967285
2018-04-17,17.42743492126465
2018-04-18,17.59197998046875
2018-04-19,17.62059783935547
2018-04-20,17.65636444091797
2018-04-23,17.74936866760254
2018-04-24,17.942529678344727
2018-04-25,16.6190185546875
2018-04-26,16.7835636138916
2018-04-27,16.776411056518555
2018-04-30,16.461627960205078
2018-05-02,16.526016235351562
2018-05-03,16.45447540283203
2018-05-04,16.433012008666992
2018-05-07,16.969568252563477
2018-05-08,17.00534439086914
2018-05-09,17.198503494262695
2018-05-11,17.377355575561523
2018-05-14,17.506128311157227
2018-05-15,17.234275817871094
2018-05-16,17.34158706665039
2018-05-17,17.52043914794922
2018-05-18,17.527591705322266
2018-05-22,17.59913444519043
2018-05-23,17.2199649810791
2018-05-24,17.148422241210938
2018-05-25,17.17704200744629
2018-05-28,17.262889862060547
2018-05-29,16.97672462463379
2018-05-30,16.96241569519043
2018-05-31,17.012495040893555
2018-06-01,17.234275817871094
2018-06-04,17.363046646118164
2018-06-05,17.363046646118164
2018-06-06,17.42028045654297
2018-06-07,17.627750396728516
2018-06-08,17.67067527770996
2018-06-11,17.849529266357422
2018-06-12,17.849529266357422
2018-06-13,17.727909088134766
2018-06-14,17.73505973815918
2018-06-15,17.470359802246094
2018-06-18,17.19135093688965
2018-06-19,16.84079933166504
2018-06-20,16.919492721557617
2018-06-21,16.719175338745117
2018-06-22,17.11980628967285
2018-06-25,17.606287002563477
2018-06-26,16.969568252563477
2018-06-27,16.7835636138916
2018-06-28,16.568939208984375
2018-06-29,17.04111099243164
2018-07-02,16.890878677368164
2018-07-03,16.919492721557617
2018-07-04,16.676250457763672
2018-07-05,16.712024688720703
2018-07-06,16.719175338745117
2018-07-09,17.012495040893555
2018-07-10,17.162729263305664
2018-07-11,16.833646774291992
2018-07-12,16.81218147277832
2018-07-13,16.96241569519043
2018-07-16,16.89803123474121
2018-07-17,16.998188018798828
2018-07-18,17.198503494262695
2018-07-19,17.084035873413086
2018-07-20,17.084035873413086
2018-07-23,17.06972885131836
2018-07-24,17.04111099243164
2018-07-25,16.526016235351562
2018-07-26,16.719175338745117
2018-07-27,16.719175338745117
2018-07-30,16.762102127075195
2018-07-31,16.948110580444336
2018-08-02,16.89803123474121
2018-08-03,16.998188018798828
2018-08-06,17.098346710205078
2018-08-07,17.11980628967285
2018-08-08,17.212810516357422
2018-08-09,17.30581283569336
2018-08-10,17.30581283569336
2018-08-13,17.30581283569336
2018-08-14,17.30581283569336
2018-08-15,17.30581283569336
2018-08-16,17.30581283569336
2018-08-17,17.30581283569336
2018-08-20,16.905181884765625
2018-08-21,17.04111099243164
2018-08-22,17.06972885131836
2018-08-23,17.184194564819336
2018-08-24,17.14126968383789
2018-08-27,17.41312599182129
2018-08-28,17.441740036010742
2018-08-29,17.491825103759766
2018-08-30,17.470359802246094
2018-08-31,17.32727813720703
2018-09-03,17.298662185668945
2018-09-04,16.998188018798828
2018-09-05,16.797870635986328
2018-09-06,16.79071807861328
2018-09-07,16.797870635986328
2018-09-10,16.926645278930664
2018-09-11,16.983877182006836
2018-09-12,17.033958435058594
2018-09-13,17.16988754272461
2018-09-14,17.27720069885254
2018-09-17,17.198503494262695
2018-09-18,18.55063247680664
2018-09-19,18.894027709960938
2018-09-20,19.30181312561035
2018-09-21,18.686561584472656
2018-09-24,18.600709915161133
2018-09-25,18.543476104736328
2018-09-26,18.586400985717773
2018-09-27,18.364625930786133
2018-09-28,18.27161979675293
2018-10-01,18.228694915771484
2018-10-02,18.15715217590332
2018-10-03,18.214385986328125
2018-10-04,17.928220748901367
2018-10-05,17.370203018188477
2018-10-08,17.205656051635742
2018-10-09,17.084035873413086
2018-10-10,16.440166473388672
2018-10-11,16.28993034362793
2018-10-12,16.21123504638672
2018-10-15,16.182619094848633
2018-10-16,16.425857543945312
2018-10-17,15.989457130432129
2018-10-18,15.76052474975586
2018-10-19,15.610288619995117
2018-10-22,15.646061897277832
2018-10-23,15.324125289916992
2018-10-24,14.987881660461426
2018-10-25,15.159578323364258
2018-10-26,15.123806953430176
2018-10-29,15.359894752502441
2018-10-30,15.088037490844727
2018-10-31,15.531593322753906
2018-11-01,15.903607368469238
2018-11-02,16.204078674316406
2018-11-05,15.84637451171875
2018-11-06,15.753371238708496
2018-11-07,15.853529930114746
2018-11-08,15.753371238708496
2018-11-09,15.667520523071289
2018-11-12,15.460051536560059
2018-11-13,15.560211181640625
2018-11-14,15.417126655578613
2018-11-15,15.274044036865234
2018-11-16,15.202502250671387
2018-11-19,14.923493385314941
2018-11-20,14.615867614746094
2018-11-21,14.730332374572754
2018-11-22,14.537168502807617
2018-11-23,14.537168502807617
2018-11-26,14.780410766601562
2018-11-27,14.479937553405762
2018-11-28,14.472783088684082
2018-11-29,14.594404220581055
2018-11-30,14.147271156311035
2018-12-03,14.465627670288086
2018-12-04,14.251005172729492
2018-12-05,14.190196990966797
2018-12-06,13.514131546020508
2018-12-07,13.585674285888672
2018-12-10,13.185042381286621
2018-12-11,13.292353630065918
2018-12-12,13.585674285888672
2018-12-13,13.45689868927002
2018-12-14,13.35673999786377
2018-12-17,12.787988662719727
2018-12-18,12.852375984191895
2018-12-19,13.049113273620605
2018-12-20,12.734333992004395
2018-12-21,12.827335357666016
2018-12-27,12.627022743225098
2018-12-28,12.941801071166992
2019-01-03,12.627022743225098
2019-01-04,13.317390441894531
2019-01-07,13.29951000213623
2019-01-08,13.610712051391602
2019-01-09,13.943380355834961
2019-01-10,13.72875690460205
2019-01-11,13.65005874633789
2019-01-14,13.596403121948242
2019-01-15,13.646484375
2019-01-16,13.871838569641113
2019-01-17,13.807449340820312
2019-01-18,14.222389221191406
2019-01-21,14.186615943908691
2019-01-22,13.986303329467773
2019-01-23,13.850375175476074
2019-01-24,13.929070472717285
2019-01-25,14.13296127319336
2019-01-28,14.10434627532959
2019-01-29,14.161577224731445
2019-01-30,14.308238983154297
2019-01-31,14.107922554016113
2019-02-01,14.200925827026367
2019-02-04,14.251005172729492
2019-02-05,14.608713150024414
2019-02-06,14.630173683166504
2019-02-07,14.193772315979004
2019-02-08,14.086461067199707
2019-02-11,14.251005172729492
2019-02-12,14.31539249420166
2019-02-13,14.11865520477295
2019-02-14,14.565786361694336
2019-02-15,14.780410766601562
2019-02-18,15.016495704650879
2019-02-19,14.952108383178711
2019-02-20,15.130963325500488
2019-02-21,15.109498977661133
2019-02-22,15.266891479492188
2019-02-25,15.302660942077637
2019-02-26,15.481513977050781
2019-02-27,15.374200820922852
2019-02-28,15.345586776733398
2019-03-01,15.467207908630371
2019-03-04,15.467207908630371
2019-03-05,15.40281867980957
2019-03-06,15.452899932861328
2019-03-07,15.09519100189209
2019-03-08,15.030805587768555
2019-03-11,15.252581596374512
2019-03-12,15.359894752502441
2019-03-13,15.467207908630371
2019-03-14,15.560211181640625
2019-03-15,15.588826179504395
2019-03-18,15.767679214477539
2019-03-19,15.889298439025879
2019-03-20,15.631750106811523
2019-03-21,15.631750106811523
2019-03-22,15.09519100189209
2019-03-25,14.766100883483887
2019-03-26,14.866259574890137
2019-03-27,14.830490112304688
2019-03-28,14.859106063842773
2019-03-29,14.973572731018066
2019-04-01,15.281201362609863
2019-04-02,15.30981731414795
2019-04-03,15.495821952819824
2019-04-04,15.466461181640625
2019-04-05,15.671993255615234
2019-04-08,15.694015502929688
2019-04-09,15.73806095123291
2019-04-10,15.694015502929688
2019-04-11,15.855508804321289
2019-04-12,16.04636001586914
2019-04-15,16.08306312561035
2019-04-16,16.207853317260742
2019-04-17,16.36200523376465
2019-04-18,16.39870834350586
2019-04-23,16.4427490234375
2019-04-24,16.2225341796875
2019-04-25,16.097745895385742
2019-04-26,16.105083465576172
2019-04-29,15.818804740905762
2019-04-30,15.37103271484375
2019-05-02,15.084753036499023
2019-05-03,15.165496826171875
2019-05-06,14.95996379852295
2019-05-07,14.45713996887207
2019-05-08,14.556234359741211
2019-05-09,14.251605987548828
2019-05-10,14.225913047790527
2019-05-13,13.851550102233887
2019-05-14,13.90660285949707
2019-05-15,13.855217933654785
2019-05-16,14.152507781982422
2019-05-17,14.145167350769043
2019-05-20,13.81851577758789
2019-05-21,14.01303768157959
2019-05-22,13.946972846984863
2019-05-23,13.635003089904785
2019-05-24,13.693726539611816
2019-05-27,13.785483360290527
2019-05-28,13.671706199645996
2019-05-29,13.433137893676758
2019-05-31,13.392766952514648
2019-06-03,13.359731674194336
2019-06-04,13.649682998657227
2019-06-05,13.6093111038208
2019-06-06,13.557927131652832
2019-06-07,13.679046630859375
2019-06-11,13.90660285949707
2019-06-12,13.924951553344727
2019-06-13,13.917611122131348
2019-06-14,13.789153099060059
2019-06-17,13.77079963684082
2019-06-18,14.009366989135742
2019-06-19,14.207561492919922
2019-06-20,14.284637451171875
2019-06-21,14.196553230285645
2019-06-24,14.218575477600098
2019-06-25,14.170860290527344
2019-06-26,14.189210891723633
2019-06-27,14.347033500671387
2019-06-28,14.56724739074707
2019-07-01,14.644322395324707
2019-07-02,14.53421401977539
2019-07-03,14.556234359741211
2019-07-04,14.622302055358887
2019-07-05,14.174530029296875
2019-07-08,14.170860290527344
2019-07-09,13.888249397277832
2019-07-10,13.921282768249512
2019-07-11,13.862560272216797
2019-07-12,14.108464241027832
2019-07-15,14.159850120544434
2019-07-16,14.405755996704102
2019-07-17,14.317669868469238
2019-07-18,14.086444854736328
2019-07-19,14.145167350769043
2019-07-22,14.086444854736328
2019-07-23,14.805813789367676
2019-07-24,14.622302055358887
2019-07-25,13.223933219909668
2019-07-26,13.800161361694336
2019-07-29,13.491863250732422
2019-07-30,13.337712287902832
2019-07-31,13.381754875183105
2019-08-02,13.33036994934082
2019-08-05,12.985367774963379
2019-08-06,12.952335357666016
2019-08-07,12.93031120300293
2019-08-08,13.066113471984863
2019-08-09,12.96701717376709
2019-08-12,12.88994026184082
2019-08-13,12.878929138183594
2019-08-14,12.710097312927246
2019-08-15,12.544937133789062
2019-08-16,12.684407234191895
2019-08-19,12.933984756469727
2019-08-20,12.838556289672852
2019-08-21,13.0073881149292
2019-08-22,13.058772087097168
2019-08-23,12.952335357666016
2019-08-26,12.952335357666016
2019-08-27,13.04041862487793
2019-08-28,13.014727592468262
2019-08-29,13.212921142578125
2019-08-30,13.374412536621094
2019-09-02,13.297338485717773
2019-09-03,13.245955467224121
2019-09-04,13.495532035827637
2019-09-05,13.78181266784668
2019-09-06,14.086444854736328
2019-09-09,14.42043685913086
2019-09-10,14.57825756072998
2019-09-11,14.761772155761719
2019-09-12,14.77645206451416
2019-09-13,15.114117622375488
2019-09-16,14.923264503479004
2019-09-17,14.732407569885254
2019-09-18,14.717728614807129
2019-09-19,14.717728614807129
2019-09-20,14.640650749206543
2019-09-23,14.402088165283203
2019-09-24,14.29931926727295
2019-09-25,14.255276679992676
2019-09-26,14.090113639831543
2019-09-27,14.255276679992676
2019-09-30,14.262616157531738
2019-10-01,14.251605987548828
2019-10-02,14.027721405029297
2019-10-03,14.314000129699707
2019-10-04,14.46448040008545
2019-10-07,14.552566528320312
2019-10-08,14.394746780395508
2019-10-09,14.493841171264648
2019-10-10,14.791131019592285
2019-10-11,15.187521934509277
2019-10-14,15.21688461303711
2019-10-15,15.466461181640625
2019-10-16,15.642632484436035
2019-10-17,15.576566696166992
2019-10-18,15.605929374694824
2019-10-21,15.708696365356445
2019-10-22,15.488482475280762
2019-10-23,15.664654731750488
2019-10-24,15.664654731750488
2019-10-25,15.745399475097656
2019-10-28,15.495821952819824
2019-10-29,15.473799705505371
2019-10-30,15.268267631530762
2019-10-31,14.835174560546875
2019-11-01,14.835174560546875
2019-11-04,14.989326477050781
2019-11-05,15.128798484802246
2019-11-06,15.055390357971191
2019-11-07,15.187521934509277
2019-11-08,15.033370018005371
2019-11-11,14.989326477050781
2019-11-12,15.099435806274414
2019-11-13,15.121456146240234
2019-11-14,15.106775283813477
2019-11-15,15.334332466125488
2019-11-18,15.26092529296875
2019-11-19,15.180179595947266
2019-11-20,15.02602767944336
2019-11-21,14.974645614624023
2019-11-22,15.040711402893066
2019-11-25,15.17284107208252
2019-11-26,15.246245384216309
2019-11-27,15.275606155395508
2019-11-28,15.341670036315918
2019-11-29,15.165496826171875
2019-12-02,14.981988906860352
2019-12-03,14.769110679626465
2019-12-04,14.952625274658203
2019-12-05,14.95996379852295
2019-12-06,15.187521934509277
2019-12-09,15.194862365722656
2019-12-10,15.158161163330078
2019-12-11,15.17284107208252
2019-12-12,15.488482475280762
2019-12-13,15.466461181640625
2019-12-16,15.532525062561035
2019-12-17,15.437098503112793
2019-12-18,15.341670036315918
2019-12-19,15.664654731750488
2019-12-20,15.855508804321289
2019-12-23,15.83348560333252
2019-12-27,15.892210960388184
2019-12-30,15.855508804321289
2020-01-03,15.708696365356445
2020-01-06,15.554546356201172
2020-01-07,15.906891822814941
2020-01-08,15.848166465759277
2020-01-09,15.76742172241211
2020-01-10,15.774760246276855
2020-01-13,15.745399475097656
2020-01-14,15.723379135131836
2020-01-15,15.576566696166992
2020-01-16,15.686675071716309
2020-01-17,15.928912162780762
2020-01-20,16.141788482666016
2020-01-21,16.3326416015625
2020-01-22,16.42072868347168
2020-01-23,16.193172454833984
2020-01-24,16.310619354248047
2020-01-27,15.899551391601562
2020-01-28,16.00965690612793
2020-01-29,16.229875564575195
2020-01-30,16.07572364807129
2020-01-31,15.950932502746582
2020-02-03,16.097745895385742
2020-02-04,16.347322463989258
2020-02-05,16.58955955505371
2020-02-06,16.60424041748047
2020-02-07,16.391361236572266
2020-02-10,16.30327796936035
2020-02-11,16.596900939941406
2020-02-12,16.560195922851562
2020-02-13,17.507558822631836
2020-02-14,17.67167091369629
2020-02-17,17.768644332885742
2020-02-18,17.61945343017578
2020-02-19,17.46280288696289
2020-02-20,17.43296241760254
2020-02-21,17.306154251098633
2020-02-24,16.672090530395508
2020-02-25,16.54528045654297
2020-02-26,16.604955673217773
2020-02-27,15.881380081176758
2020-02-28,15.127963066101074
2020-03-02,15.030988693237305
2020-03-03,15.650131225585938
2020-03-04,16.067867279052734
2020-03-05,15.687429428100586
2020-03-06,15.34428882598877
2020-03-09,14.124653816223145
2020-03-10,14.087356567382812
2020-03-11,13.945627212524414
2020-03-12,12.57306957244873
2020-03-13,12.558149337768555
2020-03-16,11.73013973236084
2020-03-17,11.935276985168457
2020-03-18,11.629435539245605
2020-03-19,11.603326797485352
2020-03-20,11.446676254272461
2020-03-23,10.730560302734375
2020-03-24,11.677923202514648
2020-03-25,11.815923690795898
2020-03-26,11.823384284973145
2020-03-27,11.614516258239746
2020-03-30,11.849492073059082
2020-03-31,12.132955551147461
2020-04-01,11.629435539245605
2020-04-02,11.57348918914795
2020-04-03,11.483976364135742
2020-04-06,12.009872436523438
2020-04-07,12.610366821289062
2020-04-08,13.028101921081543
2020-04-09,13.457025527954102
2020-04-14,13.747947692871094
2020-04-15,13.0840482711792
2020-04-16,12.99453353881836
2020-04-17,13.31529426574707
2020-04-20,13.587568283081055
2020-04-21,13.251886367797852
2020-04-22,13.229510307312012
2020-04-23,13.374971389770508
2020-04-24,13.31529426574707
2020-04-27,13.31529426574707
2020-04-28,13.595026016235352
2020-04-29,14.0463285446167
2020-04-30,13.326482772827148
2020-05-04,12.67750358581543
2020-05-05,12.9087495803833
2020-05-06,12.867720603942871
2020-05-07,13.057939529418945
2020-05-08,13.341402053833008
2020-05-11,13.199670791625977
2020-05-12,13.17356014251709
2020-05-13,12.69242000579834
2020-05-14,12.252307891845703
2020-05-15,12.341822624206543
2020-05-18,12.875181198120117
2020-05-19,12.778206825256348
2020-05-20,12.927396774291992
2020-05-22,12.73344898223877
2020-05-25,12.916208267211914
2020-05-26,13.147453308105469
2020-05-27,13.270536422729492
2020-05-28,13.546538352966309
2020-05-29,13.139993667602539
2020-06-02,13.751676559448242
2020-06-03,14.14703369140625
2020-06-04,14.195521354675293
2020-06-05,14.40065860748291
2020-06-08,14.40065860748291
2020-06-09,14.068708419799805
2020-06-10,13.945627212524414
2020-06-11,13.292916297912598
2020-06-12,13.270536422729492
2020-06-15,13.319024085998535
2020-06-16,13.598755836486816
2020-06-17,13.692001342773438
2020-06-18,13.818814277648926
2020-06-19,13.815084457397461
2020-06-22,13.688271522521973
2020-06-23,13.826271057128906
2020-06-24,13.47940444946289
2020-06-25,13.524160385131836
2020-06-26,13.568918228149414
2020-06-29,13.848651885986328
2020-06-30,13.882220268249512
2020-07-01,14.911637306213379
2020-07-02,15.016069412231445
2020-07-03,15.03844928741455
2020-07-06,14.915771484375
2020-07-07,14.83539867401123
2020-07-08,14.890392303466797
2020-07-09,14.945384979248047
2020-07-10,15.097672462463379
2020-07-13,15.203428268432617
2020-07-14,15.207658767700195
2020-07-15,15.444550514221191
2020-07-16,15.406478881835938
2020-07-17,15.398019790649414
2020-07-20,15.44878101348877
2020-07-21,15.469932556152344
2020-07-22,15.550304412841797
2020-07-23,15.4783935546875
2020-07-24,15.355716705322266
2020-07-27,15.262652397155762
2020-07-28,15.283803939819336
2020-07-29,15.123053550720215
2020-07-30,14.987686157226562
2020-07-31,14.55197525024414
2020-08-03,14.852319717407227
2020-08-04,14.958076477050781
2020-08-05,15.249961853027344
2020-08-06,15.135744094848633
2020-08-07,15.139975547790527
2020-08-10,15.165356636047363
2020-08-11,15.44878101348877
2020-08-12,15.622220039367676
2020-08-13,15.59683895111084
2020-08-14,15.376867294311523
2020-08-17,15.453011512756348
2020-08-18,16.20176124572754
2020-08-19,16.011398315429688
2020-08-20,15.86334228515625
2020-08-21,15.905646324157715
2020-08-24,16.176382064819336
2020-08-25,15.99448299407959
2020-08-26,16.12984848022461
2020-08-27,15.99448299407959
2020-08-28,15.990250587463379
2020-08-31,15.905646324157715
2020-09-01,16.049474716186523
2020-09-02,16.214452743530273
2020-09-03,15.901415824890137
2020-09-04,16.002941131591797
2020-09-07,16.235605239868164
2020-09-08,15.931026458740234
2020-09-09,16.25675392150879
2020-09-10,16.30751609802246
2020-09-11,16.269445419311523
2020-09-14,16.222911834716797
2020-09-15,16.27367401123047
2020-09-16,16.25252342224121
2020-09-17,16.19329833984375
2020-09-18,16.0537052154541
2020-09-21,15.609530448913574
2020-09-22,15.52492618560791
2020-09-23,15.516465187072754
2020-09-24,15.288033485412598
2020-09-25,15.279572486877441
2020-09-28,15.43186092376709
2020-09-29,15.39378833770752
2020-09-30,15.364175796508789
2020-10-01,15.43186092376709
2020-10-02,15.469932556152344
2020-10-05,15.571460723876953
2020-10-06,15.419169425964355
2020-10-07,15.651830673217773
2020-10-08,15.723746299743652
2020-10-09,15.698365211486816
2020-10-12,15.643373489379883
2020-10-13,15.482624053955078
2020-10-14,15.359947204589844
2020-10-15,14.8734712600708
2020-10-16,14.941152572631836
2020-10-19,14.911541938781738
2020-10-20,14.869240760803223
2020-10-21,14.649270057678223
2020-10-22,14.480059623718262
2020-10-23,14.568894386291504
2020-10-26,14.27277946472168
2020-10-27,14.238936424255371
2020-10-28,13.62132453918457
2020-10-29,13.299826622009277
2020-10-30,13.299826622009277
2020-11-02,13.155999183654785
2020-11-03,13.498647689819336
2020-11-04,13.680547714233398
2020-11-05,13.887829780578613
2020-11-06,14.230478286743164
2020-11-09,14.932695388793945
2020-11-10,15.279572486877441
2020-11-11,15.152665138244629
2020-11-12,14.890392303466797
2020-11-13,14.920002937316895
2020-11-16,15.23727035522461
2020-11-17,15.228809356689453
2020-11-18,15.355716705322266
2020-11-19,15.18227767944336
2020-11-20,15.211888313293457
2020-11-23,15.338794708251953
2020-11-24,15.584150314331055
2020-11-25,15.300721168518066
2020-11-26,15.338794708251953
2020-11-27,15.546076774597168
2020-11-30,15.43186092376709
2020-12-01,15.406478881835938
2020-12-02,15.300721168518066
2020-12-03,15.139975547790527
2020-12-04,15.186507225036621
2020-12-07,15.275341987609863
2020-12-08,15.296491622924805
2020-12-09,15.482624053955078
2020-12-10,15.266880989074707
2020-12-11,14.974995613098145
2020-12-14,15.199198722839355
2020-12-15,15.398019790649414
2020-12-16,15.440321922302246
2020-12-17,15.567228317260742
2020-12-18,15.482624053955078
2020-12-21,15.165356636047363
2020-12-22,15.245732307434082
2020-12-23,15.398019790649414
2020-12-28,16.184837341308594
2020-12-29,16.112926483154297
2020-12-30,15.922565460205078
2021-01-04,15.804121971130371
2021-01-05,15.592609405517578
2021-01-06,16.024091720581055
2021-01-07,16.413272857666016
2021-01-08,16.455577850341797
2021-01-11,16.29059600830078
2021-01-12,16.434423446655273
2021-01-13,16.44288444519043
2021-01-14,16.62901496887207
2021-01-15,16.349821090698242
2021-01-18,16.519027709960938
2021-01-19,16.29482650756836
2021-01-20,16.578248977661133
2021-01-21,16.612092971801758
2021-01-22,16.468265533447266
2021-01-25,15.977559089660645
2021-01-26,16.222911834716797
2021-01-27,16.10869598388672
2021-01-28,16.29059600830078
2021-01-29,16.0410099029541
2021-02-01,16.239835739135742
2021-02-02,16.455577850341797
2021-02-03,16.210224151611328
2021-02-04,16.045244216918945
2021-02-05,15.808350563049316
2021-02-08,16.16792106628418
2021-02-09,16.244064331054688
2021-02-10,16.265216827392578
2021-02-11,15.842193603515625
2021-02-12,15.736438751220703
2021-02-15,16.155227661132812
2021-02-16,16.303287506103516
2021-02-17,16.210224151611328
2021-02-18,16.260984420776367
2021-02-19,16.679777145385742
2021-02-22,16.451345443725586
2021-02-23,16.341360092163086
2021-02-24,16.51056671142578
2021-02-25,16.311748504638672
2021-02-26,16.083316802978516
2021-03-01,16.574020385742188
2021-03-02,16.679777145385742
2021-03-03,16.692466735839844
2021-03-04,16.52326011657715
2021-03-05,16.574020385742188
2021-03-08,17.047805786132812
2021-03-09,16.9462833404541
2021-03-10,16.99704360961914
2021-03-11,16.912439346313477
2021-03-12,16.78130340576172
2021-03-15,16.489416122436523
2021-03-16,16.40481185913086
2021-03-17,16.392120361328125
2021-03-18,16.176382064819336
2021-03-19,15.825272560119629
2021-03-22,15.905646324157715
2021-03-23,15.876032829284668
2021-03-24,16.028322219848633
2021-03-25,15.998711585998535
2021-03-26,16.0537052154541
2021-03-29,16.08754539489746
2021-03-30,16.358280181884766
2021-03-31,16.12561798095703
2021-04-01,16.299057006835938
2021-04-06,16.421733856201172
2021-04-07,16.358280181884766
2021-04-08,16.1383113861084
2021-04-09,16.134078979492188
2021-04-12,16.032554626464844
2021-04-13,16.324438095092773
2021-04-14,16.80245590209961
2021-04-15,17.039344787597656
2021-04-16,17.343921661376953
2021-04-19,17.123950958251953
2021-04-20,16.7982234954834
2021-04-21,16.899747848510742
2021-04-22,16.920902252197266
2021-04-23,17.047805786132812
2021-04-26,17.14933204650879
2021-04-27,17.25931739807129
2021-04-28,17.174711227416992
2021-04-29,16.459806442260742
2021-04-30,16.172151565551758
2021-05-03,15.981789588928223
2021-05-04,15.947946548461914
2021-05-05,16.52326011657715
2021-05-06,16.480955123901367
2021-05-07,16.540178298950195
2021-05-10,16.540178298950195
2021-05-11,16.28636360168457
2021-05-12,16.480955123901367
2021-05-14,16.468265533447266
2021-05-17,16.455577850341797
2021-05-18,16.531719207763672
2021-05-19,16.36250877380371
2021-05-20,16.375200271606445
2021-05-21,16.468265533447266
2021-05-25,16.44288444519043
2021-05-26,16.44711685180664
2021-05-27,16.345590591430664
2021-05-28,16.472496032714844
2021-05-31,16.459806442260742
2021-06-01,16.67554473876953
2021-06-02,16.64593505859375
2021-06-03,16.565561294555664
2021-06-04,16.654396057128906
2021-06-07,16.624786376953125
2021-06-08,16.62901496887207
2021-06-09,16.502105712890625
2021-06-10,16.42596435546875
2021-06-11,16.519027709960938
2021-06-14,16.358280181884766
2021-06-15,16.620555877685547
2021-06-16,16.72631072998047
2021-06-17,16.358280181884766
2021-06-18,16.0156307220459
2021-06-21,16.10869598388672
2021-06-22,16.248294830322266
2021-06-23,16.07485580444336
2021-06-24,16.1636905670166
2021-06-25,16.12561798095703
2021-06-28,15.956409454345703
2021-06-29,16.036781311035156
2021-06-30,16.16416358947754
2021-07-01,16.563873291015625
2021-07-02,16.511165618896484
2021-07-05,16.3618221282959
2021-07-06,16.16416358947754
2021-07-07,16.33107566833496
2021-07-08,16.129024505615234
2021-07-09,16.418926239013672
2021-07-12,16.51995086669922
2021-07-13,16.537521362304688
2021-07-14,16.44967269897461
2021-07-15,16.418926239013672
2021-07-16,16.49359703063965
2021-07-19,16.16416358947754
2021-07-20,16.383785247802734
2021-07-21,16.60340690612793
2021-07-22,16.634153366088867
2021-07-23,16.73078727722168
2021-07-26,16.796676635742188
2021-07-27,16.941625595092773
2021-07-28,16.981157302856445
2021-07-29,16.70443344116211
2021-07-30,16.550697326660156
2021-08-02,16.599014282226562
2021-08-03,16.673686981201172
2021-08-04,16.49359703063965
2021-08-05,16.66050910949707
2021-08-06,16.932838439941406
2021-08-09,17.055828094482422
2021-08-10,17.27105712890625
2021-08-11,17.165637969970703
2021-08-12,17.209562301635742
2021-08-13,17.328157424926758
2021-08-16,17.1568546295166
2021-08-17,17.077791213989258
2021-08-18,17.161245346069336
2021-08-19,16.919662475585938
2021-08-20,16.805456161499023
2021-08-23,16.932838439941406
2021-08-24,17.033864974975586
2021-08-25,17.038259506225586
2021-08-26,16.99433135986328
2021-08-27,17.161245346069336
2021-08-30,17.26227378845215
2021-08-31,16.937232971191406
2021-09-01,16.954801559448242
2021-09-02,17.082181930541992
2021-09-03,16.946016311645508
2021-09-06,17.20077896118164
2021-09-07,16.976764678955078
2021-09-08,16.866952896118164
2021-09-09,16.765926361083984
2021-09-10,16.691255569458008
2021-09-13,16.792282104492188
2021-09-14,16.612192153930664
2021-09-15,16.436492919921875
2021-09-16,16.537521362304688
2021-09-17,15.900616645812988
2021-09-20,15.544829368591309
2021-09-21,15.55361270904541
2021-09-22,15.891831398010254
2021-09-23,16.014820098876953
2021-09-24,15.883045196533203
2021-09-27,15.746881484985352
2021-09-28,15.628286361694336
2021-09-29,15.558005332946777
2021-09-30,15.4833345413208
2021-10-01,15.325206756591797
2021-10-04,15.285676002502441
2021-10-05,15.320816993713379
2021-10-06,14.99577522277832
2021-10-07,15.298852920532227
2021-10-08,15.294461250305176
2021-10-11,15.298852920532227
2021-10-12,15.377917289733887
2021-10-13,15.593146324157715
2021-10-14,15.641462326049805
2021-10-15,15.777627944946289
2021-10-18,15.698564529418945
2021-10-19,15.777627944946289
2021-10-20,15.773235321044922
2021-10-21,15.79080581665039
2021-10-22,15.698564529418945
2021-10-25,15.68978214263916
2021-10-26,15.839123725891113
2021-10-27,15.883045196533203
2021-10-28,16.669294357299805
2021-10-29,16.919662475585938
2021-11-01,16.97237205505371
2021-11-02,16.932838439941406
2021-11-03,17.04265022277832
2021-11-04,17.209562301635742
2021-11-05,17.148067474365234
2021-11-08,16.95919418334961
2021-11-09,16.919662475585938
2021-11-10,16.932838439941406
2021-11-11,16.924055099487305
2021-11-12,17.407222747802734
2021-11-15,17.26227378845215
2021-11-16,17.328157424926758
2021-11-17,17.328157424926758
2021-11-18,17.345731735229492
2021-11-19,17.32376480102539
2021-11-22,17.385263442993164
2021-11-23,16.90209197998047
2021-11-24,16.669294357299805
2021-11-25,16.599014282226562
2021-11-26,15.953325271606445
2021-11-29,15.909404754638672
2021-11-30,15.856691360473633
2021-12-01,16.107059478759766
2021-12-02,16.067527770996094
2021-12-03,16.129024505615234
2021-12-06,16.43210220336914
2021-12-07,16.726394653320312
2021-12-08,16.919662475585938
2021-12-09,16.783496856689453
2021-12-10,16.761533737182617
2021-12-13,16.60780143737793
2021-12-14,16.142200469970703
2021-12-15,16.16855812072754
2021-12-16,16.458457946777344
2021-12-17,16.541912078857422
2021-12-20,16.155380249023438
2021-12-21,16.353038787841797
2021-12-22,16.392568588256836
2021-12-23,16.57265853881836
2021-12-27,16.67807960510254
2021-12-28,16.752750396728516
2021-12-29,16.880128860473633
2021-12-30,16.691255569458008
2022-01-03,16.954801559448242
2022-01-04,17.11292839050293
2022-01-05,17.306198120117188
2022-01-06,17.060218811035156
2022-01-07,17.060218811035156
2022-01-10,16.757144927978516
2022-01-11,16.998727798461914
2022-01-12,17.082181930541992
2022-01-13,17.328157424926758
2022-01-14,17.161245346069336
2022-01-17,17.28423309326172
2022-01-18,17.358905792236328
2022-01-19,17.604883193969727
2022-01-20,17.868427276611328
2022-01-21,17.407222747802734
2022-01-24,16.71321678161621
2022-01-25,16.682470321655273
2022-01-26,17.055828094482422
2022-01-27,17.27105712890625
2022-01-28,17.033864974975586
2022-01-31,17.121713638305664
2022-02-01,17.213953018188477
2022-02-02,17.459932327270508
2022-02-03,17.39404296875
2022-02-04,17.222740173339844
2022-02-07,17.613666534423828
2022-02-08,17.25788116455078
2022-02-09,17.477502822875977
2022-02-10,17.622451782226562
2022-02-11,17.569744110107422
2022-02-14,14.758583068847656
2022-02-15,15.184648513793945
2022-02-16,15.079232215881348
2022-02-17,14.96942138671875
2022-02-18,14.547746658325195
2022-02-21,14.407190322875977
2022-02-22,14.618025779724121
2022-02-23,14.688302993774414
2022-02-24,13.875703811645508
2022-02-25,14.411581039428711
2022-02-28,14.569707870483398
2022-03-01,14.297377586364746
2022-03-02,14.380834579467773
2022-03-03,13.779071807861328
2022-03-04,13.238801002502441
2022-03-07,12.672176361083984
2022-03-08,12.325174331665039
2022-03-09,13.467206954956055
2022-03-10,13.339827537536621
2022-03-11,13.445246696472168
2022-03-14,13.752716064453125
2022-03-15,13.695613861083984
2022-03-16,14.139249801635742
2022-03-17,14.161213874816895
2022-03-18,14.372051239013672
2022-03-21,14.53456974029541
2022-03-22,14.4642915725708
2022-03-23,14.618025779724121
2022-03-24,14.477466583251953
2022-03-25,14.372051239013672
2022-03-28,14.486251831054688
2022-03-29,14.859610557556152
2022-03-30,14.574102401733398
2022-03-31,14.134858131408691
2022-04-01,14.117287635803223
2022-04-04,14.257845878601074
2022-04-05,14.14364242553711
2022-04-06,13.669260025024414
2022-04-07,13.590195655822754
2022-04-08,13.871312141418457
2022-04-11,13.748322486877441
2022-04-12,13.669260025024414
2022-04-13,13.739540100097656
2022-04-14,13.941590309143066
2022-04-19,13.994300842285156
2022-04-20,14.029439926147461
2022-04-21,14.15242862701416
2022-04-22,13.84495735168457
2022-04-25,13.58141040802002
2022-04-26,13.291510581970215
2022-04-27,14.345694541931152
2022-04-28,14.495038986206055
2022-04-29,14.741015434265137
2022-05-02,14.582886695861816
2022-05-03,15.127548217773438
2022-05-04,15.478943824768066
2022-05-05,15.206612586975098
2022-05-06,15.022130966186523
2022-05-09,14.741015434265137
2022-05-10,14.943066596984863
2022-05-11,15.232967376708984
2022-05-12,15.013345718383789
2022-05-13,15.241751670837402
2022-05-16,15.189043045043945
2022-05-17,16.304719924926758
2022-05-18,15.839123725891113
2022-05-19,15.637068748474121
2022-05-20,15.918187141418457
2022-05-23,15.96211051940918
2022-05-24,15.830339431762695
2022-05-25,15.760059356689453
2022-05-27,16.252010345458984
2022-05-30,16.313505172729492
2022-05-31,16.129024505615234
2022-06-01,16.014820098876953
2022-06-02,16.374998092651367
2022-06-03,16.383785247802734
2022-06-07,16.884521484375
2022-06-08,16.884521484375
2022-06-09,16.946016311645508
2022-06-10,16.71761131286621
2022-06-13,16.533126831054688
2022-06-14,16.357431411743164
2022-06-15,16.436492919921875
2022-06-16,15.830339431762695
2022-06-17,15.81276798248291
2022-06-20,15.795197486877441
2022-06-21,16.041173934936523
2022-06-22,15.795197486877441
2022-06-23,14.951850891113281
2022-06-24,15.566792488098145
2022-06-27,15.707347869873047
2022-06-28,15.839123725891113
2022-06-29,15.461374282836914
2022-06-30,15.97089672088623
2022-07-01,15.487726211547852
2022-07-04,15.601932525634766
2022-07-05,15.312030792236328
2022-07-06,15.11876106262207
2022-07-07,15.637068748474121
2022-07-08,15.751276016235352
2022-07-11,15.478943824768066
2022-07-12,15.39987850189209
2022-07-13,15.189043045043945
2022-07-14,14.732229232788086
2022-07-15,15.048484802246094
2022-07-18,15.189043045043945
2022-07-19,15.443803787231445
2022-07-20,15.514081001281738
2022-07-21,15.672210693359375
2022-07-22,15.461374282836914
2022-07-25,15.347169876098633
2022-07-26,15.259322166442871
2022-07-27,15.443803787231445
2022-07-28,15.461374282836914
2022-07-29,15.628286361694336
2022-08-02,16.10266876220703
2022-08-03,16.208087921142578
2022-08-04,16.427711486816406
2022-08-05,16.1202392578125
2022-08-08,16.199302673339844
2022-08-09,15.68099594116211
2022-08-10,16.16416358947754
2022-08-11,16.067527770996094
2022-08-12,16.155380249023438
2022-08-15,16.21687126159668
2022-08-16,16.313505172729492
2022-08-17,16.041173934936523
2022-08-18,16.252010345458984
2022-08-19,16.041173934936523
2022-08-22,15.505298614501953
2022-08-23,15.865477561950684
2022-08-24,15.698564529418945
2022-08-25,15.830339431762695
2022-08-26,15.540438652038574
2022-08-29,15.73370361328125
2022-08-30,15.777627944946289
2022-08-31,15.909404754638672
2022-09-01,15.54922103881836
2022-09-02,16.21687126159668
2022-09-05,15.7424898147583
2022-09-06,15.80398178100586
2022-09-07,16.1202392578125
2022-09-08,16.272911071777344
2022-09-09,16.290870666503906
2022-09-12,16.506406784057617
2022-09-13,16.12921714782715
2022-09-14,15.868779182434082
2022-09-15,15.18625259399414
2022-09-16,14.853970527648926
2022-09-19,14.809065818786621
2022-09-20,14.620473861694336
2022-09-21,14.51270580291748
2022-09-22,14.38697624206543
2022-09-23,13.928964614868164
2022-09-26,13.749351501464844
2022-09-27,13.381144523620605
2022-09-28,13.605661392211914
2022-09-29,13.336241722106934
2022-09-30,14.279208183288574
2022-10-03,14.65639591217041
2022-10-04,15.258098602294922
2022-10-05,15.177271842956543
2022-10-06,14.92581558227539
2022-10-07,14.476783752441406
2022-10-10,14.665375709533691
2022-10-11,14.422898292541504
2022-10-12,14.449841499328613
2022-10-13,14.710278511047363
2022-10-14,14.728240013122559
2022-10-17,14.95275592803955
2022-10-18,15.078486442565918
2022-10-19,14.961736679077148
2022-10-20,15.1503324508667
2022-10-21,15.204214096069336
2022-10-24,15.392806053161621
2022-10-25,15.491594314575195
2022-10-26,15.599363327026367
2022-10-27,15.087464332580566
2022-10-28,14.728240013122559
2022-10-31,14.467803001403809
2022-11-01,14.225325584411621
2022-11-02,14.171441078186035
2022-11-03,14.090615272521973
2022-11-04,14.449841499328613
2022-11-07,14.342072486877441
2022-11-08,14.665375709533691
2022-11-09,14.602511405944824
2022-11-10,14.95275592803955
2022-11-11,15.12338924407959
2022-11-14,15.00663948059082
2022-11-15,14.880910873413086
2022-11-16,14.4408597946167
2022-11-17,14.189403533935547
2022-11-18,14.4408597946167
2022-11-21,14.252266883850098
2022-11-22,14.261247634887695
2022-11-23,14.333091735839844
2022-11-24,14.611493110656738
2022-11-25,14.51270580291748
2022-11-28,14.369014739990234
2022-11-29,14.000808715820312
2022-11-30,13.650564193725586
2022-12-01,13.47993278503418
2022-12-02,13.668524742126465
2022-12-05,13.560758590698242
2022-12-06,13.381144523620605
2022-12-07,13.255417823791504
2022-12-08,13.111726760864258
2022-12-09,13.435029029846191
2022-12-12,13.210514068603516
2022-12-13,13.68648624420166
2022-12-14,13.677505493164062
2022-12-15,13.390125274658203
2022-12-16,13.318280220031738
2022-12-19,13.28235912322998
2022-12-20,13.057842254638672
2022-12-21,13.318280220031738
2022-12-22,13.228474617004395
2022-12-23,13.327260971069336
2022-12-27,13.309300422668457
2022-12-28,13.309300422668457
2022-12-29,13.318280220031738
2022-12-30,13.15662956237793
2023-01-03,13.336241722106934
2023-01-04,13.668524742126465
2023-01-05,13.497893333435059
2023-01-06,13.695466995239258
2023-01-09,13.89304256439209
2023-01-10,13.731389999389648
2023-01-11,14.06367301940918
2023-01-12,14.180421829223633
2023-01-13,13.8571195602417
2023-01-16,14.000808715820312
2023-01-17,13.919983863830566
2023-01-18,13.964886665344238
2023-01-19,13.839158058166504
2023-01-20,13.8571195602417
2023-01-23,13.803235054016113
2023-01-24,13.928964614868164
2023-01-25,14.0457124710083
2023-01-26,14.198384284973145
2023-01-27,14.072653770446777
2023-01-30,14.126537322998047
2023-01-31,14.027750015258789
2023-02-01,14.261247634887695
2023-02-02,14.530667304992676
2023-02-03,14.51270580291748
2023-02-06,14.288188934326172
2023-02-07,14.207364082336426
2023-02-08,14.252266883850098
2023-02-09,14.431879043579102
2023-02-10,14.06367301940918
2023-02-13,14.2432861328125
2023-02-14,14.180421829223633
2023-02-15,14.377995491027832
2023-02-16,14.324111938476562
2023-02-17,14.252266883850098
2023-02-20,14.333091735839844
2023-02-21,14.225325584411621
2023-02-22,14.279208183288574
2023-02-23,14.2432861328125
2023-02-24,14.0457124710083
2023-02-27,14.126537322998047
2023-02-28,13.695466995239258
2023-03-01,13.848138809204102
2023-03-02,13.650564193725586
2023-03-03,13.650564193725586
2023-03-06,13.650564193725586
2023-03-07,13.488913536071777
2023-03-08,13.68648624420166
2023-03-09,13.542797088623047
2023-03-10,13.363183975219727
2023-03-13,13.165610313415527
2023-03-14,13.273378372192383
2023-03-15,12.716577529907227
2023-03-16,12.994977951049805
2023-03-17,12.985997200012207
2023-03-20,13.057842254638672
2023-03-21,13.219494819641113
2023-03-22,13.219494819641113
2023-03-23,13.120706558227539
2023-03-24,12.959056854248047
2023-03-27,13.120706558227539
2023-03-28,13.165610313415527
2023-03-29,13.381144523620605
2023-03-30,13.524836540222168
2023-03-31,13.56973934173584
2023-04-03,13.587700843811035
2023-04-04,13.174591064453125
2023-04-05,12.878230094909668
2023-04-06,12.860268592834473
2023-04-11,12.985997200012207
2023-04-12,13.021919250488281
2023-04-13,13.084783554077148
2023-04-14,13.093764305114746
2023-04-17,13.264398574829102
2023-04-18,13.363183975219727
2023-04-19,13.47993278503418
2023-04-20,13.3991060256958
2023-04-21,13.24643611907959
2023-04-24,13.255417823791504
2023-04-25,13.10274600982666
2023-04-26,13.120706558227539
2023-04-27,13.10274600982666
2023-04-28,13.345221519470215
2023-05-02,13.165610313415527
2023-05-03,13.10274600982666
2023-05-04,12.905172348022461
2023-05-05,12.878230094909668
2023-05-08,12.797404289245605
2023-05-09,12.608811378479004
2023-05-10,12.536966323852539
2023-05-11,12.501043319702148
2023-05-12,12.465120315551758
2023-05-15,12.554926872253418
2023-05-16,12.45613956451416
2023-05-17,12.30346965789795
2023-05-19,12.45613956451416
2023-05-22,12.393275260925293
2023-05-23,12.411235809326172
2023-05-24,12.28550910949707
2023-05-25,12.01608943939209
2023-05-26,12.052011489868164
2023-05-30,12.01608943939209
2023-05-31,11.791572570800781
2023-06-01,11.90832233428955
2023-06-02,12.20510196685791
2023-06-05,12.047436714172363
2023-06-06,12.112358093261719
2023-06-07,12.010339736938477
2023-06-08,12.038162231445312
2023-06-09,11.85267448425293
2023-06-12,12.103083610534668
2023-06-13,12.186553001403809
2023-06-14,12.186553001403809
2023-06-15,12.093809127807617
2023-06-16,12.075260162353516
2023-06-19,11.806302070617676
2023-06-20,11.528071403503418
2023-06-21,11.54662036895752
2023-06-22,11.657913208007812
2023-06-23,11.583717346191406
2023-06-26,11.602267265319824
2023-06-27,11.565169334411621
2023-06-28,11.695009231567383
2023-06-29,11.797028541564941
2023-06-30,11.98251724243164
2023-07-03,11.954693794250488
2023-07-04,12.019613265991211
2023-07-05,11.880498886108398
2023-07-06,11.667186737060547
2023-07-07,12.232924461364746
2023-07-10,12.279296875
2023-07-11,12.399863243103027
2023-07-12,12.640998840332031
2023-07-13,12.576078414916992
2023-07-14,12.43696117401123
2023-07-17,12.316394805908203
2023-07-18,12.62244987487793
2023-07-19,12.659546852111816
2023-07-20,12.77083969116211
2023-07-21,12.724468231201172
2023-07-24,12.761565208435059
2023-07-25,12.974876403808594
2023-07-26,12.909955978393555
2023-07-27,13.151089668273926
2023-07-28,13.262383460998535
2023-07-31,13.197461128234863
2023-08-02,13.188187599182129
2023-08-03,13.002700805664062
2023-08-04,13.058345794677734
2023-08-07,13.049072265625
2023-08-08,12.993426322937012
2023-08-09,13.076894760131836
2023-08-10,13.151089668273926
2023-08-11,13.021248817443848
2023-08-14,12.8635835647583
2023-08-15,12.715192794799805
2023-08-16,12.752290725708008
2023-08-17,12.668821334838867
2023-08-18,12.548254013061523
2023-08-21,12.538980484008789
2023-08-22,12.650273323059082
2023-08-23,12.613175392150879
2023-08-24,12.77083969116211
2023-08-25,12.965601921081543
2023-08-28,13.002700805664062
2023-08-29,13.243833541870117
2023-08-30,13.364400863647461
2023-08-31,13.670455932617188
2023-09-01,14.152724266052246
2023-09-04,13.726102828979492
2023-09-05,13.43859577178955
2023-09-06,13.6148099899292
2023-09-07,13.494242668151855
2023-09-08,13.447870254516602
2023-09-11,13.494242668151855
2023-09-12,13.401498794555664
2023-09-13,13.336578369140625
2023-09-14,13.42004680633545
2023-09-15,13.586986541748047
2023-09-18,13.51279067993164
2023-09-19,13.51279067993164
2023-09-20,13.85594367980957
2023-09-21,13.6333589553833
2023-09-22,13.568437576293945
2023-09-25,13.522065162658691
2023-09-26,13.336578369140625
2023-09-27,13.243833541870117
2023-09-28,13.178913116455078
2023-09-29,13.447870254516602
2023-10-02,13.160364151000977
2023-10-03,13.132540702819824
2023-10-04,12.984150886535645
2023-10-05,12.743016242980957
2023-10-06,12.752290725708008
2023-10-09,12.381315231323242
2023-10-10,12.372040748596191
2023-10-11,12.603900909423828
2023-10-12,12.409138679504395
2023-10-13,12.353492736816406
2023-10-16,12.409138679504395
2023-10-17,12.316394805908203
2023-10-18,12.130906105041504
2023-10-19,11.463150024414062
2023-10-20,11.500247955322266
2023-10-23,11.472424507141113
2023-10-24,11.54662036895752
2023-10-25,11.444602012634277
2023-10-26,11.407504081726074
2023-10-27,11.481698989868164
2023-10-30,11.759931564331055
2023-10-31,11.936144828796387
2023-11-01,11.98251724243164
2023-11-02,12.334943771362305
2023-11-03,12.390588760375977
2023-11-06,12.260748863220215
2023-11-07,12.084534645080566
2023-11-08,12.177278518676758
2023-11-09,12.381315231323242
2023-11-10,12.334943771362305
2023-11-13,12.464784622192383
2023-11-14,12.70591926574707
2023-11-15,12.613175392150879
2023-11-16,12.353492736816406
2023-11-17,12.381315231323242
2023-11-20,12.36276626586914
2023-11-21,12.149456024169922
2023-11-22,12.140181541442871
2023-11-23,12.093809127807617
2023-11-24,12.27002239227295
2023-11-27,12.056711196899414
2023-11-28,12.038162231445312
2023-11-29,12.121631622314453
2023-11-30,12.121631622314453
2023-12-01,12.056711196899414
2023-12-04,11.824851989746094
2023-12-05,11.899046897888184
2023-12-06,11.899046897888184
2023-12-07,11.85267448425293
2023-12-08,11.86194896697998
2023-12-11,11.899046897888184
2023-12-12,11.963967323303223
2023-12-13,12.019613265991211
2023-12-14,12.325669288635254
2023-12-15,12.353492736816406
2023-12-18,11.732107162475586
2023-12-19,11.750656127929688
2023-12-20,11.7135591506958
2023-12-21,11.602267265319824
2023-12-22,11.611541748046875
2023-12-27,11.592991828918457
2023-12-28,11.518796920776367
2023-12-29,11.518796920776367
2024-01-03,11.286937713623047
2024-01-04,11.324033737182617
2024-01-05,11.147821426391602
2024-01-08,11.082900047302246
2024-01-09,10.804668426513672
2024-01-10,10.665552139282227
2024-01-11,10.470789909362793
2024-01-12,10.368772506713867
2024-01-15,10.387320518493652
2024-01-16,10.266754150390625
2024-01-17,10.081265449523926
2024-01-18,10.044167518615723
2024-01-19,10.109088897705078
2024-01-22,10.109088897705078
2024-01-23,10.229656219482422
2024-01-24,10.294576644897461
2024-01-25,10.303850173950195
2024-01-26,10.461515426635742
2024-01-29,10.387320518493652
2024-01-30,10.294576644897461
2024-01-31,10.303850173950195
2024-02-01,10.238930702209473
2024-02-02,10.164735794067383
2024-02-05,10.266754150390625
2024-02-06,10.28530216217041
2024-02-07,10.155461311340332
2024-02-08,10.20183277130127
2024-02-09,10.034893035888672
2024-02-12,10.211108207702637
2024-02-13,10.109088897705078
2024-02-14,10.155461311340332
2024-02-15,10.248205184936523
2024-02-16,10.266754150390625
2024-02-19,10.20183277130127
2024-02-20,10.266754150390625
2024-02-21,10.303850173950195
2024-02-22,10.340948104858398
2024-02-23,10.424418449401855
2024-02-26,10.248205184936523
2024-02-27,10.452241897583008
2024-02-28,10.294576644897461
2024-02-29,10.146185874938965
2024-03-01,10.461515426635742
2024-03-04,10.442967414855957
2024-03-05,10.155461311340332
2024-03-06,10.13691234588623
2024-03-07,10.489339828491211
2024-03-08,10.5449857711792
2024-03-11,10.721199035644531
2024-03-12,10.77684497833252
2024-03-13,10.841765403747559
2024-03-14,10.795394897460938
2024-03-15,10.888137817382812
2024-03-18,10.851040840148926
2024-03-19,10.90668773651123
2024-03-20,11.045802116394043
2024-03-21,11.407504081726074
2024-03-22,11.407504081726074
2024-03-25,11.36113166809082
2024-03-26,11.166369438171387
2024-03-27,11.314760208129883
2024-03-28,11.305485725402832
2024-04-02,11.398229598999023
2024-04-03,11.77847957611084
2024-04-04,11.85267448425293
2024-04-05,11.722833633422852
2024-04-08,12.056711196899414
2024-04-09,11.936144828796387
2024-04-10,11.824851989746094
2024-04-11,12.158729553222656
2024-04-12,12.149456024169922
2024-04-15,12.186553001403809
2024-04-16,12.232924461364746
2024-04-17,12.297846794128418
2024-04-18,12.325669288635254
2024-04-19,12.20510196685791
2024-04-22,12.36276626586914
2024-04-23,12.27002239227295
2024-04-24,12.140181541442871
2024-04-25,12.075260162353516
2024-04-26,12.297846794128418
2024-04-29,12.446235656738281
2024-04-30,12.78011417388916
2024-05-02,12.807937622070312
2024-05-03,12.882132530212402
2024-05-06,12.919230461120605
2024-05-07,13.345852851867676
2024-05-08,13.178913116455078
2024-05-10,13.169638633728027
2024-05-13,13.141815185546875
2024-05-14,13.095442771911621
2024-05-15,13.262383460998535
2024-05-16,13.123266220092773
2024-05-17,13.373676300048828
2024-05-21,13.70755386352539
2024-05-22,13.689005851745605
2024-05-23,13.911590576171875
2024-05-24,13.920865058898926
2024-05-27,14.004334449768066
2024-05-28,13.661181449890137
2024-05-29,13.6333589553833
2024-05-30,13.576075553894043
2024-05-31,13.747923851013184
2024-06-03,13.413773536682129
2024-06-04,13.108263969421387
2024-06-05,13.108263969421387
2024-06-06,13.146452903747559
2024-06-07,13.289660453796387
2024-06-10,13.318302154541016
2024-06-11,13.29920768737793
2024-06-12,13.528339385986328
2024-06-13,13.318302154541016
2024-06-14,12.888679504394531
2024-06-17,12.974603652954102
2024-06-18,13.11781120300293
2024-06-19,13.127358436584473
2024-06-20,13.318302154541016
2024-06-21,13.136905670166016
2024-06-24,13.366037368774414
2024-06-25,13.337396621704102
2024-06-26,13.499698638916016
2024-06-27,13.518792152404785
2024-06-28,13.499698638916016
2024-07-01,13.957962036132812
2024-07-02,13.938868522644043
2024-07-03,14.12981128692627
2024-07-04,14.053434371948242
2024-07-05,14.187093734741211
2024-07-08,14.110716819763184
2024-07-09,13.967509269714355
2024-07-10,13.957962036132812
2024-07-11,14.053434371948242
2024-07-12,13.938868522644043
2024-07-15,13.700188636779785
2024-07-16,13.738377571105957
2024-07-17,13.957962036132812
2024-07-18,14.187093734741211
2024-07-19,13.900679588317871
2024-07-22,14.024791717529297
2024-07-23,13.881585121154785
2024-07-24,13.91977310180664
2024-07-25,13.795660018920898
2024-07-26,13.747923851013184
2024-07-29,13.8624906539917
2024-07-30,12.75501823425293
2024-07-31,12.478150367736816
2024-08-02,12.17264175415039
2024-08-05,11.532980918884277
2024-08-06,11.485244750976562
2024-08-07,11.704830169677734
2024-08-08,11.743019104003906
2024-08-09,11.647546768188477
2024-08-12,11.695282936096191
2024-08-13,11.599810600280762
2024-08-14,11.80984878540039
2024-08-15,12.153546333312988
2024-08-16,12.28720760345459
2024-08-19,12.37313175201416
2024-08-20,12.344491004943848
2024-08-21,12.430415153503418
2024-08-22,12.439962387084961
2024-08-23,12.659547805786133
2024-08-26,12.669095039367676
2024-08-27,12.573622703552246
2024-08-28,12.55452823638916
2024-08-29,12.793207168579102
2024-08-30,12.73592472076416
2024-09-02,12.726377487182617
2024-09-03,12.38267993927002
2024-09-04,12.497245788574219
2024-09-05,12.17264175415039
2024-09-06,11.943510055541992
2024-09-09,12.029434204101562
2024-09-10,11.828943252563477
2024-09-11,11.733471870422363
2024-09-12,11.771659851074219
2024-09-13,11.857584953308105
2024-09-16,11.80984878540039
2024-09-17,11.933961868286133
2024-09-18,11.647546768188477
2024-09-19,11.695282936096191
2024-09-20,11.427962303161621
2024-09-23,11.294301986694336
2024-09-24,11.303849220275879
2024-09-25,11.475698471069336
2024-09-26,11.90532112121582
2024-09-27,12.268113136291504
2024-09-30,12.220377922058105
2024-10-01,12.077169418334961
2024-10-02,12.086716651916504
2024-10-03,12.153546333312988
2024-10-04,12.277660369873047
2024-10-07,12.191736221313477
2024-10-08,11.99124526977539
2024-10-09,12.029434204101562
2024-10-10,12.124905586242676
2024-10-11,12.067623138427734
2024-10-14,12.010339736938477
2024-10-15,11.886226654052734
2024-10-16,11.819396018981934
2024-10-17,11.790755271911621
2024-10-18,11.914867401123047
2024-10-21,11.914867401123047
2024-10-22,11.895773887634277
2024-10-23,11.762112617492676
2024-10-24,11.80984878540039
2024-10-25,11.981698036193848
2024-10-28,12.182188987731934
2024-10-29,11.561622619628906
2024-10-30,11.45660400390625
2024-10-31,11.447056770324707
2024-11-01,11.580717086791992
2024-11-04,11.580717086791992
2024-11-05,11.609358787536621
2024-11-06,11.676188468933105
2024-11-07,11.57116985321045
2024-11-08,11.09381103515625
2024-11-11,10.988792419433594
2024-11-12,10.62600040435791
2024-11-13,10.62600040435791
2024-11-14,10.864679336547852
2024-11-15,10.836037635803223
2024-11-18,10.64509391784668
2024-11-19,10.578264236450195
2024-11-20,10.454151153564453
2024-11-21,10.368226051330566
2024-11-22,10.425509452819824
2024-11-25,10.37777328491211
2024-11-26,10.158188819885254
2024-11-27,10.129547119140625
2024-11-28,10.110452651977539
2024-11-29,10.129547119140625
2024-12-02,10.148641586303711
2024-12-03,10.158188819885254
2024-12-04,10.119999885559082
2024-12-05,10.100905418395996
2024-12-06,10.215471267700195
2024-12-09,10.520981788635254
2024-12-10,10.35867977142334
2024-12-11,10.310943603515625
2024-12-12,10.081811904907227
2024-12-13,9.938603401184082
2024-12-16,9.766754150390625
2024-12-17,9.719018936157227
2024-12-18,9.6426420211792
2024-12-19,9.423056602478027
2024-12-20,9.423056602478027
2024-12-23,9.489886283874512
2024-12-27,9.6426420211792
2024-12-30,9.633094787597656
2025-01-03,9.466018676757812
2025-01-06,9.6426420211792
2025-01-07,9.633094787597656
2025-01-08,9.585358619689941
2025-01-09,9.504207611083984
2025-01-10,9.542396545410156
2025-01-13,9.604453086853027
2025-01-14,9.42782974243164
2025-01-15,9.513754844665527
2025-01-16,9.389641761779785
2025-01-17,9.623547554016113
2025-01-20,9.709471702575684
2025-01-21,9.556716918945312
2025-01-22,9.43260383605957
2025-01-23,9.513754844665527
2025-01-24,9.728565216064453
2025-01-27,9.852679252624512
2025-01-28,9.852679252624512
2025-01-29,9.88132095336914
2025-01-30,9.967245101928711
2025-01-31,9.81449031829834
2025-02-03,9.532848358154297
2025-02-04,9.623547554016113
2025-02-05,9.556716918945312
2025-02-06,9.99588680267334
2025-02-07,9.99588680267334
2025-02-10,10.043622970581055
2025-02-11,9.986339569091797
2025-02-12,10.053169250488281
2025-02-13,10.330037117004395
2025-02-14,10.415962219238281
2025-02-17,10.349132537841797
2025-02-18,10.396868705749512
2025-02-19,10.234566688537598
2025-02-20,10.492339134216309
2025-02-21,10.53052806854248
2025-02-24,10.673736572265625
2025-02-25,10.349132537841797
2025-02-26,10.406414985656738
2025-02-27,10.091358184814453
2025-02-28,9.542396545410156
2025-03-03,9.680830955505371
2025-03-04,9.313263893127441
2025-03-05,9.976792335510254
2025-03-06,10.339584350585938
2025-03-07,9.833584785461426
2025-03-10,9.81449031829834
2025-03-11,9.719018936157227
2025-03-12,9.680830955505371
2025-03-13,9.81449031829834
2025-03-14,10.158188819885254
2025-03-17,10.26320743560791
2025-03-18,10.368226051330566
2025-03-19,10.225018501281738
2025-03-20,9.99588680267334
2025-03-21,9.833584785461426
2025-03-24,9.766754150390625
2025-03-25,9.680830955505371
2025-03-26,9.575811386108398
2025-03-27,9.423056602478027
2025-03-28,9.365774154663086
2025-03-31,9.09367847442627
2025-04-01,9.002981185913086
2025-04-02,8.821584701538086
2025-04-03,8.434924125671387
2025-04-04,7.948018550872803
2025-04-07,7.2749433517456055
2025-04-08,7.513622760772705
2025-04-09,7.160377502441406
2025-04-10,7.776170253753662
2025-04-11,7.7618489265441895
2025-04-14,8.053038597106934
2025-04-15,8.105546951293945
2025-04-16,8.076905250549316
2025-04-17,8.119868278503418
2025-04-22,8.134188652038574
2025-04-23,8.363321304321289
2025-04-24,8.468339920043945
2025-04-25,8.673604011535645
2025-04-28,8.812037467956543
2025-04-29,9.112773895263672
2025-04-30,8.773848533630371
2025-05-02,8.816810607910156
2025-05-05,8.859773635864258
2025-05-06,8.659282684326172
2025-05-07,8.654508590698242
2025-05-08,8.792943000793457
2025-05-09,8.850226402282715
2025-05-12,8.883642196655273
2025-05-13,9.112773895263672
2025-05-14,9.084132194519043
2025-05-15,9.117547035217285
2025-05-16,8.98388671875
2025-05-19,9.026848793029785
2025-05-20,9.131867408752441
2025-05-21,8.940924644470215
2025-05-22,9.127094268798828
2025-05-23,8.878868103027344
2025-05-26,9.060263633728027
2025-05-27,8.96479320526123
2025-05-28,8.921830177307129
2025-05-30,8.854999542236328
2025-06-02,8.84000015258789
2025-06-03,8.739999771118164
2025-06-04,8.885000228881836
2025-06-05,8.635000228881836
2025-06-06,8.649999618530273
2025-06-10,9.039999961853027
2025-06-11,8.975000381469727
2025-06-12,8.694999694824219
2025-06-13,8.449999809265137
2025-06-16,8.359999656677246
2025-06-17,8.404999732971191
2025-06-18,8.199999809265137
2025-06-19,8.104999542236328
2025-06-20,8.239999771118164
2025-06-23,8.260000228881836
2025-06-24,8.585000038146973
2025-06-25,8.454999923706055
2025-06-26,8.595000267028809
2025-06-27,8.609999656677246
2025-06-30,8.425000190734863
2025-07-01,8.460000038146973
2025-07-02,8.734999656677246
2025-07-03,8.625
2025-07-04,8.524999618530273
2025-07-07,8.484999656677246
2025-07-08,8.710000038146973
2025-07-09,8.755000114440918
2025-07-10,8.895000457763672
2025-07-11,8.699999809265137
2025-07-14,8.569999694824219
2025-07-15,8.710000038146973
2025-07-16,8.539999961853027
2025-07-17,8.670000076293945
2025-07-18,8.555000305175781
2025-07-21,8.600000381469727
2025-07-22,8.5600004196167
2025-07-23,8.875
2025-07-24,8.904999732971191
2025-07-25,8.854999542236328
2025-07-28,8.795000076293945
2025-07-29,8.600000381469727
2025-07-30,8.489999771118164
2025-07-31,8.399999618530273
2025-08-04,8.210000038146973
2025-08-05,8.15999984741211
2025-08-06,7.914999961853027
2025-08-07,8.104999542236328
2025-08-08,8.21500015258789
2025-08-11,8.109999656677246
2025-08-12,8.119999885559082
2025-08-13,8.0600004196167
2025-08-14,8.104999542236328
2025-08-15,8.119999885559082
2025-08-18,8.029999732971191
2025-08-19,8.324999809265137
2025-08-20,8.279999732971191
2025-08-21,8.204999923706055
2025-08-22,8.380000114440918
