Date,ENELGXCH.SN
2015-08-24,284.75885009765625
2015-08-25,288.0498046875
2015-08-26,287.408935546875
2015-08-27,293.9288635253906
2015-08-28,293.3258361816406
2015-08-31,296.0310363769531
2015-09-01,291.14105224609375
2015-09-02,292.2644958496094
2015-09-03,297.5335693359375
2015-09-04,289.0113525390625
2015-09-07,291.9440002441406
2015-09-08,288.0050048828125
2015-09-09,286.9436340332031
2015-09-10,285.4584045410156
2015-09-11,281.44024658203125
2015-09-14,278.6936950683594
2015-09-15,284.28668212890625
2015-09-16,287.45709228515625
2015-09-17,287.3089294433594
2015-09-21,288.36688232421875
2015-09-22,284.9207763671875
2015-09-23,282.990966796875
2015-09-24,284.22125244140625
2015-09-25,281.7814025878906
2015-09-28,279.0348205566406
2015-09-29,278.82464599609375
2015-09-30,282.32928466796875
2015-10-01,282.0226135253906
2015-10-02,284.1971130371094
2015-10-05,287.7569580078125
2015-10-06,289.47308349609375
2015-10-07,290.2381591796875
2015-10-08,289.4111022949219
2015-10-09,290.8722229003906
2015-10-13,292.0955810546875
2015-10-14,287.3709716796875
2015-10-15,290.2554016113281
2015-10-16,292.3299560546875
2015-10-19,295.86212158203125
2015-10-20,297.3853454589844
2015-10-21,303.9537048339844
2015-10-22,305.1287536621094
2015-10-23,304.694580078125
2015-10-26,303.0335388183594
2015-10-27,299.6804504394531
2015-10-28,302.0341796875
2015-10-29,300.093994140625
2015-10-30,298.56390380859375
2015-11-02,296.35498046875
2015-11-03,298.4537353515625
2015-11-04,295.1592102050781
2015-11-05,295.3108215332031
2015-11-06,298.65704345703125
2015-11-09,295.46929931640625
2015-11-10,293.5980529785156
2015-11-11,294.0736999511719
2015-11-12,297.0200500488281
2015-11-13,296.6581726074219
2015-11-16,296.7926330566406
2015-11-17,296.7134094238281
2015-11-18,293.2190246582031
2015-11-19,302.65789794921875
2015-11-20,312.9031677246094
2015-11-23,303.2472229003906
2015-11-24,303.8330383300781
2015-11-25,304.6532287597656
2015-11-26,303.8675231933594
2015-11-27,297.5646057128906
2015-11-30,290.3450012207031
2015-12-01,289.2456970214844
2015-12-02,284.1178283691406
2015-12-03,282.8496398925781
2015-12-04,283.5837097167969
2015-12-07,282.82904052734375
2015-12-09,280.9129638671875
2015-12-10,279.96875
2015-12-11,275.7989501953125
2015-12-14,273.9173889160156
2015-12-15,273.9793701171875
2015-12-16,277.5323181152344
2015-12-17,292.9812927246094
2015-12-18,288.71148681640625
2015-12-21,290.5655517578125
2015-12-22,294.9385986328125
2015-12-23,301.9721374511719
2015-12-24,301.89971923828125
2015-12-28,302.93359375
2015-12-29,302.4407958984375
2015-12-30,302.77850341796875
2015-12-31,302.77850341796875
2016-01-04,297.6541748046875
2016-01-05,298.6121826171875
2016-01-06,299.8079528808594
2016-01-07,294.53533935546875
2016-01-08,296.1379089355469
2016-01-11,296.3481140136719
2016-01-12,293.4912109375
2016-01-13,296.809814453125
2016-01-14,299.08087158203125
2016-01-15,289.6763916015625
2016-01-18,289.5489501953125
2016-01-19,293.9564208984375
2016-01-20,293.30859375
2016-01-21,294.26666259765625
2016-01-22,299.5184631347656
2016-01-25,299.43731689453125
2016-01-26,300.8835754394531
2016-01-27,303.505859375
2016-01-28,309.6727294921875
2016-01-29,322.4784240722656
2016-02-01,322.3431396484375
2016-02-02,314.0812683105469
2016-02-03,316.66522216796875
2016-02-04,322.11767578125
2016-02-05,320.4736633300781
2016-02-08,317.0433044433594
2016-02-09,318.82952880859375
2016-02-10,320.2481994628906
2016-02-11,317.31732177734375
2016-02-12,320.7060241699219
2016-02-15,321.2713317871094
2016-02-16,324.1572265625
2016-02-17,324.9619140625
2016-02-18,326.3804626464844
2016-02-19,323.5362854003906
2016-02-22,322.3951416015625
2016-02-23,320.3626708984375
2016-02-24,317.86181640625
2016-02-25,324.07733154296875
2016-02-26,319.4886169433594
2016-02-29,319.3082580566406
2016-03-01,325.5202941894531
2016-03-02,325.3225402832031
2016-03-03,325.7527160644531
2016-03-04,323.9004821777344
2016-03-07,323.42181396484375
2016-03-08,324.9965515136719
2016-03-09,323.5710144042969
2016-03-10,325.17340087890625
2016-03-11,322.5755310058594
2016-03-14,326.5261535644531
2016-03-15,326.609375
2016-03-16,324.008056640625
2016-03-17,328.6072082519531
2016-03-18,333.8862609863281
2016-03-21,336.0158996582031
2016-03-22,330.2443542480469
2016-03-23,321.2818603515625
2016-03-24,320.390380859375
2016-03-28,322.568603515625
2016-03-29,323.106201171875
2016-03-30,323.5952453613281
2016-03-31,323.20330810546875
2016-04-01,322.5165710449219
2016-04-04,322.5650939941406
2016-04-05,321.9373474121094
2016-04-06,317.36590576171875
2016-04-07,316.5577087402344
2016-04-08,316.9739074707031
2016-04-11,313.4222412109375
2016-04-12,316.81439208984375
2016-04-13,313.415283203125
2016-04-14,309.7005615234375
2016-04-15,312.0001220703125
2016-04-18,310.7480163574219
2016-04-19,310.64056396484375
2016-04-20,309.6415710449219
2016-04-21,309.6415710449219
2016-04-22,334.84600830078125
2016-04-25,330.6744689941406
2016-04-26,329.602783203125
2016-04-27,335.097412109375
2016-04-28,337.2898254394531
2016-04-29,332.456787109375
2016-05-02,333.0746154785156
2016-05-03,331.6147766113281
2016-05-04,336.7703857421875
2016-05-05,338.0607604980469
2016-05-06,338.7277526855469
2016-05-09,343.1672058105469
2016-05-10,346.69915771484375
2016-05-11,349.323486328125
2016-05-12,348.8204345703125
2016-05-13,348.1479187011719
2016-05-16,351.64154052734375
2016-05-17,350.23101806640625
2016-05-18,338.3778076171875
2016-05-19,330.87127685546875
2016-05-20,328.24688720703125
2016-05-23,327.9461975097656
2016-05-24,330.2479553222656
2016-05-25,330.16595458984375
2016-05-26,328.2906494140625
2016-05-27,327.4377746582031
2016-05-30,326.497314453125
2016-05-31,328.9631652832031
2016-06-01,328.1102600097656
2016-06-02,325.68267822265625
2016-06-03,321.2980041503906
2016-06-06,322.51715087890625
2016-06-07,322.4624328613281
2016-06-08,323.523193359375
2016-06-09,321.0355224609375
2016-06-10,318.7064514160156
2016-06-13,317.4762878417969
2016-06-14,316.9131774902344
2016-06-15,320.1334533691406
2016-06-16,322.3859558105469
2016-06-17,329.65203857421875
2016-06-20,328.1485290527344
2016-06-21,329.1927185058594
2016-06-22,331.8773193359375
2016-06-23,336.7541198730469
2016-06-24,328.3725891113281
2016-06-28,329.2911682128906
2016-06-29,331.1446533203125
2016-06-30,334.4414367675781
2016-07-01,332.888671875
2016-07-04,332.97613525390625
2016-07-05,330.4994201660156
2016-07-06,321.46746826171875
2016-07-07,320.8114013671875
2016-07-08,321.6806640625
2016-07-11,321.9649353027344
2016-07-12,318.181640625
2016-07-13,317.96832275390625
2016-07-14,317.59112548828125
2016-07-15,319.93658447265625
2016-07-18,317.3396301269531
2016-07-19,320.7183837890625
2016-07-20,317.6457824707031
2016-07-21,321.1557922363281
2016-07-22,323.64886474609375
2016-07-25,324.4908752441406
2016-07-26,325.2453918457031
2016-07-27,326.16387939453125
2016-07-28,327.1752624511719
2016-07-29,326.36065673828125
2016-08-01,323.06390380859375
2016-08-02,321.6916809082031
2016-08-03,320.3138427734375
2016-08-04,318.4878234863281
2016-08-05,314.76995849609375
2016-08-08,311.8450012207031
2016-08-09,311.8121643066406
2016-08-10,311.4075622558594
2016-08-11,308.0998229980469
2016-08-12,301.98736572265625
2016-08-16,297.66278076171875
2016-08-17,289.4453125
2016-08-18,290.3364562988281
2016-08-19,293.77001953125
2016-08-22,292.3758544921875
2016-08-23,289.095458984375
2016-08-24,286.43829345703125
2016-08-25,287.4607238769531
2016-08-26,289.41253662109375
2016-08-29,288.1112976074219
2016-08-30,283.2673034667969
2016-08-31,277.82183837890625
2016-09-01,277.0618896484375
2016-09-02,278.051513671875
2016-09-05,271.1244201660156
2016-09-06,267.816650390625
2016-09-07,268.91558837890625
2016-09-08,273.0762023925781
2016-09-09,272.5130310058594
2016-09-12,269.3420104980469
2016-09-13,264.1316833496094
2016-09-14,260.8949890136719
2016-09-15,260.2881774902344
2016-09-16,255.54251098632812
2016-09-20,259.407958984375
2016-09-21,262.17437744140625
2016-09-22,260.1514892578125
2016-09-23,262.90692138671875
2016-09-26,260.3209228515625
2016-09-27,255.99632263183594
2016-09-28,256.4992370605469
2016-09-29,248.314697265625
2016-09-30,238.39154052734375
2016-10-03,245.72320556640625
2016-10-04,248.18353271484375
2016-10-05,247.84454345703125
2016-10-06,246.60890197753906
2016-10-07,245.45533752441406
2016-10-11,244.90855407714844
2016-10-12,247.19937133789062
2016-10-13,251.9614715576172
2016-10-14,258.33087158203125
2016-10-17,256.4664611816406
2016-10-18,255.0012664794922
2016-10-19,256.52117919921875
2016-10-20,251.72088623046875
2016-10-21,255.0012664794922
2016-10-24,257.9809265136719
2016-10-25,254.94659423828125
2016-10-26,250.4524688720703
2016-10-27,251.14682006835938
2016-10-28,246.3628387451172
2016-11-02,246.07859802246094
2016-11-03,246.193359375
2016-11-04,242.1202392578125
2016-11-07,246.13873291015625
2016-11-08,249.9276123046875
2016-11-09,246.01844787597656
2016-11-10,236.7950897216797
2016-11-11,232.93516540527344
2016-11-14,232.45399475097656
2016-11-15,236.94815063476562
2016-11-16,233.38348388671875
2016-11-17,230.77005004882812
2016-11-18,230.72634887695312
2016-11-21,230.45851135253906
2016-11-22,228.5503692626953
2016-11-23,229.34307861328125
2016-11-24,227.86692810058594
2016-11-25,229.81332397460938
2016-11-28,229.7421875
2016-11-29,230.78648376464844
2016-11-30,230.3709259033203
2016-12-01,232.1751708984375
2016-12-02,233.08277893066406
2016-12-05,233.79351806640625
2016-12-06,235.11659240722656
2016-12-07,235.15484619140625
2016-12-09,237.45114135742188
2016-12-12,234.26370239257812
2016-12-13,240.12469482421875
2016-12-14,233.65684509277344
2016-12-15,234.41131591796875
2016-12-16,233.79351806640625
2016-12-19,231.6448974609375
2016-12-20,232.87503051757812
2016-12-21,231.60104370117188
2016-12-22,231.4972686767578
2016-12-23,229.3540802001953
2016-12-26,227.44595336914062
2016-12-27,228.6378631591797
2016-12-28,233.53651428222656
2016-12-29,236.27566528320312
2016-12-30,241.61727905273438
2017-01-03,239.184326171875
2017-01-04,241.4641571044922
2017-01-05,241.09786987304688
2017-01-06,240.9010009765625
2017-01-09,237.4347686767578
2017-01-10,238.05255126953125
2017-01-11,245.3842010498047
2017-01-12,246.12229919433594
2017-01-13,240.58395385742188
2017-01-16,238.96560668945312
2017-01-17,240.8354034423828
2017-01-18,242.73805236816406
2017-01-19,242.3607940673828
2017-01-20,240.28871154785156
2017-01-23,240.62657165527344
2017-01-24,242.38877868652344
2017-01-25,244.7180633544922
2017-01-26,248.2201690673828
2017-01-27,241.68284606933594
2017-01-30,234.60064697265625
2017-01-31,231.62103271484375
2017-02-01,226.9014434814453
2017-02-02,225.93417358398438
2017-02-03,225.92303466796875
2017-02-06,225.10589599609375
2017-02-07,230.24798583984375
2017-02-08,227.85760498046875
2017-02-09,233.6500701904297
2017-02-10,233.48330688476562
2017-02-13,239.55926513671875
2017-02-14,242.02748107910156
2017-02-15,246.02996826171875
2017-02-16,247.78652954101562
2017-02-17,245.98544311523438
2017-02-20,245.70751953125
2017-02-21,247.25852966308594
2017-02-22,247.2417755126953
2017-02-23,248.59266662597656
2017-02-24,246.46910095214844
2017-02-27,246.3523712158203
2017-02-28,245.7519989013672
2017-03-01,248.47032165527344
2017-03-02,249.07623291015625
2017-03-03,249.67660522460938
2017-03-06,252.25042724609375
2017-03-07,259.0657958984375
2017-03-08,259.3437194824219
2017-03-09,258.37646484375
2017-03-10,260.9725036621094
2017-03-13,268.7495422363281
2017-03-14,266.9095764160156
2017-03-15,265.7199401855469
2017-03-16,263.4963073730469
2017-03-17,266.0534362792969
2017-03-20,266.23687744140625
2017-03-21,269.10528564453125
2017-03-22,266.6204528808594
2017-03-23,266.8094482421875
2017-03-24,267.4376525878906
2017-03-27,269.58343505859375
2017-03-28,276.137451171875
2017-03-29,274.8144226074219
2017-03-30,276.8100891113281
2017-03-31,276.0151062011719
2017-04-03,270.8730773925781
2017-04-04,271.74029541015625
2017-04-05,279.0614929199219
2017-04-06,280.5068664550781
2017-04-07,288.761962890625
2017-04-10,294.4988098144531
2017-04-11,288.9898376464844
2017-04-12,285.73785400390625
2017-04-13,286.7773742675781
2017-04-17,287.967041015625
2017-04-18,289.1455078125
2017-04-19,289.1455078125
2017-04-20,284.3925476074219
2017-04-21,288.0225830078125
2017-04-24,290.1072082519531
2017-04-25,292.9589538574219
2017-04-26,290.2239074707031
2017-04-27,287.7223815917969
2017-04-28,283.981201171875
2017-05-02,298.7847900390625
2017-05-03,295.249267578125
2017-05-04,298.9349060058594
2017-05-05,297.9454040527344
2017-05-08,292.1140441894531
2017-05-09,293.2480163574219
2017-05-10,293.9818115234375
2017-05-11,296.9559020996094
2017-05-12,299.24066162109375
2017-05-15,300.17449951171875
2017-05-16,300.56365966796875
2017-05-17,300.8860778808594
2017-05-18,298.9626770019531
2017-05-19,302.1146545410156
2017-05-22,294.6993408203125
2017-05-23,294.10467529296875
2017-05-24,297.5991516113281
2017-05-25,295.64520263671875
2017-05-29,294.5068359375
2017-05-30,296.8118591308594
2017-05-31,293.6006164550781
2017-06-01,296.5853271484375
2017-06-02,293.8045654296875
2017-06-05,291.4371032714844
2017-06-06,291.6127624511719
2017-06-07,291.7655944824219
2017-06-08,291.1313171386719
2017-06-09,285.246826171875
2017-06-12,286.35125732421875
2017-06-13,288.2995300292969
2017-06-14,287.0138854980469
2017-06-15,285.5639953613281
2017-06-16,286.2719421386719
2017-06-19,288.8885192871094
2017-06-20,288.28253173828125
2017-06-21,286.5890808105469
2017-06-22,287.4896545410156
2017-06-23,284.70880126953125
2017-06-27,285.331787109375
2017-06-28,281.8430480957031
2017-06-29,280.88018798828125
2017-06-30,283.2928771972656
2017-07-03,288.5090637207031
2017-07-04,288.1182556152344
2017-07-05,289.4209289550781
2017-07-06,288.480712890625
2017-07-07,287.13848876953125
2017-07-10,291.9241638183594
2017-07-11,292.54718017578125
2017-07-12,292.79638671875
2017-07-13,291.9695129394531
2017-07-14,291.0350036621094
2017-07-17,295.5885314941406
2017-07-18,297.0271301269531
2017-07-19,297.9446105957031
2017-07-20,297.338623046875
2017-07-21,297.54241943359375
2017-07-24,297.4178466796875
2017-07-25,294.65972900390625
2017-07-26,289.732421875
2017-07-27,287.3310546875
2017-07-28,288.36749267578125
2017-07-31,286.4588317871094
2017-08-01,287.0648193359375
2017-08-02,287.2800598144531
2017-08-03,285.7225341796875
2017-08-04,287.1214904785156
2017-08-07,288.9564514160156
2017-08-08,283.07196044921875
2017-08-09,277.4254150390625
2017-08-10,275.84527587890625
2017-08-11,276.8476867675781
2017-08-14,276.4796142578125
2017-08-16,277.8841247558594
2017-08-17,276.6268310546875
2017-08-18,277.27813720703125
2017-08-21,276.3266906738281
2017-08-22,276.2020568847656
2017-08-23,277.5104064941406
2017-08-24,276.7910461425781
2017-08-25,276.94970703125
2017-08-28,301.6882019042969
2017-08-29,305.6640930175781
2017-08-30,302.3282470703125
2017-08-31,301.71087646484375
2017-09-01,301.30303955078125
2017-09-04,304.5767517089844
2017-09-05,300.7310485839844
2017-09-06,296.39276123046875
2017-09-07,298.4713134765625
2017-09-08,299.3208312988281
2017-09-11,298.4713134765625
2017-09-12,298.4713134765625
2017-09-13,296.3531188964844
2017-09-14,293.72528076171875
2017-09-15,296.4664611816406
2017-09-20,298.4713134765625
2017-09-21,300.17041015625
2017-09-22,301.7052307128906
2017-09-25,304.5086669921875
2017-09-26,307.5330505371094
2017-09-27,309.5153503417969
2017-09-28,312.06964111328125
2017-09-29,317.1045837402344
2017-10-02,322.1564636230469
2017-10-03,323.9631652832031
2017-10-04,324.5125427246094
2017-10-05,320.4743957519531
2017-10-06,324.46722412109375
2017-10-10,323.27783203125
2017-10-11,317.5859375
2017-10-12,314.6691589355469
2017-10-13,316.6061706542969
2017-10-16,317.6029052734375
2017-10-17,319.6814270019531
2017-10-18,320.96710205078125
2017-10-19,322.728515625
2017-10-20,323.8385009765625
2017-10-23,326.3928527832031
2017-10-24,323.1476135253906
2017-10-25,321.48248291015625
2017-10-26,320.446044921875
2017-10-30,319.3983154296875
2017-10-31,314.26141357421875
2017-11-02,310.6650695800781
2017-11-03,310.71600341796875
2017-11-06,314.91278076171875
2017-11-07,310.3421630859375
2017-11-08,310.27984619140625
2017-11-09,310.0760192871094
2017-11-10,309.56060791015625
2017-11-13,306.1624755859375
2017-11-14,305.7433776855469
2017-11-15,309.23785400390625
2017-11-16,309.8155212402344
2017-11-17,311.02178955078125
2017-11-20,302.7247009277344
2017-11-21,308.3713073730469
2017-11-22,300.40264892578125
2017-11-23,293.4930419921875
2017-11-24,298.9470520019531
2017-11-27,303.86871337890625
2017-11-28,304.9222106933594
2017-11-29,301.5863037109375
2017-11-30,299.224609375
2017-12-01,305.092041015625
2017-12-04,310.206298828125
2017-12-05,304.6559143066406
2017-12-06,304.0612487792969
2017-12-07,300.8556823730469
2017-12-11,301.7675476074219
2017-12-12,301.99407958984375
2017-12-13,302.3452453613281
2017-12-14,300.8896789550781
2017-12-15,304.9335021972656
2017-12-18,313.73468017578125
2017-12-19,314.27276611328125
2017-12-20,305.1203918457031
2017-12-21,307.2045593261719
2017-12-22,309.7928466796875
2017-12-26,308.1107482910156
2017-12-27,311.0048522949219
2017-12-28,312.0526428222656
2017-12-29,315.3885192871094
2018-01-02,311.1181640625
2018-01-03,311.22576904296875
2018-01-04,312.2791748046875
2018-01-05,314.91839599609375
2018-01-08,314.8957214355469
2018-01-09,314.43695068359375
2018-01-10,315.0995788574219
2018-01-11,315.17315673828125
2018-01-12,316.0001220703125
2018-01-15,316.02276611328125
2018-01-17,319.3133239746094
2018-01-18,322.0998229980469
2018-01-19,323.5100402832031
2018-01-22,323.1479797363281
2018-01-23,324.576171875
2018-01-24,324.6904602050781
2018-01-25,324.8103942871094
2018-01-26,327.82684326171875
2018-01-29,329.0779724121094
2018-01-30,328.35247802734375
2018-01-31,328.40386962890625
2018-02-01,329.5064697265625
2018-02-02,335.482177734375
2018-02-05,330.9918518066406
2018-02-06,328.358154296875
2018-02-07,326.3128967285156
2018-02-08,316.78369140625
2018-02-09,315.6067810058594
2018-02-12,314.4985046386719
2018-02-13,317.8805236816406
2018-02-14,316.8751525878906
2018-02-15,320.8913269042969
2018-02-16,321.39410400390625
2018-02-19,319.86297607421875
2018-02-20,317.03509521484375
2018-02-21,318.200439453125
2018-02-22,320.9427490234375
2018-02-23,323.7420349121094
2018-02-26,323.3421630859375
2018-02-27,318.1262512207031
2018-02-28,318.09765625
2018-03-01,316.9322814941406
2018-03-02,319.1031494140625
2018-03-05,318.7604064941406
2018-03-06,319.4859313964844
2018-03-07,322.07965087890625
2018-03-08,323.8449401855469
2018-03-09,326.787109375
2018-03-12,327.729736328125
2018-03-13,325.48455810546875
2018-03-14,325.290283203125
2018-03-15,324.090576171875
2018-03-16,327.97540283203125
2018-03-19,327.0212707519531
2018-03-20,325.05035400390625
2018-03-21,321.1997985839844
2018-03-22,322.53094482421875
2018-03-23,313.2931213378906
2018-03-26,303.95806884765625
2018-03-27,306.6146240234375
2018-03-28,288.19036865234375
2018-03-29,281.33477783203125
2018-04-02,279.7979736328125
2018-04-03,281.35760498046875
2018-04-04,284.9339294433594
2018-04-05,285.4080810546875
2018-04-06,283.85992431640625
2018-04-09,284.50543212890625
2018-04-10,283.0886535644531
2018-04-11,282.6830139160156
2018-04-12,283.071533203125
2018-04-13,282.7059326171875
2018-04-16,280.2835998535156
2018-04-17,279.7237243652344
2018-04-18,279.3695373535156
2018-04-19,276.3131103515625
2018-04-20,275.95318603515625
2018-04-23,272.2511901855469
2018-04-24,268.3434753417969
2018-04-25,269.3946838378906
2018-04-26,275.3304748535156
2018-04-27,277.19287109375
2018-04-30,278.35833740234375
2018-05-02,276.3759765625
2018-05-03,275.0733642578125
2018-05-04,275.31903076171875
2018-05-07,278.66107177734375
2018-05-08,281.5176086425781
2018-05-09,279.6493835449219
2018-05-10,281.4376220703125
2018-05-11,287.2207946777344
2018-05-14,271.51666259765625
2018-05-15,269.3282775878906
2018-05-16,269.03057861328125
2018-05-17,269.4391174316406
2018-05-18,269.23486328125
2018-05-22,273.40740966796875
2018-05-23,274.1836242675781
2018-05-24,272.5845642089844
2018-05-25,271.364990234375
2018-05-28,271.364990234375
2018-05-29,270.2327880859375
2018-05-30,269.6842346191406
2018-05-31,264.3445129394531
2018-06-01,264.5487060546875
2018-06-04,268.447021484375
2018-06-05,265.5758361816406
2018-06-06,265.9784851074219
2018-06-07,263.80169677734375
2018-06-08,265.5291442871094
2018-06-11,267.27984619140625
2018-06-12,263.3699035644531
2018-06-13,266.392822265625
2018-06-14,265.6808776855469
2018-06-15,268.1611022949219
2018-06-18,264.9455261230469
2018-06-19,265.2781982421875
2018-06-20,267.09893798828125
2018-06-21,263.7784118652344
2018-06-22,262.8155212402344
2018-06-25,262.61126708984375
2018-06-26,260.6270751953125
2018-06-27,256.7871398925781
2018-06-28,255.0247039794922
2018-06-29,255.90003967285156
2018-07-03,251.65158081054688
2018-07-04,250.96881103515625
2018-07-05,256.3260803222656
2018-07-06,255.97593688964844
2018-07-09,255.0247039794922
2018-07-10,257.9425964355469
2018-07-11,257.9425964355469
2018-07-12,258.10015869140625
2018-07-13,257.9425964355469
2018-07-17,260.45196533203125
2018-07-18,258.18182373046875
2018-07-19,259.0630798339844
2018-07-20,260.0201110839844
2018-07-23,260.00262451171875
2018-07-24,259.9734191894531
2018-07-25,260.5745849609375
2018-07-26,260.8605041503906
2018-07-27,261.3215026855469
2018-07-30,262.58203125
2018-07-31,263.19476318359375
2018-08-01,265.3890686035156
2018-08-02,263.19476318359375
2018-08-03,265.4123840332031
2018-08-06,262.7921447753906
2018-08-07,262.6695556640625
2018-08-08,262.61126708984375
2018-08-09,265.4182434082031
2018-08-10,262.7804870605469
2018-08-13,262.6229248046875
2018-08-14,263.19476318359375
2018-08-16,262.64044189453125
2018-08-17,262.61126708984375
2018-08-20,265.5291442871094
2018-08-21,262.284423828125
2018-08-22,263.1364440917969
2018-08-23,263.7784118652344
2018-08-24,261.86419677734375
2018-08-27,261.3506774902344
2018-08-28,259.7750549316406
2018-08-29,258.899658203125
2018-08-30,258.6136779785156
2018-08-31,255.85922241210938
2018-09-03,255.0247039794922
2018-09-04,257.38818359375
2018-09-05,256.0343017578125
2018-09-06,257.0730895996094
2018-09-07,256.16845703125
2018-09-10,255.03631591796875
2018-09-11,257.0613708496094
2018-09-12,256.2034606933594
2018-09-13,257.12554931640625
2018-09-14,265.0272216796875
2018-09-20,262.4770202636719
2018-09-21,268.04437255859375
2018-09-24,266.2760925292969
2018-09-25,269.8184814453125
2018-09-26,266.2527160644531
2018-09-27,267.5250549316406
2018-09-28,269.3164978027344
2018-10-01,268.5403747558594
2018-10-02,269.1239929199219
2018-10-03,272.5845642089844
2018-10-04,272.5321350097656
2018-10-05,273.8509826660156
2018-10-08,272.0769348144531
2018-10-09,271.341552734375
2018-10-10,271.39996337890625
2018-10-11,269.299072265625
2018-10-12,269.03057861328125
2018-10-16,262.13262939453125
2018-10-17,261.619140625
2018-10-18,256.6236877441406
2018-10-19,258.6078796386719
2018-10-22,254.87289428710938
2018-10-23,253.27394104003906
2018-10-24,251.0738525390625
2018-10-25,248.38938903808594
2018-10-26,244.61355590820312
2018-10-29,245.3955841064453
2018-10-30,241.01292419433594
2018-10-31,245.83331298828125
2018-11-05,248.1209259033203
2018-11-06,244.26345825195312
2018-11-07,245.13876342773438
2018-11-08,243.93666076660156
2018-11-09,239.7757568359375
2018-11-12,239.87490844726562
2018-11-13,241.57315063476562
2018-11-14,240.9604034423828
2018-11-15,242.9562530517578
2018-11-16,243.65069580078125
2018-11-19,244.33932495117188
2018-11-20,241.00711059570312
2018-11-21,245.1038360595703
2018-11-22,243.4114990234375
2018-11-23,242.2267608642578
2018-11-26,242.2443084716797
2018-11-27,243.28305053710938
2018-11-28,240.4351806640625
2018-11-29,242.18589782714844
2018-11-30,246.85458374023438
2018-12-03,249.54489135742188
2018-12-04,250.53106689453125
2018-12-05,252.31105041503906
2018-12-06,253.6882781982422
2018-12-07,250.83457946777344
2018-12-10,249.93588256835938
2018-12-11,249.6031951904297
2018-12-12,250.78790283203125
2018-12-13,253.1572265625
2018-12-14,249.93588256835938
2018-12-17,244.05337524414062
2018-12-18,243.63323974609375
2018-12-19,244.81788635253906
2018-12-20,243.35305786132812
2018-12-21,237.97830200195312
2018-12-24,236.9336700439453
2018-12-26,241.1121368408203
2018-12-27,242.57107543945312
2018-12-28,243.80824279785156
2019-01-02,242.19757080078125
2019-01-03,242.7694854736328
2019-01-04,245.68743896484375
2019-01-07,245.88853454589844
2019-01-08,248.18475341796875
2019-01-09,249.1439971923828
2019-01-10,251.18836975097656
2019-01-11,254.1979522705078
2019-01-14,252.9868927001953
2019-01-15,257.9449462890625
2019-01-16,270.9846496582031
2019-01-17,275.94268798828125
2019-01-18,278.0889892578125
2019-01-21,275.47503662109375
2019-01-22,271.8479309082031
2019-01-23,274.066162109375
2019-01-24,277.5673828125
2019-01-25,276.9079284667969
2019-01-28,275.1752624511719
2019-01-29,271.2364501953125
2019-01-30,271.9918212890625
2019-01-31,274.88153076171875
2019-02-01,276.1525573730469
2019-02-04,266.7999572753906
2019-02-05,266.72802734375
2019-02-06,262.9989318847656
2019-02-07,264.45587158203125
2019-02-08,260.7926940917969
2019-02-11,261.2723388671875
2019-02-12,264.887451171875
2019-02-13,263.19683837890625
2019-02-14,263.71844482421875
2019-02-15,264.1380310058594
2019-02-18,263.79034423828125
2019-02-19,264.4857482910156
2019-02-20,261.9917907714844
2019-02-21,261.9917907714844
2019-02-22,263.79034423828125
2019-02-25,266.56011962890625
2019-02-26,264.0241394042969
2019-02-27,260.91265869140625
2019-02-28,261.5901184082031
2019-03-01,261.09246826171875
2019-03-04,263.8023681640625
2019-03-05,263.8023681640625
2019-03-06,261.4042663574219
2019-03-07,261.9917907714844
2019-03-08,260.7267761230469
2019-03-11,260.7267761230469
2019-03-12,259.54571533203125
2019-03-13,257.7950744628906
2019-03-14,257.7531433105469
2019-03-15,258.69439697265625
2019-03-18,261.0205383300781
2019-03-19,263.7004089355469
2019-03-20,264.9894104003906
2019-03-21,265.0613708496094
2019-03-22,264.68963623046875
2019-03-25,260.7926940917969
2019-03-26,265.0133972167969
2019-03-27,264.27001953125
2019-03-28,263.7963562011719
2019-03-29,264.58172607421875
2019-04-01,266.70404052734375
2019-04-02,264.8695373535156
2019-04-03,262.9330749511719
2019-04-04,262.88507080078125
2019-04-05,262.59130859375
2019-04-08,263.2508239746094
2019-04-09,260.54693603515625
2019-04-10,261.3923034667969
2019-04-11,261.614013671875
2019-04-12,263.69439697265625
2019-04-15,263.67645263671875
2019-04-16,261.76995849609375
2019-04-17,262.795166015625
2019-04-18,257.8550720214844
2019-04-22,261.3382568359375
2019-04-23,261.3923034667969
2019-04-24,261.3923034667969
2019-04-25,260.6907958984375
2019-04-26,261.0744934082031
2019-04-29,261.35626220703125
2019-04-30,261.3923034667969
2019-05-02,261.3202819824219
2019-05-03,258.5145568847656
2019-05-06,259.81549072265625
2019-05-07,254.98931884765625
2019-05-08,252.6991424560547
2019-05-09,256.74591064453125
2019-05-10,257.7950744628906
2019-05-13,253.12161254882812
2019-05-14,258.0177917480469
2019-05-15,256.200927734375
2019-05-16,254.48886108398438
2019-05-17,254.48886108398438
2019-05-20,255.39413452148438
2019-05-22,258.6520690917969
2019-05-23,258.2887268066406
2019-05-24,255.58506774902344
2019-05-27,257.2787170410156
2019-05-28,257.4327087402344
2019-05-29,255.10470581054688
2019-05-30,256.77984619140625
2019-05-31,254.97532653808594
2019-06-03,257.0570068359375
2019-06-04,256.2193908691406
2019-06-05,254.9691925048828
2019-06-06,249.4263916015625
2019-06-07,250.04840087890625
2019-06-10,253.4972686767578
2019-06-11,255.57275390625
2019-06-12,255.57275390625
2019-06-13,255.5419464111328
2019-06-14,254.4580535888672
2019-06-17,255.46804809570312
2019-06-18,256.200927734375
2019-06-19,256.6197204589844
2019-06-20,255.19090270996094
2019-06-21,254.93841552734375
2019-06-24,257.4327087402344
2019-06-25,259.8961181640625
2019-06-26,263.2834167480469
2019-06-27,266.7630920410156
2019-06-28,267.3788757324219
2019-07-01,270.98175048828125
2019-07-02,270.98175048828125
2019-07-03,271.10491943359375
2019-07-04,270.98175048828125
2019-07-05,270.9571533203125
2019-07-08,270.98175048828125
2019-07-09,271.5606689453125
2019-07-10,268.549072265625
2019-07-11,267.8531799316406
2019-07-12,267.28656005859375
2019-07-15,267.28656005859375
2019-07-17,267.28656005859375
2019-07-18,268.76458740234375
2019-07-19,267.8592834472656
2019-07-22,267.1695251464844
2019-07-23,265.9193115234375
2019-07-24,258.6644287109375
2019-07-25,258.94769287109375
2019-07-26,258.3380126953125
2019-07-29,254.371826171875
2019-07-30,255.58506774902344
2019-07-31,256.26251220703125
2019-08-01,255.58506774902344
2019-08-02,255.3448486328125
2019-08-05,250.65809631347656
2019-08-06,250.7197723388672
2019-08-07,255.88685607910156
2019-08-08,254.6243438720703
2019-08-09,250.51034545898438
2019-08-12,248.0406951904297
2019-08-13,249.494140625
2019-08-14,248.06533813476562
2019-08-16,245.90975952148438
2019-08-19,246.32240295410156
2019-08-20,243.80966186523438
2019-08-21,249.8451690673828
2019-08-22,243.26771545410156
2019-08-23,240.82887268066406
2019-08-26,239.541748046875
2019-08-27,237.63253784179688
2019-08-28,239.6464080810547
2019-08-29,240.20069885253906
2019-08-30,242.7565460205078
2019-09-02,243.24307250976562
2019-09-03,237.73109436035156
2019-09-04,238.64871215820312
2019-09-05,241.420166015625
2019-09-06,241.420166015625
2019-09-09,240.92745971679688
2019-09-10,241.04444885253906
2019-09-11,246.27317810058594
2019-09-12,246.34703063964844
2019-09-13,246.7843475341797
2019-09-16,247.20310974121094
2019-09-17,247.20310974121094
2019-09-23,247.89285278320312
2019-09-24,249.4263916015625
2019-09-25,246.31011962890625
2019-09-26,248.9891357421875
2019-09-27,252.28402709960938
2019-09-30,246.56874084472656
2019-10-01,246.29776000976562
2019-10-02,246.24847412109375
2019-10-03,246.24847412109375
2019-10-04,238.4023895263672
2019-10-07,242.9166717529297
2019-10-08,242.03594970703125
2019-10-09,238.3407440185547
2019-10-10,240.6687469482422
2019-10-11,242.94741821289062
2019-10-14,246.37783813476562
2019-10-15,245.96517944335938
2019-10-16,247.560302734375
2019-10-17,250.11004638671875
2019-10-18,247.28317260742188
2019-10-21,236.2960662841797
2019-10-22,235.8773193359375
2019-10-23,232.18211364746094
2019-10-24,227.9942169189453
2019-10-25,227.86483764648438
2019-10-28,222.9379119873047
2019-10-29,213.09017944335938
2019-10-30,200.97608947753906
2019-11-04,204.3879852294922
2019-11-05,196.87440490722656
2019-11-06,187.9751434326172
2019-11-07,194.94058227539062
2019-11-08,198.0814971923828
2019-11-11,196.54185485839844
2019-11-12,190.3031005859375
2019-11-13,184.7602996826172
2019-11-14,189.68724060058594
2019-11-15,215.5537109375
2019-11-18,218.92245483398438
2019-11-19,209.9739227294922
2019-11-20,209.3087615966797
2019-11-21,208.55126953125
2019-11-22,208.16326904296875
2019-11-25,207.97235107421875
2019-11-26,207.6644287109375
2019-11-27,203.1747283935547
2019-11-28,198.21701049804688
2019-11-29,203.03924560546875
2019-12-02,201.00070190429688
2019-12-03,202.04151916503906
2019-12-04,203.16241455078125
2019-12-05,218.38050842285156
2019-12-06,229.7186737060547
2019-12-09,223.63388061523438
2019-12-10,229.706298828125
2019-12-11,230.9503631591797
2019-12-12,234.0297393798828
2019-12-13,239.92970275878906
2019-12-16,234.63941955566406
2019-12-17,234.64559936523438
2019-12-18,237.09674072265625
2019-12-19,234.09124755859375
2019-12-20,234.09124755859375
2019-12-23,228.75173950195312
2019-12-24,228.4869384765625
2019-12-26,228.4869384765625
2019-12-27,228.4869384765625
2019-12-30,230.24827575683594
2020-01-02,230.64242553710938
2020-01-03,232.61325073242188
2020-01-06,236.025146484375
2020-01-07,240.72415161132812
2020-01-08,237.10903930664062
2020-01-09,237.10903930664062
2020-01-10,237.63865661621094
2020-01-13,242.8797149658203
2020-01-14,237.2568359375
2020-01-15,234.64559936523438
2020-01-16,237.10903930664062
2020-01-17,237.10903930664062
2020-01-20,238.5704803466797
2020-01-21,238.5704803466797
2020-01-22,229.12680053710938
2020-01-23,224.93789672851562
2020-01-24,222.78765869140625
2020-01-27,231.15313720703125
2020-01-28,230.0996856689453
2020-01-29,226.17724609375
2020-01-30,226.2329559326172
2020-01-31,223.07888793945312
2020-02-03,216.8822784423828
2020-02-04,221.43679809570312
2020-02-05,217.27883911132812
2020-02-06,216.8822784423828
2020-02-07,216.8822784423828
2020-02-10,210.8467254638672
2020-02-11,211.25572204589844
2020-02-12,211.25572204589844
2020-02-13,210.8777313232422
2020-02-14,210.6546630859375
2020-02-17,210.6546630859375
2020-02-18,211.6832733154297
2020-02-19,210.68560791015625
2020-02-20,210.49354553222656
2020-02-21,210.68560791015625
2020-02-24,208.84521484375
2020-02-25,208.84521484375
2020-02-26,208.84521484375
2020-02-27,206.1682586669922
2020-02-28,202.9398193359375
2020-03-02,203.91270446777344
2020-03-03,204.17913818359375
2020-03-04,204.17913818359375
2020-03-05,204.17913818359375
2020-03-06,204.17913818359375
2020-03-09,204.17913818359375
2020-03-10,203.0080108642578
2020-03-11,192.7401580810547
2020-03-12,185.89907836914062
2020-03-13,185.8309326171875
2020-03-16,185.8309326171875
2020-03-17,185.8309326171875
2020-03-18,169.3974151611328
2020-03-19,173.5057830810547
2020-03-20,173.5677490234375
2020-03-23,167.30917358398438
2020-03-24,167.30917358398438
2020-03-25,173.4066619873047
2020-03-26,185.89907836914062
2020-03-27,188.99118041992188
2020-03-30,188.96641540527344
2020-03-31,188.9973907470703
2020-04-01,171.81410217285156
2020-04-02,171.09530639648438
2020-04-03,173.5057830810547
2020-04-06,174.12547302246094
2020-04-07,173.83421325683594
2020-04-08,179.90072631835938
2020-04-09,182.80075073242188
2020-04-13,185.89907836914062
2020-04-14,189.00979614257812
2020-04-15,188.9973907470703
2020-04-16,188.7495574951172
2020-04-17,192.2692108154297
2020-04-20,185.89907836914062
2020-04-21,176.53594970703125
2020-04-22,180.73727416992188
2020-04-23,181.146240234375
2020-04-24,181.146240234375
2020-04-27,186.06019592285156
2020-04-28,186.52493286132812
2020-04-29,191.1662139892578
2020-04-30,193.94850158691406
2020-05-04,190.9059600830078
2020-05-05,191.4822540283203
2020-05-06,190.23672485351562
2020-05-07,196.86715698242188
2020-05-08,197.9267578125
2020-05-11,201.3906707763672
2020-05-12,201.3906707763672
2020-05-13,197.0158233642578
2020-05-14,193.27928161621094
2020-05-15,192.9818115234375
2020-05-18,197.17074584960938
2020-05-19,197.82762145996094
2020-05-20,198.29232788085938
2020-05-22,190.2904052734375
2020-05-25,188.8226318359375
2020-05-26,188.55633544921875
2020-05-27,190.93983459472656
2020-05-28,182.15924072265625
2020-05-29,178.60020446777344
2020-06-01,181.70458984375
2020-06-02,182.1332244873047
2020-06-03,187.76400756835938
2020-06-04,190.933349609375
2020-06-05,194.84307861328125
2020-06-08,199.71400451660156
2020-06-09,203.1495819091797
2020-06-10,200.6816864013672
2020-06-11,195.40162658691406
2020-06-12,196.48622131347656
2020-06-15,195.5185089111328
2020-06-16,196.31082153320312
2020-06-17,198.68133544921875
2020-06-18,198.56443786621094
2020-06-19,198.56443786621094
2020-06-22,204.5784149169922
2020-06-23,204.5784149169922
2020-06-24,200.03221130371094
2020-06-25,199.7919158935547
2020-06-26,200.24005126953125
2020-06-30,201.06484985351562
2020-07-01,201.33116149902344
2020-07-02,207.02035522460938
2020-07-03,210.1442108154297
2020-07-06,217.54803466796875
2020-07-07,211.2677764892578
2020-07-08,209.7091064453125
2020-07-09,200.03221130371094
2020-07-10,200.81158447265625
2020-07-13,204.1757354736328
2020-07-14,206.7151336669922
2020-07-15,200.4933319091797
2020-07-17,198.0838623046875
2020-07-20,198.25271606445312
2020-07-21,198.07086181640625
2020-07-22,198.0448760986328
2020-07-23,198.0448760986328
2020-07-24,196.2393798828125
2020-07-27,199.35679626464844
2020-07-28,194.81710815429688
2020-07-29,194.81710815429688
2020-07-30,194.7781219482422
2020-07-31,194.69369506835938
2020-08-03,194.69369506835938
2020-08-04,193.84939575195312
2020-08-05,191.5893096923828
2020-08-06,192.61541748046875
2020-08-07,190.95933532714844
2020-08-10,190.95933532714844
2020-08-11,190.95933532714844
2020-08-12,191.5893096923828
2020-08-13,190.59564208984375
2020-08-14,194.10267639160156
2020-08-17,193.73251342773438
2020-08-18,191.47238159179688
2020-08-19,191.21263122558594
2020-08-20,185.7831573486328
2020-08-21,185.7831573486328
2020-08-24,186.24429321289062
2020-08-25,186.24429321289062
2020-08-26,182.5424041748047
2020-08-27,181.32139587402344
2020-08-28,180.30178833007812
2020-08-31,181.50975036621094
2020-09-01,181.7825164794922
2020-09-02,181.60067749023438
2020-09-03,181.84747314453125
2020-09-04,181.84747314453125
2020-09-07,180.81483459472656
2020-09-08,178.60020446777344
2020-09-09,178.60020446777344
2020-09-10,178.60020446777344
2020-09-11,178.60020446777344
2020-09-14,172.03424072265625
2020-09-15,172.47584533691406
2020-09-16,176.6388397216797
2020-09-17,175.35292053222656
2020-09-21,172.08615112304688
2020-09-22,171.936767578125
2020-09-23,166.1046905517578
2020-09-24,174.99571228027344
2020-09-25,174.99571228027344
2020-09-28,175.35292053222656
2020-09-29,171.5601043701172
2020-09-30,172.1056365966797
2020-10-01,172.1056365966797
2020-10-02,168.9817657470703
2020-10-05,168.9817657470703
2020-10-06,168.8583526611328
2020-10-07,168.8583526611328
2020-10-08,168.8583526611328
2020-10-09,165.61106872558594
2020-10-13,163.7276611328125
2020-10-14,165.61106872558594
2020-10-15,165.55911254882812
2020-10-16,163.66270446777344
2020-10-19,163.44192504882812
2020-10-20,162.6625518798828
2020-10-21,165.2993621826172
2020-10-22,165.2408905029297
2020-10-23,165.2408905029297
2020-10-26,162.66905212402344
2020-10-27,162.66905212402344
2020-10-28,156.18748474121094
2020-10-29,155.8367919921875
2020-10-30,156.0121307373047
2020-11-02,156.0121307373047
2020-11-03,147.3354034423828
2020-11-04,148.07579040527344
2020-11-05,151.50494384765625
2020-11-06,155.74586486816406
2020-11-09,164.96160888671875
2020-11-10,166.37744140625
2020-11-11,166.91000366210938
2020-11-12,158.06439208984375
2020-11-13,161.8312530517578
2020-11-16,162.37680053710938
2020-11-17,156.51870727539062
2020-11-18,151.8426513671875
2020-11-19,148.73175048828125
2020-11-20,152.65444946289062
2020-11-23,151.45944213867188
2020-11-24,154.8561248779297
2020-11-25,156.03810119628906
2020-11-26,155.65493774414062
2020-11-27,155.61598205566406
2020-11-30,155.86924743652344
2020-12-01,155.31723022460938
2020-12-02,153.2714385986328
2020-12-03,153.91439819335938
2020-12-04,154.0443115234375
2020-12-07,153.29742431640625
2020-12-09,155.62896728515625
2020-12-10,162.3638153076172
2020-12-11,162.3702850341797
2020-12-14,165.57211303710938
2020-12-15,162.3638153076172
2020-12-16,162.3638153076172
2020-12-17,162.3638153076172
2020-12-18,168.00759887695312
2020-12-21,165.53317260742188
2020-12-22,157.57733154296875
2020-12-23,162.57164001464844
2020-12-24,162.318359375
2020-12-28,164.8382568359375
2020-12-29,168.09201049804688
2020-12-30,173.31361389160156
2021-01-04,174.67098999023438
2021-01-05,174.05398559570312
2021-01-06,174.05398559570312
2021-01-07,181.19802856445312
2021-01-08,181.19802856445312
2021-01-11,180.91876220703125
2021-01-12,180.91876220703125
2021-01-13,175.50228881835938
2021-01-14,175.4048614501953
2021-01-15,176.87261962890625
2021-01-18,178.96388244628906
2021-01-19,185.09475708007812
2021-01-20,186.78977966308594
2021-01-21,187.14053344726562
2021-01-22,178.26898193359375
2021-01-25,178.47679138183594
2021-01-26,179.67828369140625
2021-01-27,178.60020446777344
2021-01-28,178.60020446777344
2021-01-29,172.1056365966797
2021-02-01,171.78741455078125
2021-02-02,172.11862182617188
2021-02-03,175.35292053222656
2021-02-04,175.30099487304688
2021-02-05,175.30099487304688
2021-02-08,175.29444885253906
2021-02-09,171.11196899414062
2021-02-10,171.65753173828125
2021-02-11,174.10595703125
2021-02-12,168.8583526611328
2021-02-15,172.11862182617188
2021-02-16,172.0796661376953
2021-02-17,170.23519897460938
2021-02-18,165.61106872558594
2021-02-19,169.32595825195312
2021-02-22,170.76776123046875
2021-02-23,171.68997192382812
2021-02-24,173.24217224121094
2021-02-25,170.80674743652344
2021-02-26,172.17706298828125
2021-03-01,174.47616577148438
2021-03-02,174.807373046875
2021-03-03,165.61106872558594
2021-03-04,168.25439453125
2021-03-05,166.0072479248047
2021-03-08,166.3254852294922
2021-03-09,167.05287170410156
2021-03-10,165.61758422851562
2021-03-11,169.8844757080078
2021-03-12,169.8844757080078
2021-03-15,166.69569396972656
2021-03-16,166.69569396972656
2021-03-17,168.18943786621094
2021-03-18,168.18943786621094
2021-03-19,162.3638153076172
2021-03-22,161.8702392578125
2021-03-23,161.01943969726562
2021-03-24,160.9934844970703
2021-03-25,158.46058654785156
2021-03-26,156.52520751953125
2021-03-29,162.3638153076172
2021-03-30,164.74082946777344
2021-03-31,164.3186798095703
2021-04-01,161.82476806640625
2021-04-05,161.4805450439453
2021-04-06,163.01327514648438
2021-04-07,164.3057098388672
2021-04-08,164.3057098388672
2021-04-09,163.06521606445312
2021-04-12,161.6623992919922
2021-04-13,165.06556701660156
2021-04-14,165.06556701660156
2021-04-15,162.80545043945312
2021-04-16,170.88465881347656
2021-04-19,170.80674743652344
2021-04-20,172.11216735839844
2021-04-21,168.8583526611328
2021-04-22,164.85121154785156
2021-04-23,165.40977478027344
2021-04-26,161.25323486328125
2021-04-27,160.3115234375
2021-04-28,155.53802490234375
2021-04-29,160.4154510498047
2021-04-30,158.81777954101562
2021-05-03,160.95449829101562
2021-05-04,160.3699951171875
2021-05-05,163.01327514648438
2021-05-06,163.01327514648438
2021-05-07,165.61106872558594
2021-05-10,162.03907775878906
2021-05-11,161.5065155029297
2021-05-12,159.81146240234375
2021-05-13,158.21380615234375
2021-05-14,160.13619995117188
2021-05-17,150.21902465820312
2021-05-18,152.63497924804688
2021-05-19,150.1670379638672
2021-05-20,151.5828399658203
2021-05-24,152.48605346679688
2021-05-25,149.7878875732422
2021-05-26,151.01171875
2021-05-27,157.35995483398438
2021-05-28,154.99098205566406
2021-05-31,157.4458465576172
2021-06-01,153.87454223632812
2021-06-02,154.6975555419922
2021-06-03,149.73779296875
2021-06-04,150.49642944335938
2021-06-07,156.45103454589844
2021-06-08,149.88807678222656
2021-06-09,149.2940673828125
2021-06-10,150.3318328857422
2021-06-11,149.20819091796875
2021-06-14,149.7878875732422
2021-06-15,149.1509246826172
2021-06-16,148.1417999267578
2021-06-17,147.9843292236328
2021-06-18,147.9843292236328
2021-06-22,149.45867919921875
2021-06-23,144.97125244140625
2021-06-24,144.97125244140625
2021-06-25,142.47349548339844
2021-06-29,142.67388916015625
2021-06-30,144.2627410888672
2021-07-01,145.00704956054688
2021-07-02,145.43649291992188
2021-07-05,145.3935089111328
2021-07-06,144.26988220214844
2021-07-07,144.2770538330078
2021-07-08,143.03173828125
2021-07-09,142.58798217773438
2021-07-12,141.70770263671875
2021-07-13,141.28543090820312
2021-07-14,141.28543090820312
2021-07-15,141.28543090820312
2021-07-19,136.46881103515625
2021-07-20,135.98214721679688
2021-07-21,135.75311279296875
2021-07-22,135.86045837402344
2021-07-23,135.86045837402344
2021-07-26,131.12255859375
2021-07-27,131.8096160888672
2021-07-28,134.85848999023438
2021-07-29,135.98214721679688
2021-07-30,133.2624969482422
2021-08-02,134.96583557128906
2021-08-03,134.96583557128906
2021-08-04,134.73680114746094
2021-08-05,132.9547119140625
2021-08-06,132.9547119140625
2021-08-09,132.6255340576172
2021-08-10,133.17660522460938
2021-08-11,131.40882873535156
2021-08-12,138.5156707763672
2021-08-13,141.61465454101562
2021-08-16,140.99200439453125
2021-08-17,141.98678588867188
2021-08-18,148.1417999267578
2021-08-19,151.21212768554688
2021-08-20,155.92857360839844
2021-08-23,151.51272583007812
2021-08-24,146.71755981445312
2021-08-25,148.7787628173828
2021-08-26,148.14894104003906
2021-08-27,147.3545379638672
2021-08-30,153.79579162597656
2021-08-31,157.41004943847656
2021-09-01,153.84588623046875
2021-09-02,153.84588623046875
2021-09-03,151.67018127441406
2021-09-06,151.67018127441406
2021-09-07,147.1183319091797
2021-09-08,145.1501922607422
2021-09-09,146.0376434326172
2021-09-10,146.0376434326172
2021-09-13,146.0376434326172
2021-09-14,146.0376434326172
2021-09-15,148.3708038330078
2021-09-16,143.70448303222656
2021-09-20,143.1390838623047
2021-09-21,143.1390838623047
2021-09-22,146.71755981445312
2021-09-23,146.7891387939453
2021-09-24,147.41177368164062
2021-09-27,143.1390838623047
2021-09-28,143.1390838623047
2021-09-29,142.02975463867188
2021-09-30,141.45004272460938
2021-10-01,141.12083435058594
2021-10-04,143.12477111816406
2021-10-05,141.19955444335938
2021-10-06,135.98214721679688
2021-10-07,135.98214721679688
2021-10-08,135.98214721679688
2021-10-12,134.35035705566406
2021-10-13,130.9221649169922
2021-10-14,128.05221557617188
2021-10-15,128.05221557617188
2021-10-18,127.63711547851562
2021-10-19,127.63711547851562
2021-10-20,123.29283905029297
2021-10-21,124.5882568359375
2021-10-22,124.58109283447266
2021-10-25,128.82518005371094
2021-10-26,132.17462158203125
2021-10-27,132.17462158203125
2021-10-28,126.67810821533203
2021-10-29,126.67810821533203
2021-11-02,121.89725494384766
2021-11-03,128.82518005371094
2021-11-04,127.39379119873047
2021-11-05,128.79656982421875
2021-11-08,127.74449920654297
2021-11-09,127.10751342773438
2021-11-10,127.10751342773438
2021-11-11,127.10751342773438
2021-11-12,127.10751342773438
2021-11-15,127.10751342773438
2021-11-16,115.20549011230469
2021-11-17,113.78841400146484
2021-11-18,113.07270812988281
2021-11-19,113.88861083984375
2021-11-22,125.08922576904297
2021-11-23,127.18624114990234
2021-11-24,114.04607391357422
2021-11-25,113.56653594970703
2021-11-26,114.41820526123047
2021-11-29,112.78644561767578
2021-11-30,117.42414855957031
2021-12-01,117.42414855957031
2021-12-02,111.89180755615234
2021-12-03,110.93280792236328
2021-12-06,110.93280792236328
2021-12-07,114.13909912109375
2021-12-09,111.4194564819336
2021-12-10,111.59837341308594
2021-12-13,107.63343048095703
2021-12-14,106.68871307373047
2021-12-15,106.68871307373047
2021-12-16,111.39798736572266
2021-12-17,102.75238800048828
2021-12-20,100.61961364746094
2021-12-21,101.02757263183594
2021-12-22,101.1635513305664
2021-12-23,101.87208557128906
2021-12-24,105.85851287841797
2021-12-27,107.23265075683594
2021-12-28,107.23265075683594
2021-12-29,107.25411224365234
2021-12-30,105.78692626953125
2022-01-03,107.34716033935547
2022-01-04,107.34716033935547
2022-01-05,107.35431671142578
2022-01-06,110.96858215332031
2022-01-07,113.53076934814453
2022-01-10,113.53076934814453
2022-01-11,113.61664581298828
2022-01-12,117.30247497558594
2022-01-13,116.40785217285156
2022-01-14,116.40785217285156
2022-01-17,115.4846420288086
2022-01-18,115.4846420288086
2022-01-19,118.86578369140625
2022-01-20,118.86578369140625
2022-01-21,118.72158813476562
2022-01-24,115.41976165771484
2022-01-25,121.48995208740234
2022-01-26,120.13459777832031
2022-01-27,116.78952026367188
2022-01-28,117.81324768066406
2022-01-31,122.27574920654297
2022-02-01,117.64741516113281
2022-02-02,117.64741516113281
2022-02-03,120.21390533447266
2022-02-04,117.52487182617188
2022-02-07,117.52487182617188
2022-02-08,117.52487182617188
2022-02-09,117.52487182617188
2022-02-10,115.18186950683594
2022-02-11,115.18186950683594
2022-02-14,115.18186950683594
2022-02-15,115.18186950683594
2022-02-16,115.18186950683594
2022-02-17,111.10865020751953
2022-02-18,111.4546890258789
2022-02-21,111.4546890258789
2022-02-22,111.4546890258789
2022-02-23,107.76356506347656
2022-02-24,107.76356506347656
2022-02-25,110.87074279785156
2022-02-28,110.87074279785156
2022-03-01,110.87074279785156
2022-03-02,110.87074279785156
2022-03-03,110.87074279785156
2022-03-04,113.41559600830078
2022-03-07,113.41559600830078
2022-03-08,113.41559600830078
2022-03-09,113.41559600830078
2022-03-10,113.41559600830078
2022-03-11,104.53382873535156
2022-03-14,104.53382873535156
2022-03-15,100.914794921875
2022-03-16,101.62129974365234
2022-03-17,101.03014373779297
2022-03-18,101.93850708007812
2022-03-21,102.2845458984375
2022-03-22,102.2845458984375
2022-03-23,100.5399169921875
2022-03-24,100.46782684326172
2022-03-25,100.03526306152344
2022-03-28,100.3957290649414
2022-03-29,99.99922943115234
2022-03-30,98.4420394897461
2022-03-31,99.45853424072266
2022-04-01,97.35343933105469
2022-04-04,97.18041229248047
2022-04-05,97.10111236572266
2022-04-06,97.32460021972656
2022-04-07,95.82508087158203
2022-04-08,95.82508087158203
2022-04-11,95.15462493896484
2022-04-12,92.60977172851562
2022-04-13,92.99906158447266
2022-04-14,91.42022705078125
2022-04-18,91.42022705078125
2022-04-19,91.42022705078125
2022-04-20,91.42022705078125
2022-04-21,87.83004760742188
2022-04-22,91.49234008789062
2022-04-25,91.49234008789062
2022-04-26,91.51396942138672
2022-04-27,91.51396942138672
2022-04-28,91.51396942138672
2022-04-29,91.4346694946289
2022-05-02,87.4767837524414
2022-05-03,85.06891632080078
2022-05-04,84.34799194335938
2022-05-05,82.90613555908203
2022-05-06,81.46429443359375
2022-05-09,79.37361145019531
2022-05-10,79.37361145019531
2022-05-11,77.85968017578125
2022-05-12,83.14404296875
2022-05-13,82.03382110595703
2022-05-16,81.49406433105469
2022-05-17,85.03534698486328
2022-05-18,82.23491668701172
2022-05-19,82.38308715820312
2022-05-20,82.4423599243164
2022-05-23,81.19772338867188
2022-05-24,85.12425231933594
2022-05-25,83.33879089355469
2022-05-26,82.23491668701172
2022-05-27,83.27210998535156
2022-05-30,83.68700408935547
2022-05-31,85.93177795410156
2022-06-01,84.33154296875
2022-06-02,83.71662902832031
2022-06-03,87.34681701660156
2022-06-06,84.93902587890625
2022-06-07,86.60596466064453
2022-06-08,86.6355972290039
2022-06-09,85.85770416259766
2022-06-10,85.84288024902344
2022-06-13,83.7314453125
2022-06-14,82.30158996582031
2022-06-15,82.23491668701172
2022-06-16,81.53111267089844
2022-06-17,82.9609603881836
2022-06-20,82.9609603881836
2022-06-22,82.9609603881836
2022-06-23,79.68636322021484
2022-06-24,79.68636322021484
2022-06-28,79.68636322021484
2022-06-29,79.68636322021484
2022-06-30,78.36024475097656
2022-07-01,78.36024475097656
2022-07-04,78.36024475097656
2022-07-05,75.23384094238281
2022-07-06,73.62617492675781
2022-07-07,73.62617492675781
2022-07-08,73.62617492675781
2022-07-11,74.08551788330078
2022-07-12,76.93779754638672
2022-07-13,77.04151916503906
2022-07-14,77.98240661621094
2022-07-15,81.47183227539062
2022-07-18,80.36797332763672
2022-07-19,80.36797332763672
2022-07-20,81.87930297851562
2022-07-21,82.98318481445312
2022-07-22,82.98318481445312
2022-07-25,81.479248046875
2022-07-26,83.38323974609375
2022-07-27,85.1983413696289
2022-07-28,86.36888885498047
2022-07-29,84.17594909667969
2022-08-01,85.2205581665039
2022-08-02,85.91696166992188
2022-08-03,83.4721450805664
2022-08-04,83.57586669921875
2022-08-05,87.00602722167969
2022-08-08,87.68020629882812
2022-08-09,87.42090606689453
2022-08-10,87.33200073242188
2022-08-11,87.42090606689453
2022-08-12,87.39127349853516
2022-08-16,87.39866638183594
2022-08-17,86.7022705078125
2022-08-18,88.10248565673828
2022-08-19,85.94660186767578
2022-08-22,88.1469497680664
2022-08-23,87.55426025390625
2022-08-24,88.22843933105469
2022-08-25,96.3407974243164
2022-08-26,102.1639175415039
2022-08-29,103.13445281982422
2022-08-30,102.2305908203125
2022-08-31,102.04537963867188
2022-09-01,101.79348754882812
2022-09-02,102.1861343383789
2022-09-05,106.24604034423828
2022-09-06,102.31209564208984
2022-09-07,101.59346771240234
2022-09-08,101.59346771240234
2022-09-09,101.58604431152344
2022-09-12,101.48233032226562
2022-09-13,101.4601058959961
2022-09-14,101.4601058959961
2022-09-15,101.4601058959961
2022-09-20,99.12641143798828
2022-09-21,93.68112182617188
2022-09-22,97.7261962890625
2022-09-23,97.7261962890625
2022-09-26,86.64299774169922
2022-09-27,90.75475311279297
2022-09-28,91.1177749633789
2022-09-29,91.06590270996094
2022-09-30,93.4588623046875
2022-10-03,93.4588623046875
2022-10-04,93.27365112304688
2022-10-05,93.27365112304688
2022-10-06,93.27365112304688
2022-10-07,93.61444854736328
2022-10-11,93.61444854736328
2022-10-12,85.6058120727539
2022-10-13,89.64347076416016
2022-10-14,90.05834197998047
2022-10-17,90.05834197998047
2022-10-18,90.05834197998047
2022-10-19,90.05834197998047
2022-10-20,88.1839828491211
2022-10-21,89.68051147460938
2022-10-24,88.9026107788086
2022-10-25,88.19880676269531
2022-10-26,89.85089874267578
2022-10-27,91.76972961425781
2022-10-28,98.40778350830078
2022-11-02,100.71184539794922
2022-11-03,100.71184539794922
2022-11-04,100.51921081542969
2022-11-07,103.29742431640625
2022-11-08,103.89010620117188
2022-11-09,103.87530517578125
2022-11-10,105.87560272216797
2022-11-11,105.87560272216797
2022-11-14,105.87560272216797
2022-11-15,105.29774475097656
2022-11-16,105.29774475097656
2022-11-17,107.42398834228516
2022-11-18,106.94243621826172
2022-11-21,108.52044677734375
2022-11-22,112.01728057861328
2022-11-23,115.2251968383789
2022-11-24,114.44730377197266
2022-11-25,124.70813751220703
2022-11-28,135.4801788330078
2022-11-29,132.38340759277344
2022-11-30,131.8721923828125
2022-12-01,131.8721923828125
2022-12-02,126.30840301513672
2022-12-05,123.70057678222656
2022-12-06,126.2935791015625
2022-12-07,126.68622589111328
2022-12-09,126.68622589111328
2022-12-12,126.67881774902344
2022-12-13,126.68622589111328
2022-12-14,128.9161834716797
2022-12-15,130.3905029296875
2022-12-16,130.338623046875
2022-12-19,131.69439697265625
2022-12-20,136.38400268554688
2022-12-21,136.6803436279297
2022-12-22,137.887939453125
2022-12-23,137.8583221435547
2022-12-26,137.7397918701172
2022-12-27,136.39881896972656
2022-12-28,138.76956176757812
2022-12-29,138.45098876953125
2022-12-30,139.36224365234375
2023-01-03,139.48818969726562
2023-01-04,139.28077697753906
2023-01-05,140.17718505859375
2023-01-06,140.76248168945312
2023-01-09,137.55455017089844
2023-01-10,137.55455017089844
2023-01-11,137.55455017089844
2023-01-12,137.7397918701172
2023-01-13,137.7397918701172
2023-01-16,139.9265899658203
2023-01-17,140.7168426513672
2023-01-18,141.49203491210938
2023-01-19,139.98680114746094
2023-01-20,142.9972686767578
2023-01-23,142.9972686767578
2023-01-24,144.87881469726562
2023-01-25,144.87881469726562
2023-01-26,145.25511169433594
2023-01-27,146.73777770996094
2023-01-30,146.72271728515625
2023-01-31,147.58822631835938
2023-02-01,147.97958374023438
2023-02-02,149.50738525390625
2023-02-03,150.41053771972656
2023-02-06,150.41053771972656
2023-02-07,150.41053771972656
2023-02-08,150.41053771972656
2023-02-09,150.41053771972656
2023-02-10,150.41053771972656
2023-02-13,143.90792846679688
2023-02-14,143.90792846679688
2023-02-15,143.90792846679688
2023-02-16,142.98973083496094
2023-02-17,142.98973083496094
2023-02-20,139.24169921875
2023-02-21,142.24464416503906
2023-02-22,142.51559448242188
2023-02-23,142.51559448242188
2023-02-24,143.76492309570312
2023-02-27,143.7498779296875
2023-02-28,143.7498779296875
2023-03-01,150.5234375
2023-03-02,153.72207641601562
2023-03-03,155.35523986816406
2023-03-06,155.791748046875
2023-03-07,155.79928588867188
2023-03-08,156.92068481445312
2023-03-09,158.0496063232422
2023-03-10,158.33560180664062
2023-03-13,156.5443572998047
2023-03-14,157.17657470703125
2023-03-15,156.55941772460938
2023-03-16,154.3015594482422
2023-03-17,154.28651428222656
2023-03-20,154.3015594482422
2023-03-21,154.28651428222656
2023-03-22,156.52931213378906
2023-03-23,158.0496063232422
2023-03-24,160.76654052734375
2023-03-27,159.0505828857422
2023-03-28,159.0505828857422
2023-03-29,159.0505828857422
2023-03-30,159.0505828857422
2023-03-31,158.80223083496094
2023-04-03,154.6779022216797
2023-04-04,152.043701171875
2023-04-05,154.39190673828125
2023-04-06,154.39190673828125
2023-04-10,154.39190673828125
2023-04-11,155.2799835205078
2023-04-12,155.03912353515625
2023-04-13,158.20013427734375
2023-04-14,162.9416046142578
2023-04-17,162.52767944335938
2023-04-18,163.80711364746094
2023-04-19,161.7750701904297
2023-04-20,160.30746459960938
2023-04-21,160.30746459960938
2023-04-24,158.0496063232422
2023-04-25,158.0496063232422
2023-04-26,158.0420684814453
2023-04-27,166.0424041748047
2023-04-28,166.32839965820312
2023-05-02,166.49395751953125
2023-05-03,169.3313446044922
2023-05-04,169.3388671875
2023-05-05,173.91477966308594
2023-05-08,179.87548828125
2023-05-09,179.1454620361328
2023-05-10,184.39120483398438
2023-05-11,185.21910095214844
2023-05-12,183.78160095214844
2023-05-15,188.68692016601562
2023-05-16,190.11483764648438
2023-05-17,192.7176971435547
2023-05-18,192.72584533691406
2023-05-19,195.8672332763672
2023-05-22,198.60879516601562
2023-05-23,197.4583282470703
2023-05-24,198.0621337890625
2023-05-25,198.33953857421875
2023-05-26,199.93878173828125
2023-05-29,199.96327209472656
2023-05-30,200.6078643798828
2023-05-31,200.0530242919922
2023-06-01,199.08206176757812
2023-06-02,199.08206176757812
2023-06-05,196.03042602539062
2023-06-06,198.91070556640625
2023-06-07,197.9641876220703
2023-06-08,196.65870666503906
2023-06-09,196.65870666503906
2023-06-12,195.8345947265625
2023-06-13,195.8672332763672
2023-06-14,195.8672332763672
2023-06-15,194.2027130126953
2023-06-16,195.82643127441406
2023-06-19,195.82643127441406
2023-06-20,197.7194366455078
2023-06-22,217.22047424316406
2023-06-23,214.5360107421875
2023-06-27,216.21685791015625
2023-06-28,218.76258850097656
2023-06-29,223.29110717773438
2023-06-30,220.37001037597656
2023-07-03,221.92031860351562
2023-07-04,220.15786743164062
2023-07-05,220.4189910888672
2023-07-06,220.3129119873047
2023-07-07,221.57760620117188
2023-07-10,223.57669067382812
2023-07-11,224.0254364013672
2023-07-12,223.28294372558594
2023-07-13,222.75257873535156
2023-07-14,220.83509826660156
2023-07-17,223.79698181152344
2023-07-18,223.49508666992188
2023-07-19,224.3028564453125
2023-07-20,223.52772521972656
2023-07-21,222.78521728515625
2023-07-24,224.2947235107422
2023-07-25,223.58482360839844
2023-07-26,217.66110229492188
2023-07-27,216.2250213623047
2023-07-28,215.8333740234375
2023-07-31,218.2485809326172
2023-08-01,219.0318603515625
2023-08-02,217.0409698486328
2023-08-03,213.06732177734375
2023-08-04,212.1453094482422
2023-08-07,213.45082092285156
2023-08-08,216.23318481445312
2023-08-09,218.99923706054688
2023-08-10,214.82159423828125
2023-08-11,214.82159423828125
2023-08-14,213.9567108154297
2023-08-16,214.34019470214844
2023-08-17,210.8887481689453
2023-08-18,210.4971160888672
2023-08-21,213.08363342285156
2023-08-22,212.31663513183594
2023-08-23,216.2250213623047
2023-08-24,216.2250213623047
2023-08-25,216.2250213623047
2023-08-28,216.2250213623047
2023-08-29,216.2250213623047
2023-08-30,215.40090942382812
2023-08-31,215.4090576171875
2023-09-01,215.41725158691406
2023-09-04,217.85690307617188
2023-09-05,220.27207946777344
2023-09-06,220.27207946777344
2023-09-07,215.78439331054688
2023-09-08,215.78439331054688
2023-09-11,219.50511169433594
2023-09-12,224.38446044921875
2023-09-13,223.82962036132812
2023-09-14,221.2838897705078
2023-09-15,223.11158752441406
2023-09-20,224.37628173828125
2023-09-21,224.2947235107422
2023-09-22,223.87857055664062
2023-09-25,223.87857055664062
2023-09-26,223.36453247070312
2023-09-27,224.38446044921875
2023-09-28,224.38446044921875
2023-09-29,224.38446044921875
2023-10-02,219.66014099121094
2023-10-03,221.1533203125
2023-10-04,221.1206817626953
2023-10-05,221.1206817626953
2023-10-06,218.95843505859375
2023-10-10,218.7381134033203
2023-10-11,220.30474853515625
2023-10-12,220.30474853515625
2023-10-13,224.37628173828125
2023-10-16,224.38446044921875
2023-10-17,224.38446044921875
2023-10-18,220.30474853515625
2023-10-19,221.1206817626953
2023-10-20,221.1206817626953
2023-10-23,220.90040588378906
2023-10-24,217.78347778320312
2023-10-25,218.6728515625
2023-10-26,218.6728515625
2023-10-30,221.61839294433594
2023-10-31,223.22579956054688
2023-11-02,226.4569549560547
2023-11-03,228.98638916015625
2023-11-06,228.86398315429688
2023-11-07,228.4723358154297
2023-11-08,231.01809692382812
2023-11-09,232.6336212158203
2023-11-10,240.72781372070312
2023-11-13,245.917236328125
2023-11-14,248.72402954101562
2023-11-15,244.6932830810547
2023-11-16,240.64620971679688
2023-11-17,243.86917114257812
2023-11-20,244.87278747558594
2023-11-21,244.78306579589844
2023-11-22,247.23085021972656
2023-11-23,247.5245819091797
2023-11-24,247.3777313232422
2023-11-27,247.23085021972656
2023-11-28,247.5980682373047
2023-11-29,245.37051391601562
2023-11-30,248.030517578125
2023-12-01,246.5373077392578
2023-12-04,248.1039276123047
2023-12-05,248.2589874267578
2023-12-06,245.90907287597656
2023-12-07,248.92803955078125
2023-12-11,246.7168426513672
2023-12-12,248.8627471923828
2023-12-13,248.4955596923828
2023-12-14,252.877197265625
2023-12-15,252.90982055664062
2023-12-18,252.26524353027344
2023-12-19,252.26524353027344
2023-12-20,253.7584228515625
2023-12-21,257.0221862792969
2023-12-22,257.2016906738281
2023-12-26,259.8045654296875
2023-12-27,262.1545104980469
2023-12-28,258.94781494140625
2023-12-29,259.3966064453125
2024-01-02,262.7337951660156
2024-01-03,263.54974365234375
2024-01-04,262.7337951660156
2024-01-05,262.7337951660156
2024-01-08,258.6540832519531
2024-01-09,259.47003173828125
2024-01-10,260.9958190917969
2024-01-11,258.07476806640625
2024-01-12,257.1364440917969
2024-01-15,258.5746154785156
2024-01-16,255.25953674316406
2024-01-17,257.4888916015625
2024-01-18,257.4888916015625
2024-01-19,260.795654296875
2024-01-22,256.92535400390625
2024-01-23,257.414306640625
2024-01-24,260.8536682128906
2024-01-25,258.5746154785156
2024-01-26,260.2321472167969
2024-01-29,260.33984375
2024-01-30,260.33984375
2024-01-31,260.33984375
2024-02-01,260.33984375
2024-02-02,257.7458190917969
2024-02-05,265.4284362792969
2024-02-06,265.4284362792969
2024-02-07,265.4284362792969
2024-02-08,259.11328125
2024-02-09,261.0608825683594
2024-02-12,261.0608825683594
2024-02-13,260.7459411621094
2024-02-14,264.2598876953125
2024-02-15,265.1052551269531
2024-02-16,266.0334777832031
2024-02-19,266.041748046875
2024-02-20,266.0583190917969
2024-02-21,265.2129821777344
2024-02-22,265.2046813964844
2024-02-23,264.6494140625
2024-02-26,265.2046813964844
2024-02-27,265.2046813964844
2024-02-28,265.2046813964844
2024-02-29,280.97607421875
2024-03-01,284.2248840332031
2024-03-04,285.95697021484375
2024-03-05,280.4622802734375
2024-03-06,279.47601318359375
2024-03-07,277.80194091796875
2024-03-08,277.63616943359375
2024-03-11,275.9454650878906
2024-03-12,274.62774658203125
2024-03-13,273.3100280761719
2024-03-14,281.58935546875
2024-03-15,282.0120544433594
2024-03-18,277.63616943359375
2024-03-19,274.5946044921875
2024-03-20,273.49237060546875
2024-03-21,277.0477600097656
2024-03-22,274.8349304199219
2024-03-25,271.892822265625
2024-03-26,273.56689453125
2024-03-27,273.37628173828125
2024-03-28,273.9316101074219
2024-04-01,273.0447998046875
2024-04-02,276.8074035644531
2024-04-03,274.09735107421875
2024-04-04,281.3158874511719
2024-04-05,281.3158874511719
2024-04-08,276.32672119140625
2024-04-09,269.77117919921875
2024-04-10,272.0503234863281
2024-04-11,273.56689453125
2024-04-12,272.18292236328125
2024-04-15,273.16912841796875
2024-04-16,274.32110595703125
2024-04-17,273.591796875
2024-04-18,272.7215881347656
2024-04-19,273.9150390625
2024-04-22,274.70233154296875
2024-04-23,276.3681640625
2024-04-24,280.064453125
2024-04-25,278.2742919921875
2024-04-26,270.0778503417969
2024-04-29,270.981201171875
2024-04-30,277.5450134277344
2024-05-02,282.9734191894531
2024-05-03,287.5316162109375
2024-05-06,290.17535400390625
2024-05-07,291.4350891113281
2024-05-08,289.5621032714844
2024-05-09,291.89093017578125
2024-05-10,292.58709716796875
2024-05-13,288.8608093261719
2024-05-14,284.94952392578125
2024-05-15,285.8156433105469
2024-05-16,287.6300048828125
2024-05-17,289.0249328613281
2024-05-20,290.2192687988281
2024-05-22,290.8483581542969
2024-05-23,294.294677734375
2024-05-24,294.9419860839844
2024-05-27,295.0605163574219
2024-05-28,289.2710876464844
2024-05-29,289.01580810546875
2024-05-30,290.15545654296875
2024-05-31,287.7029113769531
2024-06-03,281.34820556640625
2024-06-04,281.740234375
2024-06-05,281.3664245605469
2024-06-06,285.7700500488281
2024-06-07,286.8550109863281
2024-06-10,287.4567565917969
2024-06-11,286.2897644042969
2024-06-12,285.368896484375
2024-06-13,282.7796325683594
2024-06-14,282.7340393066406
2024-06-17,286.3717956542969
2024-06-18,283.3722229003906
2024-06-19,290.03692626953125
2024-06-21,287.2561950683594
2024-06-24,291.6962585449219
2024-06-25,287.66644287109375
2024-06-26,291.7509765625
2024-06-27,296.1910705566406
2024-06-28,294.0758361816406
2024-07-01,295.3978576660156
2024-07-02,292.9544677734375
2024-07-03,293.4376525878906
2024-07-04,293.5744323730469
2024-07-05,294.5499572753906
2024-07-08,298.3518371582031
2024-07-09,309.1466064453125
2024-07-10,303.6853942871094
2024-07-11,297.5039367675781
2024-07-12,298.96270751953125
2024-07-15,298.1512451171875
2024-07-17,300.5308532714844
2024-07-18,300.4123229980469
2024-07-19,301.4790344238281
2024-07-22,300.0202941894531
2024-07-23,296.00872802734375
2024-07-24,294.294677734375
2024-07-25,300.4123229980469
2024-07-26,299.04473876953125
2024-07-29,296.3460693359375
2024-07-30,294.267333984375
2024-07-31,295.89019775390625
2024-08-01,295.1972961425781
2024-08-02,292.2980041503906
2024-08-05,289.9275207519531
2024-08-06,289.9457702636719
2024-08-07,292.1065673828125
2024-08-08,291.7509765625
2024-08-09,291.20391845703125
2024-08-12,291.0398254394531
2024-08-13,296.3095703125
2024-08-14,290.2648620605469
2024-08-16,291.7509765625
2024-08-19,286.64532470703125
2024-08-20,291.41363525390625
2024-08-21,294.8507995605469
2024-08-22,293.8935241699219
2024-08-23,291.7509765625
2024-08-26,290.985107421875
2024-08-27,296.3095703125
2024-08-28,292.52593994140625
2024-08-29,294.9511413574219
2024-08-30,294.4678955078125
2024-09-02,295.7625427246094
2024-09-03,295.7625427246094
2024-09-04,296.8930969238281
2024-09-05,297.8139343261719
2024-09-06,297.8048400878906
2024-09-09,300.1205749511719
2024-09-10,300.06585693359375
2024-09-11,300.0749816894531
2024-09-12,300.0567321777344
2024-09-13,300.8681640625
2024-09-16,300.8681640625
2024-09-17,300.8681640625
2024-09-23,300.94110107421875
2024-09-24,300.7222900390625
2024-09-25,301.7799072265625
2024-09-26,304.3144836425781
2024-09-27,305.41766357421875
2024-09-30,305.4267883300781
2024-10-01,305.2262268066406
2024-10-02,305.4267883300781
2024-10-03,305.4267883300781
2024-10-04,304.27801513671875
2024-10-07,304.4512634277344
2024-10-08,305.21710205078125
2024-10-09,305.1532897949219
2024-10-10,305.1350402832031
2024-10-11,305.7914733886719
2024-10-14,305.7914733886719
2024-10-15,305.7914733886719
2024-10-16,305.7914733886719
2024-10-17,317.2791748046875
2024-10-18,314.48931884765625
2024-10-21,313.81463623046875
2024-10-22,315.2825012207031
2024-10-23,317.5162353515625
2024-10-24,323.67034912109375
2024-10-25,316.4586486816406
2024-10-28,316.65008544921875
2024-10-29,313.7234802246094
2024-10-30,323.4515075683594
2024-11-04,324.126220703125
2024-11-05,328.2198486328125
2024-11-06,329.2318420410156
2024-11-07,329.2318420410156
2024-11-08,331.36529541015625
2024-11-11,330.64501953125
2024-11-12,333.4804382324219
2024-11-13,336.3797607421875
2024-11-14,337.73822021484375
2024-11-15,339.4704895019531
2024-11-18,336.3341369628906
2024-11-19,337.8020324707031
2024-11-20,340.7833557128906
2024-11-21,341.36688232421875
2024-11-22,341.9685974121094
2024-11-25,339.0328369140625
2024-11-26,341.9139099121094
2024-11-27,341.04779052734375
2024-11-28,336.9632568359375
2024-11-29,341.6221618652344
2024-12-02,342.9076843261719
2024-12-03,341.85919189453125
2024-12-04,341.89569091796875
2024-12-05,338.8414001464844
2024-12-06,340.7104187011719
2024-12-09,338.3855285644531
2024-12-10,339.7440185546875
2024-12-11,341.8683166503906
2024-12-12,341.6039123535156
2024-12-13,342.54296875
2024-12-16,344.712890625
2024-12-17,341.89569091796875
2024-12-18,341.93212890625
2024-12-19,342.54296875
2024-12-20,344.32086181640625
2024-12-23,346.4725036621094
2024-12-24,345.615478515625
2024-12-26,345.9072570800781
2024-12-27,348.2777099609375
2024-12-30,348.3871154785156
2025-01-02,350.9217224121094
2025-01-03,345.8798828125
2025-01-06,349.3808898925781
2025-01-07,350.8487854003906
2025-01-08,346.3722229003906
2025-01-09,348.1227111816406
2025-01-10,348.4509582519531
2025-01-13,347.80511474609375
2025-01-14,348.3080139160156
2025-01-15,353.5231628417969
2025-01-16,350.1239929199219
2025-01-17,350.1612548828125
2025-01-20,353.8863525390625
2025-01-21,355.5254211425781
2025-01-22,357.57421875
2025-01-23,356.2145690917969
2025-01-24,356.7919616699219
2025-01-27,356.3728942871094
2025-01-28,355.2553405761719
2025-01-29,353.5697326660156
2025-01-30,358.51483154296875
2025-01-31,358.8128356933594
2025-02-03,361.97918701171875
2025-02-04,359.57647705078125
2025-02-05,363.3202209472656
2025-02-06,364.2142639160156
2025-02-07,367.8369445800781
2025-02-10,368.3491516113281
2025-02-11,379.90631103515625
2025-02-12,381.6478271484375
2025-02-13,380.80035400390625
2025-02-14,382.75604248046875
2025-02-17,381.8713073730469
2025-02-18,383.1844177246094
2025-02-19,379.4779357910156
2025-02-20,379.4779357910156
2025-02-21,383.5382995605469
2025-02-24,383.8083801269531
2025-02-25,386.0807189941406
2025-02-26,387.2355041503906
2025-02-27,408.66424560546875
2025-02-28,408.6735534667969
2025-03-03,409.446533203125
2025-03-04,409.42791748046875
2025-03-05,403.3932189941406
2025-03-06,402.2943115234375
2025-03-07,403.8681640625
2025-03-10,400.7204284667969
2025-03-11,399.3141784667969
2025-03-12,397.4609680175781
2025-03-13,399.77984619140625
2025-03-14,399.193115234375
2025-03-17,398.0662841796875
2025-03-18,398.932373046875
2025-03-19,396.240966796875
2025-03-20,395.7380676269531
2025-03-21,395.7939453125
2025-03-24,398.1035461425781
2025-03-25,404.17547607421875
2025-03-26,405.04156494140625
2025-03-27,405.10675048828125
2025-03-28,404.6318054199219
2025-03-31,404.5479736328125
2025-04-01,405.00433349609375
2025-04-02,402.79718017578125
2025-04-03,403.4676818847656
2025-04-04,398.62506103515625
2025-04-07,391.28656005859375
2025-04-08,394.1642150878906
2025-04-09,396.25958251953125
2025-04-10,387.59869384765625
2025-04-11,394.9651184082031
2025-04-14,399.9195251464844
2025-04-15,397.02325439453125
2025-04-16,398.1221618652344
2025-04-17,400.4689636230469
2025-04-21,407.73297119140625
2025-04-22,413.4137878417969
2025-04-23,419.0759582519531
2025-04-24,419.7185363769531
2025-04-25,416.7943115234375
2025-04-28,418.95489501953125
2025-04-29,426.7310791015625
2025-04-30,433.7901611328125
2025-05-02,435.0567321777344
2025-05-05,439.2288513183594
2025-05-06,445.05865478515625
2025-05-07,448.1132507324219
2025-05-08,455.3958740234375
2025-05-09,459.1023864746094
2025-05-12,447.8900146484375
2025-05-13,453.5299987792969
2025-05-14,458.69000244140625
2025-05-15,454.1499938964844
2025-05-16,450.5299987792969
2025-05-19,450.32000732421875
2025-05-20,447.75
2025-05-22,445.80999755859375
2025-05-23,447.5400085449219
2025-05-26,454.5
2025-05-27,454.2799987792969
2025-05-28,453.67999267578125
2025-05-29,453.1499938964844
2025-05-30,445.69000244140625
2025-06-02,446.2099914550781
2025-06-03,444.1400146484375
2025-06-04,450.7099914550781
2025-06-05,446.6000061035156
2025-06-06,444.0299987792969
2025-06-09,450.05999755859375
2025-06-10,442.7699890136719
2025-06-11,445.989990234375
2025-06-12,450.05999755859375
2025-06-13,449.0
2025-06-16,448.29998779296875
2025-06-17,447.1099853515625
2025-06-18,443.1499938964844
2025-06-19,439.0899963378906
2025-06-23,435.7699890136719
2025-06-24,438.82000732421875
2025-06-25,437.1700134277344
2025-06-26,440.0299987792969
2025-06-27,452.0
2025-06-30,449.1499938964844
2025-07-01,453.739990234375
2025-07-02,449.6099853515625
2025-07-03,446.2099914550781
2025-07-04,449.7699890136719
2025-07-07,449.9700012207031
2025-07-08,447.9599914550781
2025-07-09,447.9599914550781
2025-07-10,449.510009765625
2025-07-11,449.4599914550781
2025-07-14,445.95001220703125
2025-07-15,443.75
2025-07-17,439.5199890136719
2025-07-18,438.0
2025-07-21,430.1099853515625
2025-07-22,431.3500061035156
2025-07-23,430.4599914550781
2025-07-24,430.2799987792969
2025-07-25,424.010009765625
2025-07-28,423.04998779296875
2025-07-29,424.92999267578125
2025-07-30,443.8999938964844
2025-07-31,444.0
2025-08-01,434.9100036621094
2025-08-04,439.57000732421875
2025-08-05,434.8699951171875
2025-08-06,436.75
2025-08-07,433.5899963378906
2025-08-08,433.6000061035156
2025-08-11,433.010009765625
2025-08-12,430.760009765625
2025-08-13,433.5299987792969
2025-08-14,430.20001220703125
2025-08-18,434.5799865722656
2025-08-19,436.5199890136719
2025-08-20,436.7900085449219
2025-08-21,436.7099914550781
2025-08-22,439.79998779296875
