Date,FIS
2015-08-03,55.3560791015625
2015-08-04,55.178585052490234
2015-08-05,55.56740188598633
2015-08-06,54.67142105102539
2015-08-07,54.747501373291016
2015-08-10,55.381439208984375
2015-08-11,55.00107955932617
2015-08-12,59.80214309692383
2015-08-13,59.3034553527832
2015-08-14,59.39642333984375
2015-08-17,60.393836975097656
2015-08-18,60.62208938598633
2015-08-19,60.740386962890625
2015-08-20,60.27549362182617
2015-08-21,58.59343338012695
2015-08-24,55.7618293762207
2015-08-25,55.254661560058594
2015-08-26,58.703330993652344
2015-08-27,59.41333770751953
2015-08-28,59.40488815307617
2015-08-31,58.37364196777344
2015-09-01,56.70005416870117
2015-09-02,57.342445373535156
2015-09-03,57.60447692871094
2015-09-04,56.68315124511719
2015-09-08,58.62724304199219
2015-09-09,57.41851043701172
2015-09-10,58.0862922668457
2015-09-11,58.847015380859375
2015-09-14,58.32099914550781
2015-09-15,59.279720306396484
2015-09-16,59.330604553222656
2015-09-17,58.796112060546875
2015-09-18,57.84587097167969
2015-09-21,59.03367233276367
2015-09-22,57.87131881713867
2015-09-23,58.75370407104492
2015-09-24,57.947689056396484
2015-09-25,57.87981414794922
2015-09-28,55.8690299987793
2015-09-29,56.420501708984375
2015-09-30,56.912601470947266
2015-10-01,57.33681869506836
2015-10-02,57.99009704589844
2015-10-05,58.82156753540039
2015-10-06,58.91489791870117
2015-10-07,59.50878143310547
2015-10-08,60.49296569824219
2015-10-09,59.8142204284668
2015-10-12,60.0857048034668
2015-10-13,59.2542610168457
2015-10-14,58.86396789550781
2015-10-15,59.22880172729492
2015-10-16,59.68695068359375
2015-10-19,59.90754699707031
2015-10-20,59.93301773071289
2015-10-21,59.16093063354492
2015-10-22,59.87361145019531
2015-10-23,60.43357849121094
2015-10-26,60.52690887451172
2015-10-27,60.22995376586914
2015-10-28,61.757110595703125
2015-10-29,61.714698791503906
2015-10-30,61.86741638183594
2015-11-02,62.35952377319336
2015-11-03,54.69819259643555
2015-11-04,55.60601806640625
2015-11-05,56.149009704589844
2015-11-06,57.00593566894531
2015-11-09,56.293235778808594
2015-11-10,56.42900848388672
2015-11-11,56.912601470947266
2015-11-12,56.259307861328125
2015-11-13,55.23270034790039
2015-11-16,55.572086334228516
2015-11-17,55.6653938293457
2015-11-18,56.098106384277344
2015-11-19,56.06417465209961
2015-11-20,56.344139099121094
2015-11-23,55.61450958251953
2015-11-24,54.96120834350586
2015-11-25,54.74909973144531
2015-11-27,54.910316467285156
2015-11-30,54.01946258544922
2015-12-01,54.71516036987305
2015-12-02,55.130897521972656
2015-12-03,54.35882568359375
2015-12-04,55.18180847167969
2015-12-07,53.883697509765625
2015-12-08,53.49342346191406
2015-12-09,53.832794189453125
2015-12-10,53.34920120239258
2015-12-11,51.923828125
2015-12-14,52.06867218017578
2015-12-15,52.503238677978516
2015-12-16,52.85255813598633
2015-12-17,51.020660400390625
2015-12-18,49.86187744140625
2015-12-21,50.40718078613281
2015-12-22,50.9951057434082
2015-12-23,52.136844635009766
2015-12-24,52.06867218017578
2015-12-28,51.97495651245117
2015-12-29,52.4776725769043
2015-12-30,51.966434478759766
2015-12-31,51.6341438293457
2016-01-04,51.04621124267578
2016-01-05,51.369998931884766
2016-01-06,50.42423629760742
2016-01-07,50.43274688720703
2016-01-08,49.529571533203125
2016-01-11,50.219730377197266
2016-01-12,51.114383697509766
2016-01-13,50.373104095458984
2016-01-14,51.37852096557617
2016-01-15,49.810752868652344
2016-01-19,50.02376174926758
2016-01-20,49.325096130371094
2016-01-21,49.4614143371582
2016-01-22,50.65428924560547
2016-01-25,50.143062591552734
2016-01-26,51.156986236572266
2016-01-27,50.10896301269531
2016-01-28,49.59773635864258
2016-01-29,50.892860412597656
2016-02-01,51.69378662109375
2016-02-02,50.713932037353516
2016-02-03,50.82469177246094
2016-02-04,51.25071716308594
2016-02-05,49.87892532348633
2016-02-08,47.74880599975586
2016-02-09,49.35917282104492
2016-02-10,48.90757751464844
2016-02-11,48.089622497558594
2016-02-12,49.05243682861328
2016-02-16,49.97264862060547
2016-02-17,50.73097229003906
2016-02-18,50.41570281982422
2016-02-19,50.87581253051758
2016-02-22,51.114383697509766
2016-02-23,50.25382614135742
2016-02-24,50.42423629760742
2016-02-25,51.156986236572266
2016-02-26,50.688377380371094
2016-02-29,49.63181686401367
2016-03-01,51.12290573120117
2016-03-02,51.054752349853516
2016-03-03,51.404083251953125
2016-03-04,51.81307601928711
2016-03-07,51.18254852294922
2016-03-08,50.42423629760742
2016-03-09,51.139949798583984
2016-03-10,52.452110290527344
2016-03-11,53.51716995239258
2016-03-14,53.508636474609375
2016-03-15,53.41453552246094
2016-03-16,53.696868896484375
2016-03-17,53.95355224609375
2016-03-18,53.508644104003906
2016-03-21,53.688323974609375
2016-03-22,53.431644439697266
2016-03-23,53.80810546875
2016-03-24,53.57709503173828
2016-03-28,53.40597152709961
2016-03-29,53.833770751953125
2016-03-30,54.05622482299805
2016-03-31,54.16745376586914
2016-04-01,55.6219596862793
2016-04-04,55.048709869384766
2016-04-05,54.2786865234375
2016-04-06,55.18560028076172
2016-04-07,54.6636962890625
2016-04-08,54.740699768066406
2016-04-11,54.85192108154297
2016-04-12,54.783477783203125
2016-04-13,54.99737548828125
2016-04-14,54.92036819458008
2016-04-15,54.80915451049805
2016-04-18,55.6219596862793
2016-04-19,56.03264236450195
2016-04-20,56.85401153564453
2016-04-21,55.81874084472656
2016-04-22,55.81874084472656
2016-04-25,56.212310791015625
2016-04-26,56.46897888183594
2016-04-27,56.81122589111328
2016-04-28,56.1866455078125
2016-04-29,56.297874450683594
2016-05-02,57.478580474853516
2016-05-03,60.99506759643555
2016-05-04,60.789737701416016
2016-05-05,60.22502517700195
2016-05-06,60.96084976196289
2016-05-09,61.362972259521484
2016-05-10,63.185359954833984
2016-05-11,62.82601547241211
2016-05-12,61.4057502746582
2016-05-13,61.867774963378906
2016-05-16,62.2784309387207
2016-05-17,61.7137451171875
2016-05-18,61.93619918823242
2016-05-19,62.124454498291016
2016-05-20,62.44100570678711
2016-05-23,62.06454086303711
2016-05-24,63.23672103881836
2016-05-25,63.03995132446289
2016-05-26,63.339393615722656
2016-05-27,63.66450500488281
2016-05-31,63.54472732543945
2016-06-01,63.92972946166992
2016-06-02,64.49443054199219
2016-06-03,64.1607666015625
2016-06-06,64.40885925292969
2016-06-07,64.55431365966797
2016-06-08,64.49443054199219
2016-06-09,64.28910064697266
2016-06-10,63.6046257019043
2016-06-13,62.83460235595703
2016-06-14,63.32399368286133
2016-06-15,63.212371826171875
2016-06-16,63.332584381103516
2016-06-17,62.499698638916016
2016-06-20,62.585575103759766
2016-06-21,62.929046630859375
2016-06-22,62.79167556762695
2016-06-23,63.46139144897461
2016-06-24,60.679412841796875
2016-06-27,58.696006774902344
2016-06-28,60.99712371826172
2016-06-29,62.207763671875
2016-06-30,63.26392364501953
2016-07-01,63.96797561645508
2016-07-05,64.06242370605469
2016-07-06,63.75333023071289
2016-07-07,64.19121551513672
2016-07-08,65.28170013427734
2016-07-11,65.26448059082031
2016-07-12,66.0716552734375
2016-07-13,66.23475646972656
2016-07-14,66.02008819580078
2016-07-15,65.7195816040039
2016-07-18,66.01150512695312
2016-07-19,66.2519302368164
2016-07-20,66.97319030761719
2016-07-21,66.82719421386719
2016-07-22,66.95600128173828
2016-07-25,66.8873291015625
2016-07-26,69.41169738769531
2016-07-27,69.3687744140625
2016-07-28,68.99954986572266
2016-07-29,68.28688049316406
2016-08-01,68.00353240966797
2016-08-02,67.37671661376953
2016-08-03,67.1019515991211
2016-08-04,67.16209411621094
2016-08-05,68.02930450439453
2016-08-08,68.18385314941406
2016-08-09,68.4586181640625
2016-08-10,68.56165313720703
2016-08-11,69.11975860595703
2016-08-12,68.72478485107422
2016-08-15,68.76773071289062
2016-08-16,67.73736572265625
2016-08-17,67.96061706542969
2016-08-18,68.03788757324219
2016-08-19,68.07223510742188
2016-08-22,68.26970672607422
2016-08-23,68.75054931640625
2016-08-24,68.31263732910156
2016-08-25,68.3555908203125
2016-08-26,68.27830505371094
2016-08-29,68.1580810546875
2016-08-30,68.27830505371094
2016-08-31,68.11516571044922
2016-09-01,68.38133239746094
2016-09-02,69.06824493408203
2016-09-06,69.0425033569336
2016-09-07,68.7333984375
2016-09-08,68.05506896972656
2016-09-09,66.45800018310547
2016-09-12,67.01612091064453
2016-09-13,65.84837341308594
2016-09-14,65.52961730957031
2016-09-15,66.03793334960938
2016-09-16,64.69390106201172
2016-09-19,65.39177703857422
2016-09-20,65.96900939941406
2016-09-21,66.44287872314453
2016-09-22,66.78746795654297
2016-09-23,66.40839385986328
2016-09-26,66.22745513916016
2016-09-27,66.97700500488281
2016-09-28,66.53765869140625
2016-09-29,66.20161437988281
2016-09-30,66.36528778076172
2016-10-03,66.26192474365234
2016-10-04,65.87422180175781
2016-10-05,66.22745513916016
2016-10-06,67.4422378540039
2016-10-07,66.88223266601562
2016-10-10,66.69269561767578
2016-10-11,65.90006256103516
2016-10-12,66.50314331054688
2016-10-13,65.7622299194336
2016-10-14,65.90867614746094
2016-10-17,65.31421661376953
2016-10-18,65.43482208251953
2016-10-19,65.75361633300781
2016-10-20,64.86621856689453
2016-10-21,64.62498474121094
2016-10-24,65.39177703857422
2016-10-25,65.09882354736328
2016-10-26,64.74559783935547
2016-10-27,63.83234405517578
2016-10-28,64.07359313964844
2016-10-31,63.685882568359375
2016-11-01,66.21022033691406
2016-11-02,64.659423828125
2016-11-03,64.59052276611328
2016-11-04,64.97820281982422
2016-11-07,65.90867614746094
2016-11-08,65.99482727050781
2016-11-09,66.2532958984375
2016-11-10,66.38253784179688
2016-11-11,65.75361633300781
2016-11-14,64.7800521850586
2016-11-15,64.3923568725586
2016-11-16,64.70252227783203
2016-11-17,65.36590576171875
2016-11-18,66.44287872314453
2016-11-21,66.79608917236328
2016-11-22,66.8908462524414
2016-11-23,68.06254577636719
2016-11-25,67.85578155517578
2016-11-28,67.77825927734375
2016-11-29,67.97642517089844
2016-11-30,66.50314331054688
2016-12-01,65.24530029296875
2016-12-02,64.61637878417969
2016-12-05,64.85757446289062
2016-12-06,65.05574798583984
2016-12-07,65.1505355834961
2016-12-08,64.71976470947266
2016-12-09,65.09882354736328
2016-12-12,65.28836822509766
2016-12-13,64.90927124023438
2016-12-14,65.63551330566406
2016-12-15,66.87179565429688
2016-12-16,66.25794982910156
2016-12-19,65.7738037109375
2016-12-20,66.10235595703125
2016-12-21,66.30119323730469
2016-12-22,65.53175354003906
2016-12-23,65.721923828125
2016-12-27,66.28390502929688
2016-12-28,66.20608520507812
2016-12-29,66.5691909790039
2016-12-30,65.39341735839844
2017-01-03,66.5519027709961
2017-01-04,67.6412124633789
2017-01-05,67.47697448730469
2017-01-06,68.20317077636719
2017-01-09,67.46829986572266
2017-01-10,67.13114166259766
2017-01-11,66.90635681152344
2017-01-12,66.6124267578125
2017-01-13,66.88907623291016
2017-01-17,68.0389175415039
2017-01-18,68.6959457397461
2017-01-19,68.42792510986328
2017-01-20,68.98123931884766
2017-01-23,69.22330474853516
2017-01-24,69.18870544433594
2017-01-25,69.05905151367188
2017-01-26,68.78240203857422
2017-01-27,68.99856567382812
2017-01-30,68.81697845458984
2017-01-31,68.66138458251953
2017-02-01,68.31556701660156
2017-02-02,68.35015869140625
2017-02-03,68.64407348632812
2017-02-06,68.600830078125
2017-02-07,66.82856750488281
2017-02-08,69.02447509765625
2017-02-09,69.81118774414062
2017-02-10,69.56050109863281
2017-02-13,69.94952392578125
2017-02-14,69.59505462646484
2017-02-15,70.38179779052734
2017-02-16,70.64981079101562
2017-02-17,70.93511199951172
2017-02-21,71.03884887695312
2017-02-22,71.60077667236328
2017-02-23,71.83422088623047
2017-02-24,72.48259735107422
2017-02-27,71.43653869628906
2017-02-28,71.12530517578125
2017-03-01,71.7737045288086
2017-03-02,71.12530517578125
2017-03-03,71.71318817138672
2017-03-06,71.49703216552734
2017-03-07,71.44517517089844
2017-03-08,71.08206176757812
2017-03-09,70.87458801269531
2017-03-10,71.09071350097656
2017-03-13,71.51433563232422
2017-03-14,71.28955841064453
2017-03-15,71.59320068359375
2017-03-16,71.09867858886719
2017-03-17,70.99458312988281
2017-03-20,70.29183197021484
2017-03-21,69.4502944946289
2017-03-22,69.32015228271484
2017-03-23,69.25074005126953
2017-03-24,69.51101684570312
2017-03-27,69.7625961303711
2017-03-28,69.65850067138672
2017-03-29,69.43290710449219
2017-03-30,69.4502944946289
2017-03-31,69.07722473144531
2017-04-03,68.92105102539062
2017-04-04,68.6520767211914
2017-04-05,68.97310638427734
2017-04-06,69.05986022949219
2017-04-07,69.29410552978516
2017-04-10,69.87540435791016
2017-04-11,69.47628784179688
2017-04-12,69.85801696777344
2017-04-13,69.54570770263672
2017-04-17,69.9534683227539
2017-04-18,70.05757904052734
2017-04-19,69.97081756591797
2017-04-20,70.76900482177734
2017-04-21,71.60189056396484
2017-04-24,72.28728485107422
2017-04-25,72.75579071044922
2017-04-26,72.77313995361328
2017-04-27,72.95531463623047
2017-04-28,73.04209899902344
2017-05-01,73.24160766601562
2017-05-02,72.23521423339844
2017-05-03,71.99230194091797
2017-05-04,72.46078491210938
2017-05-05,72.05303192138672
2017-05-08,72.30462646484375
2017-05-09,72.13980102539062
2017-05-10,72.51284790039062
2017-05-11,72.53020477294922
2017-05-12,72.10509490966797
2017-05-15,72.36536407470703
2017-05-16,72.6863784790039
2017-05-17,71.8795166015625
2017-05-18,71.84480285644531
2017-05-19,72.18317413330078
2017-05-22,72.90325927734375
2017-05-23,72.58226013183594
2017-05-24,72.8338623046875
2017-05-25,74.05716705322266
2017-05-26,73.98773956298828
2017-05-30,73.99642181396484
2017-05-31,74.49962615966797
2017-06-01,75.28044128417969
2017-06-02,75.19367980957031
2017-06-05,75.08960723876953
2017-06-06,74.82929229736328
2017-06-07,75.08960723876953
2017-06-08,73.99642181396484
2017-06-09,73.4064712524414
2017-06-12,73.68412780761719
2017-06-13,74.38683319091797
2017-06-14,74.6305923461914
2017-06-15,74.89175415039062
2017-06-16,74.16051483154297
2017-06-19,74.05604553222656
2017-06-20,74.12570190429688
2017-06-21,73.98640441894531
2017-06-22,73.87323760986328
2017-06-23,73.85580444335938
2017-06-26,73.90805053710938
2017-06-27,74.18663024902344
2017-06-28,74.84823608398438
2017-06-29,73.82969665527344
2017-06-30,74.34329223632812
2017-07-03,74.38682556152344
2017-07-05,74.96139526367188
2017-07-06,74.47391510009766
2017-07-07,75.54463958740234
2017-07-10,75.99734497070312
2017-07-11,76.45000457763672
2017-07-12,77.12902069091797
2017-07-13,77.69486236572266
2017-07-14,77.98213195800781
2017-07-17,78.02565002441406
2017-07-18,78.2171630859375
2017-07-19,78.23458862304688
2017-07-20,78.1823501586914
2017-07-21,78.34778594970703
2017-07-24,78.45220184326172
2017-07-25,78.08657836914062
2017-07-26,78.94843292236328
2017-07-27,79.26181030273438
2017-07-28,79.07028198242188
2017-07-31,79.40979766845703
2017-08-01,79.97562408447266
2017-08-02,79.42721557617188
2017-08-03,78.7046890258789
2017-08-04,78.66986083984375
2017-08-07,78.82654571533203
2017-08-08,78.33904266357422
2017-08-09,77.81674194335938
2017-08-10,77.70355987548828
2017-08-11,77.66873168945312
2017-08-14,78.73947143554688
2017-08-15,78.92230224609375
2017-08-16,79.61003112792969
2017-08-17,77.97341918945312
2017-08-18,78.19977569580078
2017-08-21,79.09640502929688
2017-08-22,79.72318267822266
2017-08-23,79.51426696777344
2017-08-24,79.43592071533203
2017-08-25,79.51426696777344
2017-08-28,79.90599060058594
2017-08-29,80.03659057617188
2017-08-30,80.42831420898438
2017-08-31,80.88970184326172
2017-09-01,80.38479614257812
2017-09-05,80.27163696289062
2017-09-06,80.49796295166016
2017-09-07,80.55020904541016
2017-09-08,80.3499755859375
2017-09-11,81.2988510131836
2017-09-12,81.24663543701172
2017-09-13,80.4544448852539
2017-09-14,80.43697357177734
2017-09-15,80.34963989257812
2017-09-18,81.68574523925781
2017-09-19,81.01333618164062
2017-09-20,81.03950500488281
2017-09-21,80.96967315673828
2017-09-22,81.25784301757812
2017-09-25,81.06571960449219
2017-09-26,80.90853118896484
2017-09-27,81.21417236328125
2017-09-28,81.51107788085938
2017-09-29,81.55475616455078
2017-10-02,81.50236511230469
2017-10-03,81.56349182128906
2017-10-04,81.83419799804688
2017-10-05,81.93026733398438
2017-10-06,82.00885009765625
2017-10-09,82.39310455322266
2017-10-10,82.62016296386719
2017-10-11,82.64636993408203
2017-10-12,82.62016296386719
2017-10-13,82.92578125
2017-10-16,83.14411163330078
2017-10-17,82.41930389404297
2017-10-18,82.7947998046875
2017-10-19,83.09171295166016
2017-10-20,83.2052230834961
2017-10-23,83.58071899414062
2017-10-24,83.1965103149414
2017-10-25,83.42355346679688
2017-10-26,83.7815933227539
2017-10-27,84.37542724609375
2017-10-30,83.8951187133789
2017-10-31,81.00460815429688
2017-11-01,81.31024932861328
2017-11-02,81.5285415649414
2017-11-03,81.3713607788086
2017-11-06,81.32770538330078
2017-11-07,79.00480651855469
2017-11-08,80.0352783203125
2017-11-09,80.79501342773438
2017-11-10,81.00460815429688
2017-11-13,81.08320617675781
2017-11-14,81.58969116210938
2017-11-15,81.68574523925781
2017-11-16,81.38884735107422
2017-11-17,80.3932876586914
2017-11-20,80.31473541259766
2017-11-21,80.11386108398438
2017-11-22,79.98285675048828
2017-11-24,80.43697357177734
2017-11-27,80.31473541259766
2017-11-28,80.96967315673828
2017-11-29,80.96967315673828
2017-11-30,82.3756332397461
2017-12-01,81.86912536621094
2017-12-04,81.76432800292969
2017-12-05,83.10916900634766
2017-12-06,83.22270202636719
2017-12-07,83.72046661376953
2017-12-08,83.70301055908203
2017-12-11,83.58071899414062
2017-12-12,82.29703521728516
2017-12-13,82.31451416015625
2017-12-14,81.99041748046875
2017-12-15,83.06783294677734
2017-12-18,83.43572998046875
2017-12-19,83.21674346923828
2017-12-20,83.28683471679688
2017-12-21,83.0941162109375
2017-12-22,82.62108612060547
2017-12-26,82.45462799072266
2017-12-27,82.34078216552734
2017-12-28,82.5860595703125
2017-12-29,82.41958618164062
2018-01-02,82.0780029296875
2018-01-03,82.55976104736328
2018-01-04,83.17294311523438
2018-01-05,83.64596557617188
2018-01-08,83.85620880126953
2018-01-09,84.12777709960938
2018-01-10,85.21393585205078
2018-01-11,85.65193176269531
2018-01-12,85.5030288696289
2018-01-16,85.11760711669922
2018-01-17,85.49427032470703
2018-01-18,85.44169616699219
2018-01-19,86.25636291503906
2018-01-22,86.88704681396484
2018-01-23,86.83448028564453
2018-01-24,88.08712005615234
2018-01-25,88.91051483154297
2018-01-26,90.11936950683594
2018-01-29,89.9529037475586
2018-01-30,89.9266357421875
2018-01-31,89.66387939453125
2018-02-01,89.4448471069336
2018-02-02,88.30611419677734
2018-02-05,85.14386749267578
2018-02-06,83.8474349975586
2018-02-07,84.7671890258789
2018-02-08,81.2370834350586
2018-02-09,83.24302673339844
2018-02-12,83.34815216064453
2018-02-13,84.2416000366211
2018-02-14,84.09272003173828
2018-02-15,84.583251953125
2018-02-16,85.68697357177734
2018-02-20,85.24900817871094
2018-02-21,85.10005950927734
2018-02-22,85.87093353271484
2018-02-23,87.43890380859375
2018-02-26,87.5265121459961
2018-02-27,86.23006439208984
2018-02-28,85.1263656616211
2018-03-01,84.05766296386719
2018-03-02,84.88109588623047
2018-03-05,87.2374267578125
2018-03-06,86.46659088134766
2018-03-07,86.34394836425781
2018-03-08,86.96586608886719
2018-03-09,88.27105712890625
2018-03-12,88.67401885986328
2018-03-13,87.95574188232422
2018-03-14,87.87689208984375
2018-03-15,87.96475982666016
2018-03-16,88.43929290771484
2018-03-19,87.92082977294922
2018-03-20,88.68534088134766
2018-03-21,88.38658142089844
2018-03-22,85.6975326538086
2018-03-23,83.36002349853516
2018-03-26,84.50242614746094
2018-03-27,83.20183563232422
2018-03-28,83.76425170898438
2018-03-29,84.62544250488281
2018-04-02,83.22821044921875
2018-04-03,83.48302459716797
2018-04-04,84.36181640625
2018-04-05,85.64482879638672
2018-04-06,83.94877624511719
2018-04-09,84.36181640625
2018-04-10,85.09119415283203
2018-04-11,84.66059112548828
2018-04-12,84.95934295654297
2018-04-13,84.5639419555664
2018-04-16,85.49542236328125
2018-04-17,85.7766342163086
2018-04-18,85.70632934570312
2018-04-19,85.2933120727539
2018-04-20,84.37059020996094
2018-04-23,84.09818267822266
2018-04-24,83.28091430664062
2018-04-25,82.70093536376953
2018-04-26,83.48302459716797
2018-04-27,83.21941375732422
2018-04-30,83.4566879272461
2018-05-01,87.57811737060547
2018-05-02,86.5499496459961
2018-05-03,87.35843658447266
2018-05-04,88.45690155029297
2018-05-07,89.81897735595703
2018-05-08,90.68016815185547
2018-05-09,91.31285858154297
2018-05-10,92.19164276123047
2018-05-11,92.17404174804688
2018-05-14,92.00711059570312
2018-05-15,92.00711059570312
2018-05-16,92.13013458251953
2018-05-17,91.23377990722656
2018-05-18,91.4974136352539
2018-05-21,91.78741455078125
2018-05-22,90.95257568359375
2018-05-23,91.27771759033203
2018-05-24,91.2162094116211
2018-05-25,90.91744232177734
2018-05-29,89.96832275390625
2018-05-30,90.74166870117188
2018-05-31,89.82777404785156
2018-06-01,90.7065200805664
2018-06-04,91.1898422241211
2018-06-05,92.0598373413086
2018-06-06,93.96674346923828
2018-06-07,92.68376159667969
2018-06-08,93.27252960205078
2018-06-11,93.02645111083984
2018-06-12,94.17765808105469
2018-06-13,94.11614990234375
2018-06-14,94.9446792602539
2018-06-15,94.69784545898438
2018-06-18,94.54801177978516
2018-06-19,94.65380859375
2018-06-20,94.31006622314453
2018-06-21,94.65380859375
2018-06-22,94.86532592773438
2018-06-25,93.93986511230469
2018-06-26,93.51679229736328
2018-06-27,92.42385864257812
2018-06-28,93.17304992675781
2018-06-29,93.45511627197266
2018-07-02,94.0456314086914
2018-07-03,93.95748901367188
2018-07-05,94.78602600097656
2018-07-06,95.51759338378906
2018-07-09,95.38536071777344
2018-07-10,94.8741455078125
2018-07-11,94.95348358154297
2018-07-12,95.67625427246094
2018-07-13,95.3060302734375
2018-07-16,94.92704010009766
2018-07-17,95.49110412597656
2018-07-18,96.0464096069336
2018-07-19,95.82608032226562
2018-07-20,95.98468780517578
2018-07-23,96.37251281738281
2018-07-24,95.78199005126953
2018-07-25,96.50474548339844
2018-07-26,96.18743133544922
2018-07-27,94.69784545898438
2018-07-30,92.60012817382812
2018-07-31,90.89904022216797
2018-08-01,90.74037170410156
2018-08-02,91.02239990234375
2018-08-03,91.8597640991211
2018-08-06,92.35335540771484
2018-08-07,92.68827056884766
2018-08-08,93.3140640258789
2018-08-09,94.26598358154297
2018-08-10,94.20427703857422
2018-08-13,93.55204772949219
2018-08-14,94.03682708740234
2018-08-15,93.44627380371094
2018-08-16,93.72830963134766
2018-08-17,94.39820098876953
2018-08-20,94.7331314086914
2018-08-21,94.82125854492188
2018-08-22,95.41179656982422
2018-08-23,95.52638244628906
2018-08-24,95.95826721191406
2018-08-27,95.10330963134766
2018-08-28,94.830078125
2018-08-29,95.24434661865234
2018-08-30,94.92704010009766
2018-08-31,95.34130096435547
2018-09-04,95.07687377929688
2018-09-05,93.90461730957031
2018-09-06,94.8388900756836
2018-09-07,94.70668029785156
2018-09-10,95.82608032226562
2018-09-11,96.21388244628906
2018-09-12,96.51354217529297
2018-09-13,97.28263092041016
2018-09-14,97.3445053100586
2018-09-17,96.73456573486328
2018-09-18,97.0262680053711
2018-09-19,96.15113067626953
2018-09-20,97.05279541015625
2018-09-21,97.75111389160156
2018-09-24,97.17655181884766
2018-09-25,97.07048034667969
2018-09-26,96.81413269042969
2018-09-27,96.15113067626953
2018-09-28,96.41630554199219
2018-10-01,94.74559783935547
2018-10-02,95.04615783691406
2018-10-03,95.47929382324219
2018-10-04,95.14337158203125
2018-10-05,95.62957000732422
2018-10-08,94.84282684326172
2018-10-09,95.30249786376953
2018-10-10,90.90026092529297
2018-10-11,89.43283081054688
2018-10-12,90.50243377685547
2018-10-15,89.47702026367188
2018-10-16,92.65938568115234
2018-10-17,92.70357513427734
2018-10-18,91.99637603759766
2018-10-19,91.7135009765625
2018-10-22,91.88147735595703
2018-10-23,91.19196319580078
2018-10-24,89.01734161376953
2018-10-25,90.97980499267578
2018-10-26,89.60962677001953
2018-10-29,87.62950897216797
2018-10-30,91.59860229492188
2018-10-31,92.02291107177734
2018-11-01,91.89031219482422
2018-11-02,91.6251220703125
2018-11-05,91.907958984375
2018-11-06,92.52677917480469
2018-11-07,94.88701629638672
2018-11-08,95.18757629394531
2018-11-09,95.00193786621094
2018-11-12,93.42845153808594
2018-11-13,92.6417007446289
2018-11-14,92.38533020019531
2018-11-15,94.4273452758789
2018-11-16,95.34669494628906
2018-11-19,92.23504638671875
2018-11-20,90.56433868408203
2018-11-21,91.35991668701172
2018-11-23,91.28035736083984
2018-11-26,92.2792739868164
2018-11-27,92.04059600830078
2018-11-28,95.42623901367188
2018-11-29,93.56989288330078
2018-11-30,95.42623901367188
2018-12-03,96.46051788330078
2018-12-04,93.80855560302734
2018-12-06,93.51683807373047
2018-12-07,92.48258972167969
2018-12-10,93.41960906982422
2018-12-11,93.55220031738281
2018-12-12,94.35664367675781
2018-12-13,93.85124969482422
2018-12-14,92.73408508300781
2018-12-17,90.4908676147461
2018-12-18,90.0564193725586
2018-12-19,89.58647918701172
2018-12-20,87.90185546875
2018-12-21,86.75809478759766
2018-12-24,84.96707916259766
2018-12-26,88.15900421142578
2018-12-27,89.39143371582031
2018-12-28,89.382568359375
2018-12-31,90.92533874511719
2019-01-02,89.93228912353516
2019-01-03,87.16594696044922
2019-01-04,90.24259185791016
2019-01-07,90.81007385253906
2019-01-08,91.4927749633789
2019-01-09,91.0583267211914
2019-01-10,92.06023406982422
2019-01-11,91.7942123413086
2019-01-14,91.90951538085938
2019-01-15,92.84046936035156
2019-01-16,91.91836547851562
2019-01-17,92.39712524414062
2019-01-18,93.84236145019531
2019-01-22,93.39904022216797
2019-01-23,93.88671112060547
2019-01-24,93.23946380615234
2019-01-25,93.47885131835938
2019-01-28,92.46807861328125
2019-01-29,91.8474349975586
2019-01-30,93.55865478515625
2019-01-31,92.68087005615234
2019-02-01,95.0482406616211
2019-02-04,96.6175765991211
2019-02-05,97.4421615600586
2019-02-06,97.26481628417969
2019-02-07,96.3515853881836
2019-02-08,96.64418029785156
2019-02-11,96.73284912109375
2019-02-12,94.47188568115234
2019-02-13,94.68470001220703
2019-02-14,94.250244140625
2019-02-15,96.58209228515625
2019-02-19,96.3870620727539
2019-02-20,94.924072265625
2019-02-21,94.97728729248047
2019-02-22,94.95067596435547
2019-02-25,94.68470001220703
2019-02-26,94.70242309570312
2019-02-27,95.05707550048828
2019-02-28,95.8905258178711
2019-03-01,96.10330200195312
2019-03-04,95.15460205078125
2019-03-05,94.77335357666016
2019-03-06,94.51624298095703
2019-03-07,93.6739273071289
2019-03-08,93.72708892822266
2019-03-11,94.9063491821289
2019-03-12,95.19894409179688
2019-03-13,95.40286254882812
2019-03-14,95.87435913085938
2019-03-15,96.85282135009766
2019-03-18,96.17677307128906
2019-03-19,94.82467651367188
2019-03-20,94.9581069946289
2019-03-21,97.9914321899414
2019-03-22,98.21382141113281
2019-03-25,96.44363403320312
2019-03-26,97.76905059814453
2019-03-27,97.82241821289062
2019-03-28,98.89875030517578
2019-03-29,100.60667419433594
2019-04-01,101.21155548095703
2019-04-02,101.51399993896484
2019-04-03,102.23451232910156
2019-04-04,101.4339599609375
2019-04-05,100.86463165283203
2019-04-08,101.09591674804688
2019-04-09,101.19377136230469
2019-04-10,99.96620178222656
2019-04-11,100.42875671386719
2019-04-12,100.6600341796875
2019-04-15,100.6422348022461
2019-04-16,99.25459289550781
2019-04-17,98.82758331298828
2019-04-18,98.6407699584961
2019-04-22,99.81498718261719
2019-04-23,100.3398208618164
2019-04-24,99.66376495361328
2019-04-25,99.22789001464844
2019-04-26,98.64967346191406
2019-04-29,99.2189712524414
2019-04-30,103.12405395507812
2019-05-01,102.49248504638672
2019-05-02,104.78748321533203
2019-05-03,104.75191497802734
2019-05-06,104.3604965209961
2019-05-07,103.0884780883789
2019-05-08,103.31086730957031
2019-05-09,103.07067108154297
2019-05-10,103.82677459716797
2019-05-13,102.69709014892578
2019-05-14,104.00469970703125
2019-05-15,104.29826354980469
2019-05-16,105.94389343261719
2019-05-17,105.6147689819336
2019-05-20,105.25004577636719
2019-05-21,107.10919952392578
2019-05-22,107.6340103149414
2019-05-23,107.10919952392578
2019-05-24,105.62367248535156
2019-05-28,106.166259765625
2019-05-29,105.9172134399414
2019-05-30,106.34417724609375
2019-05-31,107.01133728027344
2019-06-03,103.693359375
2019-06-04,106.95796203613281
2019-06-05,108.33673858642578
2019-06-06,108.14104461669922
2019-06-07,109.00389862060547
2019-06-10,108.7815170288086
2019-06-11,108.24778747558594
2019-06-12,107.58954620361328
2019-06-13,107.80364227294922
2019-06-14,108.30321502685547
2019-06-17,108.41919708251953
2019-06-18,109.3916244506836
2019-06-19,109.98933410644531
2019-06-20,110.51567077636719
2019-06-21,109.46298217773438
2019-06-24,108.14264678955078
2019-06-25,108.1783447265625
2019-06-26,108.18724822998047
2019-06-27,108.24971771240234
2019-06-28,109.44513702392578
2019-07-01,111.13123321533203
2019-07-02,111.43457794189453
2019-07-03,112.9600830078125
2019-07-05,113.12065124511719
2019-07-08,113.14743041992188
2019-07-09,113.299072265625
2019-07-10,113.22772979736328
2019-07-11,114.03060913085938
2019-07-12,115.40448760986328
2019-07-15,116.29661560058594
2019-07-16,115.71675109863281
2019-07-17,116.51075744628906
2019-07-18,117.1619644165039
2019-07-19,115.74349975585938
2019-07-22,116.94784545898438
2019-07-23,116.92109680175781
2019-07-24,116.08248138427734
2019-07-25,118.18789672851562
2019-07-26,120.98023986816406
2019-07-29,121.96155548095703
2019-07-30,119.2673568725586
2019-07-31,118.87481689453125
2019-08-01,117.054931640625
2019-08-02,116.11817932128906
2019-08-05,112.36235809326172
2019-08-06,116.79619598388672
2019-08-07,119.97216033935547
2019-08-08,121.67606353759766
2019-08-09,121.77422332763672
2019-08-12,118.178955078125
2019-08-13,120.30224609375
2019-08-14,116.58208465576172
2019-08-15,120.38251495361328
2019-08-16,123.38890838623047
2019-08-19,123.9063720703125
2019-08-20,124.55763244628906
2019-08-21,123.29080200195312
2019-08-22,123.08561706542969
2019-08-23,119.9632339477539
2019-08-26,121.01593017578125
2019-08-27,121.97940063476562
2019-08-28,122.22920989990234
2019-08-29,122.5146713256836
2019-08-30,121.52444458007812
2019-09-03,121.83668518066406
2019-09-04,122.86259460449219
2019-09-05,124.04911804199219
2019-09-06,122.8180160522461
2019-09-09,119.40118408203125
2019-09-10,117.18873596191406
2019-09-11,117.12625885009766
2019-09-12,119.36256408691406
2019-09-13,117.0726318359375
2019-09-16,119.02262878417969
2019-09-17,120.230224609375
2019-09-18,118.87057495117188
2019-09-19,119.77401733398438
2019-09-20,117.90450286865234
2019-09-23,117.64509582519531
2019-09-24,118.87950134277344
2019-09-25,119.44303894042969
2019-09-26,119.34465789794922
2019-09-27,116.89369201660156
2019-09-30,118.75425720214844
2019-10-01,117.41252899169922
2019-10-02,115.73086547851562
2019-10-03,116.17811584472656
2019-10-04,117.54671478271484
2019-10-07,116.79531860351562
2019-10-08,115.86502838134766
2019-10-09,117.74349975585938
2019-10-10,117.66299438476562
2019-10-11,118.1012954711914
2019-10-14,118.73639678955078
2019-10-15,118.79899597167969
2019-10-16,117.85977172851562
2019-10-17,116.7595443725586
2019-10-18,114.79164123535156
2019-10-21,115.23887634277344
2019-10-22,112.2065200805664
2019-10-23,113.57510375976562
2019-10-24,115.57878875732422
2019-10-25,115.67719268798828
2019-10-28,116.48223114013672
2019-10-29,116.94740295410156
2019-10-30,118.0386734008789
2019-10-31,117.85977172851562
2019-11-01,119.99765014648438
2019-11-04,117.1799545288086
2019-11-05,118.24441528320312
2019-11-06,117.08157348632812
2019-11-07,118.38756561279297
2019-11-08,116.90267181396484
2019-11-11,118.396484375
2019-11-12,118.6290512084961
2019-11-13,119.70246887207031
2019-11-14,121.20523071289062
2019-11-15,121.49147033691406
2019-11-18,122.58274841308594
2019-11-19,123.13739776611328
2019-11-20,122.96739196777344
2019-11-21,122.07289123535156
2019-11-22,121.16947174072266
2019-11-25,122.43965911865234
2019-11-26,123.030029296875
2019-11-27,123.82609558105469
2019-11-29,123.57565307617188
2019-12-02,121.41990661621094
2019-12-03,121.84928131103516
2019-12-04,121.41990661621094
2019-12-05,122.48435974121094
2019-12-06,123.96028137207031
2019-12-09,122.51118469238281
2019-12-10,121.23206329345703
2019-12-11,121.20523071289062
2019-12-12,122.62218475341797
2019-12-13,123.93156433105469
2019-12-16,122.87330627441406
2019-12-17,123.63558959960938
2019-12-18,123.50106811523438
2019-12-19,123.8328857421875
2019-12-20,124.47863006591797
2019-12-23,123.94949340820312
2019-12-24,123.65352630615234
2019-12-26,124.38892364501953
2019-12-27,125.33061218261719
2019-12-30,124.29927825927734
2019-12-31,124.73869323730469
2020-01-02,125.46508026123047
2020-01-03,124.67591094970703
2020-01-06,125.86864471435547
2020-01-07,123.93156433105469
2020-01-08,125.75208282470703
2020-01-09,128.17352294921875
2020-01-10,127.29461669921875
2020-01-13,128.00308227539062
2020-01-14,127.7519760131836
2020-01-15,129.57254028320312
2020-01-16,131.1509552001953
2020-01-17,131.91323852539062
2020-01-21,132.38858032226562
2020-01-22,133.2584686279297
2020-01-23,133.63516235351562
2020-01-24,132.65760803222656
2020-01-27,131.28549194335938
2020-01-28,132.69349670410156
2020-01-29,132.81005859375
2020-01-30,132.28097534179688
2020-01-31,128.83717346191406
2020-02-03,130.7115020751953
2020-02-04,132.20921325683594
2020-02-05,131.04336547851562
2020-02-06,132.13748168945312
2020-02-07,131.3482666015625
2020-02-10,134.5050506591797
2020-02-11,134.0835418701172
2020-02-12,132.69349670410156
2020-02-13,138.39723205566406
2020-02-14,141.1953582763672
2020-02-18,139.5900421142578
2020-02-19,141.060791015625
2020-02-20,140.6034393310547
2020-02-21,138.94430541992188
2020-02-24,135.168701171875
2020-02-25,129.7339630126953
2020-02-26,129.05239868164062
2020-02-27,124.5414047241211
2020-02-28,125.30370330810547
2020-03-02,133.27642822265625
2020-03-03,128.32595825195312
2020-03-04,134.46022033691406
2020-03-05,128.02108764648438
2020-03-06,125.47411346435547
2020-03-09,116.62246704101562
2020-03-10,126.36193084716797
2020-03-11,119.24119567871094
2020-03-12,106.51769256591797
2020-03-13,116.80438232421875
2020-03-16,97.42691802978516
2020-03-17,102.47136688232422
2020-03-18,92.56231689453125
2020-03-19,94.6214370727539
2020-03-20,92.45441436767578
2020-03-23,92.12167358398438
2020-03-24,107.14713287353516
2020-03-25,108.23514556884766
2020-03-26,111.17549133300781
2020-03-27,107.99236297607422
2020-03-30,112.6591567993164
2020-03-31,109.3770980834961
2020-04-01,103.01084899902344
2020-04-02,105.30379486083984
2020-04-03,103.60430145263672
2020-04-06,110.61798858642578
2020-04-07,108.02832794189453
2020-04-08,112.19156646728516
2020-04-09,112.50629425048828
2020-04-13,111.1395034790039
2020-04-14,111.31037139892578
2020-04-15,108.04631042480469
2020-04-16,110.59101867675781
2020-04-17,115.05997467041016
2020-04-20,110.25830841064453
2020-04-21,105.62750244140625
2020-04-22,110.19537353515625
2020-04-23,108.96347045898438
2020-04-24,113.05477905273438
2020-04-27,114.7722396850586
2020-04-28,116.11203002929688
2020-04-29,120.75181579589844
2020-04-30,118.59378051757812
2020-05-01,116.255859375
2020-05-04,115.61746978759766
2020-05-05,118.6477279663086
2020-05-06,118.61174011230469
2020-05-07,116.39076232910156
2020-05-08,115.302734375
2020-05-11,115.3117446899414
2020-05-12,115.0149917602539
2020-05-13,114.63734436035156
2020-05-14,116.68749237060547
2020-05-15,118.89051818847656
2020-05-18,122.59516143798828
2020-05-19,121.78588104248047
2020-05-20,124.18675994873047
2020-05-21,122.73902893066406
2020-05-22,122.43327331542969
2020-05-26,122.82897186279297
2020-05-27,124.11479949951172
2020-05-28,124.42051696777344
2020-05-29,124.83414459228516
2020-06-01,124.8700942993164
2020-06-02,124.9510498046875
2020-06-03,125.4995346069336
2020-06-04,122.53219604492188
2020-06-05,128.64669799804688
2020-06-08,128.1971435546875
2020-06-09,127.1180648803711
2020-06-10,126.98316955566406
2020-06-11,120.9977798461914
2020-06-12,123.56685638427734
2020-06-15,123.89131164550781
2020-06-16,126.72176361083984
2020-06-17,124.92796325683594
2020-06-18,126.15388488769531
2020-06-19,121.69183349609375
2020-06-22,125.25242614746094
2020-06-23,124.36003875732422
2020-06-24,119.25801849365234
2020-06-25,120.1413803100586
2020-06-26,117.64442443847656
2020-06-29,118.23939514160156
2020-06-30,120.87154388427734
2020-07-01,123.3685073852539
2020-07-02,123.29638671875
2020-07-06,123.97245025634766
2020-07-07,123.04398345947266
2020-07-08,123.31441497802734
2020-07-09,122.40396118164062
2020-07-10,123.38654327392578
2020-07-13,122.1245346069336
2020-07-14,122.97183227539062
2020-07-15,126.58653259277344
2020-07-16,125.16230773925781
2020-07-17,126.62260437011719
2020-07-20,127.59616088867188
2020-07-21,129.26377868652344
2020-07-22,130.4987335205078
2020-07-23,130.697021484375
2020-07-24,129.5342254638672
2020-07-27,129.2998809814453
2020-07-28,128.56968688964844
2020-07-29,130.462646484375
2020-07-30,130.88633728027344
2020-07-31,131.88693237304688
2020-08-03,134.2486114501953
2020-08-04,132.689208984375
2020-08-05,132.05816650390625
2020-08-06,132.50888061523438
2020-08-07,133.2119903564453
2020-08-10,131.751708984375
2020-08-11,128.94827270507812
2020-08-12,129.6424102783203
2020-08-13,130.88633728027344
2020-08-14,129.6964874267578
2020-08-17,130.04803466796875
2020-08-18,129.6333465576172
2020-08-19,128.55169677734375
2020-08-20,127.31669616699219
2020-08-21,127.82154083251953
2020-08-24,127.70430755615234
2020-08-25,131.03958129882812
2020-08-26,133.3111572265625
2020-08-27,136.2948455810547
2020-08-28,137.43966674804688
2020-08-31,135.9793701171875
2020-09-01,137.3314971923828
2020-09-02,140.40533447265625
2020-09-03,136.02447509765625
2020-09-04,133.41030883789062
2020-09-08,131.33705139160156
2020-09-09,133.86102294921875
2020-09-10,131.79190063476562
2020-09-11,130.31912231445312
2020-09-14,132.126220703125
2020-09-15,134.1772918701172
2020-09-16,134.33087158203125
2020-09-17,134.45736694335938
2020-09-18,132.50567626953125
2020-09-21,130.12939453125
2020-09-22,132.090087890625
2020-09-23,129.7589111328125
2020-09-24,130.30104064941406
2020-09-25,131.91839599609375
2020-09-28,133.66226196289062
2020-09-29,134.44833374023438
2020-09-30,133.0116729736328
2020-10-01,132.70445251464844
2020-10-02,131.15037536621094
2020-10-05,131.52984619140625
2020-10-06,130.44558715820312
2020-10-07,130.65342712402344
2020-10-08,132.46054077148438
2020-10-09,134.65615844726562
2020-10-12,134.8007049560547
2020-10-13,131.88226318359375
2020-10-14,130.17457580566406
2020-10-15,130.00286865234375
2020-10-16,130.00286865234375
2020-10-19,126.29830932617188
2020-10-20,127.12958526611328
2020-10-21,127.7710952758789
2020-10-22,128.9547576904297
2020-10-23,130.4727325439453
2020-10-26,125.97299194335938
2020-10-27,124.56348419189453
2020-10-28,119.72950744628906
2020-10-29,112.9619140625
2020-10-30,112.57337188720703
2020-11-02,112.01316833496094
2020-11-03,116.09723663330078
2020-11-04,119.99153900146484
2020-11-05,119.80178833007812
2020-11-06,120.2987289428711
2020-11-09,128.0240936279297
2020-11-10,130.43658447265625
2020-11-11,129.7047119140625
2020-11-12,128.45777893066406
2020-11-13,130.76185607910156
2020-11-16,133.62608337402344
2020-11-17,132.79486083984375
2020-11-18,130.9877471923828
2020-11-19,133.45440673828125
2020-11-20,130.26492309570312
2020-11-23,131.3040008544922
2020-11-24,134.55674743652344
2020-11-25,133.6984100341797
2020-11-27,133.97848510742188
2020-11-30,134.09596252441406
2020-12-01,135.87591552734375
2020-12-02,134.2585906982422
2020-12-03,133.07492065429688
2020-12-04,135.40611267089844
2020-12-07,136.03858947753906
2020-12-08,136.59878540039062
2020-12-09,133.51768493652344
2020-12-10,133.24659729003906
2020-12-11,133.880615234375
2020-12-14,130.62010192871094
2020-12-15,131.40802001953125
2020-12-16,130.05856323242188
2020-12-17,132.20504760742188
2020-12-18,131.52578735351562
2020-12-21,126.71649932861328
2020-12-22,122.09746551513672
2020-12-23,122.00687408447266
2020-12-24,127.51351165771484
2020-12-28,127.05162811279297
2020-12-29,127.96637725830078
2020-12-30,126.37237548828125
2020-12-31,128.120361328125
2021-01-04,126.71649932861328
2021-01-05,123.79109954833984
2021-01-06,124.97757720947266
2021-01-07,122.9669189453125
2021-01-08,125.5843505859375
2021-01-11,123.22956848144531
2021-01-12,121.02872467041016
2021-01-13,118.59239196777344
2021-01-14,117.00740814208984
2021-01-15,117.4964828491211
2021-01-19,115.98397827148438
2021-01-20,118.72824096679688
2021-01-21,121.00155639648438
2021-01-22,116.90776824951172
2021-01-25,115.75752258300781
2021-01-26,116.07454681396484
2021-01-27,110.97545623779297
2021-01-28,113.5023422241211
2021-01-29,111.81775665283203
2021-02-01,117.04362487792969
2021-02-02,119.84225463867188
2021-02-03,119.1629867553711
2021-02-04,120.25886535644531
2021-02-05,119.76073455810547
2021-02-08,120.84756469726562
2021-02-09,120.3403549194336
2021-02-10,120.78418731689453
2021-02-11,122.40538024902344
2021-02-12,122.81295013427734
2021-02-16,120.55774688720703
2021-02-17,120.44908142089844
2021-02-18,121.59931182861328
2021-02-19,118.63768768310547
2021-02-22,122.7495346069336
2021-02-23,123.82731628417969
2021-02-24,126.29085540771484
2021-02-25,125.72025299072266
2021-02-26,124.98661804199219
2021-03-01,126.4357681274414
2021-03-02,125.82892608642578
2021-03-03,125.82892608642578
2021-03-04,124.01749420166016
2021-03-05,127.8305435180664
2021-03-08,130.89178466796875
2021-03-09,129.37020874023438
2021-03-10,131.7974853515625
2021-03-11,131.73391723632812
2021-03-12,132.85092163085938
2021-03-15,132.3605499267578
2021-03-16,132.4422607421875
2021-03-17,131.6067657470703
2021-03-18,130.24459838867188
2021-03-19,128.7189178466797
2021-03-22,128.21035766601562
2021-03-23,128.98228454589844
2021-03-24,130.22640991210938
2021-03-25,129.69972229003906
2021-03-26,132.968994140625
2021-03-29,130.7440185546875
2021-03-30,129.41818237304688
2021-03-31,127.69273376464844
2021-04-01,130.81671142578125
2021-04-05,132.65115356445312
2021-04-06,132.1153564453125
2021-04-07,133.38673400878906
2021-04-08,135.20303344726562
2021-04-09,136.15652465820312
2021-04-12,136.28366088867188
2021-04-13,136.3472442626953
2021-04-14,136.21102905273438
2021-04-15,138.72654724121094
2021-04-16,138.59939575195312
2021-04-19,138.2361297607422
2021-04-20,137.8365936279297
2021-04-21,138.4359893798828
2021-04-22,138.51773071289062
2021-04-23,138.95359802246094
2021-04-26,139.70733642578125
2021-04-27,138.77194213867188
2021-04-28,140.24314880371094
2021-04-29,141.38739013671875
2021-04-30,138.85366821289062
2021-05-03,137.9364776611328
2021-05-04,136.63784790039062
2021-05-05,134.71258544921875
2021-05-06,137.85475158691406
2021-05-07,137.6640625
2021-05-10,135.729736328125
2021-05-11,134.4401397705078
2021-05-12,131.48875427246094
2021-05-13,134.90333557128906
2021-05-14,136.2200927734375
2021-05-17,135.2665557861328
2021-05-18,134.59454345703125
2021-05-19,134.0133514404297
2021-05-20,136.056640625
2021-05-21,136.55615234375
2021-05-24,137.16458129882812
2021-05-25,136.9012451171875
2021-05-26,135.25746154785156
2021-05-27,136.03851318359375
2021-05-28,135.29383850097656
2021-06-01,134.7943572998047
2021-06-02,135.48451232910156
2021-06-03,133.01438903808594
2021-06-04,133.3685760498047
2021-06-07,130.34445190429688
2021-06-08,131.2526092529297
2021-06-09,131.79751586914062
2021-06-10,132.3802947998047
2021-06-11,132.62611389160156
2021-06-14,133.40013122558594
2021-06-15,132.92660522460938
2021-06-16,131.50611877441406
2021-06-17,132.826416015625
2021-06-18,130.95973205566406
2021-06-21,132.55328369140625
2021-06-22,132.881103515625
2021-06-23,132.31649780273438
2021-06-24,132.7262725830078
2021-06-25,133.82809448242188
2021-06-28,130.7047882080078
2021-06-29,129.22967529296875
2021-06-30,129.00201416015625
2021-07-01,130.86871337890625
2021-07-02,132.55328369140625
2021-07-06,132.25282287597656
2021-07-07,132.5988006591797
2021-07-08,130.34963989257812
2021-07-09,131.50611877441406
2021-07-12,132.07066345214844
2021-07-13,133.1542510986328
2021-07-14,134.78419494628906
2021-07-15,135.30320739746094
2021-07-16,135.25772094726562
2021-07-19,129.7031707763672
2021-07-20,131.87942504882812
2021-07-21,132.4622344970703
2021-07-22,133.0449981689453
2021-07-23,135.52175903320312
2021-07-26,135.14845275878906
2021-07-27,137.37026977539062
2021-07-28,135.41250610351562
2021-07-29,136.25021362304688
2021-07-30,135.7220916748047
2021-08-02,126.68004608154297
2021-08-03,118.73975372314453
2021-08-04,117.25553131103516
2021-08-05,117.93846893310547
2021-08-06,121.85397338867188
2021-08-09,122.08160400390625
2021-08-10,120.6519546508789
2021-08-11,121.89946746826172
2021-08-12,121.91770935058594
2021-08-13,122.07249450683594
2021-08-16,121.12550354003906
2021-08-17,122.29104614257812
2021-08-18,122.41850280761719
2021-08-19,117.34656524658203
2021-08-20,118.35730743408203
2021-08-23,118.07504272460938
2021-08-24,118.3846206665039
2021-08-25,118.3846206665039
2021-08-26,116.86396789550781
2021-08-27,117.09161376953125
2021-08-30,115.84412384033203
2021-08-31,116.3449478149414
2021-09-01,117.72900390625
2021-09-02,115.51630401611328
2021-09-03,114.17774963378906
2021-09-07,114.48734283447266
2021-09-08,118.37555694580078
2021-09-09,116.01918029785156
2021-09-10,113.06002044677734
2021-09-13,113.82720947265625
2021-09-14,112.72209167480469
2021-09-15,114.25645446777344
2021-09-16,114.53044891357422
2021-09-17,113.0052261352539
2021-09-20,112.44808197021484
2021-09-21,110.8589096069336
2021-09-22,111.48910522460938
2021-09-23,111.70829772949219
2021-09-24,111.45256042480469
2021-09-27,113.5440902709961
2021-09-28,111.64436340332031
2021-09-29,112.64900970458984
2021-09-30,111.13288879394531
2021-10-01,112.5850601196289
2021-10-04,110.53925323486328
2021-10-05,109.90904998779297
2021-10-06,110.62144470214844
2021-10-07,110.78582763671875
2021-10-08,109.62591552734375
2021-10-11,105.82650756835938
2021-10-12,106.02742004394531
2021-10-13,106.65763092041016
2021-10-14,111.13288879394531
2021-10-15,113.98247528076172
2021-10-18,112.36587524414062
2021-10-19,113.2974624633789
2021-10-20,113.81805419921875
2021-10-21,113.64453887939453
2021-10-22,114.20165252685547
2021-10-25,111.82701873779297
2021-10-26,111.7905044555664
2021-10-27,104.31037902832031
2021-10-28,102.20060729980469
2021-10-29,101.14116668701172
2021-11-01,104.11859130859375
2021-11-02,99.70726013183594
2021-11-03,101.3055648803711
2021-11-04,102.06362915039062
2021-11-05,103.80807495117188
2021-11-08,104.79444122314453
2021-11-09,105.46117401123047
2021-11-10,108.12806701660156
2021-11-11,109.05964660644531
2021-11-12,106.73069763183594
2021-11-15,105.64384460449219
2021-11-16,105.13236999511719
2021-11-17,100.86717224121094
2021-11-18,99.56112670898438
2021-11-19,100.4104995727539
2021-11-22,98.52906799316406
2021-11-23,99.24146270751953
2021-11-24,100.33744049072266
2021-11-26,98.64781188964844
2021-11-29,96.25489044189453
2021-11-30,95.44205474853516
2021-12-01,93.487548828125
2021-12-02,96.5654296875
2021-12-03,94.34605407714844
2021-12-06,97.75273895263672
2021-12-07,97.6796875
2021-12-08,98.94007873535156
2021-12-09,95.88956451416016
2021-12-10,95.79789733886719
2021-12-13,96.0270767211914
2021-12-14,97.93387603759766
2021-12-15,97.92471313476562
2021-12-16,99.43730163574219
2021-12-17,98.98810577392578
2021-12-20,95.9354019165039
2021-12-21,100.74821472167969
2021-12-22,100.83988189697266
2021-12-23,99.96900939941406
2021-12-27,99.40980529785156
2021-12-28,100.18901824951172
2021-12-29,100.15234375
2021-12-30,100.83072662353516
2021-12-31,100.06067657470703
2022-01-03,104.39678192138672
2022-01-04,104.97432708740234
2022-01-05,106.82610321044922
2022-01-06,106.93611907958984
2022-01-07,107.84368133544922
2022-01-10,106.679443359375
2022-01-11,107.76116180419922
2022-01-12,107.7245101928711
2022-01-13,107.66034698486328
2022-01-14,108.21038055419922
2022-01-18,104.96516418457031
2022-01-19,103.86509704589844
2022-01-20,103.77340698242188
2022-01-21,102.4716567993164
2022-01-24,102.48082733154297
2022-01-25,101.02322387695312
2022-01-26,99.91400146484375
2022-01-27,100.14317321777344
2022-01-28,107.62367248535156
2022-01-31,109.9338150024414
2022-02-01,111.57475280761719
2022-02-02,110.10800170898438
2022-02-03,105.8177261352539
2022-02-04,104.28678131103516
2022-02-07,104.59846496582031
2022-02-08,102.17833709716797
2022-02-09,105.41435241699219
2022-02-10,104.22262573242188
2022-02-11,102.60000610351562
2022-02-14,102.21497344970703
2022-02-15,94.28529357910156
2022-02-16,92.06682586669922
2022-02-17,89.44497680664062
2022-02-18,87.67571258544922
2022-02-22,87.4648666381836
2022-02-23,84.56798553466797
2022-02-24,87.80404663085938
2022-02-25,88.86743927001953
2022-02-28,87.29985046386719
2022-03-01,85.86973571777344
2022-03-02,87.31817626953125
2022-03-03,84.95303344726562
2022-03-04,82.93622589111328
2022-03-07,79.85602569580078
2022-03-08,79.06763458251953
2022-03-09,84.32048797607422
2022-03-10,83.3069076538086
2022-03-11,82.32097625732422
2022-03-14,82.06295776367188
2022-03-15,85.32483673095703
2022-03-16,87.88643646240234
2022-03-17,87.72057342529297
2022-03-18,88.29185485839844
2022-03-21,87.5086441040039
2022-03-22,89.31465911865234
2022-03-23,87.93251037597656
2022-03-24,88.83552551269531
2022-03-25,89.79380798339844
2022-03-28,89.97808837890625
2022-03-29,93.97711944580078
2022-03-30,93.08330535888672
2022-03-31,92.53047180175781
2022-04-01,95.24869537353516
2022-04-04,95.14735412597656
2022-04-05,95.42376708984375
2022-04-06,93.5809097290039
2022-04-07,93.5532455444336
2022-04-08,94.01396942138672
2022-04-11,93.91261291503906
2022-04-12,93.9310531616211
2022-04-13,93.52561950683594
2022-04-14,94.40096282958984
2022-04-18,94.42861938476562
2022-04-19,96.6492691040039
2022-04-20,94.90776824951172
2022-04-21,94.90776824951172
2022-04-22,92.1158218383789
2022-04-25,91.42474365234375
2022-04-26,87.78507995605469
2022-04-27,91.0746078491211
2022-04-28,95.63571166992188
2022-04-29,91.36024475097656
2022-05-02,89.83988189697266
2022-05-03,91.80254364013672
2022-05-04,96.10564422607422
2022-05-05,92.69632720947266
2022-05-06,90.54937744140625
2022-05-09,87.1124267578125
2022-05-10,87.2967300415039
2022-05-11,86.10807037353516
2022-05-12,86.56877899169922
2022-05-13,88.91844940185547
2022-05-16,88.73416900634766
2022-05-17,90.57704162597656
2022-05-18,89.1303939819336
2022-05-19,89.53580474853516
2022-05-20,91.84858703613281
2022-05-23,93.7191162109375
2022-05-24,92.61341094970703
2022-05-25,93.42425537109375
2022-05-26,96.01348876953125
2022-05-27,96.89806365966797
2022-05-31,96.28992462158203
2022-06-01,95.11048889160156
2022-06-02,97.8471450805664
2022-06-03,95.66334533691406
2022-06-06,97.0270767211914
2022-06-07,96.35441589355469
2022-06-08,95.60806274414062
2022-06-09,92.32208251953125
2022-06-10,90.52635955810547
2022-06-13,87.8975830078125
2022-06-14,88.16600036621094
2022-06-15,88.3696517944336
2022-06-16,83.95440673828125
2022-06-17,85.0096206665039
2022-06-21,86.05558013916016
2022-06-22,85.22251892089844
2022-06-23,86.01856231689453
2022-06-24,91.29463195800781
2022-06-27,89.5451889038086
2022-06-28,87.2588882446289
2022-06-29,87.53659057617188
2022-06-30,84.8522720336914
2022-07-01,86.6202163696289
2022-07-05,87.93460083007812
2022-07-06,87.76799011230469
2022-07-07,86.87938690185547
2022-07-08,87.3607177734375
2022-07-11,86.98120880126953
2022-07-12,86.99971771240234
2022-07-13,86.6202163696289
2022-07-14,85.31507873535156
2022-07-15,88.13824462890625
2022-07-18,87.1570816040039
2022-07-19,89.87842559814453
2022-07-20,90.11907196044922
2022-07-21,91.5538101196289
2022-07-22,91.6556167602539
2022-07-25,90.76704406738281
2022-07-26,89.86917877197266
2022-07-27,91.10951232910156
2022-07-28,93.42357635498047
2022-07-29,94.56209564208984
2022-08-01,95.60806274414062
2022-08-02,94.58987426757812
2022-08-03,96.38557434082031
2022-08-04,89.38783264160156
2022-08-05,90.12834930419922
2022-08-08,90.7855453491211
2022-08-09,90.72074890136719
2022-08-10,92.45166778564453
2022-08-11,93.03482055664062
2022-08-12,94.52508544921875
2022-08-15,95.14524841308594
2022-08-16,95.81169128417969
2022-08-17,94.04374694824219
2022-08-18,92.84043884277344
2022-08-19,92.65531158447266
2022-08-22,90.22090911865234
2022-08-23,88.45295715332031
2022-08-24,87.96237182617188
2022-08-25,89.01758575439453
2022-08-26,86.1666488647461
2022-08-29,86.15740203857422
2022-08-30,85.90747833251953
2022-08-31,84.57456970214844
2022-09-01,83.88961029052734
2022-09-02,83.27870178222656
2022-09-06,82.75109100341797
2022-09-07,84.13953399658203
2022-09-08,83.1120834350586
2022-09-09,84.67640686035156
2022-09-12,86.12963104248047
2022-09-13,82.6492691040039
2022-09-14,80.58511352539062
2022-09-15,79.74754333496094
2022-09-16,78.41671752929688
2022-09-19,76.6763916015625
2022-09-20,76.0621566772461
2022-09-21,74.87091827392578
2022-09-22,74.92676544189453
2022-09-23,74.72201538085938
2022-09-26,72.2092514038086
2022-09-27,71.47404479980469
2022-09-28,71.93938446044922
2022-09-29,71.25999450683594
2022-09-30,70.32933807373047
2022-10-03,71.04593658447266
2022-10-04,74.02403259277344
2022-10-05,74.07986450195312
2022-10-06,72.26509857177734
2022-10-07,71.75325012207031
2022-10-10,70.47824096679688
2022-10-11,69.12879180908203
2022-10-12,68.66346740722656
2022-10-13,70.72953796386719
2022-10-14,70.85981750488281
2022-10-17,71.6880874633789
2022-10-18,72.67457580566406
2022-10-19,71.40890502929688
2022-10-20,71.24137878417969
2022-10-21,72.4326171875
2022-10-24,72.59083557128906
2022-10-25,74.40560150146484
2022-10-26,76.4437255859375
2022-10-27,77.31852722167969
2022-10-28,79.01232147216797
2022-10-31,77.23478698730469
2022-11-01,77.28131103515625
2022-11-02,73.95889282226562
2022-11-03,53.21466064453125
2022-11-04,55.9973030090332
2022-11-07,57.560794830322266
2022-11-08,58.32392883300781
2022-11-09,57.43981170654297
2022-11-10,59.561702728271484
2022-11-11,60.86461639404297
2022-11-14,60.04563903808594
2022-11-15,59.44071960449219
2022-11-16,57.62594223022461
2022-11-17,56.825592041015625
2022-11-18,57.15131378173828
2022-11-21,57.29092025756836
2022-11-22,60.6691780090332
2022-11-23,61.35786437988281
2022-11-25,61.40439987182617
2022-11-28,60.985599517822266
2022-11-29,62.84690856933594
2022-11-30,67.54669952392578
2022-12-01,68.10506439208984
2022-12-02,68.9240493774414
2022-12-05,67.81656646728516
2022-12-06,64.89433288574219
2022-12-07,64.42900848388672
2022-12-08,65.3941421508789
2022-12-09,65.8438949584961
2022-12-12,66.73405456542969
2022-12-13,68.4019546508789
2022-12-14,67.84912109375
2022-12-15,65.3941421508789
2022-12-16,64.86003112792969
2022-12-19,63.107826232910156
2022-12-20,63.42641067504883
2022-12-21,62.611209869384766
2022-12-22,62.38633346557617
2022-12-23,62.70490264892578
2022-12-27,63.03285598754883
2022-12-28,62.358219146728516
2022-12-29,63.62318801879883
2022-12-30,63.57632827758789
2023-01-03,64.22286224365234
2023-01-04,64.90689086914062
2023-01-05,63.89490509033203
2023-01-06,64.93501281738281
2023-01-09,65.5909194946289
2023-01-10,64.65390014648438
2023-01-11,65.09429168701172
2023-01-12,64.91625213623047
2023-01-13,65.35665130615234
2023-01-17,66.91210174560547
2023-01-18,65.25358581542969
2023-01-19,66.55603790283203
2023-01-20,69.26399993896484
2023-01-23,69.78872680664062
2023-01-24,69.72313690185547
2023-01-25,69.54510498046875
2023-01-26,70.17290496826172
2023-01-27,70.5851821899414
2023-01-30,69.70438385009766
2023-01-31,70.3134536743164
2023-02-01,71.95323181152344
2023-02-02,72.90897369384766
2023-02-03,70.64140319824219
2023-02-06,68.48628234863281
2023-02-07,70.50083923339844
2023-02-08,68.73926544189453
2023-02-09,69.29210662841797
2023-02-10,70.67888641357422
2023-02-13,61.84285354614258
2023-02-14,63.538848876953125
2023-02-15,63.20153045654297
2023-02-16,64.80381774902344
2023-02-17,65.12240600585938
2023-02-21,62.88294219970703
2023-02-22,62.807987213134766
2023-02-23,62.01152420043945
2023-02-24,60.8121337890625
2023-02-27,60.45606994628906
2023-02-28,59.378509521484375
2023-03-01,58.891265869140625
2023-03-02,59.865760803222656
2023-03-03,59.903236389160156
2023-03-06,59.85639190673828
2023-03-07,58.685123443603516
2023-03-08,58.956851959228516
2023-03-09,56.462520599365234
2023-03-10,54.062679290771484
2023-03-13,47.07100296020508
2023-03-14,50.37787628173828
2023-03-15,48.72444152832031
2023-03-16,49.272438049316406
2023-03-17,48.79058074951172
2023-03-20,48.705543518066406
2023-03-21,50.16057205200195
2023-03-22,48.44099807739258
2023-03-23,47.21273422241211
2023-03-24,46.95762252807617
2023-03-27,47.43948745727539
2023-03-28,47.855201721191406
2023-03-29,48.62995910644531
2023-03-30,49.29133224487305
2023-03-31,51.332149505615234
2023-04-03,51.10539245605469
2023-04-04,50.028297424316406
2023-04-05,50.75580978393555
2023-04-06,52.371456146240234
2023-04-10,51.67227554321289
2023-04-11,52.90999984741211
2023-04-12,52.25807571411133
2023-04-13,53.571372985839844
2023-04-14,54.24220275878906
2023-04-17,54.837432861328125
2023-04-18,53.533573150634766
2023-04-19,52.91944122314453
2023-04-20,53.17454528808594
2023-04-21,53.17454528808594
2023-04-24,52.77772521972656
2023-04-25,52.22972869873047
2023-04-26,51.814002990722656
2023-04-27,53.20289611816406
2023-04-28,55.47991180419922
2023-05-01,53.561927795410156
2023-05-02,50.1983642578125
2023-05-03,49.94325637817383
2023-05-04,50.2928466796875
2023-05-05,52.67379379272461
2023-05-08,52.87220001220703
2023-05-09,52.579315185546875
2023-05-10,52.09745407104492
2023-05-11,51.965179443359375
2023-05-12,52.031314849853516
2023-05-15,52.4659309387207
2023-05-16,51.88014602661133
2023-05-17,52.89110565185547
2023-05-18,54.65791320800781
2023-05-19,53.70364761352539
2023-05-22,54.29888916015625
2023-05-23,52.71158218383789
2023-05-24,50.88808059692383
2023-05-25,50.340084075927734
2023-05-26,51.45497512817383
2023-05-30,50.99201583862305
2023-05-31,51.558902740478516
2023-06-01,51.965179443359375
2023-06-02,52.32421112060547
2023-06-05,51.681732177734375
2023-06-06,51.946285247802734
2023-06-07,52.02186965942383
2023-06-08,51.974178314208984
2023-06-09,52.136329650878906
2023-06-12,51.96463394165039
2023-06-13,52.651397705078125
2023-06-14,52.174476623535156
2023-06-15,51.55449295043945
2023-06-16,52.25078201293945
2023-06-20,52.12678909301758
2023-06-21,51.14434051513672
2023-06-22,51.06803512573242
2023-06-23,50.314510345458984
2023-06-26,50.24774169921875
2023-06-27,49.99974822998047
2023-06-28,50.64835739135742
2023-06-29,50.47665786743164
2023-06-30,52.174476623535156
2023-07-03,55.322120666503906
2023-07-05,57.03900909423828
2023-07-06,56.36179733276367
2023-07-07,56.53348159790039
2023-07-10,55.694114685058594
2023-07-11,56.552555084228516
2023-07-12,56.50486755371094
2023-07-13,56.87685775756836
2023-07-14,56.4380989074707
2023-07-17,55.665496826171875
2023-07-18,57.39193344116211
2023-07-19,58.021453857421875
2023-07-20,58.35529708862305
2023-07-21,58.717750549316406
2023-07-24,58.98481750488281
2023-07-25,59.251895904541016
2023-07-26,58.65098190307617
2023-07-27,58.154991149902344
2023-07-28,56.895938873291016
2023-07-31,57.59223175048828
2023-08-01,58.25037384033203
2023-08-02,56.76239776611328
2023-08-03,54.644901275634766
2023-08-04,56.09471893310547
2023-08-07,55.63688278198242
2023-08-08,54.99781799316406
2023-08-09,55.112274169921875
2023-08-10,54.65443420410156
2023-08-11,53.691070556640625
2023-08-14,53.40492248535156
2023-08-15,53.29999923706055
2023-08-16,53.23323440551758
2023-08-17,53.4716911315918
2023-08-18,52.83262252807617
2023-08-21,53.10923767089844
2023-08-22,52.64185333251953
2023-08-23,52.727699279785156
2023-08-24,52.70862579345703
2023-08-25,52.21263885498047
2023-08-28,53.37630081176758
2023-08-29,53.14738845825195
2023-08-30,53.691070556640625
2023-08-31,53.280921936035156
2023-09-01,54.06306076049805
2023-09-05,53.07107925415039
2023-09-06,52.7658576965332
2023-09-07,52.37107467651367
2023-09-08,53.27617645263672
2023-09-11,53.45912551879883
2023-09-12,53.65169906616211
2023-09-13,53.19915008544922
2023-09-14,54.28720474243164
2023-09-15,54.787899017333984
2023-09-18,55.13454055786133
2023-09-19,56.06853485107422
2023-09-20,55.981876373291016
2023-09-21,54.93233108520508
2023-09-22,54.0368537902832
2023-09-25,53.90205383300781
2023-09-26,53.53615951538086
2023-09-27,53.47838592529297
2023-09-28,53.747989654541016
2023-09-29,53.218406677246094
2023-10-02,52.22664260864258
2023-10-03,51.754825592041016
2023-10-04,52.28440856933594
2023-10-05,52.13998794555664
2023-10-06,51.45633316040039
2023-10-09,50.349021911621094
2023-10-10,51.12895584106445
2023-10-11,51.14821243286133
2023-10-12,49.68463134765625
2023-10-13,49.89646911621094
2023-10-16,50.64751052856445
2023-10-17,51.62002182006836
2023-10-18,49.93497848510742
2023-10-19,49.51131820678711
2023-10-20,48.52918243408203
2023-10-23,47.739620208740234
2023-10-24,48.62546920776367
2023-10-25,47.03671646118164
2023-10-26,46.43010330200195
2023-10-27,45.40945053100586
2023-10-30,46.61304473876953
2023-10-31,47.28706741333008
2023-11-01,47.45075225830078
2023-11-02,49.45354461669922
2023-11-03,50.031272888183594
2023-11-06,49.80017852783203
2023-11-07,49.203189849853516
2023-11-08,51.03267288208008
2023-11-09,49.85795211791992
2023-11-10,50.46457290649414
2023-11-13,50.445308685302734
2023-11-14,51.90888977050781
2023-11-15,52.438472747802734
2023-11-16,51.89926528930664
2023-11-17,52.64067459106445
2023-11-20,52.76585388183594
2023-11-21,51.89926528930664
2023-11-22,52.409584045410156
2023-11-24,53.43986892700195
2023-11-27,53.911685943603516
2023-11-28,54.79752731323242
2023-11-29,56.02039337158203
2023-11-30,56.463314056396484
2023-12-01,57.676544189453125
2023-12-04,57.70542907714844
2023-12-05,57.378047943115234
2023-12-06,56.77143096923828
2023-12-07,57.237728118896484
2023-12-08,57.25716018676758
2023-12-11,57.04343795776367
2023-12-12,56.18856430053711
2023-12-13,58.28689956665039
2023-12-14,58.63661575317383
2023-12-15,57.713741302490234
2023-12-18,58.32575225830078
2023-12-19,58.20917510986328
2023-12-20,57.19887161254883
2023-12-21,58.00517654418945
2023-12-22,58.22860336303711
2023-12-26,58.54918670654297
2023-12-27,58.67547607421875
2023-12-28,59.064056396484375
2023-12-29,58.354896545410156
2024-01-02,59.22920608520508
2024-01-03,58.49089813232422
2024-01-04,58.840614318847656
2024-01-05,59.656639099121094
2024-01-08,61.54124450683594
2024-01-09,60.394935607910156
2024-01-10,60.66693878173828
2024-01-11,60.52122116088867
2024-01-12,60.02578353881836
2024-01-16,59.41377258300781
2024-01-17,58.09259796142578
2024-01-18,57.325157165527344
2024-01-19,58.15088653564453
2024-01-22,60.06464767456055
2024-01-23,58.70461654663086
2024-01-24,59.31663131713867
2024-01-25,60.47265625
2024-01-26,61.696678161621094
2024-01-29,61.68696212768555
2024-01-30,61.346954345703125
2024-01-31,60.482364654541016
2024-02-01,61.074951171875
2024-02-02,60.511512756347656
2024-02-05,59.94807052612305
2024-02-06,59.86063766479492
2024-02-07,59.909210205078125
2024-02-08,59.6857795715332
2024-02-09,59.99664306640625
2024-02-12,60.540653228759766
2024-02-13,59.49148941040039
2024-02-14,60.85151290893555
2024-02-15,61.83268737792969
2024-02-16,61.83268737792969
2024-02-20,61.16238021850586
2024-02-21,61.63838577270508
2024-02-22,62.26982879638672
2024-02-23,62.44469451904297
2024-02-26,65.4076156616211
2024-02-27,65.0676040649414
2024-02-28,64.96074676513672
2024-02-29,67.21451568603516
2024-03-01,67.23392486572266
2024-03-04,67.46707916259766
2024-03-05,67.7585220336914
2024-03-06,67.83623504638672
2024-03-07,67.52375793457031
2024-03-08,68.01199340820312
2024-03-11,68.10964965820312
2024-03-12,67.91436004638672
2024-03-13,67.2796401977539
2024-03-14,66.61563110351562
2024-03-15,67.49446868896484
2024-03-18,67.67023468017578
2024-03-19,68.2170639038086
2024-03-20,69.03730010986328
2024-03-21,70.56061553955078
2024-03-22,68.86152648925781
2024-03-25,69.41812896728516
2024-03-26,70.59967803955078
2024-03-27,71.73239135742188
2024-03-28,72.43546295166016
2024-04-01,71.03910064697266
2024-04-02,71.96675109863281
2024-04-03,70.90238189697266
2024-04-04,70.2090835571289
2024-04-05,70.73639678955078
2024-04-08,71.361328125
2024-04-09,72.13275146484375
2024-04-10,70.92190551757812
2024-04-11,70.46296691894531
2024-04-12,69.28142547607422
2024-04-15,69.05683135986328
2024-04-16,69.03730010986328
2024-04-17,68.6955337524414
2024-04-18,68.35377502441406
2024-04-19,69.06660461425781
2024-04-22,69.6231918334961
2024-04-23,70.2090835571289
2024-04-24,69.14471435546875
2024-04-25,68.81271362304688
2024-04-26,67.96316528320312
2024-04-29,67.80694580078125
2024-04-30,66.32267761230469
2024-05-01,65.6196060180664
2024-05-02,67.79717254638672
2024-05-03,69.05683135986328
2024-05-06,68.79318237304688
2024-05-07,72.56239318847656
2024-05-08,72.30851745605469
2024-05-09,71.97651672363281
2024-05-10,72.8846435546875
2024-05-13,73.96853637695312
2024-05-14,74.59349060058594
2024-05-15,75.6578598022461
2024-05-16,75.73596954345703
2024-05-17,76.51715850830078
2024-05-20,75.8922119140625
2024-05-21,76.27304077148438
2024-05-22,75.42350006103516
2024-05-23,74.51536560058594
2024-05-24,75.96056365966797
2024-05-28,73.36312103271484
2024-05-29,72.7284164428711
2024-05-30,72.33782196044922
2024-05-31,74.09546661376953
2024-06-03,74.25171661376953
2024-06-04,74.28101348876953
2024-06-05,74.17359924316406
2024-06-06,74.57395935058594
2024-06-07,75.6871566772461
2024-06-10,75.82449340820312
2024-06-11,74.39218139648438
2024-06-12,75.49093627929688
2024-06-13,75.60867309570312
2024-06-14,75.11814880371094
2024-06-17,74.67668151855469
2024-06-18,75.58904266357422
2024-06-20,75.02985382080078
2024-06-21,74.51970672607422
2024-06-24,74.11749267578125
2024-06-25,73.77411651611328
2024-06-26,73.56810760498047
2024-06-27,73.21493530273438
2024-06-28,73.93109130859375
2024-07-01,72.86175537109375
2024-07-02,73.80355072021484
2024-07-03,74.37255859375
2024-07-05,73.98995208740234
2024-07-08,73.4307632446289
2024-07-09,72.32218933105469
2024-07-10,72.51839447021484
2024-07-11,74.14692687988281
2024-07-12,74.97099304199219
2024-07-15,74.6668701171875
2024-07-16,75.45169830322266
2024-07-17,75.7950668334961
2024-07-18,74.59819030761719
2024-07-19,73.82317352294922
2024-07-22,73.89185333251953
2024-07-23,73.67601776123047
2024-07-24,73.90166473388672
2024-07-25,73.09721374511719
2024-07-26,74.2450180053711
2024-07-29,74.28426361083984
2024-07-30,75.28491973876953
2024-07-31,75.37321472167969
2024-08-01,73.66619873046875
2024-08-02,72.95004272460938
2024-08-05,71.41963958740234
2024-08-06,75.0887222290039
2024-08-07,75.00041961669922
2024-08-08,74.98080444335938
2024-08-09,76.11880493164062
2024-08-12,74.68649291992188
2024-08-13,76.7761001586914
2024-08-14,76.60932159423828
2024-08-15,76.99193572998047
2024-08-16,77.5020751953125
2024-08-19,77.65904235839844
2024-08-20,77.03116607666016
2024-08-21,77.70809173583984
2024-08-22,77.20775604248047
2024-08-23,77.76695251464844
2024-08-26,78.85590362548828
2024-08-27,79.98409271240234
2024-08-28,79.69959259033203
2024-08-29,79.78789520263672
2024-08-30,80.88665008544922
2024-09-03,81.06324005126953
2024-09-04,80.83760070800781
2024-09-05,80.9062728881836
2024-09-06,79.81732177734375
2024-09-09,80.82778930664062
2024-09-10,82.19741821289062
2024-09-11,82.3058090209961
2024-09-12,83.01525115966797
2024-09-13,82.90686798095703
2024-09-16,83.78382110595703
2024-09-17,83.7936782836914
2024-09-18,83.192626953125
2024-09-19,83.17291259765625
2024-09-20,82.82804107666016
2024-09-23,83.15320587158203
2024-09-24,82.7984848022461
2024-09-25,81.10369110107422
2024-09-26,81.72445678710938
2024-09-27,81.91166687011719
2024-09-30,82.52259063720703
2024-10-01,82.44376373291016
2024-10-02,82.23683166503906
2024-10-03,82.48316955566406
2024-10-04,83.38967895507812
2024-10-07,83.06452941894531
2024-10-08,84.65093231201172
2024-10-09,85.10417938232422
2024-10-10,85.22242736816406
2024-10-11,85.4786148071289
2024-10-14,86.50337219238281
2024-10-15,87.74491119384766
2024-10-16,88.47406768798828
2024-10-17,88.60215759277344
2024-10-18,89.61705780029297
2024-10-21,89.3313217163086
2024-10-22,88.19816589355469
2024-10-23,88.58245849609375
2024-10-24,89.00614929199219
2024-10-25,88.40509033203125
2024-10-28,89.53823852539062
2024-10-29,88.69084167480469
2024-10-30,89.39042663574219
2024-10-31,88.41494750976562
2024-11-01,87.79417419433594
2024-11-04,88.3853759765625
2024-11-05,85.30125427246094
2024-11-06,85.17316436767578
2024-11-07,85.4096450805664
2024-11-08,86.77926635742188
2024-11-11,87.41975402832031
2024-11-12,86.33586883544922
2024-11-13,87.57740020751953
2024-11-14,87.16355895996094
2024-11-15,86.5329360961914
2024-11-18,87.12413787841797
2024-11-19,84.81844329833984
2024-11-20,84.64107513427734
2024-11-21,84.24693298339844
2024-11-22,84.81844329833984
2024-11-25,83.17291259765625
2024-11-26,83.69514465332031
2024-11-27,84.29621124267578
2024-11-29,84.04987335205078
2024-12-02,83.88236236572266
2024-12-03,83.99075317382812
2024-12-04,84.00059509277344
2024-12-05,84.2370834350586
2024-12-06,84.08927917480469
2024-12-09,82.90185546875
2024-12-10,83.94084930419922
2024-12-11,84.3861312866211
2024-12-12,84.02001190185547
2024-12-13,83.21849822998047
2024-12-16,82.17951202392578
2024-12-17,82.29824829101562
2024-12-18,79.49790954589844
2024-12-19,79.30000305175781
2024-12-20,80.60617065429688
2024-12-23,80.54679870605469
2024-12-24,81.47694396972656
2024-12-26,81.39778900146484
2024-12-27,80.74470520019531
2024-12-30,79.74528503417969
2024-12-31,79.92340087890625
2025-01-02,79.25052642822266
2025-01-03,79.41875457763672
2025-01-06,78.21154022216797
2025-01-07,78.33028411865234
2025-01-08,78.51829528808594
2025-01-10,76.3215560913086
2025-01-13,77.80583190917969
2025-01-14,77.52877044677734
2025-01-15,77.2220230102539
2025-01-16,77.88499450683594
2025-01-17,77.95426177978516
2025-01-21,78.08290100097656
2025-01-22,77.69698333740234
2025-01-23,78.45892333984375
2025-01-24,78.39955139160156
2025-01-27,80.25984191894531
2025-01-28,79.51770782470703
2025-01-29,79.79476928710938
2025-01-30,81.21967315673828
2025-01-31,80.61607360839844
2025-02-03,81.02176666259766
2025-02-04,80.6754379272461
2025-02-05,81.37799835205078
2025-02-06,81.99150085449219
2025-02-07,82.5456314086914
2025-02-10,81.7936019897461
2025-02-11,72.39317321777344
2025-02-12,71.81925201416016
2025-02-13,69.79074096679688
2025-02-14,68.25698852539062
2025-02-18,68.93974304199219
2025-02-19,68.69236755371094
2025-02-20,69.11786651611328
2025-02-21,69.11786651611328
2025-02-24,68.64289855957031
2025-02-25,68.5835189819336
2025-02-26,68.1877212524414
2025-02-27,68.5241470336914
2025-02-28,70.37455749511719
2025-03-03,71.44322967529297
2025-03-04,69.1574478149414
2025-03-05,68.92986297607422
2025-03-06,69.65220642089844
2025-03-07,70.5229721069336
2025-03-10,70.5229721069336
2025-03-11,67.78644561767578
2025-03-12,67.78644561767578
2025-03-13,69.40846252441406
2025-03-14,70.54287719726562
2025-03-17,71.90617370605469
2025-03-18,72.9311294555664
2025-03-19,73.9660415649414
2025-03-20,74.04564666748047
2025-03-21,72.99083709716797
2025-03-24,73.92623138427734
2025-03-25,73.80681610107422
2025-03-26,74.21481323242188
2025-03-27,74.7024154663086
2025-03-28,73.28936767578125
2025-03-31,74.31432342529297
2025-04-01,74.20486450195312
2025-04-02,75.36913299560547
2025-04-03,74.14515686035156
2025-04-04,69.55773162841797
2025-04-07,68.36360168457031
2025-04-08,67.80634307861328
2025-04-09,72.0554428100586
2025-04-10,69.16963958740234
2025-04-11,71.9957275390625
2025-04-14,71.01058197021484
2025-04-15,69.73684692382812
2025-04-16,68.30390167236328
2025-04-17,74.21481323242188
2025-04-21,75.99604797363281
2025-04-22,78.73258209228516
2025-04-23,79.02116394042969
2025-04-24,79.47891235351562
2025-04-25,78.87190246582031
2025-04-28,77.5981674194336
2025-04-29,78.24497985839844
2025-04-30,78.4937515258789
2025-05-01,77.32948303222656
2025-05-02,78.4738540649414
2025-05-05,77.9365005493164
2025-05-06,75.51839447021484
2025-05-07,75.1402587890625
2025-05-08,77.53845977783203
2025-05-09,77.9563980102539
2025-05-12,78.4937515258789
2025-05-13,77.29963684082031
2025-05-14,77.6678237915039
2025-05-15,78.32459259033203
2025-05-16,79.46895599365234
2025-05-19,80.58348083496094
2025-05-20,80.20533752441406
2025-05-21,78.78233337402344
2025-05-22,77.9563980102539
2025-05-23,77.83699035644531
2025-05-27,79.56846618652344
2025-05-28,79.57842254638672
2025-05-29,77.8867416381836
2025-05-30,79.22018432617188
2025-06-02,78.70272827148438
2025-06-03,79.74758911132812
2025-06-04,79.94660186767578
2025-06-05,80.1456298828125
2025-06-06,80.8322525024414
2025-06-09,81.29000091552734
2025-06-10,81.0999984741211
2025-06-11,81.05999755859375
2025-06-12,80.81999969482422
2025-06-13,79.3499984741211
2025-06-16,80.94000244140625
2025-06-17,80.44000244140625
2025-06-18,80.44000244140625
2025-06-20,80.16999816894531
2025-06-23,80.5
2025-06-24,82.12999725341797
2025-06-25,80.7300033569336
2025-06-26,80.0
2025-06-27,80.80000305175781
2025-06-30,81.41000366210938
2025-07-01,82.3499984741211
2025-07-02,81.2699966430664
2025-07-03,81.7699966430664
2025-07-07,80.83999633789062
2025-07-08,79.8499984741211
2025-07-09,80.0199966430664
2025-07-10,80.22000122070312
2025-07-11,78.6500015258789
2025-07-14,79.5
2025-07-15,78.69999694824219
2025-07-16,79.3499984741211
2025-07-17,80.73999786376953
2025-07-18,80.33000183105469
2025-07-21,80.08000183105469
2025-07-22,81.63999938964844
2025-07-23,81.58000183105469
2025-07-24,80.41000366210938
2025-07-25,81.94000244140625
2025-07-28,81.83000183105469
2025-07-29,81.62000274658203
2025-07-30,80.63999938964844
2025-07-31,79.41000366210938
2025-08-01,78.36000061035156
