Date,GODREJCP.NS
2015-08-21,403.80364990234375
2015-08-24,377.5849304199219
2015-08-25,388.8326416015625
2015-08-26,380.9530334472656
2015-08-27,386.00518798828125
2015-08-28,403.9891662597656
2015-08-31,411.6986999511719
2015-09-01,413.01190185546875
2015-09-02,408.361572265625
2015-09-03,402.923095703125
2015-09-04,377.3531799316406
2015-09-07,361.36236572265625
2015-09-08,359.3382873535156
2015-09-09,360.1572265625
2015-09-10,373.47515869140625
2015-09-11,377.9248046875
2015-09-14,386.0361328125
2015-09-15,393.9774475097656
2015-09-16,381.2001647949219
2015-09-18,367.2023620605469
2015-09-21,364.6531982421875
2015-09-22,363.2626953125
2015-09-23,361.42413330078125
2015-09-24,362.9228515625
2015-09-28,361.5631408691406
2015-09-29,363.5407409667969
2015-09-30,376.9360656738281
2015-10-01,379.7325134277344
2015-10-05,405.4877624511719
2015-10-06,408.5469665527344
2015-10-07,397.88641357421875
2015-10-08,391.6599426269531
2015-10-09,388.1218566894531
2015-10-12,386.2215576171875
2015-10-13,382.28179931640625
2015-10-14,384.7074279785156
2015-10-15,378.48101806640625
2015-10-16,372.4709167480469
2015-10-19,373.6914367675781
2015-10-20,382.01910400390625
2015-10-21,384.4756774902344
2015-10-23,387.9827880859375
2015-10-26,397.43829345703125
2015-10-27,399.385009765625
2015-10-28,397.5927734375
2015-10-29,399.6167907714844
2015-10-30,390.2621765136719
2015-11-02,394.14324951171875
2015-11-03,397.6839599609375
2015-11-04,396.95721435546875
2015-11-05,385.8091125488281
2015-11-06,402.9101867675781
2015-11-09,417.9857177734375
2015-11-10,408.3682556152344
2015-11-13,388.3449401855469
2015-11-16,372.3572692871094
2015-11-17,376.39276123046875
2015-11-18,374.33636474609375
2015-11-19,381.1241455078125
2015-11-20,377.5988464355469
2015-11-23,379.8253173828125
2015-11-24,388.0356750488281
2015-11-26,390.4632263183594
2015-11-27,397.06549072265625
2015-11-30,381.9127502441406
2015-12-01,387.72637939453125
2015-12-02,389.5354309082031
2015-12-03,377.8616943359375
2015-12-04,372.86737060546875
2015-12-07,379.4078674316406
2015-12-08,384.0619201660156
2015-12-09,383.288818359375
2015-12-10,384.0619201660156
2015-12-11,390.0921630859375
2015-12-14,392.0712585449219
2015-12-15,406.2499694824219
2015-12-16,408.5383605957031
2015-12-17,401.10113525390625
2015-12-18,404.3481140136719
2015-12-21,398.1169128417969
2015-12-22,407.6260986328125
2015-12-23,400.62176513671875
2015-12-24,395.4573669433594
2015-12-28,401.92071533203125
2015-12-29,402.5545349121094
2015-12-30,395.843994140625
2015-12-31,408.0126647949219
2016-01-01,415.0169677734375
2016-01-04,411.2132568359375
2016-01-05,406.9302673339844
2016-01-06,403.91522216796875
2016-01-07,389.9220275878906
2016-01-08,384.7886657714844
2016-01-11,380.75299072265625
2016-01-12,392.50421142578125
2016-01-13,393.3699951171875
2016-01-14,396.6944274902344
2016-01-15,383.613525390625
2016-01-18,374.3671875
2016-01-19,373.516845703125
2016-01-20,367.3165283203125
2016-01-21,349.13311767578125
2016-01-22,349.5970153808594
2016-01-25,355.5654296875
2016-01-27,354.63763427734375
2016-01-28,362.26043701171875
2016-01-29,378.80487060546875
2016-02-01,390.5096130371094
2016-02-02,382.6085510253906
2016-02-03,381.8502197265625
2016-02-04,383.78466796875
2016-02-05,385.59503173828125
2016-02-08,385.5331115722656
2016-02-09,382.5775451660156
2016-02-10,375.93896484375
2016-02-11,367.3659973144531
2016-02-12,374.2677307128906
2016-02-15,385.67242431640625
2016-02-16,370.3062438964844
2016-02-17,364.6734924316406
2016-02-18,373.7415466308594
2016-02-19,371.3428955078125
2016-02-22,375.3818664550781
2016-02-23,371.3428955078125
2016-02-24,363.79150390625
2016-02-25,364.4878234863281
2016-02-26,371.265625
2016-02-29,367.7838439941406
2016-03-01,386.52349853515625
2016-03-02,390.11358642578125
2016-03-03,384.86785888671875
2016-03-04,386.755615234375
2016-03-08,388.0091247558594
2016-03-09,389.57208251953125
2016-03-10,386.78668212890625
2016-03-11,402.4624328613281
2016-03-14,400.7911071777344
2016-03-15,390.4541015625
2016-03-16,395.7772521972656
2016-03-17,400.2804260253906
2016-03-18,410.67938232421875
2016-03-21,414.28497314453125
2016-03-22,400.9922790527344
2016-03-23,402.38494873046875
2016-03-28,410.24603271484375
2016-03-29,412.04107666015625
2016-03-30,429.6202392578125
2016-03-31,427.3455505371094
2016-04-01,428.70721435546875
2016-04-04,439.8798522949219
2016-04-05,418.57135009765625
2016-04-06,421.3722839355469
2016-04-07,418.4165954589844
2016-04-08,426.0610046386719
2016-04-11,418.6951904296875
2016-04-12,416.1727600097656
2016-04-13,425.4730529785156
2016-04-18,426.27777099609375
2016-04-20,418.478515625
2016-04-21,422.79595947265625
2016-04-22,423.074462890625
2016-04-25,422.470947265625
2016-04-26,419.4689025878906
2016-04-27,423.56976318359375
2016-04-28,412.33514404296875
2016-04-29,409.0390319824219
2016-05-02,424.4052429199219
2016-05-03,422.8733215332031
2016-05-04,412.5208435058594
2016-05-05,410.88055419921875
2016-05-06,409.68890380859375
2016-05-09,417.42620849609375
2016-05-10,429.0093688964844
2016-05-11,432.7928466796875
2016-05-12,446.3453369140625
2016-05-13,431.8159484863281
2016-05-16,431.7229309082031
2016-05-17,427.7223815917969
2016-05-18,429.4745788574219
2016-05-19,423.00848388671875
2016-05-20,424.8692626953125
2016-05-23,422.2176818847656
2016-05-24,432.5447692871094
2016-05-25,451.8809509277344
2016-05-26,460.37841796875
2016-05-27,473.38800048828125
2016-05-30,474.0547790527344
2016-05-31,459.8046875
2016-06-01,460.564453125
2016-06-02,478.5826110839844
2016-06-03,487.03350830078125
2016-06-06,472.2406311035156
2016-06-07,478.9392395019531
2016-06-08,474.6285095214844
2016-06-09,470.6279296875
2016-06-10,466.9219970703125
2016-06-13,460.719482421875
2016-06-14,461.1536560058594
2016-06-15,459.4790344238281
2016-06-16,461.7428283691406
2016-06-17,475.0626525878906
2016-06-20,481.35821533203125
2016-06-21,487.2662048339844
2016-06-22,488.13446044921875
2016-06-23,480.55181884765625
2016-06-24,468.75164794921875
2016-06-27,471.9613952636719
2016-06-28,474.1168518066406
2016-06-29,482.8157958984375
2016-06-30,498.44610595703125
2016-07-01,505.0671081542969
2016-07-04,507.9822998046875
2016-07-05,515.3478393554688
2016-07-07,505.9975280761719
2016-07-08,510.6183166503906
2016-07-11,513.9212646484375
2016-07-12,501.77978515625
2016-07-13,495.763427734375
2016-07-14,490.0726623535156
2016-07-15,495.9030456542969
2016-07-18,491.5611877441406
2016-07-19,490.8325500488281
2016-07-20,500.2447204589844
2016-07-21,499.8570251464844
2016-07-22,511.8744201660156
2016-07-25,509.5639343261719
2016-07-26,491.9335021972656
2016-07-27,501.4852294921875
2016-07-28,507.14495849609375
2016-07-29,493.3445739746094
2016-08-01,493.12744140625
2016-08-02,495.5773620605469
2016-08-03,485.947998046875
2016-08-04,491.76300048828125
2016-08-05,493.28338623046875
2016-08-08,486.7201843261719
2016-08-09,474.7883605957031
2016-08-10,466.0683898925781
2016-08-11,468.6750183105469
2016-08-12,481.01031494140625
2016-08-16,474.1522521972656
2016-08-17,473.4230041503906
2016-08-18,474.6332092285156
2016-08-19,479.4587097167969
2016-08-22,474.6642761230469
2016-08-23,465.1994934082031
2016-08-24,476.54168701171875
2016-08-25,474.6642761230469
2016-08-26,471.1266174316406
2016-08-29,476.7279052734375
2016-08-30,484.9203186035156
2016-08-31,470.6611633300781
2016-09-01,482.9032287597656
2016-09-02,486.64251708984375
2016-09-06,503.66351318359375
2016-09-07,518.2021484375
2016-09-08,521.5533447265625
2016-09-09,513.4697265625
2016-09-12,500.11041259765625
2016-09-14,512.6162719726562
2016-09-15,519.1484375
2016-09-16,523.5858764648438
2016-09-19,514.617919921875
2016-09-20,507.2943420410156
2016-09-21,498.58984375
2016-09-22,493.0196228027344
2016-09-23,490.6611328125
2016-09-26,497.9537048339844
2016-09-27,500.57586669921875
2016-09-28,496.9917297363281
2016-09-29,489.3888854980469
2016-09-30,492.3680419921875
2016-10-03,508.5821838378906
2016-10-04,510.1337585449219
2016-10-05,503.2600402832031
2016-10-06,507.8838195800781
2016-10-07,507.07733154296875
2016-10-10,501.2585754394531
2016-10-13,485.58740234375
2016-10-14,488.1630859375
2016-10-17,485.494384765625
2016-10-18,493.5317077636719
2016-10-19,489.6992492675781
2016-10-20,491.1888427734375
2016-10-21,504.0204772949219
2016-10-24,495.2383728027344
2016-10-25,503.4928894042969
2016-10-26,490.0871276855469
2016-10-27,490.3197937011719
2016-10-28,499.33453369140625
2016-11-01,488.3493347167969
2016-11-02,485.0444030761719
2016-11-03,476.4330139160156
2016-11-04,473.6246032714844
2016-11-07,471.91796875
2016-11-08,475.23828125
2016-11-09,459.8620300292969
2016-11-10,467.5733947753906
2016-11-11,449.68353271484375
2016-11-15,420.3692321777344
2016-11-16,440.538330078125
2016-11-17,434.5295104980469
2016-11-18,441.11279296875
2016-11-21,438.7527770996094
2016-11-22,441.2060241699219
2016-11-23,440.9110107421875
2016-11-24,445.5845642089844
2016-11-25,447.183837890625
2016-11-28,445.0255432128906
2016-11-29,438.05413818359375
2016-11-30,452.49395751953125
2016-12-01,464.72894287109375
2016-12-02,450.2270202636719
2016-12-05,457.95928955078125
2016-12-06,455.428466796875
2016-12-07,449.7301330566406
2016-12-08,459.27911376953125
2016-12-09,458.7977294921875
2016-12-12,447.57183837890625
2016-12-13,448.1463623046875
2016-12-14,450.3201904296875
2016-12-15,451.7330322265625
2016-12-16,458.75115966796875
2016-12-19,450.4909973144531
2016-12-20,450.3046569824219
2016-12-21,450.6151123046875
2016-12-22,447.16827392578125
2016-12-23,445.18084716796875
2016-12-26,444.7150573730469
2016-12-27,451.5623474121094
2016-12-28,456.6084289550781
2016-12-29,461.5924987792969
2016-12-30,468.89007568359375
2017-01-02,472.6008605957031
2017-01-03,476.11004638671875
2017-01-04,475.5354309082031
2017-01-05,473.31512451171875
2017-01-06,472.72515869140625
2017-01-09,478.2837829589844
2017-01-10,485.3173522949219
2017-01-11,489.09033203125
2017-01-12,490.02178955078125
2017-01-13,486.6370544433594
2017-01-16,486.342041015625
2017-01-17,492.816650390625
2017-01-18,489.5716857910156
2017-01-19,487.3512268066406
2017-01-20,479.4327697753906
2017-01-23,477.97314453125
2017-01-24,475.0541076660156
2017-01-25,478.5321350097656
2017-01-27,481.1871643066406
2017-01-30,498.2044677734375
2017-01-31,490.7516174316406
2017-02-01,502.7693176269531
2017-02-02,495.59588623046875
2017-02-03,491.1242370605469
2017-02-06,493.99847412109375
2017-02-07,490.22308349609375
2017-02-08,486.0904541015625
2017-02-09,486.21466064453125
2017-02-10,483.88421630859375
2017-02-13,482.87432861328125
2017-02-14,497.6495666503906
2017-02-15,502.310546875
2017-02-16,500.7413635253906
2017-02-17,502.2173156738281
2017-02-20,510.420654296875
2017-02-21,529.3440551757812
2017-02-22,531.7832641601562
2017-02-23,518.0800170898438
2017-02-27,511.1817626953125
2017-02-28,512.3626708984375
2017-03-01,518.281982421875
2017-03-02,499.73138427734375
2017-03-03,497.2611999511719
2017-03-06,502.4814453125
2017-03-07,508.4163818359375
2017-03-08,503.4757080078125
2017-03-09,502.4814453125
2017-03-10,501.8600158691406
2017-03-14,512.378173828125
2017-03-15,514.1337280273438
2017-03-16,523.9063720703125
2017-03-17,523.1917114257812
2017-03-20,526.8738403320312
2017-03-21,527.4953002929688
2017-03-22,518.3131103515625
2017-03-23,525.817138671875
2017-03-24,518.2044677734375
2017-03-27,520.4260864257812
2017-03-28,526.1744995117188
2017-03-29,522.3681640625
2017-03-30,516.4176635742188
2017-03-31,519.3540649414062
2017-04-03,526.966796875
2017-04-05,527.5571899414062
2017-04-06,525.6929321289062
2017-04-07,528.1478271484375
2017-04-10,524.4191284179688
2017-04-11,521.4203491210938
2017-04-12,524.1393432617188
2017-04-13,520.8611450195312
2017-04-17,520.1930541992188
2017-04-18,512.346923828125
2017-04-19,511.2285461425781
2017-04-20,525.2268676757812
2017-04-21,522.8653564453125
2017-04-24,514.7554321289062
2017-04-25,544.5697631835938
2017-04-26,535.8382568359375
2017-04-27,543.34228515625
2017-04-28,541.5400390625
2017-05-02,554.435546875
2017-05-03,563.8816528320312
2017-05-04,560.8987426757812
2017-05-05,549.1686401367188
2017-05-08,545.1135864257812
2017-05-09,599.5225219726562
2017-05-10,597.8600463867188
2017-05-11,592.3290405273438
2017-05-12,593.478759765625
2017-05-15,598.450439453125
2017-05-16,585.787109375
2017-05-17,580.0335693359375
2017-05-18,555.6290893554688
2017-05-19,563.6492919921875
2017-05-22,556.7703857421875
2017-05-23,550.8764038085938
2017-05-24,549.7976684570312
2017-05-25,558.990478515625
2017-05-26,573.0922241210938
2017-05-29,572.169677734375
2017-05-30,581.89404296875
2017-05-31,566.4321899414062
2017-06-01,567.5421142578125
2017-06-02,568.683349609375
2017-06-05,567.6361083984375
2017-06-06,568.2926025390625
2017-06-07,582.1285400390625
2017-06-08,589.3515014648438
2017-06-09,589.2420043945312
2017-06-12,589.4141235351562
2017-06-13,586.6312255859375
2017-06-14,591.3838500976562
2017-06-15,584.2860717773438
2017-06-16,584.6769409179688
2017-06-19,588.178955078125
2017-06-20,605.7202758789062
2017-06-21,611.00439453125
2017-06-22,600.2169799804688
2017-06-23,598.3097534179688
2017-06-27,605.81396484375
2017-06-28,587.2721557617188
2017-06-29,592.8690795898438
2017-06-30,605.4075317382812
2017-07-03,616.5076293945312
2017-07-04,615.5382080078125
2017-07-05,613.8497924804688
2017-07-06,608.1903076171875
2017-07-07,607.2210083007812
2017-07-10,609.5036010742188
2017-07-11,605.81396484375
2017-07-12,606.2205810546875
2017-07-13,614.0999755859375
2017-07-14,613.412109375
2017-07-17,603.812744140625
2017-07-18,597.9345092773438
2017-07-19,599.6542358398438
2017-07-20,598.99755859375
2017-07-21,601.7492065429688
2017-07-24,619.0403442382812
2017-07-25,625.9817504882812
2017-07-26,643.3041381835938
2017-07-27,671.6326904296875
2017-07-28,658.8442993164062
2017-07-31,648.65087890625
2017-08-01,603.0936889648438
2017-08-02,575.4842529296875
2017-08-03,606.6893920898438
2017-08-04,600.8735961914062
2017-08-07,605.474853515625
2017-08-08,592.7042236328125
2017-08-09,577.0540771484375
2017-08-10,564.5025024414062
2017-08-11,563.2818603515625
2017-08-14,574.3308715820312
2017-08-16,577.1165161132812
2017-08-17,575.6768188476562
2017-08-18,574.9256591796875
2017-08-21,565.6608276367188
2017-08-22,554.7682495117188
2017-08-23,566.5059204101562
2017-08-24,574.3308715820312
2017-08-28,588.3534545898438
2017-08-29,572.8595581054688
2017-08-30,579.6832885742188
2017-08-31,581.7490234375
2017-09-01,583.094970703125
2017-09-04,576.9288330078125
2017-09-05,581.8430786132812
2017-09-06,563.5323486328125
2017-09-07,579.0573120117188
2017-09-08,577.9930419921875
2017-09-11,582.4376831054688
2017-09-12,587.7274780273438
2017-09-13,590.1376953125
2017-09-14,585.818115234375
2017-09-15,587.6961669921875
2017-09-18,591.4835815429688
2017-09-19,598.4321899414062
2017-09-20,593.8937377929688
2017-09-21,586.1311645507812
2017-09-22,574.0492553710938
2017-09-25,583.4393310546875
2017-09-26,571.1383056640625
2017-09-27,568.1646728515625
2017-09-28,563.6888427734375
2017-09-29,575.3950805664062
2017-10-03,597.1176147460938
2017-10-04,608.7613525390625
2017-10-05,603.2838134765625
2017-10-06,593.361572265625
2017-10-09,614.2389526367188
2017-10-10,620.8746948242188
2017-10-11,613.2999267578125
2017-10-12,610.0759887695312
2017-10-13,608.0101928710938
2017-10-16,611.1402587890625
2017-10-17,606.7269287109375
2017-10-18,604.12890625
2017-10-19,600.310302734375
2017-10-23,587.3206787109375
2017-10-24,583.84619140625
2017-10-25,577.0853881835938
2017-10-26,577.83642578125
2017-10-27,580.2467651367188
2017-10-30,579.8711547851562
2017-10-31,584.6287231445312
2017-11-01,605.7252807617188
2017-11-02,612.486083984375
2017-11-03,608.6049194335938
2017-11-06,607.8848876953125
2017-11-07,613.9259033203125
2017-11-08,605.4035034179688
2017-11-09,610.69873046875
2017-11-10,600.8604125976562
2017-11-13,585.1941528320312
2017-11-14,582.4682006835938
2017-11-15,573.7579345703125
2017-11-16,583.6275024414062
2017-11-17,591.6171875
2017-11-20,600.045654296875
2017-11-21,595.3458862304688
2017-11-22,598.7611694335938
2017-11-23,598.7611694335938
2017-11-24,609.4454345703125
2017-11-27,595.3458862304688
2017-11-28,614.709228515625
2017-11-29,611.8267211914062
2017-11-30,602.5209350585938
2017-12-01,611.4193725585938
2017-12-04,613.1738891601562
2017-12-05,611.8892211914062
2017-12-06,628.9967651367188
2017-12-07,623.607666015625
2017-12-08,631.440673828125
2017-12-11,643.4407958984375
2017-12-12,631.75390625
2017-12-13,621.414306640625
2017-12-14,624.2970581054688
2017-12-15,618.8762817382812
2017-12-18,619.2523803710938
2017-12-19,620.8190307617188
2017-12-20,616.3385009765625
2017-12-21,619.8165893554688
2017-12-22,618.8762817382812
2017-12-26,612.95458984375
2017-12-27,616.9650268554688
2017-12-28,616.9026489257812
2017-12-29,626.3021240234375
2018-01-01,618.030517578125
2018-01-02,615.0851440429688
2018-01-03,618.1244506835938
2018-01-04,620.0357055664062
2018-01-05,620.4116821289062
2018-01-08,623.32568359375
2018-01-09,619.28369140625
2018-01-10,613.142578125
2018-01-11,617.2471313476562
2018-01-12,621.1950073242188
2018-01-15,627.0855102539062
2018-01-16,630.1874389648438
2018-01-17,626.2394409179688
2018-01-18,648.6734619140625
2018-01-19,658.5745849609375
2018-01-22,684.7371215820312
2018-01-23,680.1624755859375
2018-01-24,700.340576171875
2018-01-25,673.6454467773438
2018-01-29,664.2457275390625
2018-01-30,662.804443359375
2018-01-31,660.1096801757812
2018-02-01,660.047119140625
2018-02-02,658.9818115234375
2018-02-05,651.086181640625
2018-02-06,632.6449584960938
2018-02-07,634.5894165039062
2018-02-08,638.2588500976562
2018-02-09,637.6629638671875
2018-02-12,645.7543334960938
2018-02-14,644.4998168945312
2018-02-15,643.7158813476562
2018-02-16,646.6326293945312
2018-02-19,650.9605712890625
2018-02-20,661.5612182617188
2018-02-21,663.1292114257812
2018-02-22,653.6265258789062
2018-02-23,657.4840087890625
2018-02-26,668.3667602539062
2018-02-27,684.5499267578125
2018-02-28,671.4404296875
2018-03-01,677.5560302734375
2018-03-05,674.4825439453125
2018-03-06,683.2326049804688
2018-03-07,684.1422119140625
2018-03-08,669.339111328125
2018-03-09,672.94580078125
2018-03-12,676.5523681640625
2018-03-13,685.23974609375
2018-03-14,681.5076904296875
2018-03-15,672.9771118164062
2018-03-16,662.3765869140625
2018-03-19,656.9194946289062
2018-03-20,670.1858520507812
2018-03-21,675.2666015625
2018-03-22,679.970947265625
2018-03-23,686.7766723632812
2018-03-26,691.951416015625
2018-03-27,679.1553955078125
2018-03-28,685.9926147460938
2018-04-02,699.6039428710938
2018-04-03,693.4254760742188
2018-04-04,680.6923828125
2018-04-05,681.0685424804688
2018-04-06,683.5776977539062
2018-04-09,679.4378051757812
2018-04-10,675.8623046875
2018-04-11,674.4198608398438
2018-04-12,675.9251708984375
2018-04-13,672.3499145507812
2018-04-16,676.2388305664062
2018-04-17,675.1724243164062
2018-04-18,709.6085815429688
2018-04-19,699.8548583984375
2018-04-20,702.23828125
2018-04-23,699.2903442382812
2018-04-24,706.9740600585938
2018-04-25,685.8357543945312
2018-04-26,697.7848510742188
2018-04-27,699.5098876953125
2018-04-30,700.6702880859375
2018-05-02,701.9874877929688
2018-05-03,698.6004028320312
2018-05-04,694.491943359375
2018-05-07,692.2649536132812
2018-05-08,705.0296020507812
2018-05-09,683.85986328125
2018-05-10,676.3956909179688
2018-05-11,676.9288940429688
2018-05-14,678.2147216796875
2018-05-15,683.4547729492188
2018-05-16,690.3994750976562
2018-05-17,682.5078125
2018-05-18,684.875244140625
2018-05-21,682.3814086914062
2018-05-22,680.6138305664062
2018-05-23,697.3757934570312
2018-05-24,706.1513671875
2018-05-25,709.4026489257812
2018-05-28,707.0035400390625
2018-05-29,715.9054565429688
2018-05-30,715.5897827148438
2018-05-31,719.1884155273438
2018-06-01,733.2041015625
2018-06-04,716.347412109375
2018-06-05,717.4522705078125
2018-06-06,723.3868408203125
2018-06-07,734.9402465820312
2018-06-08,737.7498168945312
2018-06-11,719.3779907226562
2018-06-12,739.8963012695312
2018-06-13,738.0969848632812
2018-06-14,739.0440673828125
2018-06-15,734.1828002929688
2018-06-18,732.3834228515625
2018-06-19,735.5717163085938
2018-06-20,733.7723388671875
2018-06-21,736.5818481445312
2018-06-22,736.1082153320312
2018-06-25,732.635986328125
2018-06-26,752.0812377929688
2018-06-27,763.0032348632812
2018-06-28,768.9379272460938
2018-06-29,773.830810546875
2018-07-02,779.7653198242188
2018-07-03,789.5195922851562
2018-07-04,797.884765625
2018-07-05,787.6570434570312
2018-07-06,789.1723022460938
2018-07-09,794.5071411132812
2018-07-10,792.6447143554688
2018-07-11,836.1124267578125
2018-07-12,831.7875366210938
2018-07-13,826.83154296875
2018-07-16,821.2757568359375
2018-07-17,823.1383666992188
2018-07-18,837.8800048828125
2018-07-19,829.767333984375
2018-07-20,812.5634155273438
2018-07-23,850.633056640625
2018-07-24,855.9993896484375
2018-07-25,856.3781127929688
2018-07-26,843.2779541015625
2018-07-27,826.0423583984375
2018-07-30,827.494384765625
2018-07-31,831.4087524414062
2018-08-01,833.1134643554688
2018-08-02,837.6275024414062
2018-08-03,839.489990234375
2018-08-06,829.8160400390625
2018-08-07,821.7227172851562
2018-08-08,824.5994873046875
2018-08-09,821.09033203125
2018-08-10,818.4347534179688
2018-08-13,825.453125
2018-08-14,818.656005859375
2018-08-16,844.326904296875
2018-08-17,850.9660034179688
2018-08-20,884.5405883789062
2018-08-21,874.9297485351562
2018-08-23,897.62890625
2018-08-24,882.6753540039062
2018-08-27,887.51220703125
2018-08-28,911.5709228515625
2018-08-29,912.6141967773438
2018-08-30,910.9385986328125
2018-08-31,918.1783447265625
2018-09-03,906.417724609375
2018-09-04,884.6669921875
2018-09-05,850.5233764648438
2018-09-06,829.6893920898438
2018-09-07,848.02587890625
2018-09-10,820.7742919921875
2018-09-11,789.254638671875
2018-09-12,820.7266845703125
2018-09-14,819.7782592773438
2018-09-17,809.7249145507812
2018-09-18,814.5145263671875
2018-09-19,778.4740600585938
2018-09-21,777.1937255859375
2018-09-24,748.8355102539062
2018-09-25,742.05419921875
2018-09-26,732.5698852539062
2018-09-27,743.0501098632812
2018-09-28,729.0133056640625
2018-10-01,755.6642456054688
2018-10-03,725.9782104492188
2018-10-04,683.4411010742188
2018-10-05,665.0414428710938
2018-10-08,662.148681640625
2018-10-09,634.5966796875
2018-10-10,681.5442504882812
2018-10-11,690.4119873046875
2018-10-12,679.41015625
2018-10-15,692.3088989257812
2018-10-16,713.269287109375
2018-10-17,696.4345092773438
2018-10-19,704.543701171875
2018-10-22,709.4755249023438
2018-10-23,704.68603515625
2018-10-24,701.6035766601562
2018-10-25,665.5631103515625
2018-10-26,677.0390625
2018-10-29,680.358642578125
2018-10-30,677.0390625
2018-10-31,687.4718627929688
2018-11-01,669.0723876953125
2018-11-02,677.6082763671875
2018-11-05,671.9176635742188
2018-11-06,663.0972900390625
2018-11-07,669.02490234375
2018-11-09,659.0187377929688
2018-11-12,657.1694946289062
2018-11-13,651.6365356445312
2018-11-14,679.9208984375
2018-11-15,688.2678833007812
2018-11-16,690.0803833007812
2018-11-19,694.8023071289062
2018-11-20,675.5804443359375
2018-11-21,676.0574951171875
2018-11-22,684.2612915039062
2018-11-26,712.3071899414062
2018-11-27,713.8335571289062
2018-11-28,711.2578735351562
2018-11-29,710.733154296875
2018-11-30,715.7890625
2018-12-03,735.8695068359375
2018-12-04,727.8086547851562
2018-12-05,717.506103515625
2018-12-06,711.6871948242188
2018-12-07,717.4584350585938
2018-12-10,703.8170166015625
2018-12-11,709.7792358398438
2018-12-12,740.114501953125
2018-12-13,771.4514770507812
2018-12-14,789.0994262695312
2018-12-17,804.1238403320312
2018-12-18,800.0697631835938
2018-12-19,798.5911254882812
2018-12-20,787.95458984375
2018-12-21,765.5370483398438
2018-12-24,765.5847778320312
2018-12-26,762.4844970703125
2018-12-27,777.795166015625
2018-12-28,773.5023803710938
2018-12-31,773.3116455078125
2019-01-01,770.16357421875
2019-01-02,769.495849609375
2019-01-03,777.365966796875
2019-01-04,766.3956909179688
2019-01-07,763.6769409179688
2019-01-08,743.548828125
2019-01-09,738.25439453125
2019-01-10,743.5963745117188
2019-01-11,743.07177734375
2019-01-14,741.4022216796875
2019-01-15,745.4566040039062
2019-01-16,739.2560424804688
2019-01-17,756.7606811523438
2019-01-18,753.2788696289062
2019-01-21,748.2230224609375
2019-01-22,756.3314208984375
2019-01-23,753.4220581054688
2019-01-24,754.1851806640625
2019-01-25,744.359619140625
2019-01-28,724.2791748046875
2019-01-29,716.599853515625
2019-01-30,661.5576171875
2019-01-31,676.6297607421875
2019-02-01,677.9176635742188
2019-02-04,667.5196533203125
2019-02-05,654.8436889648438
2019-02-06,674.69482421875
2019-02-07,670.1983642578125
2019-02-08,653.8870239257812
2019-02-11,667.7588500976562
2019-02-12,663.5016479492188
2019-02-14,651.447509765625
2019-02-15,634.9928588867188
2019-02-18,630.1137084960938
2019-02-19,640.6849365234375
2019-02-20,647.0468139648438
2019-02-21,635.7581176757812
2019-02-22,639.0109252929688
2019-02-25,631.4530029296875
2019-02-26,626.0478515625
2019-02-27,628.9179077148438
2019-02-28,643.6984252929688
2019-03-01,649.7255249023438
2019-03-05,665.4628295898438
2019-03-06,675.1251220703125
2019-03-07,677.6126098632812
2019-03-08,677.3256225585938
2019-03-11,691.4364624023438
2019-03-12,693.6846923828125
2019-03-13,692.2017822265625
2019-03-14,684.0701904296875
2019-03-15,671.202880859375
2019-03-18,685.4095458984375
2019-03-19,679.6216430664062
2019-03-20,673.0682983398438
2019-03-22,669.4329223632812
2019-03-25,659.6748657226562
2019-03-26,662.2101440429688
2019-03-27,660.2010498046875
2019-03-28,663.4539184570312
2019-04-01,647.6686401367188
2019-04-02,628.3438110351562
2019-04-03,637.145263671875
2019-04-04,646.1380004882812
2019-04-05,641.4981689453125
2019-04-08,634.2274780273438
2019-04-09,636.045166015625
2019-04-10,634.514404296875
2019-04-11,635.5667114257812
2019-04-12,641.5458984375
2019-04-15,643.842041015625
2019-04-16,639.2498779296875
2019-04-18,638.7238159179688
2019-04-22,638.1019897460938
2019-04-23,642.7418212890625
2019-04-24,645.1334838867188
2019-04-25,622.1732788085938
2019-04-26,624.8997802734375
2019-04-30,623.5604248046875
2019-05-02,625.9521484375
2019-05-03,613.563232421875
2019-05-06,608.4451293945312
2019-05-07,608.4451293945312
2019-05-08,608.5407104492188
2019-05-09,613.3241577148438
2019-05-10,618.55419921875
2019-05-13,614.7156982421875
2019-05-14,612.31640625
2019-05-15,615.0994873046875
2019-05-16,612.4124145507812
2019-05-17,642.785888671875
2019-05-20,650.607177734375
2019-05-21,631.413818359375
2019-05-22,632.133544921875
2019-05-23,630.2622680664062
2019-05-24,633.0932006835938
2019-05-27,640.3867797851562
2019-05-28,643.8895874023438
2019-05-29,639.3309936523438
2019-05-30,631.8936767578125
2019-05-31,660.2998046875
2019-06-03,678.3416748046875
2019-06-04,672.15185546875
2019-06-06,672.0077514648438
2019-06-07,663.6107788085938
2019-06-10,663.9945068359375
2019-06-11,657.516845703125
2019-06-12,653.4861450195312
2019-06-13,652.1906127929688
2019-06-14,636.4039916992188
2019-06-17,631.509765625
2019-06-18,644.9450073242188
2019-06-19,636.9319458007812
2019-06-20,640.72265625
2019-06-21,642.4020385742188
2019-06-24,647.0084838867188
2019-06-25,648.4000244140625
2019-06-26,643.5536499023438
2019-06-27,641.2984619140625
2019-06-28,636.3560180664062
2019-07-01,637.9874877929688
2019-07-02,647.0084838867188
2019-07-03,645.7608642578125
2019-07-04,647.4882202148438
2019-07-05,644.7532348632812
2019-07-08,625.2239990234375
2019-07-09,620.6655883789062
2019-07-10,612.0285034179688
2019-07-11,609.9171752929688
2019-07-12,602.8157958984375
2019-07-15,595.6661376953125
2019-07-16,607.7100830078125
2019-07-17,618.3623046875
2019-07-18,618.1224365234375
2019-07-19,602.5277099609375
2019-07-22,596.14599609375
2019-07-23,593.3629150390625
2019-07-24,591.443603515625
2019-07-25,591.82763671875
2019-07-26,594.418701171875
2019-07-29,588.5166625976562
2019-07-30,574.2655639648438
2019-07-31,574.6014404296875
2019-08-01,579.2078247070312
2019-08-02,587.0770874023438
2019-08-05,589.4282836914062
2019-08-06,597.3455810546875
2019-08-07,609.2454833984375
2019-08-08,618.8243408203125
2019-08-09,629.029052734375
2019-08-13,621.0385131835938
2019-08-14,606.3092651367188
2019-08-16,599.6184692382812
2019-08-19,602.7472534179688
2019-08-20,605.9723510742188
2019-08-21,590.5209350585938
2019-08-22,585.1298217773438
2019-08-23,578.005859375
2019-08-26,585.0335083007812
2019-08-27,581.0864868164062
2019-08-28,577.813232421875
2019-08-29,578.005859375
2019-08-30,586.2369384765625
2019-09-03,577.380126953125
2019-09-04,561.1586303710938
2019-09-05,574.92529296875
2019-09-06,577.139404296875
2019-09-09,584.9854736328125
2019-09-11,588.1142578125
2019-09-12,594.6605224609375
2019-09-13,600.2923583984375
2019-09-16,614.4440307617188
2019-09-17,622.3382568359375
2019-09-18,625.0337524414062
2019-09-19,631.1468505859375
2019-09-20,659.2096557617188
2019-09-23,636.730712890625
2019-09-24,639.2335815429688
2019-09-25,646.3093872070312
2019-09-26,654.5406494140625
2019-09-27,666.4299926757812
2019-09-30,661.66455078125
2019-10-01,654.6368408203125
2019-10-03,635.334716796875
2019-10-04,643.6139526367188
2019-10-07,645.6355590820312
2019-10-09,647.8980102539062
2019-10-10,654.733154296875
2019-10-11,666.526123046875
2019-10-14,664.9376831054688
2019-10-15,664.023193359375
2019-10-16,680.100341796875
2019-10-17,688.0425415039062
2019-10-18,690.1605224609375
2019-10-22,673.7945556640625
2019-10-23,688.716552734375
2019-10-24,687.6093139648438
2019-10-25,676.3939208984375
2019-10-27,679.3782348632812
2019-10-29,691.0269165039062
2019-10-30,705.6118774414062
2019-10-31,712.7359008789062
2019-11-01,710.5216674804688
2019-11-04,694.1076049804688
2019-11-05,694.5889892578125
2019-11-06,713.8911743164062
2019-11-07,724.5770874023438
2019-11-08,707.1040649414062
2019-11-11,705.2749633789062
2019-11-13,702.1460571289062
2019-11-14,690.6585083007812
2019-11-15,686.02490234375
2019-11-18,692.4443359375
2019-11-19,678.9295654296875
2019-11-20,688.53466796875
2019-11-21,701.1325073242188
2019-11-22,688.0038452148438
2019-11-25,689.6448974609375
2019-11-26,678.1572875976562
2019-11-27,696.0161743164062
2019-11-28,697.2711181640625
2019-11-29,699.8776245117188
2019-12-02,703.4494018554688
2019-12-03,690.6102905273438
2019-12-04,671.5928955078125
2019-12-05,648.5210571289062
2019-12-06,641.860107421875
2019-12-09,635.2474365234375
2019-12-10,623.9046630859375
2019-12-11,647.3143310546875
2019-12-12,643.1151733398438
2019-12-13,651.3688354492188
2019-12-16,651.6101684570312
2019-12-17,655.4715576171875
2019-12-18,656.7265625
2019-12-19,661.2154541015625
2019-12-20,682.3565063476562
2019-12-23,674.1994018554688
2019-12-24,667.3453369140625
2019-12-26,659.5742797851562
2019-12-27,664.9803466796875
2019-12-30,664.7872314453125
2019-12-31,660.8292846679688
2020-01-01,667.3936157226562
2020-01-02,660.0087280273438
2020-01-03,665.0768432617188
2020-01-06,673.2340087890625
2020-01-07,684.0458374023438
2020-01-08,687.472900390625
2020-01-09,699.2984008789062
2020-01-10,712.66845703125
2020-01-13,717.060791015625
2020-01-14,725.7007446289062
2020-01-15,736.0298461914062
2020-01-16,720.8738403320312
2020-01-17,717.9296264648438
2020-01-20,722.6115112304688
2020-01-21,706.2005615234375
2020-01-22,700.9393310546875
2020-01-23,715.3713989257812
2020-01-24,723.3838500976562
2020-01-27,712.185791015625
2020-01-28,710.882568359375
2020-01-29,715.1783447265625
2020-01-30,659.8156127929688
2020-01-31,649.3416137695312
2020-02-03,644.1769409179688
2020-02-04,631.8688354492188
2020-02-05,640.389892578125
2020-02-06,631.287841796875
2020-02-07,626.301025390625
2020-02-10,610.8564453125
2020-02-11,596.186767578125
2020-02-12,621.7984008789062
2020-02-13,616.1821899414062
2020-02-14,606.257080078125
2020-02-17,605.9181518554688
2020-02-18,601.07666015625
2020-02-19,602.8679809570312
2020-02-20,611.0501708984375
2020-02-24,595.3636474609375
2020-02-25,596.2350463867188
2020-02-26,582.194580078125
2020-02-27,575.852294921875
2020-02-28,542.736083984375
2020-03-02,568.54150390625
2020-03-03,599.091552734375
2020-03-04,611.7279663085938
2020-03-05,630.0291137695312
2020-03-06,618.6513671875
2020-03-09,594.3468627929688
2020-03-11,588.1497192382812
2020-03-12,542.4456176757812
2020-03-13,530.8743896484375
2020-03-16,492.9167175292969
2020-03-17,507.15081787109375
2020-03-18,505.0689697265625
2020-03-19,467.7406921386719
2020-03-20,483.2820739746094
2020-03-23,420.2936706542969
2020-03-24,430.36407470703125
2020-03-25,455.58843994140625
2020-03-26,484.68609619140625
2020-03-27,483.6210021972656
2020-03-30,477.47222900390625
2020-03-31,504.3426818847656
2020-04-01,531.3584594726562
2020-04-03,514.6068725585938
2020-04-07,541.1383666992188
2020-04-08,580.9843139648438
2020-04-09,576.239501953125
2020-04-13,539.2986450195312
2020-04-15,553.5326538085938
2020-04-16,546.5125732421875
2020-04-17,535.2318115234375
2020-04-20,520.6103515625
2020-04-21,513.009033203125
2020-04-22,514.3163452148438
2020-04-23,522.3533325195312
2020-04-24,517.46337890625
2020-04-27,519.9324951171875
2020-04-28,516.8822631835938
2020-04-29,519.4483032226562
2020-04-30,525.984375
2020-05-04,509.6199645996094
2020-05-05,498.00030517578125
2020-05-06,491.1253662109375
2020-05-07,470.8876647949219
2020-05-08,483.7177734375
2020-05-11,500.42108154296875
2020-05-12,501.4377746582031
2020-05-13,517.5116577148438
2020-05-14,546.5608520507812
2020-05-15,526.2748413085938
2020-05-18,520.513427734375
2020-05-19,536.4420776367188
2020-05-20,546.7545776367188
2020-05-21,557.3575439453125
2020-05-22,551.1604614257812
2020-05-26,556.7281494140625
2020-05-27,556.63134765625
2020-05-28,585.2448120117188
2020-05-29,613.7129516601562
2020-06-01,613.2288818359375
2020-06-02,619.28076171875
2020-06-03,637.8237915039062
2020-06-04,634.4347534179688
2020-06-05,629.302734375
2020-06-08,637.6785278320312
2020-06-09,638.453369140625
2020-06-10,612.5995483398438
2020-06-11,594.1531372070312
2020-06-12,587.5687255859375
2020-06-15,589.4569091796875
2020-06-16,614.2455444335938
2020-06-17,619.9586181640625
2020-06-18,621.7015991210938
2020-06-19,629.8837890625
2020-06-22,640.7286987304688
2020-06-23,643.8757934570312
2020-06-24,650.4119262695312
2020-06-25,654.8660888671875
2020-06-26,663.72607421875
2020-06-29,665.8563842773438
2020-06-30,668.9065551757812
2020-07-01,672.828125
2020-07-02,674.813232421875
2020-07-03,694.5665893554688
2020-07-06,685.4645385742188
2020-07-07,681.3007202148438
2020-07-08,673.3123168945312
2020-07-09,671.5209350585938
2020-07-10,675.1521606445312
2020-07-13,673.0701904296875
2020-07-14,672.5861206054688
2020-07-15,672.5376586914062
2020-07-16,672.3439331054688
2020-07-17,678.3475341796875
2020-07-20,676.5077514648438
2020-07-21,658.69091796875
2020-07-22,671.23046875
2020-07-23,660.094970703125
2020-07-24,658.4489135742188
2020-07-27,645.7639770507812
2020-07-28,655.979736328125
2020-07-29,658.5940551757812
2020-07-30,661.0147705078125
2020-07-31,669.9232788085938
2020-08-03,676.8950805664062
2020-08-04,670.0684814453125
2020-08-05,655.737548828125
2020-08-06,668.954833984375
2020-08-07,667.2603759765625
2020-08-10,660.3854370117188
2020-08-11,666.0015869140625
2020-08-12,668.08349609375
2020-08-13,686.7234497070312
2020-08-14,662.9030151367188
2020-08-17,660.0465698242188
2020-08-18,668.8580932617188
2020-08-19,668.7612915039062
2020-08-20,667.3572387695312
2020-08-21,661.8378295898438
2020-08-24,663.580810546875
2020-08-25,656.2700805664062
2020-08-26,659.6591186523438
2020-08-27,657.2384643554688
2020-08-28,649.6856079101562
2020-08-31,630.6583862304688
2020-09-01,637.3397216796875
2020-09-02,637.4365234375
2020-09-03,650.9927978515625
2020-09-04,634.9674072265625
2020-09-07,631.0457153320312
2020-09-08,648.4752807617188
2020-09-09,651.5253295898438
2020-09-10,651.7190551757812
2020-09-11,663.9197387695312
2020-09-14,669.6327514648438
2020-09-15,683.8184204101562
2020-09-16,684.98046875
2020-09-17,686.7234497070312
2020-09-18,691.1292114257812
2020-09-21,665.5173950195312
2020-09-22,661.5474243164062
2020-09-23,657.3837890625
2020-09-24,669.5843505859375
2020-09-25,679.848388671875
2020-09-28,690.6449584960938
2020-09-29,683.0438232421875
2020-09-30,701.9743041992188
2020-10-01,710.7858276367188
2020-10-05,728.699462890625
2020-10-06,717.1766967773438
2020-10-07,706.3799438476562
2020-10-08,703.7172241210938
2020-10-09,697.0358276367188
2020-10-12,685.803466796875
2020-10-13,692.049072265625
2020-10-14,677.6212768554688
2020-10-15,660.53076171875
2020-10-16,656.3668823242188
2020-10-19,665.3238525390625
2020-10-20,669.0032958984375
2020-10-21,664.7427978515625
2020-10-22,650.4602661132812
2020-10-23,659.6591186523438
2020-10-26,650.4602661132812
2020-10-27,663.6292724609375
2020-10-28,655.6891479492188
2020-10-29,663.0966796875
2020-10-30,643.7305908203125
2020-11-02,635.2578125
2020-11-03,647.3616333007812
2020-11-04,654.6239624023438
2020-11-05,647.9910278320312
2020-11-06,648.3300170898438
2020-11-09,666.5341186523438
2020-11-10,655.5438842773438
2020-11-11,667.0667114257812
2020-11-12,665.3722534179688
2020-11-13,660.28857421875
2020-11-14,663.96826171875
2020-11-17,657.5289306640625
2020-11-18,661.692626953125
2020-11-19,663.1935424804688
2020-11-20,676.8466796875
2020-11-23,685.4160766601562
2020-11-24,685.8518676757812
2020-11-25,674.1354370117188
2020-11-26,678.8800659179688
2020-11-27,677.5728759765625
2020-12-01,683.2374267578125
2020-12-02,695.1477661132812
2020-12-03,689.628173828125
2020-12-04,687.4979858398438
2020-12-07,691.8070068359375
2020-12-08,684.10888671875
2020-12-09,682.6080322265625
2020-12-10,705.4600830078125
2020-12-11,703.5719604492188
2020-12-14,700.328125
2020-12-15,699.8922729492188
2020-12-16,697.8104248046875
2020-12-17,696.4063720703125
2020-12-18,697.374755859375
2020-12-21,681.2039794921875
2020-12-22,690.0155639648438
2020-12-23,690.2093505859375
2020-12-24,698.1493530273438
2020-12-28,704.2013549804688
2020-12-29,717.6608276367188
2020-12-30,725.4072875976562
2020-12-31,716.6925048828125
2021-01-01,715.5305786132812
2021-01-04,734.0735473632812
2021-01-05,736.203857421875
2021-01-06,721.0983276367188
2021-01-07,710.1079711914062
2021-01-08,726.5692138671875
2021-01-11,745.2091064453125
2021-01-12,738.043701171875
2021-01-13,746.1290283203125
2021-01-14,758.57177734375
2021-01-15,755.3762817382812
2021-01-18,753.4881591796875
2021-01-19,761.7671508789062
2021-01-20,775.6624145507812
2021-01-21,772.1764526367188
2021-01-22,765.0109252929688
2021-01-25,754.5533447265625
2021-01-27,749.4212036132812
2021-01-28,753.1975708007812
2021-01-29,721.0499877929688
2021-02-01,729.0867919921875
2021-02-02,724.1484375
2021-02-03,723.228515625
2021-02-04,744.3861083984375
2021-02-05,725.4072875976562
2021-02-08,712.0930786132812
2021-02-09,720.0330810546875
2021-02-10,725.9398803710938
2021-02-11,734.7030639648438
2021-02-12,730.3939819335938
2021-02-15,719.7426147460938
2021-02-16,698.2462158203125
2021-02-17,697.9557495117188
2021-02-18,695.9706420898438
2021-02-19,687.2075805664062
2021-02-22,677.2823486328125
2021-02-23,658.5455932617188
2021-02-24,670.9400024414062
2021-02-25,674.3290405273438
2021-02-26,664.64599609375
2021-03-01,664.500732421875
2021-03-02,670.0200805664062
2021-03-03,677.2339477539062
2021-03-04,670.4072875976562
2021-03-05,669.3906860351562
2021-03-08,667.2603759765625
2021-03-09,658.5455932617188
2021-03-10,672.2955932617188
2021-03-12,664.64599609375
2021-03-15,659.2718505859375
2021-03-16,659.0782470703125
2021-03-17,639.8572998046875
2021-03-18,639.5184936523438
2021-03-19,651.1864624023438
2021-03-22,672.3439331054688
2021-03-23,668.3740234375
2021-03-24,661.7410888671875
2021-03-25,658.2550659179688
2021-03-26,687.7401123046875
2021-03-30,703.47509765625
2021-03-31,706.5252685546875
2021-04-01,703.2813720703125
2021-04-05,699.45654296875
2021-04-06,704.6854248046875
2021-04-07,716.0631103515625
2021-04-08,716.4503784179688
2021-04-09,715.67578125
2021-04-12,692.7269287109375
2021-04-13,700.5701904296875
2021-04-15,713.2064819335938
2021-04-16,708.7040405273438
2021-04-19,701.780517578125
2021-04-20,702.6520385742188
2021-04-22,681.7850952148438
2021-04-23,676.55615234375
2021-04-26,673.3607788085938
2021-04-27,679.9451904296875
2021-04-28,689.2409057617188
2021-04-29,679.848388671875
2021-04-30,669.826416015625
2021-05-03,686.5780639648438
2021-05-04,675.4910278320312
2021-05-05,685.6582641601562
2021-05-06,687.4496459960938
2021-05-07,679.848388671875
2021-05-10,686.7718505859375
2021-05-11,693.5015258789062
2021-05-12,845.1868286132812
2021-05-14,824.8040161132812
2021-05-17,814.7820434570312
2021-05-18,790.380615234375
2021-05-19,795.6094360351562
2021-05-20,789.6544189453125
2021-05-21,792.5108642578125
2021-05-24,782.6826171875
2021-05-25,781.1818237304688
2021-05-26,798.7564697265625
2021-05-27,805.0021362304688
2021-05-28,817.9290771484375
2021-05-31,829.4034423828125
2021-06-01,822.1411743164062
2021-06-02,823.6419067382812
2021-06-03,836.9561157226562
2021-06-04,825.5301513671875
2021-06-07,822.189453125
2021-06-08,828.5319213867188
2021-06-09,826.2079467773438
2021-06-10,857.677978515625
2021-06-11,871.0406494140625
2021-06-14,891.471923828125
2021-06-15,904.1083374023438
2021-06-16,888.22802734375
2021-06-17,879.2227783203125
2021-06-18,864.6497192382812
2021-06-21,857.5811157226562
2021-06-22,849.3505249023438
2021-06-23,852.83642578125
2021-06-24,842.814453125
2021-06-25,842.9596557617188
2021-06-28,842.18505859375
2021-06-29,849.97998046875
2021-06-30,842.669189453125
2021-07-01,859.9051513671875
2021-07-02,863.003662109375
2021-07-05,895.6840209960938
2021-07-06,933.6901245117188
2021-07-07,932.3829345703125
2021-07-08,932.1892700195312
2021-07-09,935.0457153320312
2021-07-12,926.6698608398438
2021-07-13,912.6778564453125
2021-07-14,910.3538818359375
2021-07-15,918.2456665039062
2021-07-16,920.9568481445312
2021-07-19,914.0819091796875
2021-07-20,918.7781982421875
2021-07-22,938.9190673828125
2021-07-23,949.0862426757812
2021-07-26,945.6002807617188
2021-07-27,967.0966796875
2021-07-28,969.2269897460938
2021-07-29,955.57373046875
2021-07-30,956.4937133789062
2021-08-02,960.8995361328125
2021-08-03,984.8650512695312
2021-08-04,957.6072998046875
2021-08-05,945.067626953125
2021-08-06,941.4365844726562
2021-08-09,944.3414916992188
2021-08-10,953.9761352539062
2021-08-11,948.7471923828125
2021-08-12,959.3986206054688
2021-08-13,952.0879516601562
2021-08-16,960.076416015625
2021-08-17,973.5843505859375
2021-08-18,973.34228515625
2021-08-20,1000.4063720703125
2021-08-23,997.1141967773438
2021-08-24,981.3307495117188
2021-08-25,1007.8623657226562
2021-08-26,1009.6054077148438
2021-08-27,1020.6441650390625
2021-08-30,1053.033935546875
2021-08-31,1064.460205078125
2021-09-01,1063.055908203125
2021-09-02,1089.8294677734375
2021-09-03,1083.874267578125
2021-09-06,1077.725830078125
2021-09-07,1077.3868408203125
2021-09-08,1073.997802734375
2021-09-09,1074.0947265625
2021-09-13,1085.714111328125
2021-09-14,1078.742431640625
2021-09-15,1091.185302734375
2021-09-16,1069.6888427734375
2021-09-17,1056.03564453125
2021-09-20,1045.4327392578125
2021-09-21,1046.207275390625
2021-09-22,1021.0313720703125
2021-09-23,1024.517333984375
2021-09-24,1008.6371459960938
2021-09-27,1005.780517578125
2021-09-28,1019.9661865234375
2021-09-29,989.94873046875
2021-09-30,997.2594604492188
2021-10-01,988.0120849609375
2021-10-04,997.0173950195312
2021-10-05,1009.07275390625
2021-10-06,985.6881713867188
2021-10-07,996.3880004882812
2021-10-08,986.9954223632812
2021-10-11,992.1759033203125
2021-10-12,994.015625
2021-10-13,1024.807861328125
2021-10-14,1005.780517578125
2021-10-18,984.91357421875
2021-10-19,975.9082641601562
2021-10-20,960.9479370117188
2021-10-21,946.5201416015625
2021-10-22,930.3494262695312
2021-10-25,912.5810546875
2021-10-26,933.4479370117188
2021-10-27,977.8933715820312
2021-10-28,953.63720703125
2021-10-29,926.3309936523438
2021-11-01,943.32470703125
2021-11-02,929.9136352539062
2021-11-03,929.6231689453125
2021-11-04,940.904052734375
2021-11-08,940.5166625976562
2021-11-09,929.865234375
2021-11-10,945.74560546875
2021-11-11,920.5211181640625
2021-11-12,890.455078125
2021-11-15,893.0696411132812
2021-11-16,905.5123291015625
2021-11-17,892.4403076171875
2021-11-18,890.40673828125
2021-11-22,882.7571411132812
2021-11-23,883.7254638671875
2021-11-24,884.8873901367188
2021-11-25,888.9058837890625
2021-11-26,869.0072021484375
2021-11-29,884.2581176757812
2021-11-30,893.8442993164062
2021-12-01,908.659423828125
2021-12-02,894.76416015625
2021-12-03,884.1611328125
2021-12-06,858.5978393554688
2021-12-07,870.7985229492188
2021-12-08,874.1392211914062
2021-12-09,898.2984619140625
2021-12-10,913.1135864257812
2021-12-13,899.6541137695312
2021-12-14,901.203369140625
2021-12-15,893.989501953125
2021-12-16,883.5802001953125
2021-12-17,870.5081176757812
2021-12-20,863.003662109375
2021-12-21,907.2069091796875
2021-12-22,927.7833862304688
2021-12-23,934.2225952148438
2021-12-24,935.6267700195312
2021-12-27,924.684814453125
2021-12-28,937.03076171875
2021-12-29,930.301025390625
2021-12-30,920.2305908203125
2021-12-31,937.6600952148438
2022-01-03,927.2507934570312
2022-01-04,919.6011962890625
2022-01-05,924.2974853515625
2022-01-06,918.9718017578125
2022-01-07,927.2024536132812
2022-01-10,901.542236328125
2022-01-11,886.0493774414062
2022-01-12,895.6355590820312
2022-01-13,895.0546264648438
2022-01-14,889.6321411132812
2022-01-17,895.6355590820312
2022-01-18,898.976318359375
2022-01-19,907.8363037109375
2022-01-20,874.1392211914062
2022-01-21,862.9552612304688
2022-01-24,833.5187377929688
2022-01-25,866.1022338867188
2022-01-27,851.529296875
2022-01-28,853.0300903320312
2022-01-31,860.147216796875
2022-02-01,871.86376953125
2022-02-02,881.4498901367188
2022-02-03,894.037841796875
2022-02-04,883.4349365234375
2022-02-07,861.2122802734375
2022-02-08,850.125244140625
2022-02-09,832.7440795898438
2022-02-10,826.0626831054688
2022-02-11,798.8533325195312
2022-02-14,774.4036254882812
2022-02-15,787.9598999023438
2022-02-16,803.93701171875
2022-02-17,806.5513916015625
2022-02-18,799.2406616210938
2022-02-21,783.3604125976562
2022-02-22,756.1510009765625
2022-02-23,777.986328125
2022-02-24,746.7099609375
2022-02-25,753.6817626953125
2022-02-28,743.6113891601562
2022-03-02,728.4573974609375
2022-03-03,710.5438232421875
2022-03-04,699.1660766601562
2022-03-07,643.6337890625
2022-03-08,678.8316040039062
2022-03-09,679.7515258789062
2022-03-10,688.3209838867188
2022-03-11,686.9655151367188
2022-03-14,687.4979858398438
2022-03-15,701.6351928710938
2022-03-16,723.5673828125
2022-03-17,722.8411865234375
2022-03-21,699.3598022460938
2022-03-22,677.1370849609375
2022-03-23,672.3439331054688
2022-03-24,672.9734497070312
2022-03-25,663.14501953125
2022-03-28,666.9215087890625
2022-03-29,673.3123168945312
2022-03-30,704.73388671875
2022-03-31,723.61572265625
2022-04-01,729.13525390625
2022-04-04,746.2258911132812
2022-04-05,746.4679565429688
2022-04-06,728.6026611328125
2022-04-07,756.7803344726562
2022-04-08,785.926513671875
2022-04-11,786.5073852539062
2022-04-12,780.5521850585938
2022-04-13,761.4282836914062
2022-04-18,771.1112670898438
2022-04-19,750.486328125
2022-04-20,775.032958984375
2022-04-21,772.7091064453125
2022-04-22,771.7891235351562
2022-04-25,737.0269165039062
2022-04-26,768.64208984375
2022-04-27,766.8991088867188
2022-04-28,777.5505981445312
2022-04-29,757.6034545898438
2022-05-02,747.3878173828125
2022-05-04,731.6043701171875
2022-05-05,737.8983764648438
2022-05-06,732.136962890625
2022-05-09,733.3473510742188
2022-05-10,746.8552856445312
2022-05-11,756.0057373046875
2022-05-12,746.8068237304688
2022-05-13,771.9343872070312
2022-05-16,772.0796508789062
2022-05-17,793.6243896484375
2022-05-18,804.0822143554688
2022-05-19,770.3850708007812
2022-05-20,734.3640747070312
2022-05-23,728.699462890625
2022-05-24,738.7698364257812
2022-05-25,730.9266357421875
2022-05-26,755.2311401367188
2022-05-27,759.24951171875
2022-05-30,771.2566528320312
2022-05-31,742.64306640625
2022-06-01,741.529541015625
2022-06-02,744.7249145507812
2022-06-03,739.1571655273438
2022-06-06,736.0586547851562
2022-06-07,726.0365600585938
2022-06-08,724.3905029296875
2022-06-09,738.7698364257812
2022-06-10,726.181884765625
2022-06-13,714.9010620117188
2022-06-14,713.7390747070312
2022-06-15,718.2901611328125
2022-06-16,718.386962890625
2022-06-17,702.3131103515625
2022-06-20,734.945068359375
2022-06-21,737.8499755859375
2022-06-22,737.8983764648438
2022-06-23,750.2442626953125
2022-06-24,769.3683471679688
2022-06-27,771.9827270507812
2022-06-28,768.9326782226562
2022-06-29,742.5946655273438
2022-06-30,733.541015625
2022-07-01,756.7320556640625
2022-07-04,787.1851806640625
2022-07-05,805.87353515625
2022-07-06,852.0618286132812
2022-07-07,828.0962524414062
2022-07-08,823.3031005859375
2022-07-11,831.7757568359375
2022-07-12,829.3065185546875
2022-07-13,844.8480224609375
2022-07-14,847.6075439453125
2022-07-15,846.494140625
2022-07-18,831.8241577148438
2022-07-19,838.4571533203125
2022-07-20,845.816162109375
2022-07-21,849.0115966796875
2022-07-22,855.35400390625
2022-07-25,841.1683349609375
2022-07-26,815.9923095703125
2022-07-27,819.4782104492188
2022-07-28,824.94921875
2022-07-29,826.692138671875
2022-08-01,834.0029296875
2022-08-02,837.3919067382812
2022-08-03,834.535400390625
2022-08-04,827.3699951171875
2022-08-05,845.4288330078125
2022-08-08,841.0231323242188
2022-08-10,829.1129760742188
2022-08-11,847.3654174804688
2022-08-12,837.3919067382812
2022-08-16,861.6480712890625
2022-08-17,861.9869384765625
2022-08-18,889.1964111328125
2022-08-19,877.1893920898438
2022-08-22,859.275634765625
2022-08-23,862.374267578125
2022-08-24,874.3328247070312
2022-08-25,878.641845703125
2022-08-26,869.3461303710938
2022-08-29,879.0291748046875
2022-08-30,894.957763671875
2022-09-01,893.26318359375
2022-09-02,886.6303100585938
2022-09-05,865.182373046875
2022-09-06,880.9172973632812
2022-09-07,915.9216918945312
2022-09-08,909.2403564453125
2022-09-09,908.27197265625
2022-09-12,917.955078125
2022-09-13,912.774658203125
2022-09-14,899.7025756835938
2022-09-15,899.5572509765625
2022-09-16,861.9385986328125
2022-09-19,871.62158203125
2022-09-20,894.328369140625
2022-09-21,897.3785400390625
2022-09-22,877.9639892578125
2022-09-23,862.22900390625
2022-09-26,844.1216430664062
2022-09-27,855.2572631835938
2022-09-28,857.0001831054688
2022-09-29,878.8355102539062
2022-09-30,881.59521484375
2022-10-03,857.0001831054688
2022-10-04,868.18408203125
2022-10-06,826.5953369140625
2022-10-07,803.5496215820312
2022-10-10,805.87353515625
2022-10-11,798.8048706054688
2022-10-12,813.08740234375
2022-10-13,816.1375732421875
2022-10-14,806.9871215820312
2022-10-17,807.1807250976562
2022-10-18,807.13232421875
2022-10-19,800.4510498046875
2022-10-20,802.0486450195312
2022-10-21,794.2537841796875
2022-10-24,794.30224609375
2022-10-25,794.9801025390625
2022-10-27,809.1173706054688
2022-10-28,803.5496215820312
2022-10-31,803.0170288085938
2022-11-01,811.8286743164062
2022-11-02,807.0355224609375
2022-11-03,805.389404296875
2022-11-04,802.871826171875
2022-11-07,800.6446533203125
2022-11-09,789.0249633789062
2022-11-10,794.2053833007812
2022-11-11,793.0435791015625
2022-11-14,818.1226806640625
2022-11-15,821.8505859375
2022-11-16,818.9942016601562
2022-11-17,812.264404296875
2022-11-18,812.3128051757812
2022-11-21,812.40966796875
2022-11-22,815.3629760742188
2022-11-23,821.2212524414062
2022-11-24,835.455322265625
2022-11-25,832.1146240234375
2022-11-28,826.982666015625
2022-11-29,838.2151489257812
2022-11-30,853.5143432617188
2022-12-01,849.4473876953125
2022-12-02,853.7078857421875
2022-12-05,854.5309448242188
2022-12-06,857.677978515625
2022-12-07,869.6849975585938
2022-12-08,872.8803100585938
2022-12-09,894.328369140625
2022-12-12,866.9737548828125
2022-12-13,849.0115966796875
2022-12-14,859.0336303710938
2022-12-15,874.574951171875
2022-12-16,868.3778076171875
2022-12-19,877.7703857421875
2022-12-20,866.2474365234375
2022-12-21,856.3223266601562
2022-12-22,863.1004028320312
2022-12-23,845.7193603515625
2022-12-26,855.01513671875
2022-12-27,860.8248901367188
2022-12-28,867.6998291015625
2022-12-29,857.9683837890625
2022-12-30,846.3487548828125
2023-01-02,865.182373046875
2023-01-03,864.4561157226562
2023-01-04,860.5345458984375
2023-01-05,887.4534301757812
2023-01-06,888.373291015625
2023-01-09,879.3196411132812
2023-01-10,882.7571411132812
2023-01-11,871.9605712890625
2023-01-12,886.146240234375
2023-01-13,888.1312866210938
2023-01-16,894.957763671875
2023-01-17,899.84765625
2023-01-18,899.6541137695312
2023-01-19,899.79931640625
2023-01-20,902.8494873046875
2023-01-23,897.475341796875
2023-01-24,899.944580078125
2023-01-25,885.2262573242188
2023-01-27,878.3512573242188
2023-01-30,875.1559448242188
2023-01-31,884.3064575195312
2023-02-01,900.2350463867188
2023-02-02,909.918212890625
2023-02-03,905.3671264648438
2023-02-06,907.5941772460938
2023-02-07,910.78955078125
2023-02-08,910.8864135742188
2023-02-09,911.0315551757812
2023-02-10,910.5960693359375
2023-02-13,894.5703735351562
2023-02-14,901.0581665039062
2023-02-15,905.8512573242188
2023-02-16,902.8494873046875
2023-02-17,912.2420654296875
2023-02-20,898.2984619140625
2023-02-21,907.497314453125
2023-02-22,900.4288330078125
2023-02-23,904.7376708984375
2023-02-24,898.395263671875
2023-02-27,885.0326538085938
2023-02-28,894.037841796875
2023-03-01,883.1444091796875
2023-03-02,883.5317993164062
2023-03-03,896.4102783203125
2023-03-06,886.7271728515625
2023-03-08,891.3751220703125
2023-03-09,875.8821411132812
2023-03-10,887.3081665039062
2023-03-13,886.33984375
2023-03-14,885.807373046875
2023-03-15,878.641845703125
2023-03-16,902.8010864257812
2023-03-17,917.4225463867188
2023-03-20,929.5747680664062
2023-03-21,913.694580078125
2023-03-22,921.2957153320312
2023-03-23,922.0704956054688
2023-03-24,921.0537109375
2023-03-27,931.1240234375
2023-03-28,928.2191162109375
2023-03-29,935.6751708984375
2023-03-31,937.466552734375
2023-04-03,933.9322509765625
2023-04-05,938.8220825195312
2023-04-06,936.9822387695312
2023-04-10,934.9488525390625
2023-04-11,933.3511962890625
2023-04-12,938.144287109375
2023-04-13,932.6734008789062
2023-04-17,943.8572998046875
2023-04-18,938.7252197265625
2023-04-19,937.176025390625
2023-04-20,944.24462890625
2023-04-21,955.8643188476562
2023-04-24,958.236572265625
2023-04-25,932.6734008789062
2023-04-26,945.2130126953125
2023-04-27,923.3775634765625
2023-04-28,878.7387084960938
2023-05-02,894.0863037109375
2023-05-03,909.4339599609375
2023-05-04,901.9296264648438
2023-05-05,906.96484375
2023-05-08,913.59765625
2023-05-09,921.1505126953125
2023-05-10,931.9472045898438
2023-05-11,951.4585571289062
2023-05-12,967.5325317382812
2023-05-15,977.6996459960938
2023-05-16,980.1688232421875
2023-05-17,986.0755615234375
2023-05-18,976.8281860351562
2023-05-19,977.748046875
2023-05-22,984.6715087890625
2023-05-23,983.5094604492188
2023-05-24,990.3361206054688
2023-05-25,996.7752685546875
2023-05-26,1016.673828125
2023-05-29,1014.156494140625
2023-05-30,1013.9628295898438
2023-05-31,1024.807861328125
2023-06-01,1020.789306640625
2023-06-02,1027.3253173828125
2023-06-05,1018.8527221679688
2023-06-06,1021.7091674804688
2023-06-07,1031.5859375
2023-06-08,1024.42041015625
2023-06-09,1002.5366821289062
2023-06-12,1011.0094604492188
2023-06-13,1021.9998168945312
2023-06-14,1035.6043701171875
2023-06-15,1043.54443359375
2023-06-16,1036.0885009765625
2023-06-19,1032.9417724609375
2023-06-20,1037.9283447265625
2023-06-21,1029.8914794921875
2023-06-22,1007.9109497070312
2023-06-23,1003.1177978515625
2023-06-26,999.58349609375
2023-06-27,1004.4733276367188
2023-06-28,1035.217041015625
2023-06-30,1046.739990234375
2023-07-03,1027.3253173828125
2023-07-04,1028.2452392578125
2023-07-05,1062.184326171875
2023-07-06,1045.6748046875
2023-07-07,1028.9229736328125
2023-07-10,1021.4186401367188
2023-07-11,1028.1968994140625
2023-07-12,1034.490966796875
2023-07-13,1020.2081298828125
2023-07-14,1029.261962890625
2023-07-17,1027.4705810546875
2023-07-18,1008.9274291992188
2023-07-19,1010.8156127929688
2023-07-20,1026.792724609375
2023-07-21,1023.06494140625
2023-07-24,1003.5534057617188
2023-07-25,1002.0525512695312
2023-07-26,1005.63525390625
2023-07-27,997.3079223632812
2023-07-28,1003.1177978515625
2023-07-31,1003.1177978515625
2023-08-01,988.1090087890625
2023-08-02,987.3827514648438
2023-08-03,982.3474731445312
2023-08-04,985.3009033203125
2023-08-07,998.0340576171875
2023-08-08,977.4574584960938
2023-08-09,986.4144287109375
2023-08-10,993.7736206054688
2023-08-11,987.8185424804688
2023-08-14,1002.73046875
2023-08-16,1008.4917602539062
2023-08-17,992.6114501953125
2023-08-18,993.9186401367188
2023-08-21,993.8704833984375
2023-08-22,1004.570068359375
2023-08-23,991.0623168945312
2023-08-24,1008.7822875976562
2023-08-25,997.6951904296875
2023-08-28,995.5164794921875
2023-08-29,981.2340087890625
2023-08-30,988.2057495117188
2023-08-31,973.2938842773438
2023-09-01,973.4874877929688
2023-09-04,969.468994140625
2023-09-05,977.11865234375
2023-09-06,979.8299560546875
2023-09-07,982.2022705078125
2023-09-08,987.9636840820312
2023-09-11,1001.1328125
2023-09-12,979.8783569335938
2023-09-13,971.8414306640625
2023-09-14,974.6495361328125
2023-09-15,970.2920532226562
2023-09-18,961.8193969726562
2023-09-20,958.7208251953125
2023-09-21,956.2033081054688
2023-09-22,954.8961181640625
2023-09-25,945.8907470703125
2023-09-26,947.6821899414062
2023-09-27,968.2102661132812
2023-09-28,959.1565551757812
2023-09-29,960.1732177734375
2023-10-03,961.43212890625
2023-10-04,959.0597534179688
2023-10-05,945.648681640625
2023-10-06,940.8555908203125
2023-10-09,935.8204345703125
2023-10-10,944.0510864257812
2023-10-11,954.6055297851562
2023-10-12,946.0360107421875
2023-10-13,951.7974243164062
2023-10-16,955.2833251953125
2023-10-17,965.5474243164062
2023-10-18,967.7745361328125
2023-10-19,952.7173461914062
2023-10-20,956.8325805664062
2023-10-23,949.7639770507812
2023-10-25,944.0994262695312
2023-10-26,933.2543334960938
2023-10-27,955.961181640625
2023-10-30,947.1979370117188
2023-10-31,960.4153442382812
2023-11-01,943.7604370117188
2023-11-02,959.7376098632812
2023-11-03,988.3510131835938
2023-11-06,992.7084350585938
2023-11-07,988.9804077148438
2023-11-08,983.3158569335938
2023-11-09,961.3237915039062
2023-11-10,957.8206176757812
2023-11-13,954.3175659179688
2023-11-15,961.2265014648438
2023-11-16,953.4417114257812
2023-11-17,970.1303100585938
2023-11-20,970.5682983398438
2023-11-21,973.5361938476562
2023-11-22,981.4668579101562
2023-11-23,983.6563720703125
2023-11-24,982.3427124023438
2023-11-28,974.8013305664062
2023-11-29,974.168701171875
2023-11-30,981.0776977539062
2023-12-01,997.8150024414062
2023-12-04,1013.725341796875
2023-12-05,1017.9094848632812
2023-12-06,1010.7572021484375
2023-12-07,991.733154296875
2023-12-08,994.068603515625
2023-12-11,1015.0388793945312
2023-12-12,1003.8482055664062
2023-12-13,1017.8609008789062
2023-12-14,1016.401123046875
2023-12-15,1014.1144409179688
2023-12-18,1002.8751220703125
2023-12-19,1022.0939331054688
2023-12-20,1022.0939331054688
2023-12-21,1044.037109375
2023-12-22,1045.350830078125
2023-12-26,1063.645263671875
2023-12-27,1073.765380859375
2023-12-28,1082.57177734375
2023-12-29,1100.768798828125
2024-01-01,1114.0029296875
2024-01-02,1127.9669189453125
2024-01-03,1136.676025390625
2024-01-04,1169.6640625
2024-01-05,1187.0338134765625
2024-01-08,1143.77978515625
2024-01-09,1131.42138671875
2024-01-10,1110.59716796875
2024-01-11,1124.0257568359375
2024-01-12,1124.415283203125
2024-01-15,1103.493408203125
2024-01-16,1092.5948486328125
2024-01-17,1070.894775390625
2024-01-18,1074.203369140625
2024-01-19,1118.333251953125
2024-01-23,1099.990478515625
2024-01-24,1132.0538330078125
2024-01-25,1126.1666259765625
2024-01-29,1136.676025390625
2024-01-30,1140.276611328125
2024-01-31,1132.8809814453125
2024-02-01,1220.800537109375
2024-02-02,1203.5765380859375
2024-02-05,1185.6715087890625
2024-02-06,1203.771240234375
2024-02-07,1204.6470947265625
2024-02-08,1184.406494140625
2024-02-09,1185.866455078125
2024-02-12,1167.1341552734375
2024-02-13,1165.6746826171875
2024-02-14,1168.3018798828125
2024-02-15,1198.66259765625
2024-02-16,1207.95556640625
2024-02-19,1196.910888671875
2024-02-20,1194.5267333984375
2024-02-21,1202.8466796875
2024-02-22,1222.552001953125
2024-02-23,1217.29736328125
2024-02-26,1219.0001220703125
2024-02-27,1231.9913330078125
2024-02-28,1200.851806640625
2024-02-29,1223.8656005859375
2024-03-01,1233.353515625
2024-03-04,1219.72998046875
2024-03-05,1211.21533203125
2024-03-06,1206.787841796875
2024-03-07,1201.0465087890625
2024-03-11,1204.9876708984375
2024-03-12,1179.735595703125
2024-03-13,1163.874267578125
2024-03-14,1194.380859375
2024-03-15,1180.076171875
2024-03-18,1208.2960205078125
2024-03-19,1171.9510498046875
2024-03-20,1182.5089111328125
2024-03-21,1198.5166015625
2024-03-22,1188.7855224609375
2024-03-26,1166.793701171875
2024-03-27,1201.8250732421875
2024-03-28,1218.12451171875
2024-04-01,1195.3050537109375
2024-04-02,1176.621826171875
2024-04-03,1157.4031982421875
2024-04-04,1145.8719482421875
2024-04-05,1177.546142578125
2024-04-08,1212.675048828125
2024-04-09,1204.3551025390625
2024-04-10,1197.056884765625
2024-04-12,1167.4747314453125
2024-04-15,1145.7259521484375
2024-04-16,1145.580078125
2024-04-18,1131.469970703125
2024-04-19,1137.406005859375
2024-04-22,1153.6080322265625
2024-04-23,1146.6502685546875
2024-04-24,1180.173583984375
2024-04-25,1169.4696044921875
2024-04-26,1170.1507568359375
2024-04-29,1185.2823486328125
2024-04-30,1186.693359375
2024-05-02,1200.1221923828125
2024-05-03,1217.5406494140625
2024-05-06,1216.5189208984375
2024-05-07,1286.776611328125
2024-05-08,1313.974853515625
2024-05-09,1295.0965576171875
2024-05-10,1285.4141845703125
2024-05-13,1302.2977294921875
2024-05-14,1281.31640625
2024-05-15,1266.3157958984375
2024-05-16,1277.2476806640625
2024-05-17,1269.747314453125
2024-05-21,1257.7861328125
2024-05-22,1280.0908203125
2024-05-23,1294.208984375
2024-05-24,1284.69873046875
2024-05-27,1302.9346923828125
2024-05-28,1304.9447021484375
2024-05-29,1274.1591796875
2024-05-30,1249.01123046875
2024-05-31,1245.4818115234375
2024-06-03,1280.9241943359375
2024-06-04,1322.052978515625
2024-06-05,1398.8692626953125
2024-06-06,1374.701904296875
2024-06-07,1399.9478759765625
2024-06-10,1395.1927490234375
2024-06-11,1401.2222900390625
2024-06-12,1389.065185546875
2024-06-13,1381.7119140625
2024-06-14,1365.6817626953125
2024-06-18,1376.1724853515625
2024-06-19,1364.554443359375
2024-06-20,1334.4063720703125
2024-06-21,1330.28857421875
2024-06-24,1353.769775390625
2024-06-25,1348.573486328125
2024-06-26,1386.56494140625
2024-06-27,1335.3377685546875
2024-06-28,1348.9166259765625
2024-07-01,1370.68212890625
2024-07-02,1344.3087158203125
2024-07-03,1341.2203369140625
2024-07-04,1337.1514892578125
2024-07-05,1346.9066162109375
2024-07-08,1398.0848388671875
2024-07-09,1384.506103515625
2024-07-10,1415.8304443359375
2024-07-11,1412.693359375
2024-07-12,1415.6343994140625
2024-07-15,1408.5753173828125
2024-07-16,1424.3114013671875
2024-07-18,1436.566650390625
2024-07-19,1423.4779052734375
2024-07-22,1441.3707275390625
2024-07-23,1487.0093994140625
2024-07-24,1430.4879150390625
2024-07-25,1451.125732421875
2024-07-26,1438.7724609375
2024-07-29,1448.968994140625
2024-07-30,1411.6148681640625
2024-07-31,1412.5462646484375
2024-08-01,1441.4686279296875
2024-08-02,1430.5859375
2024-08-05,1433.5272216796875
2024-08-06,1449.6552734375
2024-08-07,1474.3619384765625
2024-08-08,1435.2430419921875
2024-08-09,1416.5169677734375
2024-08-12,1365.338623046875
2024-08-13,1361.3189697265625
2024-08-14,1344.259521484375
2024-08-16,1382.5870361328125
2024-08-19,1381.2093505859375
2024-08-20,1371.713623046875
2024-08-21,1369.007568359375
2024-08-22,1417.2734375
2024-08-23,1405.514404296875
2024-08-26,1431.492431640625
2024-08-27,1433.0667724609375
2024-08-28,1453.878662109375
2024-08-29,1453.0914306640625
2024-08-30,1457.5194091796875
2024-09-02,1446.5478515625
2024-09-03,1437.3966064453125
2024-09-04,1451.7138671875
2024-09-05,1434.3951416015625
2024-09-06,1420.373046875
2024-09-09,1468.196044921875
2024-09-10,1479.020263671875
2024-09-11,1475.9696044921875
2024-09-12,1489.25390625
2024-09-13,1467.4580078125
2024-09-16,1433.0667724609375
2024-09-17,1436.0679931640625
2024-09-18,1409.253662109375
2024-09-19,1421.750732421875
2024-09-20,1433.312744140625
2024-09-23,1426.1295166015625
2024-09-24,1423.2265625
2024-09-25,1406.6954345703125
2024-09-26,1399.5611572265625
2024-09-27,1366.44921875
2024-09-30,1371.1231689453125
2024-10-01,1366.055419921875
2024-10-03,1326.8426513671875
2024-10-04,1321.7750244140625
2024-10-07,1311.0491943359375
2024-10-08,1283.6937255859375
2024-10-09,1312.0823974609375
2024-10-10,1295.69873046875
2024-10-11,1294.665283203125
2024-10-14,1291.6148681640625
2024-10-15,1320.9876708984375
2024-10-16,1339.2412109375
2024-10-17,1325.76025390625
2024-10-18,1314.7884521484375
2024-10-21,1292.5006103515625
2024-10-22,1278.82275390625
2024-10-23,1271.6888427734375
2024-10-24,1235.0343017578125
2024-10-25,1270.6063232421875
2024-10-28,1275.919921875
2024-10-29,1257.863525390625
2024-10-30,1279.265625
2024-10-31,1267.5107421875
2024-11-01,1259.5587158203125
2024-11-04,1256.644775390625
2024-11-05,1250.816650390625
2024-11-06,1259.608154296875
2024-11-07,1243.1611328125
2024-11-08,1235.8018798828125
2024-11-11,1205.969970703125
2024-11-12,1161.8641357421875
2024-11-13,1169.4703369140625
2024-11-14,1160.777587890625
2024-11-18,1167.2476806640625
2024-11-19,1170.853271484375
2024-11-21,1164.333740234375
2024-11-22,1177.7679443359375
2024-11-25,1203.8460693359375
2024-11-26,1224.9853515625
2024-11-27,1246.22314453125
2024-11-28,1235.9993896484375
2024-11-29,1229.4798583984375
2024-12-02,1212.1932373046875
2024-12-03,1215.4530029296875
2024-12-04,1213.5267333984375
2024-12-05,1229.5787353515625
2024-12-06,1220.3919677734375
2024-12-09,1114.103515625
2024-12-10,1120.0302734375
2024-12-11,1121.4627685546875
2024-12-12,1097.5576171875
2024-12-13,1097.9033203125
2024-12-16,1098.7923583984375
2024-12-17,1076.0233154296875
2024-12-18,1078.4434814453125
2024-12-19,1065.3055419921875
2024-12-20,1056.5634765625
2024-12-23,1060.662841796875
2024-12-24,1064.66357421875
2024-12-26,1058.143798828125
2024-12-27,1054.785400390625
2024-12-30,1047.623779296875
2024-12-31,1068.86181640625
2025-01-01,1066.3922119140625
2025-01-02,1080.1226806640625
2025-01-03,1103.0401611328125
2025-01-06,1127.9327392578125
2025-01-07,1139.7373046875
2025-01-08,1142.1573486328125
2025-01-09,1166.704345703125
2025-01-10,1159.9873046875
2025-01-13,1144.873779296875
2025-01-14,1126.5499267578125
2025-01-15,1114.992431640625
2025-01-16,1135.58837890625
2025-01-17,1173.2733154296875
2025-01-20,1152.4305419921875
2025-01-21,1144.8243408203125
2025-01-22,1138.9468994140625
2025-01-23,1131.241943359375
2025-01-24,1116.5728759765625
2025-01-27,1112.918212890625
2025-01-28,1112.1278076171875
2025-01-29,1104.521728515625
2025-01-30,1104.867431640625
2025-01-31,1107.5838623046875
2025-02-01,1177.17529296875
2025-02-03,1146.2752685546875
2025-02-04,1126.13818359375
2025-02-05,1109.7706298828125
2025-02-06,1110.61376953125
2025-02-07,1097.866943359375
2025-02-10,1082.4913330078125
2025-02-11,1062.6519775390625
2025-02-12,1064.139892578125
2025-02-13,1044.35009765625
2025-02-14,1050.4010009765625
2025-02-17,1030.90869140625
2025-02-18,1007.39892578125
2025-02-19,1016.277099609375
2025-02-20,1065.9749755859375
2025-02-21,1043.7547607421875
2025-02-24,1036.2156982421875
2025-02-25,1048.615478515625
2025-02-27,1042.961181640625
2025-02-28,997.0824584960938
2025-03-03,990.3369750976562
2025-03-04,982.302001953125
2025-03-05,983.3931274414062
2025-03-06,1022.0305786132812
2025-03-07,1036.9102783203125
2025-03-10,1035.62060546875
2025-03-11,1030.8095703125
2025-03-12,1035.025390625
2025-03-13,1017.5667724609375
2025-03-17,1043.8541259765625
2025-03-18,1043.8541259765625
2025-03-19,1065.677490234375
2025-03-20,1092.6590576171875
2025-03-21,1103.025146484375
2025-03-24,1097.4205322265625
2025-03-25,1120.781494140625
2025-03-26,1121.22802734375
2025-03-27,1135.363525390625
2025-03-28,1149.945556640625
2025-04-01,1134.4212646484375
2025-04-02,1153.3182373046875
2025-04-03,1152.72314453125
2025-04-04,1147.31689453125
2025-04-07,1150.7886962890625
2025-04-08,1187.6405029296875
2025-04-09,1232.3785400390625
2025-04-11,1213.779052734375
2025-04-15,1206.5377197265625
2025-04-16,1234.6104736328125
2025-04-17,1229.3531494140625
2025-04-21,1203.660888671875
2025-04-22,1221.5166015625
2025-04-23,1258.3187255859375
2025-04-24,1257.7235107421875
2025-04-25,1256.3348388671875
2025-04-28,1255.7396240234375
2025-04-29,1252.565185546875
2025-04-30,1250.3829345703125
2025-05-02,1248.3990478515625
2025-05-05,1251.969970703125
2025-05-06,1240.7607421875
2025-05-07,1236.89208984375
2025-05-08,1230.642578125
2025-05-09,1232.130615234375
2025-05-12,1279.150146484375
2025-05-13,1261.0260009765625
2025-05-14,1276.6605224609375
2025-05-15,1285.025634765625
2025-05-16,1294.087646484375
2025-05-19,1286.1209716796875
2025-05-20,1255.5489501953125
2025-05-21,1274.6689453125
2025-05-22,1258.7354736328125
2025-05-23,1272.0797119140625
2025-05-26,1279.150146484375
2025-05-27,1264.3121337890625
2025-05-28,1253.75634765625
2025-05-29,1240.9100341796875
2025-05-30,1226.2713623046875
2025-06-02,1260.8267822265625
2025-06-03,1233.3416748046875
2025-06-04,1222.0887451171875
2025-06-05,1209.840087890625
2025-06-06,1205.0599365234375
2025-06-09,1212.52880859375
2025-06-10,1208.84423828125
2025-06-11,1218.7030029296875
2025-06-12,1198.8858642578125
2025-06-13,1183.8487548828125
2025-06-16,1183.052001953125
2025-06-17,1190.620361328125
2025-06-18,1191.6162109375
2025-06-19,1189.027099609375
2025-06-20,1184.4462890625
2025-06-23,1166.122802734375
2025-06-24,1168.9112548828125
2025-06-25,1180.3634033203125
2025-06-26,1179.3675537109375
2025-06-27,1171.5003662109375
2025-06-30,1173.4920654296875
2025-07-01,1163.7327880859375
2025-07-02,1169.7078857421875
2025-07-03,1166.322021484375
2025-07-04,1187.931640625
2025-07-07,1263.1171875
2025-07-08,1272.0797119140625
2025-07-09,1288.4114990234375
2025-07-10,1281.3409423828125
2025-07-11,1279.6480712890625
2025-07-14,1261.32470703125
2025-07-15,1264.81005859375
2025-07-16,1259.5322265625
2025-07-17,1272.8763427734375
2025-07-18,1246.0885009765625
2025-07-21,1233.5408935546875
2025-07-22,1237.2254638671875
2025-07-23,1227.36669921875
2025-07-24,1219.300537109375
2025-07-25,1212.0308837890625
2025-07-28,1209.9395751953125
2025-07-29,1205.557861328125
2025-07-30,1211.532958984375
2025-07-31,1253.75634765625
2025-08-01,1261.22509765625
2025-08-04,1244.1964111328125
2025-08-05,1214.3212890625
2025-08-06,1197.5911865234375
2025-08-07,1214.9188232421875
2025-08-08,1181.159912109375
2025-08-11,1195.0020751953125
2025-08-12,1195.5
2025-08-13,1198.800048828125
2025-08-14,1184.9000244140625
2025-08-18,1208.9000244140625
2025-08-19,1218.699951171875
2025-08-20,1246.9000244140625
2025-08-21,1247.4000244140625
