Date,GUAR3.SA
2015-08-24,4.647467613220215
2015-08-25,4.690589904785156
2015-08-26,4.704309940338135
2015-08-27,4.899343967437744
2015-08-28,4.9395270347595215
2015-08-31,4.704309940338135
2015-09-01,4.7111711502075195
2015-09-02,4.6092448234558105
2015-09-03,4.7533135414123535
2015-09-04,4.7533135414123535
2015-09-08,4.607284069061279
2015-09-09,4.614145278930664
2015-09-10,4.663148403167725
2015-09-11,4.850341320037842
2015-09-14,4.696990489959717
2015-09-15,4.8661627769470215
2015-09-16,4.760679721832275
2015-09-17,4.767645835876465
2015-09-18,4.983588695526123
2015-09-21,4.846260070800781
2015-09-22,4.79650354385376
2015-09-23,4.537771224975586
2015-09-24,4.726845741271973
2015-09-25,4.767645835876465
2015-09-28,4.677089214324951
2015-09-29,4.696990489959717
2015-09-30,4.8761138916015625
2015-10-01,4.806454658508301
2015-10-02,4.8781046867370605
2015-10-05,5.22938346862793
2015-10-06,5.46224308013916
2015-10-07,5.960801601409912
2015-10-08,5.940898895263672
2015-10-09,5.970752239227295
2015-10-13,5.841385364532471
2015-10-14,5.756799221038818
2015-10-15,5.572700500488281
2015-10-16,5.532897472381592
2015-10-19,5.498066425323486
2015-10-20,5.473188400268555
2015-10-21,5.373678207397461
2015-10-22,5.274163722991943
2015-10-23,5.274163722991943
2015-10-26,4.986572265625
2015-10-27,4.960699081420898
2015-10-28,5.004485607147217
2015-10-29,4.845265865325928
2015-10-30,4.826358318328857
2015-11-03,4.777596950531006
2015-11-04,4.776601314544678
2015-11-05,4.757692813873291
2015-11-06,4.706943035125732
2015-11-09,4.74774169921875
2015-11-10,4.7945122718811035
2015-11-11,4.691020488739014
2015-11-12,4.706943035125732
2015-11-13,4.74774169921875
2015-11-16,4.768640518188477
2015-11-17,4.826358318328857
2015-11-18,4.677089214324951
2015-11-19,4.801479339599609
2015-11-23,4.776601314544678
2015-11-24,4.736797332763672
2015-11-25,4.8562116622924805
2015-11-26,4.935821056365967
2015-11-27,4.915919303894043
2015-11-30,4.960699081420898
2015-12-01,4.945773124694824
2015-12-02,4.926865577697754
2015-12-03,4.927860736846924
2015-12-04,4.910944938659668
2015-12-07,4.945773124694824
2015-12-08,4.846260070800781
2015-12-09,4.896016597747803
2015-12-10,4.776601314544678
2015-12-11,4.657186031341553
2015-12-14,4.657186031341553
2015-12-15,4.611412048339844
2015-12-16,4.597479343414307
2015-12-17,4.711917400360107
2015-12-18,4.6074299812316895
2015-12-21,4.466123104095459
2015-12-22,4.53080415725708
2015-12-23,4.527820587158203
2015-12-28,4.577576637268066
2015-12-29,4.577576637268066
2015-12-30,4.577576637268066
2016-01-04,4.456171035766602
2016-01-05,4.354668617248535
2016-01-06,4.298941135406494
2016-01-07,4.220326900482178
2016-01-08,4.293966293334961
2016-01-11,4.125790119171143
2016-01-12,3.980501413345337
2016-01-13,3.9207937717437744
2016-01-14,3.7725205421447754
2016-01-15,3.6371824741363525
2016-01-18,3.7814762592315674
2016-01-19,3.6968905925750732
2016-01-20,3.5874269008636475
2016-01-21,3.5924019813537598
2016-01-22,3.5844407081604004
2016-01-26,3.594393014907837
2016-01-27,3.761573553085327
2016-01-28,3.7824721336364746
2016-01-29,4.011349678039551
2016-02-01,4.0302581787109375
2016-02-02,3.9924426078796387
2016-02-03,4.008364200592041
2016-02-04,3.980501413345337
2016-02-05,4.034238815307617
2016-02-10,4.005378723144531
2016-02-11,3.970550060272217
2016-02-12,3.990452766418457
2016-02-15,3.8421790599823
2016-02-16,4.0302581787109375
2016-02-17,4.105886936187744
2016-02-18,4.153654098510742
2016-02-19,4.127780437469482
2016-02-22,4.1476826667785645
2016-02-23,4.1446967124938965
2016-02-24,4.120814323425293
2016-02-25,4.219332218170166
2016-02-26,4.229282379150391
2016-02-29,4.140716552734375
2016-03-01,4.209379196166992
2016-03-02,4.378551483154297
2016-03-03,4.542747497558594
2016-03-04,4.776601314544678
2016-03-07,4.793519020080566
2016-03-08,4.9756269454956055
2016-03-09,5.05125617980957
2016-03-10,5.269189357757568
2016-03-11,5.274163722991943
2016-03-14,5.174652099609375
2016-03-15,5.005478858947754
2016-03-16,5.025382995605469
2016-03-17,5.3487982749938965
2016-03-18,5.124894618988037
2016-03-21,5.207491874694824
2016-03-22,5.368701457977295
2016-03-23,5.265100479125977
2016-03-24,5.365340232849121
2016-03-28,5.514179706573486
2016-03-29,5.628594875335693
2016-03-30,5.732883453369141
2016-03-31,5.761235237121582
2016-04-01,5.770347595214844
2016-04-04,5.445328712463379
2016-04-05,5.496966361999512
2016-04-06,5.356227397918701
2016-04-07,5.568856239318848
2016-04-08,5.482791900634766
2016-04-11,5.629607677459717
2016-04-12,5.768322467803955
2016-04-13,5.8726115226745605
2016-04-14,5.791609764099121
2016-04-15,5.922225475311279
2016-04-18,5.972851276397705
2016-04-19,5.9171624183654785
2016-04-20,5.985001087188721
2016-04-22,5.79667329788208
2016-04-25,5.619481563568115
2016-04-26,5.670108318328857
2016-04-27,5.860461235046387
2016-04-28,5.8715996742248535
2016-04-29,5.8715996742248535
2016-05-02,5.766297340393066
2016-05-03,5.776422500610352
2016-05-04,5.758197784423828
2016-05-05,5.838185787200928
2016-05-06,5.772372245788574
2016-05-09,5.770347595214844
2016-05-10,5.761235237121582
2016-05-11,5.769334316253662
2016-05-12,5.770347595214844
2016-05-13,5.66605806350708
2016-05-16,5.416977882385254
2016-05-17,4.860092639923096
2016-05-18,4.612024784088135
2016-05-19,4.810479640960693
2016-05-20,4.80035400390625
2016-05-23,4.843891620635986
2016-05-24,4.860092639923096
2016-05-25,4.860092639923096
2016-05-27,4.84794282913208
2016-05-30,4.704164981842041
2016-05-31,4.8145294189453125
2016-06-01,4.70821475982666
2016-06-02,4.905654430389404
2016-06-03,5.1435980796813965
2016-06-06,5.366352558135986
2016-06-07,5.59821891784668
2016-06-08,5.68023157119751
2016-06-09,5.714658737182617
2016-06-10,5.503042221069336
2016-06-13,5.477728843688965
2016-06-14,5.448365688323975
2016-06-15,5.467604637145996
2016-06-16,5.411917209625244
2016-06-17,5.447352886199951
2016-06-20,5.5081048011779785
2016-06-21,5.548605442047119
2016-06-22,5.619481563568115
2016-06-23,5.604294776916504
2016-06-24,5.568856239318848
2016-06-27,5.573919296264648
2016-06-28,5.65492057800293
2016-06-29,5.6950860023498535
2016-06-30,5.71754789352417
2016-07-01,5.737966537475586
2016-07-04,5.716527462005615
2016-07-05,5.630763530731201
2016-07-06,5.737966537475586
2016-07-07,5.781868934631348
2016-07-08,5.763491630554199
2016-07-11,6.02180290222168
2016-07-12,6.0442657470703125
2016-07-13,6.156573295593262
2016-07-14,6.279092311859131
2016-07-15,6.482269763946533
2016-07-18,6.6160197257995605
2016-07-19,6.773252487182617
2016-07-20,6.839616775512695
2016-07-21,6.687487602233887
2016-07-22,6.691572666168213
2016-07-25,6.738537311553955
2016-07-26,6.690551280975342
2016-07-27,6.637460231781006
2016-07-28,6.747727870941162
2016-07-29,7.0274786949157715
2016-08-01,6.958053112030029
2016-08-02,7.034626483917236
2016-08-03,6.943757057189941
2016-08-04,6.840636730194092
2016-08-05,7.043814182281494
2016-08-08,6.947841167449951
2016-08-09,7.146934986114502
2016-08-10,7.356238842010498
2016-08-11,7.262304782867432
2016-08-12,7.351133346557617
2016-08-15,7.504280090332031
2016-08-16,7.438939094543457
2016-08-17,7.351133346557617
2016-08-18,7.271495342254639
2016-08-19,7.265371322631836
2016-08-22,7.2806830406188965
2016-08-23,7.371551513671875
2016-08-24,7.249033451080322
2016-08-25,7.290894031524658
2016-08-26,7.351133346557617
2016-08-29,7.5001983642578125
2016-08-30,7.5247015953063965
2016-08-31,7.572687149047852
2016-09-01,7.703373908996582
2016-09-02,7.790158271789551
2016-09-05,7.8493757247924805
2016-09-06,7.902466297149658
2016-09-08,8.014777183532715
2016-09-09,7.867756366729736
2016-09-12,7.8636698722839355
2016-09-13,7.46242094039917
2016-09-14,7.759529113769531
2016-09-15,7.7013325691223145
2016-09-16,7.64619779586792
2016-09-19,7.504280090332031
2016-09-20,7.554309844970703
2016-09-21,7.412392616271973
2016-09-22,7.555329322814941
2016-09-23,7.647221088409424
2016-09-26,7.402182102203369
2016-09-27,7.351133346557617
2016-09-28,7.402182102203369
2016-09-29,7.117323875427246
2016-09-30,6.942736625671387
2016-10-03,7.44200325012207
2016-10-04,7.3797197341918945
2016-10-05,7.301104545593262
2016-10-06,7.319482326507568
2016-10-07,7.146934986114502
2016-10-10,7.25005578994751
2016-10-11,7.167355060577393
2016-10-13,6.975409030914307
2016-10-14,7.032584190368652
2016-10-17,6.953967094421387
2016-10-18,7.153060436248779
2016-10-19,7.044835090637207
2016-10-20,7.146934986114502
2016-10-21,6.9243597984313965
2016-10-24,7.183691501617432
2016-10-25,7.173480033874512
2016-10-26,7.075464725494385
2016-10-27,6.958053112030029
2016-10-28,6.929463863372803
2016-10-31,6.740579605102539
2016-11-01,6.48328971862793
2016-11-03,6.279092311859131
2016-11-04,6.3658766746521
2016-11-07,6.628270149230957
2016-11-08,6.668089866638184
2016-11-09,6.519024848937988
2016-11-10,6.54455041885376
2016-11-11,6.268883228302002
2016-11-14,6.233147621154785
2016-11-16,6.178014278411865
2016-11-17,6.11675500869751
2016-11-18,6.175971984863281
2016-11-21,6.090208053588867
2016-11-22,6.258671760559082
2016-11-23,6.157595634460449
2016-11-24,6.228043556213379
2016-11-25,6.248462200164795
2016-11-28,6.328099250793457
2016-11-29,6.217833518981934
2016-11-30,6.328099250793457
2016-12-01,6.206601619720459
2016-12-02,6.075915336608887
2016-12-05,5.896221160888672
2016-12-06,5.921747207641602
2016-12-07,5.705295562744141
2016-12-08,5.919703960418701
2016-12-09,5.919703960418701
2016-12-12,5.987089157104492
2016-12-13,5.987089157104492
2016-12-14,5.9840264320373535
2016-12-15,5.799227237701416
2016-12-16,5.840066432952881
2016-12-19,5.71754789352417
2016-12-20,5.616469383239746
2016-12-21,5.794121742248535
2016-12-22,5.975858688354492
2016-12-23,5.889073371887207
2016-12-26,5.830877780914307
2016-12-27,6.034055233001709
2016-12-28,6.1718878746032715
2016-12-29,6.2076239585876465
2017-01-02,5.872739791870117
2017-01-03,6.146364688873291
2017-01-04,6.1259446144104
2017-01-05,6.260714530944824
2017-01-06,6.074894905090332
2017-01-09,6.073873519897461
2017-01-10,6.330142021179199
2017-01-11,6.259693622589111
2017-01-12,6.881478786468506
2017-01-13,6.713013172149658
2017-01-16,6.738537311553955
2017-01-17,6.828387260437012
2017-01-18,7.084653854370117
2017-01-19,7.028499603271484
2017-01-20,7.111201286315918
2017-01-23,6.942736625671387
2017-01-24,7.064235210418701
2017-01-26,6.9651994705200195
2017-01-27,7.024415493011475
2017-01-30,6.942736625671387
2017-01-31,6.964176177978516
2017-02-01,7.072402000427246
2017-02-02,7.009101867675781
2017-02-03,6.995828151702881
2017-02-06,6.840636730194092
2017-02-07,7.095885753631592
2017-02-08,7.078527927398682
2017-02-09,7.195940971374512
2017-02-10,7.300085544586182
2017-02-13,7.470588684082031
2017-02-14,7.555329322814941
2017-02-15,7.657428741455078
2017-02-16,7.4644646644592285
2017-02-17,7.49100923538208
2017-02-20,7.757486820220947
2017-02-21,7.963727951049805
2017-02-22,7.764634609222412
2017-02-23,7.504280090332031
2017-02-24,7.759529113769531
2017-03-01,7.514492034912109
2017-03-02,7.169397354125977
2017-03-03,7.300085544586182
2017-03-06,7.381762504577637
2017-03-07,7.504280090332031
2017-03-08,7.402182102203369
2017-03-09,7.5247015953063965
2017-03-10,7.85039758682251
2017-03-13,7.8606061935424805
2017-03-14,7.718688011169434
2017-03-15,7.922887325286865
2017-03-16,7.816704273223877
2017-03-17,8.065826416015625
2017-03-20,7.902466297149658
2017-03-21,7.973938465118408
2017-03-22,7.861628532409668
2017-03-23,7.861628532409668
2017-03-24,7.8136420249938965
2017-03-27,7.494071960449219
2017-03-28,7.8095574378967285
2017-03-29,7.655341625213623
2017-03-30,7.695364475250244
2017-03-31,7.61429500579834
2017-04-03,7.952935695648193
2017-04-04,8.014508247375488
2017-04-05,7.9324116706848145
2017-04-06,7.9991135597229
2017-04-07,8.208454132080078
2017-04-10,8.414719581604004
2017-04-11,8.670236587524414
2017-04-12,8.874449729919434
2017-04-13,8.926786422729492
2017-04-17,9.232587814331055
2017-04-18,8.9955415725708
2017-04-19,8.79543399810791
2017-04-20,8.979121208190918
2017-04-24,8.927810668945312
2017-04-25,8.927810668945312
2017-04-26,8.926786422729492
2017-04-27,8.927810668945312
2017-04-28,9.185385704040527
2017-05-02,9.55378532409668
2017-05-03,9.59483528137207
2017-05-04,9.796991348266602
2017-05-05,9.869850158691406
2017-05-08,9.830857276916504
2017-05-09,9.902688980102539
2017-05-10,9.933476448059082
2017-05-11,10.159235000610352
2017-05-12,10.066877365112305
2017-05-15,10.056615829467773
2017-05-16,10.621018409729004
2017-05-17,10.775970458984375
2017-05-18,9.492215156555176
2017-05-19,9.591753959655762
2017-05-22,8.773884773254395
2017-05-23,8.82519245147705
2017-05-24,9.23566722869873
2017-05-25,9.36599349975586
2017-05-26,9.52094841003418
2017-05-29,9.52094841003418
2017-05-30,9.421404838562012
2017-05-31,9.75389289855957
2017-06-01,9.820591926574707
2017-06-02,9.85137939453125
2017-06-05,9.749789237976074
2017-06-06,9.953998565673828
2017-06-07,10.02480411529541
2017-06-08,10.004277229309082
2017-06-09,10.127422332763672
2017-06-12,9.94373607635498
2017-06-13,10.159235000610352
2017-06-14,9.967337608337402
2017-06-15,9.967337608337402
2017-06-16,10.158205032348633
2017-06-19,10.087401390075684
2017-06-20,9.60098934173584
2017-06-21,9.363943099975586
2017-06-22,9.47681999206543
2017-06-23,9.64614200592041
2017-06-26,9.781598091125488
2017-06-27,9.64614200592041
2017-06-28,9.543521881103516
2017-06-29,9.635154724121094
2017-06-30,9.754693984985352
2017-07-03,9.837132453918457
2017-07-04,9.679466247558594
2017-07-05,9.647521018981934
2017-07-06,9.655765533447266
2017-07-07,9.665040969848633
2017-07-10,9.666072845458984
2017-07-11,9.73820686340332
2017-07-12,9.892779350280762
2017-07-13,10.097851753234863
2017-07-14,10.335893630981445
2017-07-17,10.386388778686523
2017-07-18,10.493559837341309
2017-07-19,10.460585594177246
2017-07-20,10.715116500854492
2017-07-21,10.820228576660156
2017-07-24,11.283955574035645
2017-07-25,11.026329040527344
2017-07-26,10.532720565795898
2017-07-27,10.603822708129883
2017-07-28,10.820228576660156
2017-07-31,10.808894157409668
2017-08-01,10.819194793701172
2017-08-02,10.681113243103027
2017-08-03,10.729545593261719
2017-08-04,11.00777816772461
2017-08-07,11.077853202819824
2017-08-08,11.335479736328125
2017-08-09,11.49005126953125
2017-08-10,11.643595695495605
2017-08-11,11.844544410705566
2017-08-14,11.891946792602539
2017-08-15,11.942438125610352
2017-08-16,12.04652214050293
2017-08-17,12.04652214050293
2017-08-18,12.075374603271484
2017-08-21,12.21140193939209
2017-08-22,12.232009887695312
2017-08-23,12.135141372680664
2017-08-24,12.346394538879395
2017-08-25,12.345362663269043
2017-08-28,12.395856857299805
2017-08-29,12.376280784606934
2017-08-30,12.675124168395996
2017-08-31,13.023431777954102
2017-09-01,13.411931991577148
2017-09-04,14.117820739746094
2017-09-05,13.96324348449707
2017-09-06,13.865348815917969
2017-09-07,13.865348815917969
2017-09-08,14.15285873413086
2017-09-11,14.164194107055664
2017-09-12,14.27136516571045
2017-09-13,14.140493392944336
2017-09-14,14.772189140319824
2017-09-15,15.869667053222656
2017-09-18,15.55948543548584
2017-09-19,15.703756332397461
2017-09-20,15.656351089477539
2017-09-21,15.393575668334961
2017-09-22,15.457469940185547
2017-09-25,14.830923080444336
2017-09-26,14.63204288482666
2017-09-27,14.94118881225586
2017-09-28,14.98243522644043
2017-09-29,15.499072074890137
2017-10-02,15.17255973815918
2017-10-03,15.255221366882324
2017-10-04,15.344079971313477
2017-10-05,15.472206115722656
2017-10-06,15.498038291931152
2017-10-09,15.602399826049805
2017-10-10,16.170696258544922
2017-10-11,16.324657440185547
2017-10-12,16.324657440185547
2017-10-13,16.8216609954834
2017-10-16,16.97768211364746
2017-10-17,17.152305603027344
2017-10-18,17.202938079833984
2017-10-19,17.02831268310547
2017-10-20,17.15644073486328
2017-10-23,17.048978805541992
2017-10-24,17.193639755249023
2017-10-25,17.244264602661133
2017-10-26,16.790660858154297
2017-10-27,16.88365936279297
2017-10-30,16.380451202392578
2017-10-31,16.170696258544922
2017-11-01,16.010543823242188
2017-11-02,16.010543823242188
2017-11-03,16.143836975097656
2017-11-06,16.41351890563965
2017-11-07,16.320524215698242
2017-11-08,16.11903953552246
2017-11-09,15.70572566986084
2017-11-10,15.395746231079102
2017-11-13,14.98243522644043
2017-11-14,15.180826187133789
2017-11-15,15.180826187133789
2017-11-16,15.499072074890137
2017-11-17,15.719164848327637
2017-11-20,15.719164848327637
2017-11-21,16.225460052490234
2017-11-22,15.809052467346191
2017-11-23,15.70572566986084
2017-11-24,15.704697608947754
2017-11-27,15.7284574508667
2017-11-28,15.70572566986084
2017-11-29,15.2924165725708
2017-11-30,15.112629890441895
2017-12-01,15.146728515625
2017-12-04,15.70572566986084
2017-12-05,15.273821830749512
2017-12-06,15.006199836730957
2017-12-07,15.244888305664062
2017-12-08,15.499072074890137
2017-12-11,14.992770195007324
2017-12-12,14.879111289978027
2017-12-13,14.694157600402832
2017-12-14,14.505064964294434
2017-12-15,14.978306770324707
2017-12-18,14.991737365722656
2017-12-19,14.672455787658691
2017-12-20,15.2335205078125
2017-12-21,15.488737106323242
2017-12-22,15.478412628173828
2017-12-25,15.478412628173828
2017-12-26,15.417444229125977
2017-12-27,15.385414123535156
2017-12-28,15.503203392028809
2017-12-29,15.503203392028809
2018-01-02,16.077537536621094
2018-01-03,16.419830322265625
2018-01-04,16.492443084716797
2018-01-05,16.38974952697754
2018-01-08,16.387678146362305
2018-01-09,16.439542770385742
2018-01-10,16.27358055114746
2018-01-11,16.011152267456055
2018-01-12,15.797471046447754
2018-01-15,15.89394474029541
2018-01-16,16.31610870361328
2018-01-17,16.35655975341797
2018-01-18,16.18126106262207
2018-01-19,16.207195281982422
2018-01-22,15.881494522094727
2018-01-23,15.502893447875977
2018-01-24,16.284988403320312
2018-01-25,16.284988403320312
2018-01-26,16.233125686645508
2018-01-29,16.261131286621094
2018-01-30,15.776729583740234
2018-01-31,16.377307891845703
2018-02-01,16.570234298706055
2018-02-02,16.43020248413086
2018-02-05,16.07961082458496
2018-02-06,16.140806198120117
2018-02-07,16.077537536621094
2018-02-08,15.870085716247559
2018-02-09,15.455181121826172
2018-02-14,15.764288902282715
2018-02-15,15.860751152038574
2018-02-16,15.714491844177246
2018-02-19,15.500819206237793
2018-02-20,15.352494239807129
2018-02-21,15.869046211242676
2018-02-22,15.881494522094727
2018-02-23,15.714491844177246
2018-02-26,15.949957847595215
2018-02-27,16.59202003479004
2018-02-28,16.336851119995117
2018-03-01,16.388713836669922
2018-03-02,16.577495574951172
2018-03-05,16.627286911010742
2018-03-06,16.406347274780273
2018-03-07,16.565048217773438
2018-03-08,16.620023727416992
2018-03-09,16.596162796020508
2018-03-12,16.388713836669922
2018-03-13,16.357595443725586
2018-03-14,16.596162796020508
2018-03-15,16.584754943847656
2018-03-16,16.33270263671875
2018-03-19,16.077537536621094
2018-03-20,15.7705078125
2018-03-21,15.662627220153809
2018-03-22,16.13458251953125
2018-03-23,15.870085716247559
2018-03-26,15.776729583740234
2018-03-27,15.900162696838379
2018-03-28,15.558905601501465
2018-03-29,15.656681060791016
2018-04-02,15.082507133483887
2018-04-03,15.036742210388184
2018-04-04,14.976408958435059
2018-04-05,14.874472618103027
2018-04-06,15.113712310791016
2018-04-09,14.772534370422363
2018-04-10,14.52601432800293
2018-04-11,14.44800090789795
2018-04-12,14.650835990905762
2018-04-13,14.69868278503418
2018-04-16,14.601946830749512
2018-04-17,14.379350662231445
2018-04-18,14.742372512817383
2018-04-19,14.5936279296875
2018-04-20,14.656034469604492
2018-04-23,14.395991325378418
2018-04-24,14.237885475158691
2018-04-25,14.235806465148926
2018-04-26,14.04233455657959
2018-04-27,14.06521987915039
2018-04-30,14.260438919067383
2018-05-02,13.84407901763916
2018-05-03,14.05538272857666
2018-05-04,13.526599884033203
2018-05-07,13.534928321838379
2018-05-08,13.532845497131348
2018-05-09,13.575523376464844
2018-05-10,13.21953296661377
2018-05-11,13.116483688354492
2018-05-14,12.826069831848145
2018-05-15,12.17862606048584
2018-05-16,11.866353988647461
2018-05-17,11.358389854431152
2018-05-18,11.860106468200684
2018-05-21,11.762263298034668
2018-05-22,12.230669021606445
2018-05-23,11.992303848266602
2018-05-24,12.20985221862793
2018-05-25,12.007914543151855
2018-05-28,11.370881080627441
2018-05-29,11.179353713989258
2018-05-30,11.31571102142334
2018-06-01,11.449990272521973
2018-06-04,11.523893356323242
2018-06-05,11.262625694274902
2018-06-06,10.825444221496582
2018-06-07,10.588115692138672
2018-06-08,10.408038139343262
2018-06-11,10.312276840209961
2018-06-12,10.304990768432617
2018-06-13,10.19569206237793
2018-06-14,9.940672874450684
2018-06-15,9.913609504699707
2018-06-18,9.680445671081543
2018-06-19,9.942753791809082
2018-06-20,9.732490539550781
2018-06-21,9.472262382507324
2018-06-22,9.94483757019043
2018-06-25,9.732490539550781
2018-06-26,9.7678804397583
2018-06-27,9.649219512939453
2018-06-28,9.616928100585938
2018-06-29,9.868850708007812
2018-07-02,9.533303260803223
2018-07-03,9.507169723510742
2018-07-04,9.616928100585938
2018-07-05,9.585569381713867
2018-07-06,9.590795516967773
2018-07-10,9.765365600585938
2018-07-11,9.538530349731445
2018-07-12,9.606476783752441
2018-07-13,10.053872108459473
2018-07-16,10.25979995727539
2018-07-17,10.349696159362793
2018-07-18,10.146904945373535
2018-07-19,10.118681907653809
2018-07-20,10.508585929870605
2018-07-23,10.348651885986328
2018-07-24,10.52112865447998
2018-07-25,10.469908714294434
2018-07-26,10.751099586486816
2018-07-27,10.432278633117676
2018-07-30,10.308930397033691
2018-07-31,10.008923530578613
2018-08-01,10.244120597839355
2018-08-02,10.55771541595459
2018-08-03,10.838908195495605
2018-08-06,10.766778945922852
2018-08-07,10.766778945922852
2018-08-08,10.74587345123291
2018-08-09,10.55771541595459
2018-08-10,10.420780181884766
2018-08-13,10.400918006896973
2018-08-14,10.682107925415039
2018-08-15,10.467818260192871
2018-08-16,11.474458694458008
2018-08-17,11.498501777648926
2018-08-20,11.074103355407715
2018-08-21,11.182816505432129
2018-08-22,11.174452781677246
2018-08-23,10.975841522216797
2018-08-24,11.006158828735352
2018-08-27,11.100237846374512
2018-08-28,11.057377815246582
2018-08-29,11.080373764038086
2018-08-30,10.975841522216797
2018-08-31,10.981070518493652
2018-09-03,11.184907913208008
2018-09-04,10.975841522216797
2018-09-05,10.923575401306152
2018-09-06,10.975841522216797
2018-09-10,10.871312141418457
2018-09-11,10.503358840942383
2018-09-12,10.204399108886719
2018-09-13,10.024602890014648
2018-09-14,10.212759017944336
2018-09-17,10.344470977783203
2018-09-18,10.798138618469238
2018-09-19,10.576531410217285
2018-09-20,10.813815116882324
2018-09-21,10.951799392700195
2018-09-24,10.632977485656738
2018-09-25,10.766778945922852
2018-09-26,10.664337158203125
2018-09-27,10.99193286895752
2018-09-28,10.921573638916016
2018-10-01,10.711541175842285
2018-10-02,11.341634750366211
2018-10-03,11.950722694396973
2018-10-04,12.028432846069336
2018-10-05,12.02423095703125
2018-10-08,12.601814270019531
2018-10-09,12.622818946838379
2018-10-10,12.597614288330078
2018-10-11,12.621767044067383
2018-10-15,12.414886474609375
2018-10-16,13.221404075622559
2018-10-17,13.641463279724121
2018-10-18,13.231904983520508
2018-10-19,13.4944429397583
2018-10-22,13.389430046081543
2018-10-23,13.457686424255371
2018-10-24,13.328518867492676
2018-10-25,13.565853118896484
2018-10-26,13.549052238464355
2018-10-29,13.291762351989746
2018-10-30,13.641463279724121
2018-10-31,13.967012405395508
2018-11-01,14.387070655822754
2018-11-05,14.597102165222168
2018-11-06,14.57610034942627
2018-11-07,14.440629959106445
2018-11-08,14.807133674621582
2018-11-09,15.107475280761719
2018-11-12,14.999309539794922
2018-11-13,15.563237190246582
2018-11-14,16.40021324157715
2018-11-16,16.80242347717285
2018-11-19,16.48737335205078
2018-11-21,16.80242347717285
2018-11-22,16.745712280273438
2018-11-23,16.87803077697754
2018-11-26,16.90743637084961
2018-11-27,17.02085304260254
2018-11-28,17.117467880249023
2018-11-29,17.389455795288086
2018-11-30,17.418859481811523
2018-12-03,17.161569595336914
2018-12-04,16.749914169311523
2018-12-05,17.2214298248291
2018-12-06,17.32749366760254
2018-12-07,17.22247886657715
2018-12-10,16.859130859375
2018-12-11,17.32749366760254
2018-12-12,17.41360855102539
2018-12-13,17.425159454345703
2018-12-14,17.40625762939453
2018-12-17,17.32749366760254
2018-12-18,17.592132568359375
2018-12-19,17.22247886657715
2018-12-20,17.282339096069336
2018-12-21,17.427614212036133
2018-12-26,17.159730911254883
2018-12-27,17.066879272460938
2018-12-28,17.35184097290039
2019-01-02,17.64640998840332
2019-01-03,16.969751358032227
2019-01-04,16.684789657592773
2019-01-07,17.13197898864746
2019-01-08,16.922792434692383
2019-01-09,17.272859573364258
2019-01-10,17.523672103881836
2019-01-11,17.404136657714844
2019-01-14,17.14371681213379
2019-01-15,17.21629524230957
2019-01-16,16.86302375793457
2019-01-17,16.7755069732666
2019-01-18,16.929197311401367
2019-01-21,17.07114601135254
2019-01-22,16.725345611572266
2019-01-23,17.012441635131836
2019-01-24,17.167200088500977
2019-01-28,17.503393173217773
2019-01-29,17.42334747314453
2019-01-30,17.254718780517578
2019-01-31,16.759502410888672
2019-02-01,17.025251388549805
2019-02-04,16.668779373168945
2019-02-05,16.436111450195312
2019-02-06,16.115930557250977
2019-02-07,15.963308334350586
2019-02-08,15.795747756958008
2019-02-11,16.009201049804688
2019-02-12,16.06256103515625
2019-02-13,15.901406288146973
2019-02-14,16.306970596313477
2019-02-15,16.115930557250977
2019-02-18,15.838435173034668
2019-02-19,16.094581604003906
2019-02-20,15.742380142211914
2019-02-21,15.795747756958008
2019-02-22,16.005998611450195
2019-02-25,15.902475357055664
2019-02-26,15.916351318359375
2019-02-27,15.745583534240723
2019-02-28,15.597232818603516
2019-03-01,15.729576110839844
2019-03-06,15.506510734558105
2019-03-07,15.571616172790527
2019-03-08,16.42543601989746
2019-03-11,16.1810359954834
2019-03-12,16.238670349121094
2019-03-13,16.06256103515625
2019-03-14,16.009201049804688
2019-03-15,15.772266387939453
2019-03-18,15.82883358001709
2019-03-19,16.019874572753906
2019-03-20,15.742380142211914
2019-03-21,15.627115249633789
2019-03-22,14.941920280456543
2019-03-25,14.72846794128418
2019-03-26,15.155377388000488
2019-03-27,14.620672225952148
2019-03-28,14.830536842346191
2019-03-29,15.375073432922363
2019-04-01,15.609967231750488
2019-04-02,15.35905647277832
2019-04-03,15.281110763549805
2019-04-04,15.161526679992676
2019-04-05,15.161526679992676
2019-04-08,14.915953636169434
2019-04-09,14.360743522644043
2019-04-10,14.576420783996582
2019-04-11,14.826268196105957
2019-04-12,14.627670288085938
2019-04-15,14.619129180908203
2019-04-16,14.307355880737305
2019-04-17,14.040427207946777
2019-04-18,14.093814849853516
2019-04-22,14.307355880737305
2019-04-23,14.520902633666992
2019-04-24,14.513425827026367
2019-04-25,14.465378761291504
2019-04-26,14.512357711791992
2019-04-29,14.627670288085938
2019-04-30,15.384678840637207
2019-05-02,15.985058784484863
2019-05-03,15.741408348083496
2019-05-06,15.898038864135742
2019-05-07,15.663093566894531
2019-05-08,15.880637168884277
2019-05-09,15.610883712768555
2019-05-10,15.489056587219238
2019-05-13,15.315023422241211
2019-05-14,15.306323051452637
2019-05-15,14.531869888305664
2019-05-16,13.444154739379883
2019-05-17,12.808929443359375
2019-05-20,12.704507827758789
2019-05-21,13.444154739379883
2019-05-22,13.113487243652344
2019-05-23,13.139594078063965
2019-05-24,13.139594078063965
2019-05-27,12.791524887084961
2019-05-28,13.252715110778809
2019-05-29,13.635592460632324
2019-05-30,13.635592460632324
2019-05-31,13.574679374694824
2019-06-03,13.487662315368652
2019-06-04,13.313629150390625
2019-06-05,13.383240699768066
2019-06-06,13.313629150390625
2019-06-07,13.383240699768066
2019-06-10,13.357136726379395
2019-06-11,13.383240699768066
2019-06-12,13.426751136779785
2019-06-13,13.452855110168457
2019-06-14,13.322331428527832
2019-06-17,13.435452461242676
2019-06-18,13.531171798706055
2019-06-19,13.696503639221191
2019-06-21,14.061976432800293
2019-06-24,14.201203346252441
2019-06-25,14.018468856811523
2019-06-26,14.044570922851562
2019-06-27,14.201203346252441
2019-06-28,14.107558250427246
2019-07-01,13.863422393798828
2019-07-02,13.950615882873535
2019-07-03,14.081400871276855
2019-07-04,13.994209289550781
2019-07-05,13.985491752624512
2019-07-08,13.819828033447266
2019-07-10,14.604548454284668
2019-07-11,14.595831871032715
2019-07-12,14.778934478759766
2019-07-15,14.831247329711914
2019-07-16,14.796372413635254
2019-07-17,15.694443702697754
2019-07-18,16.112957000732422
2019-07-19,15.990891456604004
2019-07-22,15.833948135375977
2019-07-23,15.694443702697754
2019-07-24,15.868825912475586
2019-07-25,15.868825912475586
2019-07-26,16.08680534362793
2019-07-29,16.479162216186523
2019-07-30,16.76689338684082
2019-07-31,16.99359703063965
2019-08-01,17.1679744720459
2019-08-02,17.089500427246094
2019-08-05,16.91512107849121
2019-08-06,17.263885498046875
2019-08-07,17.874225616455078
2019-08-08,18.74614143371582
2019-08-09,18.833332061767578
2019-08-12,18.876924514770508
2019-08-13,18.78973388671875
2019-08-14,18.222991943359375
2019-08-15,17.95269775390625
2019-08-16,17.8393497467041
2019-08-19,17.95269775390625
2019-08-20,17.813188552856445
2019-08-21,17.856786727905273
2019-08-22,18.039886474609375
2019-08-23,17.35979652404785
2019-08-26,17.263885498046875
2019-08-27,17.324922561645508
2019-08-28,17.324922561645508
2019-08-29,17.656248092651367
2019-08-30,18.397377014160156
2019-09-02,18.310182571411133
2019-09-03,18.092205047607422
2019-09-04,18.092205047607422
2019-09-05,17.9003849029541
2019-09-06,17.78703498840332
2019-09-09,17.55161476135254
2019-09-10,17.089500427246094
2019-09-11,17.263885498046875
2019-09-12,17.385953903198242
2019-09-13,17.115663528442383
2019-09-16,17.0023136138916
2019-09-17,17.351076126098633
2019-09-18,17.429546356201172
2019-09-19,17.307479858398438
2019-09-20,17.072065353393555
2019-09-23,17.473146438598633
2019-09-24,17.35979652404785
2019-09-25,17.072065353393555
2019-09-26,17.281322479248047
2019-09-27,17.57777214050293
2019-09-30,17.77831268310547
2019-10-01,17.717193603515625
2019-10-02,17.071022033691406
2019-10-03,16.285144805908203
2019-10-04,16.72174644470215
2019-10-07,16.686817169189453
2019-10-08,16.41612434387207
2019-10-09,16.765405654907227
2019-10-10,16.98370361328125
2019-10-11,17.14088249206543
2019-10-14,17.47269630432129
2019-10-15,17.525087356567383
2019-10-16,17.900562286376953
2019-10-17,18.25857162475586
2019-10-18,18.101394653320312
2019-10-21,18.17998695373535
2019-10-22,18.14505958557129
2019-10-23,18.083932876586914
2019-10-24,17.856901168823242
2019-10-25,17.63860511779785
2019-10-28,17.612407684326172
2019-10-29,17.63860511779785
2019-10-30,17.42903709411621
2019-10-31,17.411569595336914
2019-11-01,18.03154182434082
2019-11-04,18.337162017822266
2019-11-05,17.90929412841797
2019-11-06,18.354623794555664
2019-11-07,17.90929412841797
2019-11-08,17.27185821533203
2019-11-11,17.20200538635254
2019-11-12,16.835264205932617
2019-11-13,16.608230590820312
2019-11-14,17.1234188079834
2019-11-18,16.843996047973633
2019-11-19,16.896385192871094
2019-11-21,17.13214874267578
2019-11-22,17.420303344726562
2019-11-25,17.420303344726562
2019-11-26,16.98370361328125
2019-11-27,17.167076110839844
2019-11-28,17.21946907043457
2019-11-29,17.708457946777344
2019-12-02,17.516353607177734
2019-12-03,17.50762367248535
2019-12-04,17.341712951660156
2019-12-05,17.29805564880371
2019-12-06,17.874364852905273
2019-12-09,17.883098602294922
2019-12-10,17.856901168823242
2019-12-11,18.30223274230957
2019-12-12,18.503068923950195
2019-12-13,18.61658477783203
2019-12-16,18.834884643554688
2019-12-17,18.852346420288086
2019-12-18,19.271482467651367
2019-12-19,19.446123123168945
2019-12-20,19.6644229888916
2019-12-23,20.039897918701172
2019-12-26,20.790847778320312
2019-12-27,20.729724884033203
2019-12-30,21.131399154663086
2020-01-02,21.805788040161133
2020-01-03,22.464946746826172
2020-01-06,22.4471378326416
2020-01-07,22.162094116210938
2020-01-08,22.55402946472168
2020-01-09,23.141929626464844
2020-01-10,23.79218101501465
2020-01-13,24.406808853149414
2020-01-14,24.780927658081055
2020-01-15,24.807649612426758
2020-01-16,25.03034019470215
2020-01-17,25.172863006591797
2020-01-20,25.698408126831055
2020-01-21,25.86765480041504
2020-01-22,25.805299758911133
2020-01-23,26.010175704956055
2020-01-24,26.09925079345703
2020-01-27,25.876556396484375
2020-01-28,26.446645736694336
2020-01-29,27.114715576171875
2020-01-30,26.990007400512695
2020-01-31,25.849838256835938
2020-02-03,25.751855850219727
2020-02-04,25.832019805908203
2020-02-05,25.8231143951416
2020-02-06,25.31538200378418
2020-02-07,24.540420532226562
2020-02-10,24.175212860107422
2020-02-11,24.9056339263916
2020-02-12,24.852188110351562
2020-02-13,25.074878692626953
2020-02-14,25.306474685668945
2020-02-17,25.921098709106445
2020-02-18,26.09034538269043
2020-02-19,26.161602020263672
2020-02-20,26.7227783203125
2020-02-21,27.123626708984375
2020-02-26,25.965635299682617
2020-02-27,24.807649612426758
2020-02-28,24.495882034301758
2020-03-02,24.5671443939209
2020-03-03,24.682939529418945
2020-03-04,25.404460906982422
2020-03-05,22.491674423217773
2020-03-06,21.271331787109375
2020-03-09,19.596704483032227
2020-03-10,20.469648361206055
2020-03-11,18.394180297851562
2020-03-12,15.436861991882324
2020-03-13,17.539052963256836
2020-03-16,13.592989921569824
2020-03-17,14.154167175292969
2020-03-18,10.261549949645996
2020-03-19,11.588781356811523
2020-03-20,11.80256175994873
2020-03-23,9.43314266204834
2020-03-24,9.709277153015137
2020-03-25,10.582222938537598
2020-03-26,11.045417785644531
2020-03-27,10.742558479309082
2020-03-30,10.62675952911377
2020-03-31,9.718186378479004
2020-04-01,8.818517684936523
2020-04-02,9.165913581848145
2020-04-03,9.219361305236816
2020-04-06,9.753814697265625
2020-04-07,10.190286636352539
2020-04-08,11.063231468200684
2020-04-09,10.72474193572998
2020-04-13,10.564407348632812
2020-04-14,10.876172065734863
2020-04-15,10.947433471679688
2020-04-16,11.089954376220703
2020-04-17,10.573314666748047
2020-04-20,11.196846008300781
2020-04-22,12.025251388549805
2020-04-23,11.820377349853516
2020-04-24,10.252639770507812
2020-04-27,10.510960578918457
2020-04-28,11.606593132019043
2020-04-29,11.588781356811523
2020-04-30,11.357181549072266
2020-05-04,10.920709609985352
2020-05-05,10.35953140258789
2020-05-06,10.412976264953613
2020-05-07,9.673646926879883
2020-05-08,9.638016700744629
2020-05-11,9.317343711853027
2020-05-12,9.13028335571289
2020-05-13,8.684905052185059
2020-05-14,9.246082305908203
2020-05-15,9.246082305908203
2020-05-18,10.635665893554688
2020-05-19,10.600035667419434
2020-05-20,10.430793762207031
2020-05-21,11.134491920471191
2020-05-22,10.466423034667969
2020-05-25,11.660040855407715
2020-05-26,11.374998092651367
2020-05-27,12.577522277832031
2020-05-28,11.936175346374512
2020-05-29,11.856006622314453
2020-06-01,11.998528480529785
2020-06-02,13.058530807495117
2020-06-03,13.895846366882324
2020-06-04,14.332320213317871
2020-06-05,14.519376754760742
2020-06-08,15.63282585144043
2020-06-09,15.107278823852539
2020-06-10,14.430303573608398
2020-06-12,14.394671440124512
2020-06-15,14.16307258605957
2020-06-16,14.50156307220459
2020-06-17,14.688621520996094
2020-06-18,17.5123291015625
2020-06-19,18.19821548461914
2020-06-22,16.968965530395508
2020-06-23,16.069299697875977
2020-06-24,16.060392379760742
2020-06-25,15.989133834838867
2020-06-26,15.499212265014648
2020-06-29,15.846611976623535
2020-06-30,15.730810165405273
2020-07-01,15.775345802307129
2020-07-02,15.802072525024414
2020-07-03,15.570473670959473
2020-07-06,15.971317291259766
2020-07-07,15.2052640914917
2020-07-08,15.650642395019531
2020-07-09,15.454675674438477
2020-07-10,15.953500747680664
2020-07-13,15.561567306518555
2020-07-14,15.525935173034668
2020-07-15,16.194002151489258
2020-07-16,15.98022747039795
2020-07-17,16.790813446044922
2020-07-20,16.790813446044922
2020-07-21,16.951152801513672
2020-07-22,16.541399002075195
2020-07-23,16.16728401184082
2020-07-24,16.229633331298828
2020-07-27,16.015853881835938
2020-07-28,16.131650924682617
2020-07-29,16.479049682617188
2020-07-30,16.57703399658203
2020-07-31,15.900054931640625
2020-08-03,15.855515480041504
2020-08-04,15.748627662658691
2020-08-05,15.73971939086914
2020-08-06,16.2919921875
2020-08-07,16.131650924682617
2020-08-10,15.88223934173584
2020-08-11,16.3008975982666
2020-08-12,15.766441345214844
2020-08-13,15.410138130187988
2020-08-14,15.855515480041504
2020-08-17,14.644083976745605
2020-08-18,15.543749809265137
2020-08-19,14.902402877807617
2020-08-20,15.249802589416504
2020-08-21,15.917868614196777
2020-08-24,15.828795433044434
2020-08-25,16.03367042541504
2020-08-26,15.784255981445312
2020-08-27,15.900054931640625
2020-08-28,16.229633331298828
2020-08-31,15.588289260864258
2020-09-01,16.051485061645508
2020-09-02,16.790813446044922
2020-09-03,16.256359100341797
2020-09-04,15.98022747039795
2020-09-08,16.140562057495117
2020-09-09,15.917868614196777
2020-09-10,15.67736530303955
2020-09-11,15.089462280273438
2020-09-14,15.51702880859375
2020-09-15,15.2141695022583
2020-09-16,15.3656005859375
2020-09-17,15.027111053466797
2020-09-18,14.394671440124512
2020-09-21,13.815678596496582
2020-09-22,13.851308822631836
2020-09-23,13.575172424316406
2020-09-24,13.423742294311523
2020-09-25,13.129792213439941
2020-09-28,12.996180534362793
2020-09-29,11.980712890625
2020-09-30,12.417184829711914
2020-10-01,12.853658676147461
2020-10-02,12.675505638122559
2020-10-05,12.568614959716797
2020-10-06,12.470630645751953
2020-10-07,12.4350004196167
2020-10-08,12.497352600097656
2020-10-09,12.604246139526367
2020-10-13,12.996180534362793
2020-10-14,12.711137771606445
2020-10-15,13.138701438903809
2020-10-16,12.93382740020752
2020-10-19,13.111977577209473
2020-10-20,13.138701438903809
2020-10-21,12.996180534362793
2020-10-22,13.111977577209473
2020-10-23,13.379205703735352
2020-10-26,13.352483749389648
2020-10-27,13.869122505187988
2020-10-28,12.951642036437988
2020-10-29,13.085254669189453
2020-10-30,12.132142066955566
2020-11-03,12.239033699035645
2020-11-04,12.969456672668457
2020-11-05,13.530634880065918
2020-11-06,13.183238983154297
2020-11-09,13.984922409057617
2020-11-10,13.94929313659668
2020-11-11,13.619711875915527
2020-11-12,12.93382740020752
2020-11-13,13.904752731323242
2020-11-16,14.07399845123291
2020-11-17,14.118535041809082
2020-11-18,14.243242263793945
2020-11-19,13.940384864807129
2020-11-23,13.815678596496582
2020-11-24,13.940384864807129
2020-11-25,14.216521263122559
2020-11-26,14.385763168334961
2020-11-27,14.679716110229492
2020-11-30,14.62626838684082
2020-12-01,14.412365913391113
2020-12-02,14.832498550415039
2020-12-03,14.613299369812012
2020-12-04,14.896430969238281
2020-12-07,14.887298583984375
2020-12-08,15.115632057189941
2020-12-09,14.558500289916992
2020-12-10,14.695500373840332
2020-12-11,14.814231872558594
2020-12-14,14.540231704711914
2020-12-15,14.832498550415039
2020-12-16,14.823366165161133
2020-12-17,14.567632675170898
2020-12-18,14.147499084472656
2020-12-21,13.745635032653809
2020-12-22,13.425970077514648
2020-12-23,13.389435768127441
2020-12-28,13.462503433227539
2020-12-29,13.836967468261719
2020-12-30,13.617768287658691
2021-01-04,12.969303131103516
2021-01-05,13.298102378845215
2021-01-06,12.713569641113281
2021-01-07,12.622237205505371
2021-01-08,13.243302345275879
2021-01-11,12.72270393371582
2021-01-12,13.462503433227539
2021-01-13,13.17023754119873
2021-01-14,13.307235717773438
2021-01-15,13.225034713745117
2021-01-18,13.407702445983887
2021-01-19,13.27983570098877
2021-01-20,13.005836486816406
2021-01-21,13.042369842529297
2021-01-22,12.832304000854492
2021-01-26,13.078903198242188
2021-01-27,13.270702362060547
2021-01-28,14.156634330749512
2021-01-29,13.654302597045898
2021-02-01,13.791302680969238
2021-02-02,13.763900756835938
2021-02-03,13.846100807189941
2021-02-04,13.836967468261719
2021-02-05,13.617768287658691
2021-02-08,13.499035835266113
2021-02-09,13.425970077514648
2021-02-10,13.097168922424316
2021-02-11,13.307235717773438
2021-02-12,13.325502395629883
2021-02-17,13.106304168701172
2021-02-18,12.841437339782715
2021-02-19,12.73183536529541
2021-02-22,12.147305488586426
2021-02-23,12.110770225524902
2021-02-24,11.836773872375488
2021-02-25,11.699773788452148
2021-02-26,11.233975410461426
2021-03-01,10.87777328491211
2021-03-02,11.014775276184082
2021-03-03,10.768176078796387
2021-03-04,11.380106925964355
2021-03-05,12.339105606079102
2021-03-08,11.471439361572266
2021-03-09,10.969106674194336
2021-03-10,11.644972801208496
2021-03-11,12.996703147888184
2021-03-12,13.17023754119873
2021-03-15,13.060635566711426
2021-03-16,12.850569725036621
2021-03-17,13.745635032653809
2021-03-18,13.024103164672852
2021-03-19,13.35290241241455
2021-03-22,13.042369842529297
2021-03-23,13.133702278137207
2021-03-24,12.59483814239502
2021-03-25,13.17936897277832
2021-03-26,12.8688383102417
2021-03-29,12.613105773925781
2021-03-30,12.786638259887695
2021-03-31,12.521770477294922
2021-04-01,12.375638008117676
2021-04-05,12.951038360595703
2021-04-06,13.480770111083984
2021-04-07,13.489901542663574
2021-04-08,13.572100639343262
2021-04-09,13.562970161437988
2021-04-12,13.517303466796875
2021-04-13,13.59036922454834
2021-04-14,14.202300071716309
2021-04-15,14.531100273132324
2021-04-16,15.709296226501465
2021-04-19,15.654497146606445
2021-04-20,14.987765312194824
2021-04-22,15.471830368041992
2021-04-23,15.54489803314209
2021-04-26,16.065494537353516
2021-04-27,15.745829582214355
2021-04-28,15.800630569458008
2021-04-29,15.700162887573242
2021-04-30,15.325697898864746
2021-05-03,15.791498184204102
2021-05-04,15.700162887573242
2021-05-05,15.718430519104004
2021-05-06,15.85543155670166
2021-05-07,16.3486270904541
2021-05-10,16.997093200683594
2021-05-11,16.78702735900879
2021-05-12,16.53129768371582
2021-05-13,17.024492263793945
2021-05-14,17.94696044921875
2021-05-17,18.08395767211914
2021-05-18,17.4628963470459
2021-05-19,17.170623779296875
2021-05-20,17.6181583404541
2021-05-21,17.079296112060547
2021-05-24,16.96969223022461
2021-05-25,17.097557067871094
2021-05-26,17.079296112060547
2021-05-27,17.90129280090332
2021-05-28,18.08395767211914
2021-05-31,18.074825286865234
2021-06-01,18.403621673583984
2021-06-02,19.116024017333984
2021-06-04,20.093286514282227
2021-06-07,20.020219802856445
2021-06-08,20.915287017822266
2021-06-09,20.860485076904297
2021-06-10,20.586484909057617
2021-06-11,19.801021575927734
2021-06-14,20.367286682128906
2021-06-15,19.983686447143555
2021-06-16,19.791887283325195
2021-06-17,19.408288955688477
2021-06-18,19.600086212158203
2021-06-21,19.837554931640625
2021-06-22,19.481355667114258
2021-06-23,19.554418563842773
2021-06-24,19.298688888549805
2021-06-25,18.915088653564453
2021-06-28,19.21649169921875
2021-06-29,18.89682388305664
2021-06-30,19.05240821838379
2021-07-01,18.64080810546875
2021-07-02,18.750568389892578
2021-07-05,18.67739486694336
2021-07-06,18.192623138427734
2021-07-07,18.4578800201416
2021-07-08,18.604223251342773
2021-07-12,19.53717803955078
2021-07-13,20.122560501098633
2021-07-14,20.021949768066406
2021-07-15,19.0981388092041
2021-07-16,18.686542510986328
2021-07-19,18.35726547241211
2021-07-20,18.201772689819336
2021-07-21,18.11945152282715
2021-07-22,18.366411209106445
2021-07-23,18.247507095336914
2021-07-26,17.744441986083984
2021-07-27,17.09503173828125
2021-07-28,17.32369613647461
2021-07-29,16.95783042907715
2021-07-30,16.116344451904297
2021-08-02,16.491355895996094
2021-08-03,16.829776763916016
2021-08-04,16.171222686767578
2021-08-05,15.924264907836914
2021-08-06,16.399887084960938
2021-08-09,16.290128707885742
2021-08-10,15.915114402770996
2021-08-11,16.16207504272461
2021-08-12,15.979140281677246
2021-08-13,15.969996452331543
2021-08-16,15.146800994873047
2021-08-17,14.506538391113281
2021-08-18,14.085792541503906
2021-08-19,14.287017822265625
2021-08-20,14.277873039245605
2021-08-23,14.021767616271973
2021-08-24,14.671178817749023
2021-08-25,14.625443458557129
2021-08-26,14.030914306640625
2021-08-27,14.36019229888916
2021-08-30,14.351044654846191
2021-08-31,14.094940185546875
2021-09-01,13.847980499267578
2021-09-02,13.308331489562988
2021-09-03,13.033931732177734
2021-09-06,13.13454532623291
2021-09-08,12.860146522521973
2021-09-09,13.0979585647583
2021-09-10,13.26259708404541
2021-09-13,13.50955581665039
2021-09-14,13.399797439575195
2021-09-15,13.216863632202148
2021-09-16,13.152837753295898
2021-09-17,13.116250991821289
2021-09-20,12.631482124328613
2021-09-21,13.01563835144043
2021-09-22,13.13454532623291
2021-09-23,13.44552993774414
2021-09-24,13.610169410705566
2021-09-27,13.052226066589355
2021-09-28,12.51257610321045
2021-09-29,12.658921241760254
2021-09-30,12.402437210083008
2021-10-01,12.943269729614258
2021-10-04,12.411604881286621
2021-10-05,12.549103736877441
2021-10-06,12.10910701751709
2021-10-07,12.035774230957031
2021-10-08,12.567438125610352
2021-10-11,12.37493896484375
2021-10-13,12.631604194641113
2021-10-14,12.558271408081055
2021-10-15,12.869935989379883
2021-10-18,13.0166015625
2021-10-19,12.21910572052002
2021-10-20,12.081605911254883
2021-10-21,11.265778541564941
2021-10-22,10.871612548828125
2021-10-25,11.284110069274902
2021-10-26,10.68828010559082
2021-10-27,10.862446784973145
2021-10-28,10.486614227294922
2021-10-29,10.037449836730957
2021-11-01,10.422447204589844
2021-11-03,11.155777931213379
2021-11-04,10.834946632385254
2021-11-05,11.34827709197998
2021-11-08,10.871612548828125
2021-11-09,11.100777626037598
2021-11-10,11.412443161010742
2021-11-11,11.641608238220215
2021-11-12,11.164944648742676
2021-11-16,10.504947662353516
2021-11-17,10.248283386230469
2021-11-18,10.55078125
2021-11-19,10.844112396240234
2021-11-22,10.724946022033691
2021-11-23,10.431615829467773
2021-11-24,10.660780906677246
2021-11-25,10.514115333557129
2021-11-26,10.000783920288086
2021-11-29,9.844951629638672
2021-11-30,9.349953651428223
2021-12-01,9.001622200012207
2021-12-02,9.001622200012207
2021-12-03,9.21245288848877
2021-12-06,9.899951934814453
2021-12-07,9.872452735900879
2021-12-08,10.02828311920166
2021-12-09,9.716618537902832
2021-12-10,10.02828311920166
2021-12-13,9.725784301757812
2021-12-14,9.349953651428223
2021-12-15,9.698285102844238
2021-12-16,9.716618537902832
2021-12-17,9.505785942077637
2021-12-20,9.487452507019043
2021-12-21,9.66161823272705
2021-12-22,9.42289924621582
2021-12-23,9.42289924621582
2021-12-27,9.632720947265625
2021-12-28,9.737632751464844
2021-12-29,9.470586776733398
2021-12-30,9.394288063049316
2022-01-03,9.022331237792969
2022-01-04,8.726673126220703
2022-01-05,8.230730056762695
2022-01-06,8.097207069396973
2022-01-07,8.18304443359375
2022-01-10,8.18304443359375
2022-01-11,8.431015014648438
2022-01-12,9.108168601989746
2022-01-13,8.745747566223145
2022-01-14,8.593151092529297
2022-01-17,8.421477317810059
2022-01-18,8.34517765045166
2022-01-19,8.783897399902344
2022-01-20,9.098628044128418
2022-01-21,9.709019660949707
2022-01-24,10.033288955688477
2022-01-25,10.70090389251709
2022-01-26,10.901188850402832
2022-01-27,11.196845054626465
2022-01-28,11.492504119873047
2022-01-31,12.150580406188965
2022-02-01,12.207803726196289
2022-02-02,12.198266983032227
2022-02-03,12.379475593566895
2022-02-04,12.236417770385742
2022-02-07,12.00752067565918
2022-02-08,12.06474494934082
2022-02-09,12.141043663024902
2022-02-10,11.88353443145752
2022-02-11,11.482966423034668
2022-02-14,11.13962173461914
2022-02-15,12.179193496704102
2022-02-16,12.656061172485352
2022-02-17,12.169655799865723
2022-02-18,12.274565696716309
2022-02-21,11.597414016723633
2022-02-22,11.826310157775879
2022-02-23,11.702325820922852
2022-02-24,11.444816589355469
2022-02-25,11.65463924407959
2022-03-02,11.072860717773438
2022-03-03,10.500619888305664
2022-03-04,10.557844161987305
2022-03-07,9.718557357788086
2022-03-08,9.966527938842773
2022-03-09,10.529231071472168
2022-03-10,9.670869827270508
2022-03-11,9.022331237792969
2022-03-14,8.68852424621582
2022-03-15,8.745747566223145
2022-03-16,8.850658416748047
2022-03-17,8.755285263061523
2022-03-18,9.07955551147461
2022-03-21,9.2130765914917
2022-03-22,9.709019660949707
2022-03-23,10.090513229370117
2022-03-24,10.82489013671875
2022-03-25,11.215921401977539
2022-03-28,11.015636444091797
2022-03-29,11.664175033569336
2022-03-30,11.338400840759277
2022-03-31,11.050867080688477
2022-04-01,11.482166290283203
2022-04-04,11.482166290283203
2022-04-05,10.801671981811523
2022-04-06,10.264942169189453
2022-04-07,10.284111022949219
2022-04-08,10.102007865905762
2022-04-11,9.929488182067871
2022-04-12,9.967824935913086
2022-04-13,9.996578216552734
2022-04-14,9.795304298400879
2022-04-18,9.670707702636719
2022-04-19,9.871980667114258
2022-04-20,9.65153694152832
2022-04-22,9.220237731933594
2022-04-25,9.296913146972656
2022-04-26,9.03813362121582
2022-04-27,9.028550148010254
2022-04-28,8.971041679382324
2022-04-29,8.836860656738281
2022-05-02,8.721846580505371
2022-05-03,8.664339065551758
2022-05-04,8.808106422424316
2022-05-05,8.539742469787598
2022-05-06,8.252208709716797
2022-05-09,7.8400774002075195
2022-05-10,7.9455060958862305
2022-05-11,7.629220008850098
2022-05-12,8.02218246459961
2022-05-13,8.309715270996094
2022-05-16,8.357637405395508
2022-05-17,8.4822359085083
2022-05-18,8.12761116027832
2022-05-19,7.95509147644043
2022-05-20,7.974259853363037
2022-05-23,8.338467597961426
2022-05-24,8.07968807220459
2022-05-25,8.050935745239258
2022-05-26,8.558911323547363
2022-05-27,8.808106422424316
2022-05-30,8.8176908493042
2022-05-31,8.32888412475586
2022-06-01,8.424728393554688
2022-06-02,8.702677726745605
2022-06-03,8.597249031066895
2022-06-06,8.242624282836914
2022-06-07,7.983843803405762
2022-06-08,7.77298641204834
2022-06-09,7.6388044357299805
2022-06-10,7.303348541259766
2022-06-13,6.9199700355529785
2022-06-14,6.795373439788818
2022-06-15,6.948723793029785
2022-06-17,7.2458415031433105
2022-06-20,7.130828380584717
2022-06-21,7.0541534423828125
2022-06-22,6.967893123626709
2022-06-23,7.226672649383545
2022-06-24,7.0349836349487305
2022-06-27,7.082906246185303
2022-06-28,6.795373439788818
2022-06-29,6.524996280670166
2022-06-30,6.553996562957764
2022-07-01,6.515329360961914
2022-07-04,6.321995735168457
2022-07-05,6.408996105194092
2022-07-06,6.824662685394287
2022-07-07,7.201662540435791
2022-07-08,7.2983293533325195
2022-07-11,7.2983293533325195
2022-07-12,7.143662452697754
2022-07-13,7.191995620727539
2022-07-14,7.095329284667969
2022-07-15,7.2209954261779785
2022-07-18,7.385329246520996
2022-07-19,7.191995620727539
2022-07-20,7.520662784576416
2022-07-21,7.443328380584717
2022-07-22,7.211329460144043
2022-07-25,7.269329071044922
2022-07-26,6.8053297996521
2022-07-27,7.230662822723389
2022-07-28,7.7429962158203125
2022-07-29,7.211329460144043
2022-08-01,7.66566276550293
2022-08-02,7.655995845794678
2022-08-03,7.88799524307251
2022-08-04,8.535662651062012
2022-08-05,8.477662086486816
2022-08-08,8.58399486541748
2022-08-09,8.390663146972656
2022-08-10,8.342329025268555
2022-08-11,7.936328411102295
2022-08-12,8.409994125366211
2022-08-15,9.63766098022461
2022-08-16,9.00932788848877
2022-08-17,8.651660919189453
2022-08-18,8.612995147705078
2022-08-19,7.9749956130981445
2022-08-22,8.061994552612305
2022-08-23,8.332661628723145
2022-08-24,8.293994903564453
2022-08-25,8.806328773498535
2022-08-26,8.57432746887207
2022-08-29,8.68066120147705
2022-08-30,8.85466194152832
2022-08-31,8.893328666687012
2022-09-01,9.144660949707031
2022-09-02,9.453993797302246
2022-09-05,9.811659812927246
2022-09-06,9.763327598571777
2022-09-08,10.00499439239502
2022-09-09,10.227327346801758
2022-09-12,10.352993965148926
2022-09-13,9.66666030883789
2022-09-14,9.63766098022461
2022-09-15,9.096327781677246
2022-09-16,8.9126615524292
2022-09-19,9.02866268157959
2022-09-20,8.931994438171387
2022-09-21,9.221994400024414
2022-09-22,9.434660911560059
2022-09-23,9.231661796569824
2022-09-26,8.825661659240723
2022-09-27,8.632328033447266
2022-09-28,8.55491828918457
2022-09-29,8.157690048217773
2022-09-30,8.467720985412598
2022-10-03,9.174980163574219
2022-10-04,9.262176513671875
2022-10-05,9.543142318725586
2022-10-06,9.901615142822266
2022-10-07,9.998498916625977
2022-10-10,10.05663013458252
2022-10-11,9.455945014953613
2022-10-13,9.204045295715332
2022-10-14,8.894014358520508
2022-10-17,9.359060287475586
2022-10-18,9.640026092529297
2022-10-19,9.69815731048584
2022-10-20,8.923079490661621
2022-10-21,9.049030303955078
2022-10-24,8.91339111328125
2022-10-25,8.932767868041992
2022-10-26,8.390213966369629
2022-10-27,8.564606666564941
2022-10-28,8.738999366760254
2022-10-31,9.436567306518555
2022-11-01,9.494699478149414
2022-11-03,9.417192459106445
2022-11-04,9.184667587280273
2022-11-07,8.593670845031738
2022-11-08,8.487098693847656
2022-11-09,8.225509643554688
2022-11-10,7.624824523925781
2022-11-11,7.595759391784668
2022-11-14,7.372924327850342
2022-11-16,7.237285614013672
2022-11-17,7.043516635894775
2022-11-18,7.072582244873047
2022-11-21,7.266351222991943
2022-11-22,7.237285614013672
2022-11-23,7.130712985992432
2022-11-24,7.47949743270874
2022-11-25,7.188843250274658
2022-11-28,6.975697040557861
2022-11-29,7.198531627655029
2022-11-30,7.130712985992432
2022-12-01,7.091959476470947
2022-12-02,7.46012020111084
2022-12-05,7.305105209350586
2022-12-06,7.363235950469971
2022-12-07,7.576382637023926
2022-12-08,7.237285614013672
2022-12-09,7.256662845611572
2022-12-12,6.849747180938721
2022-12-13,6.510650634765625
2022-12-14,6.597846984863281
2022-12-15,6.365324020385742
2022-12-16,6.094046592712402
2022-12-19,6.142489433288574
2022-12-20,6.6850433349609375
2022-12-21,6.626912593841553
2022-12-22,6.481585502624512
2022-12-23,7.062893390655518
2022-12-26,6.781928062438965
2022-12-27,6.103735446929932
2022-12-28,6.326570510864258
2022-12-29,6.3168816566467285
2023-01-02,5.80339241027832
2023-01-03,5.386788368225098
2023-01-04,5.348034381866455
2023-01-05,5.444919109344482
2023-01-06,5.716196537017822
2023-01-09,5.764638423919678
2023-01-10,5.8809003829956055
2023-01-11,5.483672618865967
2023-01-12,5.318968772888184
2023-01-13,5.2220845222473145
2023-01-16,4.960495948791504
2023-01-17,4.999249458312988
2023-01-18,4.9411187171936035
2023-01-19,4.9411187171936035
2023-01-20,5.057380199432373
2023-01-23,5.038003444671631
2023-01-24,5.115511417388916
2023-01-25,5.2317728996276855
2023-01-26,5.241461277008057
2023-01-27,5.02831506729126
2023-01-30,4.844233989715576
2023-01-31,4.9411187171936035
2023-02-01,4.727972507476807
2023-02-02,4.834545612335205
2023-02-03,4.679530143737793
2023-02-06,4.534203052520752
2023-02-07,4.408253192901611
2023-02-08,4.398564338684082
2023-02-09,4.069156646728516
2023-02-10,4.1951069831848145
2023-02-13,4.1951069831848145
2023-02-14,4.0594682693481445
2023-02-15,4.00133752822876
2023-02-16,4.098222255706787
2023-02-17,4.040091037750244
2023-02-22,3.8463218212127686
2023-02-23,3.6913063526153564
2023-02-24,3.6041102409362793
2023-02-27,4.311367988586426
2023-02-28,4.282303333282471
2023-03-01,4.040091037750244
2023-03-02,4.107910633087158
2023-03-03,4.030403137207031
2023-03-06,4.224172115325928
2023-03-07,4.350121974945068
2023-03-08,4.592333793640137
2023-03-09,4.863611221313477
2023-03-10,4.747349739074707
2023-03-13,5.02831506729126
2023-03-14,4.844233989715576
2023-03-15,4.89267635345459
2023-03-16,4.902364730834961
2023-03-17,4.592333793640137
2023-03-20,4.224172115325928
2023-03-21,4.204795837402344
2023-03-22,4.398564338684082
2023-03-23,3.9625837802886963
2023-03-24,4.049779415130615
2023-03-27,4.107910633087158
2023-03-28,4.330745220184326
2023-03-29,4.00133752822876
2023-03-30,4.359810829162598
2023-03-31,4.166041851043701
2023-04-03,4.00133752822876
2023-04-04,4.00133752822876
2023-04-05,3.7785027027130127
2023-04-06,3.7494373321533203
2023-04-10,3.8850762844085693
2023-04-11,4.243549346923828
2023-04-12,4.398564338684082
2023-04-13,4.369499683380127
2023-04-14,4.291991710662842
2023-04-17,4.427630424499512
2023-04-18,4.3404340744018555
2023-04-19,4.069156646728516
2023-04-20,4.166041851043701
2023-04-24,4.253237724304199
2023-04-25,4.040091037750244
2023-04-26,3.952894926071167
2023-04-27,4.098222255706787
2023-04-28,4.098222255706787
2023-05-02,3.807568073272705
2023-05-03,3.7688143253326416
2023-05-04,3.9044530391693115
2023-05-05,4.088533401489258
2023-05-08,4.1951069831848145
2023-05-09,4.330745220184326
2023-05-10,4.495449066162109
2023-05-11,4.398564338684082
2023-05-12,4.350121974945068
2023-05-15,4.359810829162598
2023-05-16,4.069156646728516
2023-05-17,4.476072311401367
2023-05-18,4.447007179260254
2023-05-19,4.495449066162109
2023-05-22,4.524515151977539
2023-05-23,4.359810829162598
2023-05-24,4.1951069831848145
2023-05-25,4.456695556640625
2023-05-26,4.611711502075195
2023-05-29,4.689218997955322
2023-05-30,4.689218997955322
2023-05-31,4.505137920379639
2023-06-01,5.076756954193115
2023-06-02,5.241461277008057
2023-06-05,5.396477222442627
2023-06-06,5.725884914398193
2023-06-07,5.793704032897949
2023-06-09,5.929342269897461
2023-06-12,6.035915851593018
2023-06-13,5.793704032897949
2023-06-14,6.1134233474731445
2023-06-15,6.103735446929932
2023-06-16,6.278127670288086
2023-06-19,6.43314266204834
2023-06-20,6.617223739624023
2023-06-21,6.665666580200195
2023-06-22,6.510650634765625
2023-06-23,7.062893390655518
2023-06-26,7.208220481872559
2023-06-27,6.96600866317749
2023-06-28,7.091959476470947
2023-06-29,7.547317028045654
2023-06-30,7.47949743270874
2023-07-03,7.47949743270874
2023-07-04,7.586071014404297
2023-07-05,8.012364387512207
2023-07-06,7.779839515686035
2023-07-07,8.031740188598633
2023-07-10,7.837971210479736
2023-07-11,7.605447769165039
2023-07-12,7.557005405426025
2023-07-13,7.130712985992432
2023-07-14,6.743174076080322
2023-07-17,7.004763126373291
2023-07-18,7.043516635894775
2023-07-19,6.96600866317749
2023-07-20,6.84005880355835
2023-07-21,7.004763126373291
2023-07-24,7.140401363372803
2023-07-25,7.159778118133545
2023-07-26,7.169466972351074
2023-07-27,7.072582244873047
2023-07-28,6.927254676818848
2023-07-31,7.082270622253418
2023-08-01,7.130712985992432
2023-08-02,6.70442008972168
2023-08-03,6.510650634765625
2023-08-04,6.549405097961426
2023-08-07,6.510650634765625
2023-08-08,6.3362579345703125
2023-08-09,6.016538619995117
2023-08-10,6.781928062438965
2023-08-11,6.626912593841553
2023-08-14,6.597846984863281
2023-08-15,6.936943054199219
2023-08-16,6.70442008972168
2023-08-17,6.597846984863281
2023-08-18,6.675354480743408
2023-08-21,6.3362579345703125
2023-08-22,6.568781852722168
2023-08-23,6.907878398895264
2023-08-24,6.907878398895264
2023-08-25,6.491273880004883
2023-08-28,6.423454284667969
2023-08-29,6.442831516265869
2023-08-30,6.568781852722168
2023-08-31,6.055293083190918
2023-09-01,6.530027389526367
2023-09-04,6.636600971221924
2023-09-05,6.45251989364624
2023-09-06,5.958408355712891
2023-09-08,5.80339241027832
2023-09-11,5.822769641876221
2023-09-12,6.103735446929932
2023-09-13,6.200619697570801
2023-09-14,6.2587504386901855
2023-09-15,5.871212005615234
2023-09-18,5.687130928039551
2023-09-19,5.590246200561523
2023-09-20,6.016538619995117
2023-09-21,5.40616512298584
2023-09-22,5.299592018127441
2023-09-25,5.299592018127441
2023-09-26,4.844233989715576
2023-09-27,4.950807571411133
2023-09-28,5.144576549530029
2023-09-29,5.115511417388916
2023-10-02,4.950807571411133
2023-10-03,4.834545612335205
2023-10-04,5.018626689910889
2023-10-05,4.89267635345459
2023-10-06,4.902364730834961
2023-10-09,4.873300075531006
2023-10-10,5.328657627105713
2023-10-11,5.5127387046813965
2023-10-13,5.125199794769287
2023-10-16,4.999249458312988
2023-10-17,4.873300075531006
2023-10-18,4.398564338684082
2023-10-19,4.447007179260254
2023-10-20,4.26292610168457
2023-10-23,4.495449066162109
2023-10-24,4.456695556640625
2023-10-25,4.3404340744018555
2023-10-26,4.611711502075195
2023-10-27,4.350121974945068
2023-10-30,4.272614479064941
2023-10-31,4.582645416259766
2023-11-01,4.882988452911377
2023-11-03,5.377100467681885
2023-11-06,4.921741962432861
2023-11-07,5.183330535888672
2023-11-08,5.251149654388428
2023-11-09,5.008938312530518
2023-11-10,5.038003444671631
2023-11-13,5.309280872344971
2023-11-14,5.81308126449585
2023-11-16,6.035915851593018
2023-11-17,5.968096733093262
2023-11-20,5.987473487854004
2023-11-21,5.716196537017822
2023-11-22,5.842146396636963
2023-11-23,5.832458019256592
2023-11-24,5.754950046539307
2023-11-27,5.81308126449585
2023-11-28,5.977785110473633
2023-11-29,6.249061584472656
2023-11-30,5.919654369354248
2023-12-01,6.103735446929932
2023-12-04,6.1134233474731445
2023-12-05,6.278127670288086
2023-12-06,6.19093132019043
2023-12-07,6.413766384124756
2023-12-08,6.287815570831299
2023-12-11,6.181242942810059
2023-12-12,6.355635166168213
2023-12-13,6.714108467102051
2023-12-14,6.520339012145996
2023-12-15,6.3168816566467285
2023-12-18,6.219996929168701
2023-12-19,6.239374160766602
2023-12-20,6.2587504386901855
2023-12-21,6.365324020385742
2023-12-22,6.43314266204834
2023-12-26,6.646289825439453
2023-12-27,6.665666580200195
2023-12-28,6.3362579345703125
2024-01-02,5.7452616691589355
2024-01-03,5.851834774017334
2024-01-04,5.464296340942383
2024-01-05,5.54180383682251
2024-01-08,5.764638423919678
2024-01-09,5.871212005615234
2024-01-10,5.871212005615234
2024-01-11,5.706507682800293
2024-01-12,5.754950046539307
2024-01-15,5.69681978225708
2024-01-16,5.493361473083496
2024-01-17,5.522426605224609
2024-01-18,5.318968772888184
2024-01-19,5.377100467681885
2024-01-22,5.183330535888672
2024-01-23,5.251149654388428
2024-01-24,5.125199794769287
2024-01-25,5.173642158508301
2024-01-26,5.1639533042907715
2024-01-29,5.008938312530518
2024-01-30,4.921741962432861
2024-01-31,5.105823040008545
2024-02-01,5.018626689910889
2024-02-02,4.960495948791504
2024-02-05,4.844233989715576
2024-02-06,5.008938312530518
2024-02-07,4.960495948791504
2024-02-08,4.75703763961792
2024-02-09,4.747349739074707
2024-02-14,4.708596229553223
2024-02-15,4.689218997955322
2024-02-16,4.863611221313477
2024-02-19,4.882988452911377
2024-02-20,5.115511417388916
2024-02-21,5.260838031768799
2024-02-22,5.386788368225098
2024-02-23,5.609623432159424
2024-02-26,5.5127387046813965
2024-02-27,5.716196537017822
2024-02-28,5.648377418518066
2024-02-29,5.81308126449585
2024-03-01,6.210308074951172
2024-03-04,6.1134233474731445
2024-03-05,5.93903112411499
2024-03-06,6.045604228973389
2024-03-07,6.743174076080322
2024-03-08,7.576382637023926
2024-03-11,7.828282356262207
2024-03-12,7.46012020111084
2024-03-13,7.21790885925293
2024-03-14,6.96600866317749
2024-03-15,6.898189544677734
2024-03-18,7.276040077209473
2024-03-19,7.760463714599609
2024-03-20,7.75077486038208
2024-03-21,7.741086006164551
2024-03-22,7.498874664306641
2024-03-25,7.401989936828613
2024-03-26,7.3535475730896
2024-03-27,7.653890132904053
2024-03-28,8.04142951965332
2024-04-01,8.148001670837402
2024-04-02,8.332083702087402
2024-04-03,7.682955741882324
2024-04-04,7.925167560577393
2024-04-05,7.73139762878418
2024-04-08,7.944544315338135
2024-04-09,8.09955883026123
2024-04-10,7.9154791831970215
2024-04-11,7.828282356262207
2024-04-12,7.392301559448242
2024-04-15,7.150089740753174
2024-04-16,7.004763126373291
2024-04-17,6.936943054199219
2024-04-18,6.888501167297363
2024-04-19,7.091959476470947
2024-04-22,7.140401363372803
2024-04-23,7.024139404296875
2024-04-24,6.995074272155762
2024-04-25,6.675354480743408
2024-04-26,7.014450550079346
2024-04-29,7.033828258514404
2024-04-30,7.121024131774902
2024-05-02,7.498874664306641
2024-05-03,8.487098693847656
2024-05-06,8.2545747756958
2024-05-07,8.138313293457031
2024-05-08,7.867035865783691
2024-05-09,7.886413097381592
2024-05-10,7.508563041687012
2024-05-13,7.314794063568115
2024-05-14,7.033828258514404
2024-05-15,7.498874664306641
2024-05-16,7.547317028045654
2024-05-17,7.4891862869262695
2024-05-20,7.653890132904053
2024-05-21,7.198531627655029
2024-05-22,6.859435558319092
2024-05-23,7.033828258514404
2024-05-24,7.398533821105957
2024-05-27,7.664526462554932
2024-05-28,7.615268230438232
2024-05-29,7.428088188171387
2024-05-31,7.447791576385498
2024-06-03,7.4379401206970215
2024-06-04,7.31972074508667
2024-06-05,7.09313440322876
2024-06-06,7.329572677612305
2024-06-07,7.034025192260742
2024-06-10,6.70892333984375
2024-06-11,7.024173736572266
2024-06-12,6.817290782928467
2024-06-13,6.758181095123291
2024-06-14,6.699071884155273
2024-06-17,6.433079242706299
2024-06-18,6.5710015296936035
2024-06-19,6.48233699798584
2024-06-20,6.373969554901123
2024-06-21,6.354266166687012
2024-06-24,6.580852508544922
2024-06-25,6.423227787017822
2024-06-26,6.334563255310059
2024-06-27,6.8468451499938965
2024-06-28,6.856697082519531
2024-07-01,6.413376331329346
2024-07-02,6.531595230102539
2024-07-03,6.630110740661621
2024-07-04,6.984767436981201
2024-07-05,7.191650867462158
2024-07-08,7.152244567871094
2024-07-09,7.181798934936523
2024-07-10,7.250760078430176
2024-07-11,7.7433390617370605
2024-07-12,7.467494487762451
2024-07-15,7.54630708694458
2024-07-16,7.64482307434082
2024-07-17,7.566010475158691
2024-07-18,7.034025192260742
2024-07-19,7.231057167053223
2024-07-22,7.201501846313477
2024-07-23,7.112837791442871
2024-07-24,6.915806293487549
2024-07-25,6.8468451499938965
2024-07-26,6.93550968170166
2024-07-29,6.768032550811768
2024-07-30,6.758181095123291
2024-07-31,6.7483296394348145
2024-08-01,6.639962196350098
2024-08-02,6.965064525604248
2024-08-05,6.945361137390137
2024-08-06,7.1029863357543945
2024-08-07,7.447791576385498
2024-08-08,8.117698669433594
2024-08-09,7.979776859283447
2024-08-12,8.255620956420898
2024-08-13,8.748199462890625
2024-08-14,8.65953540802002
2024-08-15,8.758051872253418
2024-08-16,8.403393745422363
2024-08-19,8.964934349060059
2024-08-20,8.698941230773926
2024-08-21,8.758051872253418
2024-08-22,8.521613121032715
2024-08-23,8.787606239318848
2024-08-26,8.541316986083984
2024-08-27,8.787606239318848
2024-08-28,8.88612174987793
2024-08-29,8.462504386901855
2024-08-30,8.531464576721191
2024-09-02,8.649683952331543
2024-09-03,8.836864471435547
2024-09-04,8.895973205566406
2024-09-05,8.955082893371582
2024-09-06,8.748199462890625
2024-09-09,8.817160606384277
2024-09-10,8.620128631591797
2024-09-11,8.423097610473633
2024-09-12,8.492058753967285
2024-09-13,8.797457695007324
2024-09-16,8.91567611694336
2024-09-17,8.807308197021484
2024-09-18,8.787606239318848
2024-09-19,8.590574264526367
2024-09-20,8.038886070251465
2024-09-23,7.960073471069336
2024-09-24,7.930519104003906
2024-09-25,7.851706027984619
2024-09-26,7.861557960510254
2024-09-27,7.969925403594971
2024-09-30,7.723635673522949
2024-10-01,7.615268230438232
2024-10-02,7.77289342880249
2024-10-03,7.408385276794434
2024-10-04,7.457643032073975
2024-10-07,7.447791576385498
2024-10-08,7.5857133865356445
2024-10-09,7.556159019470215
2024-10-10,7.674377918243408
2024-10-11,8.038886070251465
2024-10-14,8.09799575805664
2024-10-15,7.900964260101318
2024-10-16,8.058589935302734
2024-10-17,7.861557960510254
2024-10-18,8.029033660888672
2024-10-21,7.930519104003906
2024-10-22,7.77289342880249
2024-10-23,7.77289342880249
2024-10-24,8.1571044921875
2024-10-25,8.029033660888672
2024-10-28,8.452651977539062
2024-10-29,8.09799575805664
2024-10-30,8.423097610473633
2024-10-31,8.363987922668457
2024-11-01,8.245769500732422
2024-11-04,9.014191627502441
2024-11-05,9.270333290100098
2024-11-06,9.56588077545166
2024-11-07,8.344285011291504
2024-11-08,8.216214179992676
2024-11-11,8.767902374267578
2024-11-12,8.35413646697998
2024-11-13,8.35413646697998
2024-11-14,7.891112804412842
2024-11-18,8.068440437316895
2024-11-19,8.09799575805664
2024-11-21,7.940370559692383
2024-11-22,8.12755012512207
2024-11-25,8.038886070251465
2024-11-26,8.403393745422363
2024-11-27,7.812299728393555
2024-11-28,6.6695170402526855
2024-11-29,6.866548538208008
2024-12-02,7.053728103637695
2024-12-03,6.93550968170166
2024-12-04,6.876399993896484
2024-12-05,7.122689723968506
2024-12-06,6.649813652038574
2024-12-09,6.718775272369385
2024-12-10,6.93550968170166
2024-12-11,7.191650867462158
2024-12-12,6.67936897277832
2024-12-13,6.403524398803711
2024-12-16,6.561149597167969
2024-12-17,6.45278263092041
2024-12-18,5.891242504119873
2024-12-19,6.45278263092041
2024-12-20,6.502039909362793
2024-12-23,6.098125457763672
2024-12-26,6.157235145568848
2024-12-27,6.058719158172607
2024-12-30,6.098125457763672
2025-01-02,5.585843563079834
2025-01-03,5.743468761444092
2025-01-06,5.792726993560791
2025-01-07,5.812429904937744
2025-01-08,5.605546951293945
2025-01-09,5.585843563079834
2025-01-10,5.625249862670898
2025-01-13,5.723765850067139
2025-01-14,5.654804229736328
2025-01-15,6.216344356536865
2025-01-16,5.891242504119873
2025-01-17,5.763172149658203
2025-01-20,5.753320693969727
2025-01-21,5.861687660217285
2025-01-22,6.078422546386719
2025-01-23,5.989758014678955
2025-01-24,6.1867899894714355
2025-01-27,6.334563255310059
2025-01-28,6.295156955718994
2025-01-29,6.285305500030518
2025-01-30,6.541446208953857
2025-01-31,6.413376331329346
2025-02-03,6.373969554901123
2025-02-04,6.3641180992126465
2025-02-05,6.176938056945801
2025-02-06,6.472485542297363
2025-02-07,6.117828845977783
2025-02-10,6.176938056945801
2025-02-11,6.393672466278076
2025-02-12,6.137531757354736
2025-02-13,6.157235145568848
2025-02-14,6.6695170402526855
2025-02-17,6.866548538208008
2025-02-18,6.896103382110596
2025-02-19,6.689219951629639
2025-02-20,6.531595230102539
2025-02-21,6.620258808135986
2025-02-24,6.039016246795654
2025-02-25,6.0291643142700195
2025-02-26,5.9306488037109375
2025-02-27,6.009461402893066
2025-02-28,6.048867702484131
2025-03-05,6.048867702484131
2025-03-06,6.2656025886535645
2025-03-07,6.649813652038574
2025-03-10,6.521743297576904
2025-03-11,6.649813652038574
2025-03-12,6.817290782928467
2025-03-13,6.827142238616943
2025-03-14,7.29016637802124
2025-03-17,7.300017833709717
2025-03-18,7.388681888580322
2025-03-19,7.723635673522949
2025-03-20,6.699071884155273
2025-03-21,7.034025192260742
2025-03-24,6.7483296394348145
2025-03-25,6.984767436981201
2025-03-26,6.93550968170166
2025-03-27,6.945361137390137
2025-03-28,6.6695170402526855
2025-03-31,6.236047744750977
2025-04-01,6.541446208953857
2025-04-02,6.45278263092041
2025-04-03,6.659665584564209
2025-04-04,6.344415187835693
2025-04-07,6.167087078094482
2025-04-08,6.3148603439331055
2025-04-09,6.580852508544922
2025-04-10,6.295156955718994
2025-04-11,6.492188930511475
2025-04-14,6.728626251220703
2025-04-15,7.043877124786377
2025-04-16,7.073431491851807
2025-04-17,7.457643032073975
2025-04-22,7.240908145904541
2025-04-23,7.418237209320068
2025-04-24,8.019183158874512
2025-04-25,7.989627838134766
2025-04-28,8.117698669433594
2025-04-29,7.900964260101318
2025-04-30,8.019183158874512
2025-05-02,7.910815238952637
2025-05-05,7.64482307434082
2025-05-06,7.526604175567627
2025-05-07,7.792596340179443
2025-05-08,7.989627838134766
2025-05-09,7.950221538543701
2025-05-12,7.625119686126709
2025-05-13,8.196511268615723
2025-05-14,7.910815238952637
2025-05-15,7.940370559692383
2025-05-16,7.969925403594971
2025-05-19,8.029033660888672
2025-05-20,8.1571044921875
2025-05-21,7.979776859283447
2025-05-22,7.960073471069336
2025-05-23,7.989627838134766
2025-05-26,7.832002639770508
2025-05-27,8.304879188537598
2025-05-28,8.403393745422363
2025-05-29,8.275323867797852
2025-05-30,8.413246154785156
2025-06-02,8.295026779174805
2025-06-03,8.531464576721191
2025-06-04,8.265472412109375
2025-06-05,8.285175323486328
2025-06-06,7.979776859283447
2025-06-09,7.871408939361572
2025-06-10,7.989627838134766
2025-06-11,7.969925403594971
2025-06-12,8.019183158874512
2025-06-13,7.891112804412842
2025-06-16,8.078291893005371
2025-06-17,8.048737525939941
2025-06-18,8.09799575805664
2025-06-20,7.900964260101318
2025-06-23,7.969925403594971
2025-06-24,8.235917091369629
2025-06-25,8.226066589355469
2025-06-26,8.275323867797852
2025-06-27,8.35413646697998
2025-06-30,8.423097610473633
2025-07-01,8.58072280883789
2025-07-02,8.14725399017334
2025-07-03,8.62998104095459
2025-07-04,8.698941230773926
2025-07-07,8.403393745422363
2025-07-08,8.304879188537598
2025-07-09,8.235917091369629
2025-07-10,8.166956901550293
2025-07-11,7.832002639770508
2025-07-14,7.871408939361572
2025-07-15,8.1078462600708
2025-07-16,7.881260871887207
2025-07-17,8.019183158874512
2025-07-18,7.575861930847168
2025-07-21,7.497049331665039
2025-07-22,7.812299728393555
2025-07-23,7.910815238952637
2025-07-24,7.812299728393555
2025-07-25,7.769999980926514
2025-07-28,7.420000076293945
2025-07-29,7.559999942779541
2025-07-30,7.760000228881836
2025-07-31,7.730000019073486
2025-08-01,7.670000076293945
2025-08-04,7.929999828338623
2025-08-05,7.789999961853027
2025-08-06,8.100000381469727
2025-08-07,9.199999809265137
2025-08-08,9.0
2025-08-11,8.789999961853027
2025-08-12,8.960000038146973
2025-08-13,8.260000228881836
2025-08-14,8.140000343322754
2025-08-15,8.15999984741211
2025-08-18,8.5
2025-08-19,8.15999984741211
2025-08-20,8.279999732971191
2025-08-21,8.0600004196167
2025-08-22,8.529999732971191
