Date,HINDALCO.NS
2015-08-03,98.56026458740234
2015-08-04,101.87046813964844
2015-08-05,100.9380111694336
2015-08-06,101.35760498046875
2015-08-07,102.15021514892578
2015-08-10,100.5184097290039
2015-08-11,96.27574157714844
2015-08-12,89.42222595214844
2015-08-13,84.66671752929688
2015-08-14,86.85797882080078
2015-08-17,84.52684020996094
2015-08-18,82.89505004882812
2015-08-19,80.330810546875
2015-08-20,79.21184539794922
2015-08-21,80.1909408569336
2015-08-24,73.33741760253906
2015-08-25,75.01583099365234
2015-08-26,74.96920776367188
2015-08-27,75.20231628417969
2015-08-28,76.134765625
2015-08-31,74.64286041259766
2015-09-01,70.81979370117188
2015-09-02,69.3278579711914
2015-09-03,71.98533630371094
2015-09-04,68.90824127197266
2015-09-07,67.6321792602539
2015-09-08,68.71920013427734
2015-09-09,74.296142578125
2015-09-10,72.31114196777344
2015-09-11,71.93303680419922
2015-09-14,74.34341430664062
2015-09-15,72.07482147216797
2015-09-16,73.02006530761719
2015-09-18,71.7439956665039
2015-09-21,73.82352447509766
2015-09-22,69.19182586669922
2015-09-23,68.95552062988281
2015-09-24,67.49039459228516
2015-09-28,66.68693542480469
2015-09-29,64.46561431884766
2015-09-30,66.92325592041016
2015-10-01,67.01776885986328
2015-10-05,69.94802856445312
2015-10-06,70.89326477050781
2015-10-07,77.41545104980469
2015-10-08,77.84081268310547
2015-10-09,79.35318756103516
2015-10-12,83.79583740234375
2015-10-13,81.43274688720703
2015-10-14,83.74858856201172
2015-10-15,82.99240112304688
2015-10-16,82.94511413574219
2015-10-19,81.99988555908203
2015-10-20,79.82581329345703
2015-10-21,80.8656005859375
2015-10-23,80.44022369384766
2015-10-26,80.72380828857422
2015-10-27,79.778564453125
2015-10-28,79.87308502197266
2015-10-29,78.69153594970703
2015-10-30,79.44772338867188
2015-11-02,76.51747131347656
2015-11-03,77.84081268310547
2015-11-04,77.36819458007812
2015-11-05,76.61199188232422
2015-11-06,76.47020721435547
2015-11-09,75.57221984863281
2015-11-10,74.91055297851562
2015-11-13,73.16185760498047
2015-11-16,74.72150421142578
2015-11-17,76.42294311523438
2015-11-18,72.35841369628906
2015-11-19,74.10710144042969
2015-11-20,72.97279357910156
2015-11-23,70.18433380126953
2015-11-24,69.56993103027344
2015-11-26,70.98780059814453
2015-11-27,73.39818572998047
2015-11-30,72.83102416992188
2015-12-01,75.19413757324219
2015-12-02,76.04484558105469
2015-12-03,74.86328887939453
2015-12-04,74.72150421142578
2015-12-07,74.91055297851562
2015-12-08,71.8385238647461
2015-12-09,69.71171569824219
2015-12-10,71.55493927001953
2015-12-11,72.07482147216797
2015-12-14,74.4852066040039
2015-12-15,74.67424774169922
2015-12-16,74.24889373779297
2015-12-17,76.84829711914062
2015-12-18,75.52497100830078
2015-12-21,76.84829711914062
2015-12-22,75.24138641357422
2015-12-23,79.30594635009766
2015-12-24,80.58202362060547
2015-12-28,80.29844665527344
2015-12-29,79.778564453125
2015-12-30,80.06214141845703
2015-12-31,80.10940551757812
2016-01-01,80.25119018554688
2016-01-04,76.32842254638672
2016-01-05,78.07711791992188
2016-01-06,76.1393814086914
2016-01-07,72.45293426513672
2016-01-08,72.68923950195312
2016-01-11,73.63448333740234
2016-01-12,71.4604263305664
2016-01-13,72.50017547607422
2016-01-14,70.60969543457031
2016-01-15,67.86849975585938
2016-01-18,67.30133819580078
2016-01-19,67.91575622558594
2016-01-20,63.898460388183594
2016-01-21,64.56014251708984
2016-01-22,68.38835906982422
2016-01-25,68.05754852294922
2016-01-27,67.1595687866211
2016-01-28,65.88347625732422
2016-01-29,66.6396713256836
2016-02-01,67.20682525634766
2016-02-02,64.79646301269531
2016-02-03,63.00048828125
2016-02-04,64.938232421875
2016-02-05,67.3486099243164
2016-02-08,65.9780044555664
2016-02-09,66.16706085205078
2016-02-10,63.23680114746094
2016-02-11,60.212013244628906
2016-02-12,57.565338134765625
2016-02-15,63.331329345703125
2016-02-16,61.29904556274414
2016-02-17,62.1970329284668
2016-02-18,65.12728118896484
2016-02-19,65.26907348632812
2016-02-22,65.69444274902344
2016-02-23,64.74918365478516
2016-02-24,62.76417922973633
2016-02-25,63.473114013671875
2016-02-26,65.64716339111328
2016-02-29,64.9854965209961
2016-03-01,66.40335083007812
2016-03-02,70.84600067138672
2016-03-03,74.91055297851562
2016-03-04,75.0523452758789
2016-03-08,78.59699249267578
2016-03-09,76.65925598144531
2016-03-10,79.21142578125
2016-03-11,78.92784881591797
2016-03-14,80.25119018554688
2016-03-15,79.30594635009766
2016-03-16,77.037353515625
2016-03-17,76.56472778320312
2016-03-18,80.53475189208984
2016-03-21,81.29095458984375
2016-03-22,82.2362060546875
2016-03-23,86.30073547363281
2016-03-28,78.69153594970703
2016-03-29,79.778564453125
2016-03-30,83.18143463134766
2016-03-31,83.13416290283203
2016-04-01,81.90535736083984
2016-04-04,84.22120666503906
2016-04-05,80.25119018554688
2016-04-06,84.07940673828125
2016-04-07,82.519775390625
2016-04-08,82.89787292480469
2016-04-11,87.15145874023438
2016-04-12,86.96241760253906
2016-04-13,91.02696990966797
2016-04-18,91.73589324951172
2016-04-20,96.22579956054688
2016-04-21,96.22579956054688
2016-04-22,95.56413269042969
2016-04-25,93.01197814941406
2016-04-26,97.50187683105469
2016-04-27,96.17852783203125
2016-04-28,91.59410858154297
2016-04-29,91.07422637939453
2016-05-02,93.248291015625
2016-05-03,91.59410858154297
2016-05-04,86.15896606445312
2016-05-05,85.49728393554688
2016-05-06,86.86790466308594
2016-05-09,86.67884826660156
2016-05-10,84.93013763427734
2016-05-11,86.5843276977539
2016-05-12,88.28575134277344
2016-05-13,84.4102554321289
2016-05-16,84.88288116455078
2016-05-17,84.22120666503906
2016-05-18,84.26847839355469
2016-05-19,82.28346252441406
2016-05-20,82.1889419555664
2016-05-23,82.14167022705078
2016-05-24,81.57452392578125
2016-05-25,83.89037322998047
2016-05-26,85.35549926757812
2016-05-27,86.86790466308594
2016-05-30,97.31282806396484
2016-05-31,99.48688507080078
2016-06-01,97.4546127319336
2016-06-02,100.24308776855469
2016-06-03,99.77046203613281
2016-06-06,100.9992904663086
2016-06-07,103.50418853759766
2016-06-08,103.36238861083984
2016-06-09,104.82752227783203
2016-06-10,108.98660278320312
2016-06-13,108.41944122314453
2016-06-14,109.27015686035156
2016-06-15,109.41195678710938
2016-06-16,112.53126525878906
2016-06-17,112.2949447631836
2016-06-20,114.42174530029297
2016-06-21,116.73758697509766
2016-06-22,115.50877380371094
2016-06-23,117.11569213867188
2016-06-24,110.87708282470703
2016-06-27,113.24019622802734
2016-06-28,111.58599853515625
2016-06-29,113.38197326660156
2016-06-30,116.12317657470703
2016-07-01,117.91914367675781
2016-07-04,119.05342864990234
2016-07-05,116.87938690185547
2016-07-07,120.70759582519531
2016-07-08,119.9041519165039
2016-07-11,121.98368835449219
2016-07-12,127.84420776367188
2016-07-13,128.3640899658203
2016-07-14,128.3640899658203
2016-07-15,129.87646484375
2016-07-18,129.7346954345703
2016-07-19,130.44361877441406
2016-07-20,128.45860290527344
2016-07-21,126.568115234375
2016-07-22,128.5531005859375
2016-07-25,127.79692077636719
2016-07-26,124.44132232666016
2016-07-27,126.47360229492188
2016-07-28,126.89897918701172
2016-07-29,126.23729705810547
2016-08-01,129.1202850341797
2016-08-02,128.08050537109375
2016-08-03,128.26954650878906
2016-08-04,129.59292602539062
2016-08-05,135.83151245117188
2016-08-08,140.9830780029297
2016-08-09,138.57273864746094
2016-08-10,137.81651306152344
2016-08-11,134.46090698242188
2016-08-12,138.33642578125
2016-08-16,146.18191528320312
2016-08-17,147.41075134277344
2016-08-18,145.89837646484375
2016-08-19,150.2464599609375
2016-08-22,147.50526428222656
2016-08-23,147.03265380859375
2016-08-24,148.40325927734375
2016-08-25,145.80381774902344
2016-08-26,146.9853973388672
2016-08-29,149.632080078125
2016-08-30,153.83839416503906
2016-08-31,150.53004455566406
2016-09-01,148.87586975097656
2016-09-02,148.63955688476562
2016-09-06,150.77996826171875
2016-09-07,151.9215087890625
2016-09-08,154.0619354248047
2016-09-09,147.30775451660156
2016-09-12,133.98963928222656
2016-09-14,136.27273559570312
2016-09-15,138.46072387695312
2016-09-16,135.7019500732422
2016-09-19,136.9386444091797
2016-09-20,138.50828552246094
2016-09-21,142.26588439941406
2016-09-22,147.06991577148438
2016-09-23,146.92723083496094
2016-09-26,146.11863708496094
2016-09-27,142.7415313720703
2016-09-28,149.25790405273438
2016-09-29,142.69398498535156
2016-09-30,145.26246643066406
2016-10-03,146.5942840576172
2016-10-04,146.73696899414062
2016-10-05,149.59085083007812
2016-10-06,150.63726806640625
2016-10-07,150.3043212890625
2016-10-10,152.92037963867188
2016-10-13,147.5931396484375
2016-10-14,147.06991577148438
2016-10-17,143.31231689453125
2016-10-18,144.9295196533203
2016-10-19,143.645263671875
2016-10-20,147.6882781982422
2016-10-21,144.453857421875
2016-10-24,143.5025634765625
2016-10-25,143.1696319580078
2016-10-26,142.8842315673828
2016-10-27,141.07675170898438
2016-10-28,142.3610076904297
2016-11-01,149.30545043945312
2016-11-02,148.87738037109375
2016-11-03,154.8705291748047
2016-11-04,151.11293029785156
2016-11-07,159.4367218017578
2016-11-08,159.24649047851562
2016-11-09,154.20460510253906
2016-11-10,167.18978881835938
2016-11-11,163.90780639648438
2016-11-15,159.5794219970703
2016-11-16,154.8705291748047
2016-11-17,160.10264587402344
2016-11-18,157.2963409423828
2016-11-21,149.68597412109375
2016-11-22,158.4378662109375
2016-11-23,165.23965454101562
2016-11-24,171.66085815429688
2016-11-25,171.7084197998047
2016-11-28,169.9485321044922
2016-11-29,166.8568115234375
2016-11-30,167.18978881835938
2016-12-01,163.00408935546875
2016-12-02,160.53073120117188
2016-12-05,166.00067138671875
2016-12-06,166.8568115234375
2016-12-07,166.5238800048828
2016-12-08,170.47174072265625
2016-12-09,173.23048400878906
2016-12-12,173.08778381347656
2016-12-13,168.33132934570312
2016-12-14,167.4275665283203
2016-12-15,167.52272033691406
2016-12-16,161.9100799560547
2016-12-19,160.9112548828125
2016-12-20,159.00863647460938
2016-12-21,160.57827758789062
2016-12-22,153.3960418701172
2016-12-23,151.54100036621094
2016-12-26,144.1209259033203
2016-12-27,147.97366333007812
2016-12-28,146.11863708496094
2016-12-29,147.21263122558594
2016-12-30,147.49801635742188
2017-01-02,151.11293029785156
2017-01-03,151.11293029785156
2017-01-04,151.16049194335938
2017-01-05,154.10948181152344
2017-01-06,152.92037963867188
2017-01-09,150.3043212890625
2017-01-10,156.39259338378906
2017-01-11,166.4287567138672
2017-01-12,168.37887573242188
2017-01-13,163.86026000976562
2017-01-16,164.1931915283203
2017-01-17,162.7187042236328
2017-01-18,168.37887573242188
2017-01-19,167.52272033691406
2017-01-20,163.28945922851562
2017-01-23,172.8499755859375
2017-01-24,178.0345001220703
2017-01-25,181.45916748046875
2017-01-27,181.45916748046875
2017-01-30,182.17263793945312
2017-01-31,180.69815063476562
2017-02-01,189.1646728515625
2017-02-02,183.88497924804688
2017-02-03,182.4104766845703
2017-02-06,180.84083557128906
2017-02-07,176.8453826904297
2017-02-08,179.79440307617188
2017-02-09,174.75253295898438
2017-02-10,173.1829376220703
2017-02-13,175.98922729492188
2017-02-14,178.12962341308594
2017-02-15,175.46600341796875
2017-02-16,178.6052703857422
2017-02-17,174.70498657226562
2017-02-20,174.37203979492188
2017-02-21,173.5634307861328
2017-02-22,171.28033447265625
2017-02-23,173.23048400878906
2017-02-27,171.9462432861328
2017-02-28,175.37088012695312
2017-03-01,180.03224182128906
2017-03-02,180.2224884033203
2017-03-03,188.8792724609375
2017-03-06,189.83055114746094
2017-03-07,183.1715087890625
2017-03-08,180.9359588623047
2017-03-09,179.9846649169922
2017-03-10,178.46261596679688
2017-03-14,181.126220703125
2017-03-15,181.5543212890625
2017-03-16,189.06951904296875
2017-03-17,186.64370727539062
2017-03-20,186.64370727539062
2017-03-21,188.6414337158203
2017-03-22,183.98008728027344
2017-03-23,184.26548767089844
2017-03-24,185.4070281982422
2017-03-27,179.50900268554688
2017-03-28,180.36520385742188
2017-03-29,182.88612365722656
2017-03-30,181.03109741210938
2017-03-31,185.5497283935547
2017-04-03,184.17037963867188
2017-04-05,188.54629516601562
2017-04-06,184.5032958984375
2017-04-07,184.07522583007812
2017-04-10,185.5497283935547
2017-04-11,186.8815460205078
2017-04-12,183.59959411621094
2017-04-13,174.32447814941406
2017-04-17,172.6121368408203
2017-04-18,174.84768676757812
2017-04-19,176.94053649902344
2017-04-20,177.36859130859375
2017-04-21,178.93824768066406
2017-04-24,181.50672912597656
2017-04-25,182.36289978027344
2017-04-26,187.40475463867188
2017-04-27,185.3594512939453
2017-04-28,189.64028930664062
2017-05-02,190.4964599609375
2017-05-03,187.4523162841797
2017-05-04,183.0763702392578
2017-05-05,176.75027465820312
2017-05-08,175.22817993164062
2017-05-09,177.321044921875
2017-05-10,177.98695373535156
2017-05-11,184.21791076660156
2017-05-12,181.74456787109375
2017-05-15,188.78411865234375
2017-05-16,186.92910766601562
2017-05-17,189.1646728515625
2017-05-18,184.55087280273438
2017-05-19,181.69699096679688
2017-05-22,180.98353576660156
2017-05-23,182.6482696533203
2017-05-24,177.9393768310547
2017-05-25,181.2689208984375
2017-05-26,188.73655700683594
2017-05-29,191.44776916503906
2017-05-30,193.25521850585938
2017-05-31,190.92453002929688
2017-06-01,187.64259338378906
2017-06-02,187.4523162841797
2017-06-05,187.49989318847656
2017-06-06,185.93023681640625
2017-06-07,187.5950164794922
2017-06-08,188.78411865234375
2017-06-09,192.3039093017578
2017-06-12,190.82943725585938
2017-06-13,190.82943725585938
2017-06-14,190.4013214111328
2017-06-15,187.02423095703125
2017-06-16,185.73997497558594
2017-06-19,191.06723022460938
2017-06-20,192.1612091064453
2017-06-21,186.9766845703125
2017-06-22,182.26776123046875
2017-06-23,179.50900268554688
2017-06-27,178.6052703857422
2017-06-28,180.60299682617188
2017-06-29,182.8385467529297
2017-06-30,181.64944458007812
2017-07-03,187.07179260253906
2017-07-04,188.73655700683594
2017-07-05,189.1170654296875
2017-07-06,187.07179260253906
2017-07-07,185.4070281982422
2017-07-10,186.26321411132812
2017-07-11,190.87698364257812
2017-07-12,190.82943725585938
2017-07-13,194.72970581054688
2017-07-14,195.91880798339844
2017-07-17,198.96298217773438
2017-07-18,197.2981719970703
2017-07-19,203.0535125732422
2017-07-20,203.24378967285156
2017-07-21,204.09994506835938
2017-07-24,203.95726013183594
2017-07-25,209.47474670410156
2017-07-26,210.75901794433594
2017-07-27,210.47360229492188
2017-07-28,205.33663940429688
2017-07-31,208.95152282714844
2017-08-01,214.75445556640625
2017-08-02,217.0850830078125
2017-08-03,210.18821716308594
2017-08-04,214.27880859375
2017-08-07,216.5618896484375
2017-08-08,223.45875549316406
2017-08-09,227.7871551513672
2017-08-10,226.4077606201172
2017-08-11,210.2357940673828
2017-08-14,217.9888458251953
2017-08-16,222.22210693359375
2017-08-17,219.0828094482422
2017-08-18,218.84500122070312
2017-08-21,213.94583129882812
2017-08-22,217.75100708007812
2017-08-23,219.65357971191406
2017-08-24,221.65130615234375
2017-08-28,222.17453002929688
2017-08-29,216.22894287109375
2017-08-30,224.838134765625
2017-08-31,226.4077606201172
2017-09-01,231.87771606445312
2017-09-04,230.64102172851562
2017-09-05,231.16661071777344
2017-09-06,234.89356994628906
2017-09-07,238.8594512939453
2017-09-08,238.47720336914062
2017-09-11,238.95501708984375
2017-09-12,239.8150634765625
2017-09-13,236.99598693847656
2017-09-14,236.23147583007812
2017-09-15,236.80482482910156
2017-09-18,238.4293975830078
2017-09-19,235.56253051757812
2017-09-20,233.26901245117188
2017-09-21,233.69903564453125
2017-09-22,220.65469360351562
2017-09-25,218.93458557128906
2017-09-26,224.1905517578125
2017-09-27,223.28269958496094
2017-09-28,227.86968994140625
2017-09-29,229.92433166503906
2017-10-03,230.87994384765625
2017-10-04,231.16661071777344
2017-10-05,230.0676727294922
2017-10-06,239.76730346679688
2017-10-09,238.4293975830078
2017-10-10,240.86627197265625
2017-10-11,238.4293975830078
2017-10-12,252.71609497070312
2017-10-13,254.7706298828125
2017-10-16,259.357666015625
2017-10-17,264.23138427734375
2017-10-18,263.0845947265625
2017-10-19,261.7467346191406
2017-10-23,259.83551025390625
2017-10-24,256.9208068847656
2017-10-25,254.9140167236328
2017-10-26,260.7911376953125
2017-10-27,258.06756591796875
2017-10-30,261.0778503417969
2017-10-31,255.53517150878906
2017-11-01,263.0845947265625
2017-11-02,258.7843017578125
2017-11-03,256.9685974121094
2017-11-06,260.83892822265625
2017-11-07,255.057373046875
2017-11-08,251.378173828125
2017-11-09,251.6170654296875
2017-11-10,252.3337860107422
2017-11-13,249.3235626220703
2017-11-14,249.41912841796875
2017-11-15,240.67514038085938
2017-11-16,243.398681640625
2017-11-17,247.36456298828125
2017-11-20,249.84921264648438
2017-11-21,249.84921264648438
2017-11-22,246.31333923339844
2017-11-23,243.9242706298828
2017-11-24,240.48399353027344
2017-11-27,238.57275390625
2017-11-28,239.52838134765625
2017-11-29,235.9447479248047
2017-11-30,229.78097534179688
2017-12-01,224.9072723388672
2017-12-04,228.92091369628906
2017-12-05,229.39874267578125
2017-12-06,221.80148315429688
2017-12-07,226.67518615722656
2017-12-08,229.06423950195312
2017-12-11,227.53524780273438
2017-12-12,227.3918914794922
2017-12-13,224.04721069335938
2017-12-14,225.91067504882812
2017-12-15,231.97889709472656
2017-12-18,238.57275390625
2017-12-19,243.0164337158203
2017-12-20,246.88673400878906
2017-12-21,251.6170654296875
2017-12-22,255.96519470214844
2017-12-26,256.7297058105469
2017-12-27,253.95838928222656
2017-12-28,263.0368957519531
2017-12-29,261.41229248046875
2018-01-01,259.1187744140625
2018-01-02,259.83551025390625
2018-01-03,264.23138427734375
2018-01-04,267.3849182128906
2018-01-05,264.1357727050781
2018-01-08,263.8969421386719
2018-01-09,259.4532165527344
2018-01-10,256.873046875
2018-01-11,255.86965942382812
2018-01-12,256.9208068847656
2018-01-15,254.8662567138672
2018-01-16,248.98910522460938
2018-01-17,251.0914764404297
2018-01-18,242.63418579101562
2018-01-19,246.55227661132812
2018-01-22,243.78094482421875
2018-01-23,253.1938934326172
2018-01-24,247.22122192382812
2018-01-25,247.4601287841797
2018-01-29,247.12564086914062
2018-01-30,242.29969787597656
2018-01-31,244.78433227539062
2018-02-01,244.87989807128906
2018-02-02,238.76388549804688
2018-02-05,235.6580810546875
2018-02-06,233.5557098388672
2018-02-07,235.08468627929688
2018-02-08,234.32020568847656
2018-02-09,232.69564819335938
2018-02-12,232.45672607421875
2018-02-14,232.45672607421875
2018-02-15,240.34068298339844
2018-02-16,236.6614990234375
2018-02-19,236.56594848632812
2018-02-20,237.76046752929688
2018-02-21,229.9720916748047
2018-02-22,229.25537109375
2018-02-23,235.61032104492188
2018-02-26,235.27584838867188
2018-02-27,233.4601593017578
2018-02-28,234.51133728027344
2018-03-01,230.1154327392578
2018-03-05,219.41241455078125
2018-03-06,215.8287811279297
2018-03-07,214.49090576171875
2018-03-08,212.81857299804688
2018-03-09,210.42947387695312
2018-03-12,217.5489044189453
2018-03-13,216.11549377441406
2018-03-14,216.64105224609375
2018-03-15,214.9209442138672
2018-03-16,211.86293029785156
2018-03-19,205.03016662597656
2018-03-20,207.65817260742188
2018-03-21,205.1735382080078
2018-03-22,207.18032836914062
2018-03-23,196.9551239013672
2018-03-26,201.20767211914062
2018-03-27,208.80491638183594
2018-03-28,205.03016662597656
2018-04-02,201.87661743164062
2018-04-03,198.7230224609375
2018-04-04,191.8902587890625
2018-04-05,204.64791870117188
2018-04-06,204.5045928955078
2018-04-09,211.52845764160156
2018-04-10,219.79464721679688
2018-04-11,223.80828857421875
2018-04-12,222.27928161621094
2018-04-13,227.24856567382812
2018-04-16,228.82534790039062
2018-04-17,228.7775421142578
2018-04-18,232.0266876220703
2018-04-19,253.00271606445312
2018-04-20,250.47035217285156
2018-04-23,244.2587432861328
2018-04-24,226.2451171875
2018-04-25,221.75369262695312
2018-04-26,223.61715698242188
2018-04-27,224.52500915527344
2018-04-30,225.19395446777344
2018-05-02,217.93118286132812
2018-05-03,221.27589416503906
2018-05-04,221.08473205566406
2018-05-07,227.2963409423828
2018-05-08,228.10861206054688
2018-05-09,227.58302307128906
2018-05-10,230.59326171875
2018-05-11,231.93112182617188
2018-05-14,231.35775756835938
2018-05-15,233.077880859375
2018-05-16,229.11203002929688
2018-05-17,222.70932006835938
2018-05-18,221.2281036376953
2018-05-21,218.12228393554688
2018-05-22,224.52500915527344
2018-05-23,219.7468719482422
2018-05-24,223.7127227783203
2018-05-25,234.60691833496094
2018-05-28,230.92771911621094
2018-05-29,231.74002075195312
2018-05-30,227.53524780273438
2018-05-31,223.80828857421875
2018-06-01,227.91749572753906
2018-06-04,230.87994384765625
2018-06-05,231.30999755859375
2018-06-06,237.09153747558594
2018-06-07,237.56935119628906
2018-06-08,231.40553283691406
2018-06-11,233.84237670898438
2018-06-12,229.9720916748047
2018-06-13,234.1290740966797
2018-06-14,233.8901824951172
2018-06-15,226.86630249023438
2018-06-18,220.75025939941406
2018-06-19,215.78099060058594
2018-06-20,216.1632537841797
2018-06-21,212.4363250732422
2018-06-22,212.14962768554688
2018-06-25,208.70933532714844
2018-06-26,213.0574493408203
2018-06-27,208.23150634765625
2018-06-28,211.2417755126953
2018-06-29,220.2724609375
2018-07-02,213.34414672851562
2018-07-03,216.06768798828125
2018-07-04,214.1564483642578
2018-07-05,210.52503967285156
2018-07-06,210.66839599609375
2018-07-09,212.19740295410156
2018-07-10,218.88681030273438
2018-07-11,211.00283813476562
2018-07-12,210.52503967285156
2018-07-13,209.0438232421875
2018-07-16,203.5967559814453
2018-07-17,209.7605438232422
2018-07-18,202.97557067871094
2018-07-19,188.832275390625
2018-07-20,186.96876525878906
2018-07-23,187.4466094970703
2018-07-24,198.38856506347656
2018-07-25,199.72645568847656
2018-07-26,197.38514709472656
2018-07-27,203.9311981201172
2018-07-30,201.87661743164062
2018-07-31,203.9311981201172
2018-08-01,198.7708282470703
2018-08-02,198.67523193359375
2018-08-03,202.21107482910156
2018-08-06,206.5114288330078
2018-08-07,209.28274536132812
2018-08-08,210.81175231933594
2018-08-09,217.3577880859375
2018-08-10,212.81857299804688
2018-08-13,211.81512451171875
2018-08-14,211.6240234375
2018-08-16,206.5114288330078
2018-08-17,209.95166015625
2018-08-20,216.59327697753906
2018-08-21,216.35438537597656
2018-08-23,211.2417755126953
2018-08-24,212.24517822265625
2018-08-27,220.03353881835938
2018-08-28,228.3953094482422
2018-08-29,226.34071350097656
2018-08-30,229.58984375
2018-08-31,227.3918914794922
2018-09-03,228.7775421142578
2018-09-04,224.66835021972656
2018-09-05,229.30316162109375
2018-09-06,224.95504760742188
2018-09-07,231.78778076171875
2018-09-10,225.24171447753906
2018-09-11,221.3236541748047
2018-09-12,228.5281982421875
2018-09-14,235.78077697753906
2018-09-17,231.84230041503906
2018-09-18,224.9259490966797
2018-09-19,226.36683654785156
2018-09-21,230.92971801757812
2018-09-24,230.4494171142578
2018-09-25,233.47532653808594
2018-09-26,238.18231201171875
2018-09-27,234.29183959960938
2018-09-28,220.60317993164062
2018-10-01,233.3312225341797
2018-10-03,243.75381469726562
2018-10-04,241.9286651611328
2018-10-05,231.5541229248047
2018-10-08,213.7828826904297
2018-10-09,215.41590881347656
2018-10-10,217.96153259277344
2018-10-11,207.97125244140625
2018-10-12,217.76939392089844
2018-10-15,222.62045288085938
2018-10-16,221.46774291992188
2018-10-17,218.77804565429688
2018-10-19,218.05760192871094
2018-10-22,215.17578125
2018-10-23,210.85305786132812
2018-10-24,220.7953338623047
2018-10-25,213.59078979492188
2018-10-26,212.5341033935547
2018-10-29,215.31985473632812
2018-10-30,215.0797119140625
2018-10-31,211.71759033203125
2018-11-01,222.1401824951172
2018-11-02,230.97775268554688
2018-11-05,232.80291748046875
2018-11-06,233.0430450439453
2018-11-07,234.43594360351562
2018-11-09,229.39276123046875
2018-11-12,220.2189483642578
2018-11-13,222.42835998535156
2018-11-14,220.45912170410156
2018-11-15,224.39761352539062
2018-11-16,220.89138793945312
2018-11-19,225.214111328125
2018-11-20,213.20654296875
2018-11-21,214.35926818847656
2018-11-22,209.50820922851562
2018-11-26,210.1806182861328
2018-11-27,211.23728942871094
2018-11-28,207.53897094726562
2018-11-29,215.6560821533203
2018-11-30,217.28912353515625
2018-12-03,223.86927795410156
2018-12-04,224.15744018554688
2018-12-05,212.6301727294922
2018-12-06,209.31605529785156
2018-12-07,210.1806182861328
2018-12-10,209.31605529785156
2018-12-11,207.7310791015625
2018-12-12,212.5821533203125
2018-12-13,211.6215362548828
2018-12-14,211.47743225097656
2018-12-17,216.56866455078125
2018-12-18,216.3765411376953
2018-12-19,218.20169067382812
2018-12-20,215.0797119140625
2018-12-21,215.17578125
2018-12-24,209.26806640625
2018-12-26,209.988525390625
2018-12-27,211.90972900390625
2018-12-28,214.6954803466797
2018-12-31,217.28912353515625
2019-01-01,213.9750213623047
2019-01-02,206.09803771972656
2019-01-03,200.95880126953125
2019-01-04,202.59182739257812
2019-01-07,200.33441162109375
2019-01-08,198.36517333984375
2019-01-09,197.5966796875
2019-01-10,195.9636688232422
2019-01-11,197.74078369140625
2019-01-14,198.02894592285156
2019-01-15,200.28639221191406
2019-01-16,200.1903076171875
2019-01-17,197.88485717773438
2019-01-18,200.57456970214844
2019-01-21,199.46986389160156
2019-01-22,195.53138732910156
2019-01-23,197.35653686523438
2019-01-24,196.97230529785156
2019-01-25,196.3959197998047
2019-01-28,192.1212158203125
2019-01-29,191.68894958496094
2019-01-30,197.69271850585938
2019-01-31,200.28639221191406
2019-02-01,203.0721435546875
2019-02-04,196.15576171875
2019-02-05,196.6841278076172
2019-02-06,203.0721435546875
2019-02-07,200.95880126953125
2019-02-08,197.78878784179688
2019-02-11,191.59288024902344
2019-02-12,190.53623962402344
2019-02-14,184.1962432861328
2019-02-15,179.24911499023438
2019-02-18,177.2798614501953
2019-02-19,179.20106506347656
2019-02-20,185.39700317382812
2019-02-21,186.7418212890625
2019-02-22,188.71109008789062
2019-02-25,188.7591094970703
2019-02-26,188.7591094970703
2019-02-27,188.23077392578125
2019-02-28,188.03863525390625
2019-03-01,188.4228973388672
2019-03-05,190.92047119140625
2019-03-06,194.7628936767578
2019-03-07,192.6976318359375
2019-03-08,187.84654235839844
2019-03-11,193.1298828125
2019-03-12,195.3872833251953
2019-03-13,194.3306427001953
2019-03-14,192.8416748046875
2019-03-15,191.20864868164062
2019-03-18,191.4488067626953
2019-03-19,194.37864685058594
2019-03-20,198.98956298828125
2019-03-22,200.8627471923828
2019-03-25,197.35653686523438
2019-03-26,200.28639221191406
2019-03-27,199.46986389160156
2019-03-28,194.37864685058594
2019-04-01,207.3948516845703
2019-04-02,208.40350341796875
2019-04-03,207.44288635253906
2019-04-04,202.15957641601562
2019-04-05,206.91456604003906
2019-04-08,206.0019989013672
2019-04-09,208.5956268310547
2019-04-10,203.36032104492188
2019-04-11,202.97607421875
2019-04-12,201.48715209960938
2019-04-15,204.36895751953125
2019-04-16,206.48228454589844
2019-04-18,199.03761291503906
2019-04-22,192.50547790527344
2019-04-23,192.4574432373047
2019-04-24,192.79367065429688
2019-04-25,188.80714416503906
2019-04-26,193.22592163085938
2019-04-30,197.9329071044922
2019-05-02,196.63607788085938
2019-05-03,197.02032470703125
2019-05-06,191.06455993652344
2019-05-07,192.55349731445312
2019-05-08,192.1212158203125
2019-05-09,190.3441162109375
2019-05-10,188.08668518066406
2019-05-13,184.62850952148438
2019-05-14,185.3489532470703
2019-05-15,183.13955688476562
2019-05-16,186.93397521972656
2019-05-17,184.148193359375
2019-05-20,190.92047119140625
2019-05-21,188.27880859375
2019-05-22,190.2000274658203
2019-05-23,184.1962432861328
2019-05-24,188.08668518066406
2019-05-27,192.6976318359375
2019-05-28,193.8983612060547
2019-05-29,191.4488067626953
2019-05-30,190.7283477783203
2019-05-31,189.23941040039062
2019-06-03,191.54486083984375
2019-06-04,190.0078887939453
2019-06-06,187.17410278320312
2019-06-07,187.1260986328125
2019-06-10,190.44017028808594
2019-06-11,191.7370147705078
2019-06-12,191.4488067626953
2019-06-13,191.78501892089844
2019-06-14,190.44017028808594
2019-06-17,185.97335815429688
2019-06-18,182.46714782714844
2019-06-19,182.56320190429688
2019-06-20,186.64578247070312
2019-06-21,189.86380004882812
2019-06-24,190.3921356201172
2019-06-25,194.5227508544922
2019-06-26,200.1422882080078
2019-06-27,197.98094177246094
2019-06-28,198.8935089111328
2019-07-01,200.67062377929688
2019-07-02,201.10289001464844
2019-07-03,200.47850036621094
2019-07-04,198.74942016601562
2019-07-05,191.06455993652344
2019-07-08,189.81578063964844
2019-07-09,190.10394287109375
2019-07-10,186.02137756347656
2019-07-11,190.63229370117188
2019-07-12,191.0165557861328
2019-07-15,192.26531982421875
2019-07-16,191.2566680908203
2019-07-17,195.43531799316406
2019-07-18,192.64956665039062
2019-07-19,188.27880859375
2019-07-22,194.42666625976562
2019-07-23,195.09912109375
2019-07-24,189.47958374023438
2019-07-25,188.999267578125
2019-07-26,190.2000274658203
2019-07-29,185.6371307373047
2019-07-30,182.61123657226562
2019-07-31,183.04351806640625
2019-08-01,175.55076599121094
2019-08-02,173.29335021972656
2019-08-05,168.8265380859375
2019-08-06,173.58152770996094
2019-08-07,169.45091247558594
2019-08-08,173.91773986816406
2019-08-09,169.25880432128906
2019-08-13,169.30685424804688
2019-08-14,174.6747589111328
2019-08-16,173.90098571777344
2019-08-19,175.20669555664062
2019-08-20,173.5141143798828
2019-08-21,171.24122619628906
2019-08-22,170.75762939453125
2019-08-23,174.33624267578125
2019-08-26,172.8854522705078
2019-08-27,175.2550506591797
2019-08-28,172.5469207763672
2019-08-29,173.80429077148438
2019-08-30,178.3984375
2019-09-03,172.5469207763672
2019-09-04,175.6903076171875
2019-09-05,178.54351806640625
2019-09-06,182.21884155273438
2019-09-09,183.04095458984375
2019-09-11,187.1031494140625
2019-09-12,190.63340759277344
2019-09-13,193.77679443359375
2019-09-16,193.82510375976562
2019-09-17,191.45550537109375
2019-09-18,191.50389099121094
2019-09-19,189.5211181640625
2019-09-20,195.51771545410156
2019-09-23,193.43826293945312
2019-09-24,191.3104248046875
2019-09-25,183.66961669921875
2019-09-26,189.5211181640625
2019-09-27,184.44338989257812
2019-09-30,185.07205200195312
2019-10-01,183.52455139160156
2019-10-03,176.609130859375
2019-10-04,176.1255340576172
2019-10-07,176.31895446777344
2019-10-09,179.94593811035156
2019-10-10,176.27061462402344
2019-10-11,181.05819702148438
2019-10-14,182.50900268554688
2019-10-15,186.23269653320312
2019-10-16,181.78359985351562
2019-10-17,182.605712890625
2019-10-18,181.25164794921875
2019-10-22,179.65579223632812
2019-10-23,179.02711486816406
2019-10-24,175.400146484375
2019-10-25,175.78701782226562
2019-10-27,176.1255340576172
2019-10-29,178.2533721923828
2019-10-30,181.05819702148438
2019-10-31,181.73524475097656
2019-11-01,187.393310546875
2019-11-04,191.45550537109375
2019-11-05,192.08419799804688
2019-11-06,194.8890380859375
2019-11-07,198.4676513671875
2019-11-08,197.16195678710938
2019-11-11,193.58334350585938
2019-11-13,186.81298828125
2019-11-14,182.3155517578125
2019-11-15,181.59017944335938
2019-11-18,187.2482452392578
2019-11-19,186.03924560546875
2019-11-20,184.49172973632812
2019-11-21,182.41229248046875
2019-11-22,184.00814819335938
2019-11-25,192.71286010742188
2019-11-26,192.180908203125
2019-11-27,196.33982849121094
2019-11-28,197.40374755859375
2019-11-29,193.58334350585938
2019-12-02,194.21202087402344
2019-12-03,189.56948852539062
2019-12-04,194.502197265625
2019-12-05,192.03582763671875
2019-12-06,191.45550537109375
2019-12-09,192.32598876953125
2019-12-10,192.56777954101562
2019-12-11,190.1498260498047
2019-12-12,194.8406982421875
2019-12-13,201.41758728027344
2019-12-16,199.87008666992188
2019-12-17,206.68878173828125
2019-12-18,206.6404266357422
2019-12-19,209.2034912109375
2019-12-20,208.4297332763672
2019-12-23,208.09120178222656
2019-12-24,209.1551055908203
2019-12-26,207.9461212158203
2019-12-27,208.38134765625
2019-12-30,210.79933166503906
2019-12-31,209.05841064453125
2020-01-01,207.2690887451172
2020-01-02,212.92715454101562
2020-01-03,209.34854125976562
2020-01-06,202.4331512451172
2020-01-07,201.9979248046875
2020-01-08,200.595458984375
2020-01-09,203.8355712890625
2020-01-10,204.5609588623047
2020-01-13,204.2707977294922
2020-01-14,204.99620056152344
2020-01-15,206.6404266357422
2020-01-16,202.77163696289062
2020-01-17,203.15850830078125
2020-01-20,200.49876403808594
2020-01-21,198.41929626464844
2020-01-22,196.920166015625
2020-01-23,197.88735961914062
2020-01-24,198.6610870361328
2020-01-27,191.7456817626953
2020-01-28,189.56948852539062
2020-01-29,191.2620849609375
2020-01-30,187.1031494140625
2020-01-31,183.13768005371094
2020-02-03,175.8353729248047
2020-02-04,183.04095458984375
2020-02-05,189.8596649169922
2020-02-06,187.63511657714844
2020-02-07,190.92356872558594
2020-02-10,184.58847045898438
2020-02-11,187.2965850830078
2020-02-12,187.2965850830078
2020-02-13,188.84410095214844
2020-02-14,187.63511657714844
2020-02-17,184.00814819335938
2020-02-18,178.30172729492188
2020-02-19,181.92869567871094
2020-02-20,183.71798706054688
2020-02-24,173.17559814453125
2020-02-25,168.7265167236328
2020-02-26,164.32579040527344
2020-02-27,162.82666015625
2020-02-28,150.7851104736328
2020-03-02,144.83689880371094
2020-03-03,154.07357788085938
2020-03-04,155.3309326171875
2020-03-05,150.39825439453125
2020-03-06,145.1754150390625
2020-03-09,138.7436065673828
2020-03-11,133.27894592285156
2020-03-12,116.25639343261719
2020-03-13,123.2685317993164
2020-03-16,111.85567474365234
2020-03-17,111.61387634277344
2020-03-18,105.61727905273438
2020-03-19,96.47732543945312
2020-03-20,102.03868103027344
2020-03-23,85.01612091064453
2020-03-24,85.83821868896484
2020-03-25,91.44793701171875
2020-03-26,91.44793701171875
2020-03-27,88.5463638305664
2020-03-30,85.8865966796875
2020-03-31,92.5602035522461
2020-04-01,88.6430892944336
2020-04-03,85.8865966796875
2020-04-07,100.53954315185547
2020-04-08,97.54124450683594
2020-04-09,104.02142333984375
2020-04-13,110.06637573242188
2020-04-15,111.32372283935547
2020-04-16,116.59490966796875
2020-04-17,120.07679748535156
2020-04-20,112.6294174194336
2020-04-21,103.58618927001953
2020-04-22,104.74681854248047
2020-04-23,107.60003662109375
2020-04-24,100.24938201904297
2020-04-27,104.65009307861328
2020-04-28,105.18206024169922
2020-04-29,112.4843521118164
2020-04-30,125.92829895019531
2020-05-04,112.09747314453125
2020-05-05,112.09747314453125
2020-05-06,114.7088851928711
2020-05-07,113.79005432128906
2020-05-08,113.25809478759766
2020-05-11,115.82115936279297
2020-05-12,117.12686920166016
2020-05-13,119.4964828491211
2020-05-14,113.35481262207031
2020-05-15,115.33756256103516
2020-05-18,111.56551361083984
2020-05-19,113.45154571533203
2020-05-20,116.83670806884766
2020-05-21,125.25128173828125
2020-05-22,120.75382995605469
2020-05-26,124.8644027709961
2020-05-27,128.92660522460938
2020-05-28,133.85926818847656
2020-05-29,134.29452514648438
2020-06-01,134.58465576171875
2020-06-02,136.51904296875
2020-06-03,138.64686584472656
2020-06-04,137.9698486328125
2020-06-05,144.35330200195312
2020-06-08,141.5484619140625
2020-06-09,137.92147827148438
2020-06-10,142.1287384033203
2020-06-11,139.6624298095703
2020-06-12,141.25828552246094
2020-06-15,141.0164794921875
2020-06-16,145.1754150390625
2020-06-17,143.14431762695312
2020-06-18,145.85244750976562
2020-06-19,146.09425354003906
2020-06-22,145.1754150390625
2020-06-23,153.1547393798828
2020-06-24,146.43275451660156
2020-06-25,141.79025268554688
2020-06-26,146.09425354003906
2020-06-29,141.06484985351562
2020-06-30,141.4033660888672
2020-07-01,142.70907592773438
2020-07-02,142.9025115966797
2020-07-03,141.5968017578125
2020-07-06,149.28598022460938
2020-07-07,147.30325317382812
2020-07-08,149.91464233398438
2020-07-09,159.3931121826172
2020-07-10,158.32920837402344
2020-07-13,163.69712829589844
2020-07-14,158.42593383789062
2020-07-15,159.9734344482422
2020-07-16,160.60211181640625
2020-07-17,156.83006286621094
2020-07-20,155.62106323242188
2020-07-21,154.75059509277344
2020-07-22,154.65386962890625
2020-07-23,156.68496704101562
2020-07-24,151.0752716064453
2020-07-27,153.00965881347656
2020-07-28,159.29640197753906
2020-07-29,158.66773986816406
2020-07-30,156.68496704101562
2020-07-31,157.74891662597656
2020-08-03,156.0563201904297
2020-08-04,157.0235137939453
2020-08-05,169.98385620117188
2020-08-06,172.16006469726562
2020-08-07,171.773193359375
2020-08-10,172.74037170410156
2020-08-11,173.0789031982422
2020-08-12,170.03224182128906
2020-08-13,177.52796936035156
2020-08-14,178.8820343017578
2020-08-17,186.23269653320312
2020-08-18,189.56948852539062
2020-08-19,190.34324645996094
2020-08-20,192.4710693359375
2020-08-21,189.81129455566406
2020-08-24,186.9580841064453
2020-08-25,185.02371215820312
2020-08-26,187.15151977539062
2020-08-27,188.50558471679688
2020-08-28,187.44168090820312
2020-08-31,179.17218017578125
2020-09-01,187.68345642089844
2020-09-02,189.76292419433594
2020-09-03,186.65206909179688
2020-09-04,183.0551300048828
2020-09-07,182.27740478515625
2020-09-08,175.22933959960938
2020-09-09,177.70834350585938
2020-09-10,171.7296142578125
2020-09-11,173.67391967773438
2020-09-14,170.90328979492188
2020-09-15,171.82684326171875
2020-09-16,178.6804656982422
2020-09-17,170.951904296875
2020-09-18,174.500244140625
2020-09-21,162.49423217773438
2020-09-22,158.89730834960938
2020-09-23,160.8415985107422
2020-09-24,154.66845703125
2020-09-25,157.53628540039062
2020-09-28,163.02891540527344
2020-09-29,171.486572265625
2020-09-30,170.36862182617188
2020-10-01,169.2506561279297
2020-10-05,174.06275939941406
2020-10-06,171.97265625
2020-10-07,168.03546142578125
2020-10-08,169.39646911621094
2020-10-09,165.2648468017578
2020-10-12,167.35496520996094
2020-10-13,168.42433166503906
2020-10-14,169.34786987304688
2020-10-15,168.81317138671875
2020-10-16,174.79188537597656
2020-10-19,177.61109924316406
2020-10-20,175.7640380859375
2020-10-21,180.7705841064453
2020-10-22,179.31236267089844
2020-10-23,177.17364501953125
2020-10-26,167.59800720214844
2020-10-27,169.59091186523438
2020-10-28,165.70233154296875
2020-10-29,163.22332763671875
2020-10-30,165.896728515625
2020-11-02,165.99395751953125
2020-11-03,174.7432861328125
2020-11-04,171.58380126953125
2020-11-05,182.131591796875
2020-11-06,182.90928649902344
2020-11-09,189.27685546875
2020-11-10,186.99232482910156
2020-11-11,198.36643981933594
2020-11-12,202.78970336914062
2020-11-13,204.68539428710938
2020-11-14,203.47021484375
2020-11-17,207.60182189941406
2020-11-18,213.24026489257812
2020-11-19,207.8934783935547
2020-11-20,209.54611206054688
2020-11-23,211.97647094726562
2020-11-24,219.7050323486328
2020-11-25,217.22607421875
2020-11-26,223.49639892578125
2020-11-27,220.0452880859375
2020-12-01,222.9131317138672
2020-12-02,225.39208984375
2020-12-03,235.25938415527344
2020-12-04,245.6613311767578
2020-12-07,244.25173950195312
2020-12-08,238.85630798339844
2020-12-09,234.28724670410156
2020-12-10,235.9398651123047
2020-12-11,236.8634033203125
2020-12-14,239.48822021484375
2020-12-15,237.73834228515625
2020-12-16,244.44615173339844
2020-12-17,239.00213623046875
2020-12-18,242.9393310546875
2020-12-21,225.82955932617188
2020-12-22,225.44068908691406
2020-12-23,229.62091064453125
2020-12-24,230.35003662109375
2020-12-28,233.21786499023438
2020-12-29,229.0376434326172
2020-12-30,230.78749084472656
2020-12-31,233.84976196289062
2021-01-01,231.71104431152344
2021-01-04,247.21678161621094
2021-01-05,243.32818603515625
2021-01-06,251.83445739746094
2021-01-07,265.2987060546875
2021-01-08,260.7296142578125
2021-01-11,257.32708740234375
2021-01-12,256.98681640625
2021-01-13,255.3341827392578
2021-01-14,254.11900329589844
2021-01-15,246.29324340820312
2021-01-18,236.37733459472656
2021-01-19,244.54336547851562
2021-01-20,245.07806396484375
2021-01-21,241.96717834472656
2021-01-22,232.537353515625
2021-01-25,233.6067352294922
2021-01-27,224.95460510253906
2021-01-28,222.6700897216797
2021-01-29,219.99668884277344
2021-02-01,234.4330291748047
2021-02-02,248.23753356933594
2021-02-03,250.08460998535156
2021-02-04,254.55645751953125
2021-02-05,254.7509002685547
2021-02-08,271.1802062988281
2021-02-09,270.30523681640625
2021-02-10,271.6176452636719
2021-02-11,287.1719970703125
2021-02-12,282.7001037597656
2021-02-15,283.28338623046875
2021-02-16,294.2686767578125
2021-02-17,295.43524169921875
2021-02-18,301.2680969238281
2021-02-19,299.4210205078125
2021-02-22,307.29541015625
2021-02-23,323.77325439453125
2021-02-24,323.5302429199219
2021-02-25,340.93170166015625
2021-02-26,330.7727355957031
2021-03-01,334.5155029296875
2021-03-02,335.6334533691406
2021-03-03,349.34075927734375
2021-03-04,339.71649169921875
2021-03-05,328.4396057128906
2021-03-08,327.2243957519531
2021-03-09,323.96771240234375
2021-03-10,330.8699645996094
2021-03-12,321.0026550292969
2021-03-15,324.50238037109375
2021-03-16,324.599609375
2021-03-17,317.3085021972656
2021-03-18,322.55810546875
2021-03-19,325.76617431640625
2021-03-22,330.28668212890625
2021-03-23,322.46087646484375
2021-03-24,308.89947509765625
2021-03-25,305.25390625
2021-03-26,318.0376281738281
2021-03-30,317.2112731933594
2021-03-31,317.7460021972656
2021-04-01,340.4942321777344
2021-04-05,340.883056640625
2021-04-06,340.6886291503906
2021-04-07,342.3898620605469
2021-04-08,355.02777099609375
2021-04-09,350.99334716796875
2021-04-12,326.8355712890625
2021-04-13,338.9873962402344
2021-04-15,343.7022399902344
2021-04-16,359.6941223144531
2021-04-19,351.3336486816406
2021-04-20,349.34075927734375
2021-04-22,345.938232421875
2021-04-23,339.7651062011719
2021-04-26,338.6471252441406
2021-04-27,356.04852294921875
2021-04-28,352.5002136230469
2021-04-29,361.7841796875
2021-04-30,354.2500915527344
2021-05-03,359.6454772949219
2021-05-04,352.4515686035156
2021-05-05,356.8748474121094
2021-05-06,375.1998291015625
2021-05-07,389.9278259277344
2021-05-10,413.8912353515625
2021-05-11,401.30194091796875
2021-05-12,387.69189453125
2021-05-14,372.13751220703125
2021-05-17,382.00482177734375
2021-05-18,390.89996337890625
2021-05-19,392.0664978027344
2021-05-20,374.470703125
2021-05-21,378.94256591796875
2021-05-24,378.45648193359375
2021-05-25,380.3035888671875
2021-05-26,370.3876953125
2021-05-27,375.10260009765625
2021-05-28,376.94970703125
2021-05-31,383.2686462402344
2021-06-01,383.7061462402344
2021-06-02,387.69189453125
2021-06-03,388.08074951171875
2021-06-04,384.04632568359375
2021-06-07,383.9977111816406
2021-06-08,376.94970703125
2021-06-09,372.4778137207031
2021-06-10,374.6651611328125
2021-06-11,382.19927978515625
2021-06-14,383.80328369140625
2021-06-15,379.9633483886719
2021-06-16,369.6585693359375
2021-06-17,358.9649963378906
2021-06-18,361.0065002441406
2021-06-21,357.3609313964844
2021-06-22,357.3122863769531
2021-06-23,357.8470153808594
2021-06-24,358.7705078125
2021-06-25,365.42974853515625
2021-06-28,371.6514587402344
2021-06-29,363.8257141113281
2021-06-30,361.6869812011719
2021-07-01,368.8322448730469
2021-07-02,365.5755310058594
2021-07-05,378.6994934082031
2021-07-06,374.6165466308594
2021-07-07,382.68536376953125
2021-07-08,372.42919921875
2021-07-09,379.1855773925781
2021-07-12,377.5329895019531
2021-07-13,381.3243408203125
2021-07-14,380.7410583496094
2021-07-15,390.2680969238281
2021-07-16,394.20526123046875
2021-07-19,385.8934326171875
2021-07-20,372.3320007324219
2021-07-22,382.53955078125
2021-07-23,380.8382873535156
2021-07-26,388.90704345703125
2021-07-27,405.7251892089844
2021-07-28,404.70440673828125
2021-07-29,445.3401794433594
2021-07-30,432.4106140136719
2021-08-02,433.38275146484375
2021-08-03,436.2991638183594
2021-08-04,430.3691101074219
2021-08-05,430.75799560546875
2021-08-06,429.8344421386719
2021-08-09,422.59197998046875
2021-08-10,415.05780029296875
2021-08-11,424.4876403808594
2021-08-12,428.0115661621094
2021-08-13,432.71014404296875
2021-08-16,432.41650390625
2021-08-17,427.3753356933594
2021-08-18,417.9292297363281
2021-08-20,395.1214904785156
2021-08-23,398.2538757324219
2021-08-24,411.95806884765625
2021-08-25,421.5999755859375
2021-08-26,415.1394348144531
2021-08-27,428.6478271484375
2021-08-30,438.5833740234375
2021-08-31,458.405517578125
2021-09-01,448.4210510253906
2021-09-02,447.2953796386719
2021-09-03,451.5534362792969
2021-09-06,459.33544921875
2021-09-07,452.5323181152344
2021-09-08,446.6590576171875
2021-09-09,453.755859375
2021-09-13,468.24322509765625
2021-09-14,467.8516540527344
2021-09-15,476.5146484375
2021-09-16,473.0885925292969
2021-09-17,463.05517578125
2021-09-20,435.010498046875
2021-09-21,441.4710693359375
2021-09-22,453.2174987792969
2021-09-23,473.0396728515625
2021-09-24,468.6347351074219
2021-09-27,471.228759765625
2021-09-28,468.0473937988281
2021-09-29,483.7093505859375
2021-09-30,477.640380859375
2021-10-01,474.1164245605469
2021-10-04,495.0153503417969
2021-10-05,484.8350524902344
2021-10-06,465.844970703125
2021-10-07,467.4111633300781
2021-10-08,463.64251708984375
2021-10-11,477.1998596191406
2021-10-12,488.1142578125
2021-10-13,497.315673828125
2021-10-14,505.195556640625
2021-10-18,531.3314819335938
2021-10-19,522.4727172851562
2021-10-20,502.1121826171875
2021-10-21,483.31781005859375
2021-10-22,460.5101013183594
2021-10-25,463.2509460449219
2021-10-26,475.780517578125
2021-10-27,469.7115173339844
2021-10-28,458.8949890136719
2021-10-29,450.08514404296875
2021-11-01,468.0473937988281
2021-11-02,458.5033874511719
2021-11-03,468.1942443847656
2021-11-04,462.61468505859375
2021-11-08,459.87384033203125
2021-11-09,454.78369140625
2021-11-10,440.24749755859375
2021-11-11,444.3587341308594
2021-11-12,458.6502380371094
2021-11-15,446.26751708984375
2021-11-16,436.1851806640625
2021-11-17,435.9893798828125
2021-11-18,430.99713134765625
2021-11-22,432.8080139160156
2021-11-23,440.68798828125
2021-11-24,442.5478210449219
2021-11-25,437.6044921875
2021-11-26,408.1894226074219
2021-11-29,411.2728576660156
2021-11-30,404.02923583984375
2021-12-01,415.9225158691406
2021-12-02,422.97039794921875
2021-12-03,415.67779541015625
2021-12-06,412.4475402832031
2021-12-07,433.1506652832031
2021-12-08,447.7847900390625
2021-12-09,446.0228271484375
2021-12-10,445.48443603515625
2021-12-13,448.56787109375
2021-12-14,451.94500732421875
2021-12-15,448.6657409667969
2021-12-16,440.98162841796875
2021-12-17,440.6390075683594
2021-12-20,423.9492492675781
2021-12-21,436.038330078125
2021-12-22,453.5601501464844
2021-12-23,451.5534362792969
2021-12-24,449.2041320800781
2021-12-27,443.2330322265625
2021-12-28,448.469970703125
2021-12-29,444.6523742675781
2021-12-30,440.1495666503906
2021-12-31,465.5023498535156
2022-01-03,467.94952392578125
2022-01-04,466.0407409667969
2022-01-05,465.30657958984375
2022-01-06,468.97735595703125
2022-01-07,483.0730895996094
2022-01-10,482.4857482910156
2022-01-11,476.0741882324219
2022-01-12,487.4291076660156
2022-01-13,496.77728271484375
2022-01-14,495.6515808105469
2022-01-17,495.26007080078125
2022-01-18,485.520263671875
2022-01-19,494.13433837890625
2022-01-20,492.763916015625
2022-01-21,495.9942321777344
2022-01-24,468.2921447753906
2022-01-25,475.4868469238281
2022-01-27,478.8150329589844
2022-01-28,479.9896545410156
2022-01-31,478.71710205078125
2022-02-01,500.2033386230469
2022-02-02,503.091064453125
2022-02-03,501.81854248046875
2022-02-04,514.0543823242188
2022-02-07,511.5582580566406
2022-02-08,515.6695556640625
2022-02-09,530.8419799804688
2022-02-10,535.6874389648438
2022-02-11,531.233642578125
2022-02-14,510.23675537109375
2022-02-15,522.570556640625
2022-02-16,518.11669921875
2022-02-17,521.2979736328125
2022-02-18,518.4102783203125
2022-02-21,501.1822204589844
2022-02-22,505.2934875488281
2022-02-23,507.74066162109375
2022-02-24,506.7128601074219
2022-02-25,522.6195678710938
2022-02-28,561.6275024414062
2022-03-02,587.4208374023438
2022-03-03,593.4898071289062
2022-03-04,571.4652099609375
2022-03-07,606.6556396484375
2022-03-08,577.4853515625
2022-03-09,575.6254272460938
2022-03-10,581.25390625
2022-03-11,576.6531982421875
2022-03-14,578.3173217773438
2022-03-15,547.92333984375
2022-03-16,560.5997314453125
2022-03-17,564.6131591796875
2022-03-21,577.4853515625
2022-03-22,580.9113159179688
2022-03-23,595.5943603515625
2022-03-24,608.8092041015625
2022-03-25,609.5433349609375
2022-03-28,616.8848876953125
2022-03-29,617.9615478515625
2022-03-30,587.1271362304688
2022-03-31,557.46728515625
2022-04-01,558.4461669921875
2022-04-04,575.0869750976562
2022-04-05,574.4507446289062
2022-04-06,568.9691162109375
2022-04-07,562.6063842773438
2022-04-08,569.45849609375
2022-04-11,564.172607421875
2022-04-12,530.8909301757812
2022-04-13,535.197998046875
2022-04-18,533.8275756835938
2022-04-19,529.3737182617188
2022-04-20,533.4849853515625
2022-04-21,528.8353271484375
2022-04-22,503.28680419921875
2022-04-25,485.0308532714844
2022-04-26,483.024169921875
2022-04-27,481.8984375
2022-04-28,478.276611328125
2022-04-29,472.45233154296875
2022-05-02,474.16534423828125
2022-05-04,451.8960266113281
2022-05-05,451.84710693359375
2022-05-06,434.3742370605469
2022-05-09,434.71685791015625
2022-05-10,414.0626525878906
2022-05-11,413.6221618652344
2022-05-12,397.2750244140625
2022-05-13,379.8021545410156
2022-05-16,382.6898498535156
2022-05-17,419.3485412597656
2022-05-18,426.8858642578125
2022-05-19,408.1894226074219
2022-05-20,420.0337829589844
2022-05-23,404.4207763671875
2022-05-24,392.3316955566406
2022-05-25,388.4651794433594
2022-05-26,399.2327575683594
2022-05-27,400.50531005859375
2022-05-30,407.9447021484375
2022-05-31,413.6221618652344
2022-06-01,401.97357177734375
2022-06-02,401.23944091796875
2022-06-03,398.1559753417969
2022-06-06,400.50531005859375
2022-06-07,395.6598815917969
2022-06-08,394.97467041015625
2022-06-09,391.30389404296875
2022-06-10,377.5997009277344
2022-06-13,358.7074890136719
2022-06-14,350.72967529296875
2022-06-15,349.946533203125
2022-06-16,328.9986877441406
2022-06-17,326.6494445800781
2022-06-20,314.7071838378906
2022-06-21,332.0821838378906
2022-06-22,309.763916015625
2022-06-23,310.8896179199219
2022-06-24,315.49029541015625
2022-06-27,322.9786682128906
2022-06-28,336.2912902832031
2022-06-29,336.8786315917969
2022-06-30,331.49481201171875
2022-07-01,333.9420166015625
2022-07-04,333.3057861328125
2022-07-05,337.95538330078125
2022-07-06,333.74627685546875
2022-07-07,354.0088806152344
2022-07-08,349.9955139160156
2022-07-11,348.6740417480469
2022-07-12,339.57049560546875
2022-07-13,341.5282897949219
2022-07-14,341.72406005859375
2022-07-15,343.1434020996094
2022-07-18,359.34375
2022-07-19,360.1758117675781
2022-07-20,361.5461730957031
2022-07-21,368.00677490234375
2022-07-22,373.19476318359375
2022-07-25,378.8721923828125
2022-07-26,373.8310241699219
2022-07-27,380.43841552734375
2022-07-28,384.10919189453125
2022-07-29,406.2806091308594
2022-08-01,415.0415344238281
2022-08-02,409.559814453125
2022-08-03,405.4975280761719
2022-08-04,412.7901306152344
2022-08-05,402.1203918457031
2022-08-08,412.4964599609375
2022-08-10,430.8013916015625
2022-08-11,428.2329406738281
2022-08-12,430.94952392578125
2022-08-16,423.6888122558594
2022-08-17,433.6167297363281
2022-08-18,432.7276306152344
2022-08-19,422.15765380859375
2022-08-22,413.4151916503906
2022-08-23,422.70098876953125
2022-08-24,423.6394348144531
2022-08-25,427.4920654296875
2022-08-26,434.7033386230469
2022-08-29,424.9730529785156
2022-08-30,433.6661071777344
2022-09-01,416.8232727050781
2022-09-02,409.8589172363281
2022-09-05,424.0839538574219
2022-09-06,425.71392822265625
2022-09-07,427.5908508300781
2022-09-08,415.44024658203125
2022-09-09,420.8240661621094
2022-09-12,425.9114990234375
2022-09-13,431.3446350097656
2022-09-14,436.6296691894531
2022-09-15,419.2434997558594
2022-09-16,407.48809814453125
2022-09-19,407.142333984375
2022-09-20,416.329345703125
2022-09-21,406.3520812988281
2022-09-22,407.09295654296875
2022-09-23,391.5343017578125
2022-09-26,368.8631591796875
2022-09-27,369.06072998046875
2022-09-28,356.3668518066406
2022-09-29,366.6899108886719
2022-09-30,385.8047790527344
2022-10-03,376.3214416503906
2022-10-04,389.2622375488281
2022-10-06,407.6362609863281
2022-10-07,406.1051025390625
2022-10-10,402.5488586425781
2022-10-11,391.2379455566406
2022-10-12,395.3375244140625
2022-10-13,396.6711120605469
2022-10-14,392.3245849609375
2022-10-17,383.5821228027344
2022-10-18,388.6695556640625
2022-10-19,385.55780029296875
2022-10-20,390.3982849121094
2022-10-21,388.9659118652344
2022-10-24,390.7440185546875
2022-10-25,393.55938720703125
2022-10-27,407.3893127441406
2022-10-28,400.02984619140625
2022-10-31,400.7213134765625
2022-11-01,409.364990234375
2022-11-02,416.18115234375
2022-11-03,405.3642272949219
2022-11-04,425.31878662109375
2022-11-07,432.1843566894531
2022-11-09,412.0321960449219
2022-11-10,410.0564880371094
2022-11-11,424.6272888183594
2022-11-14,450.0150146484375
2022-11-15,451.3486022949219
2022-11-16,441.96405029296875
2022-11-17,435.0985107421875
2022-11-18,433.2709655761719
2022-11-21,425.31878662109375
2022-11-22,425.4175720214844
2022-11-23,428.08477783203125
2022-11-24,433.0240173339844
2022-11-25,435.2960510253906
2022-11-28,425.9114990234375
2022-11-29,430.6531677246094
2022-11-30,445.2239685058594
2022-12-01,457.7696228027344
2022-12-02,455.49761962890625
2022-12-05,475.3533935546875
2022-12-06,464.2894592285156
2022-12-07,458.65869140625
2022-12-08,465.9194030761719
2022-12-09,457.2263488769531
2022-12-12,456.3372802734375
2022-12-13,452.5340576171875
2022-12-14,463.5979309082031
2022-12-15,455.3988037109375
2022-12-16,451.200439453125
2022-12-19,454.5591125488281
2022-12-20,451.4967956542969
2022-12-21,451.5955810546875
2022-12-22,449.96563720703125
2022-12-23,424.3309020996094
2022-12-26,437.5681457519531
2022-12-27,465.2773132324219
2022-12-28,460.2886962890625
2022-12-29,464.190673828125
2022-12-30,467.5987548828125
2023-01-02,481.1322937011719
2023-01-03,474.06915283203125
2023-01-04,455.8927307128906
2023-01-05,460.0417175292969
2023-01-06,457.02874755859375
2023-01-09,465.03033447265625
2023-01-10,471.7477111816406
2023-01-11,484.98492431640625
2023-01-12,479.7492980957031
2023-01-13,482.5646667480469
2023-01-16,477.1808776855469
2023-01-17,481.9719543457031
2023-01-18,496.839111328125
2023-01-19,492.83831787109375
2023-01-20,483.9970703125
2023-01-23,488.1954650878906
2023-01-24,478.7614440917969
2023-01-25,483.15740966796875
2023-01-27,473.18011474609375
2023-01-30,466.6109313964844
2023-01-31,462.7088928222656
2023-02-01,462.16558837890625
2023-02-02,459.745361328125
2023-02-03,454.0652160644531
2023-02-06,441.9146728515625
2023-02-07,424.3309020996094
2023-02-08,431.19647216796875
2023-02-09,439.148681640625
2023-02-10,427.8871765136719
2023-02-13,422.50341796875
2023-02-14,429.5171203613281
2023-02-15,428.677490234375
2023-02-16,429.41839599609375
2023-02-17,424.28155517578125
2023-02-20,428.9738464355469
2023-02-21,426.2572326660156
2023-02-22,424.4790954589844
2023-02-23,431.1471252441406
2023-02-24,410.2046813964844
2023-02-27,406.7966003417969
2023-02-28,394.3497009277344
2023-03-01,408.0313720703125
2023-03-02,405.8087158203125
2023-03-03,411.8346252441406
2023-03-06,409.4637756347656
2023-03-08,402.7958068847656
2023-03-09,403.8824462890625
2023-03-10,400.7213134765625
2023-03-13,397.36260986328125
2023-03-14,397.8071594238281
2023-03-15,401.2152404785156
2023-03-16,380.2728576660156
2023-03-17,391.88006591796875
2023-03-20,381.0631103515625
2023-03-21,383.8290710449219
2023-03-22,387.9780578613281
2023-03-23,393.95452880859375
2023-03-24,383.680908203125
2023-03-27,385.21209716796875
2023-03-28,388.126220703125
2023-03-29,394.2015075683594
2023-03-31,400.4249572753906
2023-04-03,397.6589660644531
2023-04-05,398.39984130859375
2023-04-06,400.326171875
2023-04-10,406.45086669921875
2023-04-11,412.4767150878906
2023-04-12,412.57550048828125
2023-04-13,416.9220275878906
2023-04-17,423.49127197265625
2023-04-18,426.3066101074219
2023-04-19,427.78839111328125
2023-04-20,424.6272888183594
2023-04-21,417.2184143066406
2023-04-24,422.6021728515625
2023-04-25,424.577880859375
2023-04-26,419.6386413574219
2023-04-27,425.56573486328125
2023-04-28,430.8013610839844
2023-05-02,440.7292175292969
2023-05-03,436.9259948730469
2023-05-04,440.0871276855469
2023-05-05,428.9738464355469
2023-05-08,439.642578125
2023-05-09,434.99969482421875
2023-05-10,431.1471252441406
2023-05-11,415.73663330078125
2023-05-12,399.8322448730469
2023-05-15,405.7099609375
2023-05-16,407.4386901855469
2023-05-17,402.74639892578125
2023-05-18,401.5610046386719
2023-05-19,401.8079528808594
2023-05-22,402.74639892578125
2023-05-23,405.3148193359375
2023-05-24,401.95611572265625
2023-05-25,399.33831787109375
2023-05-26,408.52532958984375
2023-05-29,414.7981872558594
2023-05-30,408.080810546875
2023-05-31,400.9682922363281
2023-06-01,401.412841796875
2023-06-02,415.6378479003906
2023-06-05,414.6006164550781
2023-06-06,410.5010070800781
2023-06-07,417.46539306640625
2023-06-08,413.168212890625
2023-06-09,410.0071105957031
2023-06-12,411.73583984375
2023-06-13,416.27996826171875
2023-06-14,419.8855895996094
2023-06-15,417.9098815917969
2023-06-16,421.7625427246094
2023-06-19,420.9722595214844
2023-06-20,423.7382507324219
2023-06-21,415.83544921875
2023-06-22,414.94635009765625
2023-06-23,403.53668212890625
2023-06-26,409.661376953125
2023-06-27,412.6742858886719
2023-06-28,415.09454345703125
2023-06-30,415.83544921875
2023-07-03,420.4783020019531
2023-07-04,420.6264953613281
2023-07-05,416.37872314453125
2023-07-06,421.2192077636719
2023-07-07,417.5641784667969
2023-07-10,422.6515808105469
2023-07-11,419.490478515625
2023-07-12,419.6880187988281
2023-07-13,429.91229248046875
2023-07-14,441.51953125
2023-07-17,441.667724609375
2023-07-18,439.0992736816406
2023-07-19,433.8636779785156
2023-07-20,436.18511962890625
2023-07-21,429.2207946777344
2023-07-24,427.6896057128906
2023-07-25,444.03851318359375
2023-07-26,443.54461669921875
2023-07-27,445.9154357910156
2023-07-28,446.0142517089844
2023-07-31,456.9794006347656
2023-08-01,458.4611511230469
2023-08-02,448.977783203125
2023-08-03,447.7923583984375
2023-08-04,451.4474182128906
2023-08-07,459.2020263671875
2023-08-08,449.2247619628906
2023-08-09,463.20281982421875
2023-08-10,463.20281982421875
2023-08-11,456.8312072753906
2023-08-14,448.2304992675781
2023-08-16,442.66241455078125
2023-08-17,445.0487365722656
2023-08-18,436.9949035644531
2023-08-21,446.8384704589844
2023-08-22,447.7830810546875
2023-08-23,458.6209411621094
2023-08-24,453.89801025390625
2023-08-25,447.43505859375
2023-08-28,443.7561340332031
2023-08-29,453.4505615234375
2023-08-30,454.1465759277344
2023-08-31,457.2289123535156
2023-09-01,470.5525207519531
2023-09-04,483.87615966796875
2023-09-05,483.32928466796875
2023-09-06,475.4245910644531
2023-09-07,472.3919982910156
2023-09-08,473.4360046386719
2023-09-11,482.08642578125
2023-09-12,475.0268859863281
2023-09-13,480.4458312988281
2023-09-14,494.5151672363281
2023-09-15,493.7197265625
2023-09-18,481.7384033203125
2023-09-20,475.57373046875
2023-09-21,476.8166198730469
2023-09-22,476.1206359863281
2023-09-25,466.6747741699219
2023-09-26,468.8125
2023-09-27,472.24285888671875
2023-09-28,464.18902587890625
2023-09-29,489.8419494628906
2023-10-03,477.21435546875
2023-10-04,470.70166015625
2023-10-05,467.867919921875
2023-10-06,469.90625
2023-10-09,467.1221923828125
2023-10-10,477.91033935546875
2023-10-11,481.1418151855469
2023-10-12,481.63897705078125
2023-10-13,477.86065673828125
2023-10-16,480.6446838378906
2023-10-17,481.5892639160156
2023-10-18,482.2852783203125
2023-10-19,477.21435546875
2023-10-20,469.06109619140625
2023-10-23,454.0968933105469
2023-10-25,458.57122802734375
2023-10-26,454.0471496582031
2023-10-27,453.54998779296875
2023-10-30,454.0471496582031
2023-10-31,456.88092041015625
2023-11-01,460.06268310546875
2023-11-02,471.49713134765625
2023-11-03,472.4914245605469
2023-11-06,479.2029724121094
2023-11-07,481.7881164550781
2023-11-08,485.2681579589844
2023-11-09,481.688720703125
2023-11-10,478.556640625
2023-11-13,484.7213134765625
2023-11-15,502.519287109375
2023-11-16,501.425537109375
2023-11-17,494.91290283203125
2023-11-20,494.4654541015625
2023-11-21,503.9610290527344
2023-11-22,497.3986511230469
2023-11-23,499.0889587402344
2023-11-24,504.90557861328125
2023-11-28,512.6611328125
2023-11-29,514.5006103515625
2023-11-30,512.7108764648438
2023-12-01,514.2520141601562
2023-12-04,516.2903442382812
2023-12-05,517.682373046875
2023-12-06,520.0189819335938
2023-12-07,513.1085815429688
2023-12-08,517.384033203125
2023-12-11,519.4224243164062
2023-12-12,524.443603515625
2023-12-13,529.8128051757812
2023-12-14,540.00439453125
2023-12-15,554.07373046875
2023-12-18,563.171630859375
2023-12-19,561.6304321289062
2023-12-20,545.0753173828125
2023-12-21,553.0794677734375
2023-12-22,567.1985473632812
2023-12-26,576.544921875
2023-12-27,602.1481323242188
2023-12-28,610.798583984375
2023-12-29,611.3453979492188
2024-01-01,606.9208374023438
2024-01-02,613.483154296875
2024-01-03,589.669677734375
2024-01-04,587.1342163085938
2024-01-05,583.6541748046875
2024-01-08,574.3574829101562
2024-01-09,572.6671752929688
2024-01-10,576.7437744140625
2024-01-11,573.6614990234375
2024-01-12,578.7323608398438
2024-01-15,571.3745727539062
2024-01-16,576.2466430664062
2024-01-17,557.056640625
2024-01-18,551.7371826171875
2024-01-19,553.924560546875
2024-01-23,538.3140869140625
2024-01-24,561.9287109375
2024-01-25,563.967041015625
2024-01-29,564.6630859375
2024-01-30,566.00537109375
2024-01-31,576.0477294921875
2024-02-01,567.9939575195312
2024-02-02,580.1741333007812
2024-02-05,576.5946655273438
2024-02-06,581.566162109375
2024-02-07,588.874267578125
2024-02-08,597.8726806640625
2024-02-09,587.9296264648438
2024-02-12,579.130126953125
2024-02-13,507.1925048828125
2024-02-14,504.90557861328125
2024-02-15,510.27484130859375
2024-02-16,512.7605590820312
2024-02-19,509.37994384765625
2024-02-20,508.6839599609375
2024-02-21,508.8827819824219
2024-02-22,518.1795654296875
2024-02-23,515.3954467773438
2024-02-26,502.1712646484375
2024-02-27,506.74505615234375
2024-02-28,501.52496337890625
2024-02-29,500.9781188964844
2024-03-01,516.1411743164062
2024-03-04,521.9578857421875
2024-03-05,519.1240844726562
2024-03-06,523.9464721679688
2024-03-07,533.640869140625
2024-03-11,530.6580200195312
2024-03-12,525.93505859375
2024-03-13,504.11016845703125
2024-03-14,522.2561645507812
2024-03-15,529.5145263671875
2024-03-18,528.12255859375
2024-03-19,530.6082763671875
2024-03-20,524.84130859375
2024-03-21,536.623779296875
2024-03-22,544.6278686523438
2024-03-26,555.4658203125
2024-03-27,554.4714965820312
2024-03-28,557.056640625
2024-04-01,565.3590087890625
2024-04-02,567.9442749023438
2024-04-03,573.3134155273438
2024-04-04,574.4569091796875
2024-04-05,566.80078125
2024-04-08,573.5123291015625
2024-04-09,585.2450561523438
2024-04-10,599.6126708984375
2024-04-12,595.23779296875
2024-04-15,609.2077026367188
2024-04-16,605.3795776367188
2024-04-18,609.30712890625
2024-04-19,611.2460327148438
2024-04-22,615.0243530273438
2024-04-23,608.3128051757812
2024-04-24,632.4743041992188
2024-04-25,643.11328125
2024-04-26,645.5990600585938
2024-04-29,646.3447875976562
2024-04-30,640.72705078125
2024-05-02,637.7938232421875
2024-05-03,643.4115600585938
2024-05-06,635.158935546875
2024-05-07,616.6649780273438
2024-05-08,629.88916015625
2024-05-09,615.8695068359375
2024-05-10,622.0341186523438
2024-05-13,629.88916015625
2024-05-14,642.9641723632812
2024-05-15,649.9739990234375
2024-05-16,649.6259765625
2024-05-17,651.7140502929688
2024-05-21,689.6465454101562
2024-05-22,680.6481323242188
2024-05-23,672.9423217773438
2024-05-24,669.4125366210938
2024-05-27,673.986328125
2024-05-28,677.4166870117188
2024-05-29,701.2798461914062
2024-05-30,691.187744140625
2024-05-31,685.4207763671875
2024-06-03,691.9832153320312
2024-06-04,645.3504638671875
2024-06-05,691.2871704101562
2024-06-06,673.6383056640625
2024-06-07,676.4720458984375
2024-06-10,672.5446166992188
2024-06-11,669.1142578125
2024-06-12,670.0588989257812
2024-06-13,676.8201293945312
2024-06-14,679.7035522460938
2024-06-18,674.8812255859375
2024-06-19,658.6244506835938
2024-06-20,672.64404296875
2024-06-21,680.5984497070312
2024-06-24,681.3441772460938
2024-06-25,681.5927124023438
2024-06-26,670.8543090820312
2024-06-27,681.3441772460938
2024-06-28,689.5968627929688
2024-07-01,685.9179077148438
2024-07-02,690.7900390625
2024-07-03,687.7077026367188
2024-07-04,687.906494140625
2024-07-05,695.1649780273438
2024-07-08,693.22607421875
2024-07-09,702.97021484375
2024-07-10,689.3482666015625
2024-07-11,692.3311767578125
2024-07-12,688.1054077148438
2024-07-15,696.1094970703125
2024-07-16,686.8624877929688
2024-07-18,686.0173950195312
2024-07-19,659.2210083007812
2024-07-22,668.4679565429688
2024-07-23,649.775146484375
2024-07-24,647.8859252929688
2024-07-25,642.86474609375
2024-07-26,663.7947387695312
2024-07-29,663.0490112304688
2024-07-30,656.7352294921875
2024-07-31,665.7833251953125
2024-08-01,669.6611328125
2024-08-02,644.356201171875
2024-08-05,610.798583984375
2024-08-06,606.8213500976562
2024-08-07,620.14501953125
2024-08-08,610.5499877929688
2024-08-09,622.9000244140625
2024-08-12,629.3499755859375
2024-08-13,621.4000244140625
2024-08-14,621.4500122070312
2024-08-16,634.1500244140625
2024-08-19,658.8499755859375
2024-08-20,672.9000244140625
2024-08-21,685.5999755859375
2024-08-22,685.5499877929688
2024-08-23,685.0999755859375
2024-08-26,711.8499755859375
2024-08-27,703.5
2024-08-28,705.0499877929688
2024-08-29,700.5
2024-08-30,701.3499755859375
2024-09-02,683.9000244140625
2024-09-03,678.9000244140625
2024-09-04,666.7999877929688
2024-09-05,669.9500122070312
2024-09-06,667.0999755859375
2024-09-09,658.5499877929688
2024-09-10,659.5
2024-09-11,647.7000122070312
2024-09-12,676.2000122070312
2024-09-13,673.25
2024-09-16,685.1500244140625
2024-09-17,683.0
2024-09-18,685.25
2024-09-19,684.2000122070312
2024-09-20,694.4000244140625
2024-09-23,690.5499877929688
2024-09-24,717.8499755859375
2024-09-25,718.4500122070312
2024-09-26,734.6500244140625
2024-09-27,747.1500244140625
2024-09-30,756.2000122070312
2024-10-01,761.5499877929688
2024-10-03,747.0999755859375
2024-10-04,747.9000244140625
2024-10-07,731.2999877929688
2024-10-08,721.7999877929688
2024-10-09,727.5499877929688
2024-10-10,730.1500244140625
2024-10-11,747.3499755859375
2024-10-14,743.0
2024-10-15,726.9500122070312
2024-10-16,733.0999755859375
2024-10-17,734.7999877929688
2024-10-18,753.5
2024-10-21,739.5999755859375
2024-10-22,720.25
2024-10-23,717.0999755859375
2024-10-24,690.7000122070312
2024-10-25,678.75
2024-10-28,692.9000244140625
2024-10-29,693.5999755859375
2024-10-30,688.4000244140625
2024-10-31,686.0499877929688
2024-11-01,690.9000244140625
2024-11-04,674.2999877929688
2024-11-05,697.5499877929688
2024-11-06,708.2000122070312
2024-11-07,648.0999755859375
2024-11-08,650.4500122070312
2024-11-11,655.3499755859375
2024-11-12,651.6500244140625
2024-11-13,626.5999755859375
2024-11-14,627.3499755859375
2024-11-18,651.0499877929688
2024-11-19,640.0
2024-11-21,648.0499877929688
2024-11-22,652.0999755859375
2024-11-25,659.8499755859375
2024-11-26,666.0999755859375
2024-11-27,661.0999755859375
2024-11-28,650.25
2024-11-29,656.2000122070312
2024-12-02,662.5999755859375
2024-12-03,667.5499877929688
2024-12-04,663.0499877929688
2024-12-05,670.8499755859375
2024-12-06,670.1500244140625
2024-12-09,670.9000244140625
2024-12-10,668.9000244140625
2024-12-11,670.5
2024-12-12,668.7000122070312
2024-12-13,662.0999755859375
2024-12-16,653.5
2024-12-17,639.4500122070312
2024-12-18,633.0
2024-12-19,629.3499755859375
2024-12-20,622.6500244140625
2024-12-23,634.1500244140625
2024-12-24,627.4500122070312
2024-12-26,628.75
2024-12-27,617.4000244140625
2024-12-30,601.0999755859375
2024-12-31,602.4500122070312
2025-01-01,592.9500122070312
2025-01-02,599.0
2025-01-03,591.1500244140625
2025-01-06,574.0999755859375
2025-01-07,584.5
2025-01-08,586.6500244140625
2025-01-09,589.25
2025-01-10,574.4500122070312
2025-01-13,563.75
2025-01-14,590.9000244140625
2025-01-15,591.5499877929688
2025-01-16,602.5999755859375
2025-01-17,617.0
2025-01-20,618.1500244140625
2025-01-21,614.9500122070312
2025-01-22,613.4500122070312
2025-01-23,608.25
2025-01-24,606.9000244140625
2025-01-27,586.9000244140625
2025-01-28,573.8499755859375
2025-01-29,584.0999755859375
2025-01-30,587.8499755859375
2025-01-31,594.2999877929688
2025-02-01,586.4500122070312
2025-02-03,574.0499877929688
2025-02-04,583.9500122070312
2025-02-05,600.5999755859375
2025-02-06,595.4500122070312
2025-02-07,607.4000244140625
2025-02-10,596.0
2025-02-11,595.8499755859375
2025-02-12,598.9000244140625
2025-02-13,602.5
2025-02-14,606.2000122070312
2025-02-17,610.8499755859375
2025-02-18,611.4500122070312
2025-02-19,626.2999877929688
2025-02-20,638.7999877929688
2025-02-21,653.5499877929688
2025-02-24,641.9000244140625
2025-02-25,619.4500122070312
2025-02-27,631.9500122070312
2025-02-28,634.3499755859375
2025-03-03,636.5499877929688
2025-03-04,641.6500244140625
2025-03-05,657.3499755859375
2025-03-06,681.9500122070312
2025-03-07,691.3499755859375
2025-03-10,689.1500244140625
2025-03-11,695.5
2025-03-12,689.8499755859375
2025-03-13,677.3499755859375
2025-03-17,680.75
2025-03-18,680.75
2025-03-19,698.5499877929688
2025-03-20,705.9500122070312
2025-03-21,695.3499755859375
2025-03-24,701.5
2025-03-25,693.4500122070312
2025-03-26,691.2999877929688
2025-03-27,693.3499755859375
2025-03-28,682.4500122070312
2025-04-01,663.75
2025-04-02,661.2000122070312
2025-04-03,652.6500244140625
2025-04-04,599.9500122070312
2025-04-07,561.7999877929688
2025-04-08,568.3499755859375
2025-04-09,564.0
2025-04-11,600.2999877929688
2025-04-15,617.5999755859375
2025-04-16,609.9000244140625
2025-04-17,609.5
2025-04-21,622.0
2025-04-22,620.0999755859375
2025-04-23,629.0999755859375
2025-04-24,628.3499755859375
2025-04-25,622.0999755859375
2025-04-28,628.6500244140625
2025-04-29,622.5499877929688
2025-04-30,624.6500244140625
2025-05-02,630.5
2025-05-05,633.4000244140625
2025-05-06,630.0499877929688
2025-05-07,636.2999877929688
2025-05-08,620.2000122070312
2025-05-09,627.1500244140625
2025-05-12,651.9500122070312
2025-05-13,634.75
2025-05-14,650.5499877929688
2025-05-15,661.3499755859375
2025-05-16,657.5499877929688
2025-05-19,658.3499755859375
2025-05-20,662.75
2025-05-21,663.0
2025-05-22,649.5499877929688
2025-05-23,650.0999755859375
2025-05-26,661.4500122070312
2025-05-27,659.4500122070312
2025-05-28,649.9500122070312
2025-05-29,650.0
2025-05-30,633.5
2025-06-02,631.0999755859375
2025-06-03,632.0
2025-06-04,635.8499755859375
2025-06-05,637.25
2025-06-06,650.1500244140625
2025-06-09,650.7999877929688
2025-06-10,658.3499755859375
2025-06-11,655.2000122070312
2025-06-12,651.0499877929688
2025-06-13,641.7999877929688
2025-06-16,649.5999755859375
2025-06-17,641.7000122070312
2025-06-18,645.3499755859375
2025-06-19,641.3499755859375
2025-06-20,649.1500244140625
2025-06-23,661.4000244140625
2025-06-24,669.4000244140625
2025-06-25,672.6500244140625
2025-06-26,690.5999755859375
2025-06-27,697.3499755859375
2025-06-30,692.8499755859375
2025-07-01,694.2999877929688
2025-07-02,698.3499755859375
2025-07-03,692.8499755859375
2025-07-04,699.4500122070312
2025-07-07,692.0999755859375
2025-07-08,685.5999755859375
2025-07-09,673.9500122070312
2025-07-10,675.0499877929688
2025-07-11,670.9500122070312
2025-07-14,666.5
2025-07-15,670.8499755859375
2025-07-16,666.75
2025-07-17,674.5499877929688
2025-07-18,675.9000244140625
2025-07-21,682.7000122070312
2025-07-22,690.0499877929688
2025-07-23,695.4000244140625
2025-07-24,695.5999755859375
2025-07-25,693.4500122070312
2025-07-28,689.3499755859375
2025-07-29,692.7000122070312
2025-07-30,688.7999877929688
2025-07-31,683.0499877929688
2025-08-01,672.4500122070312
