Date,JBMA.NS
2015-08-21,27.617382049560547
2015-08-24,26.389314651489258
2015-08-25,27.195526123046875
2015-08-26,28.57358169555664
2015-08-27,29.145427703857422
2015-08-28,30.251623153686523
2015-08-31,31.39531898498535
2015-09-01,30.710973739624023
2015-09-02,31.807804107666016
2015-09-03,31.69530487060547
2015-09-04,30.02663230895996
2015-09-07,30.420368194580078
2015-09-08,31.864046096801758
2015-09-09,32.20153045654297
2015-09-10,32.67717742919922
2015-09-11,32.31568908691406
2015-09-14,35.312278747558594
2015-09-15,37.157806396484375
2015-09-16,35.635719299316406
2015-09-18,36.50140380859375
2015-09-21,36.187477111816406
2015-09-22,35.654747009277344
2015-09-23,36.9960823059082
2015-09-24,36.81533432006836
2015-09-28,36.25407409667969
2015-09-29,36.10186004638672
2015-09-30,37.148292541503906
2015-10-01,37.281471252441406
2015-10-05,38.04251480102539
2015-10-06,38.736961364746094
2015-10-07,37.33855056762695
2015-10-08,36.73923110961914
2015-10-09,36.8533935546875
2015-10-12,35.4739990234375
2015-10-13,35.35984802246094
2015-10-14,34.6653938293457
2015-10-15,35.03641128540039
2015-10-16,34.32292938232422
2015-10-19,35.01737976074219
2015-10-20,34.34195327758789
2015-10-21,33.71409225463867
2015-10-23,33.343082427978516
2015-10-26,32.50593948364258
2015-10-27,33.35260009765625
2015-10-28,33.80922317504883
2015-10-29,33.514320373535156
2015-10-30,33.61896514892578
2015-11-02,33.75214767456055
2015-11-03,34.02803039550781
2015-11-04,35.512062072753906
2015-11-05,33.143310546875
2015-11-06,33.15282440185547
2015-11-09,32.99110412597656
2015-11-10,33.4001579284668
2015-11-13,32.93403244018555
2015-11-16,33.599945068359375
2015-11-17,34.42756652832031
2015-11-18,34.25634002685547
2015-11-19,34.71295928955078
2015-11-20,34.15169906616211
2015-11-23,34.360984802246094
2015-11-24,34.74149703979492
2015-11-26,34.68442153930664
2015-11-27,35.62621307373047
2015-11-30,35.102996826171875
2015-12-01,34.77003860473633
2015-12-02,35.36935806274414
2015-12-03,35.778419494628906
2015-12-04,36.396759033203125
2015-12-07,37.2529296875
2015-12-08,37.290985107421875
2015-12-09,37.76663589477539
2015-12-10,39.44093322753906
2015-12-11,40.163917541503906
2015-12-14,36.53945541381836
2015-12-15,36.777286529541016
2015-12-16,36.90095520019531
2015-12-17,37.09121322631836
2015-12-18,36.710693359375
2015-12-21,36.606048583984375
2015-12-22,36.158935546875
2015-12-23,35.864036560058594
2015-12-24,36.27309036254883
2015-12-28,36.682151794433594
2015-12-29,36.90095520019531
2015-12-30,36.62508010864258
2015-12-31,36.063804626464844
2016-01-01,36.2921257019043
2016-01-04,36.025753021240234
2016-01-05,36.72020721435547
2016-01-06,36.38725280761719
2016-01-07,35.75939178466797
2016-01-08,36.58702087402344
2016-01-11,35.76890563964844
2016-01-12,34.95078659057617
2016-01-13,34.19926071166992
2016-01-14,33.60945129394531
2016-01-15,33.31454849243164
2016-01-18,32.03029251098633
2016-01-19,31.107532501220703
2016-01-20,30.09915542602539
2016-01-21,29.518861770629883
2016-01-22,29.052724838256836
2016-01-25,28.367786407470703
2016-01-27,28.063371658325195
2016-01-28,28.45340347290039
2016-01-29,28.24411964416504
2016-02-01,28.30119514465332
2016-02-02,28.082395553588867
2016-02-03,26.788625717163086
2016-02-04,26.75057601928711
2016-02-05,27.758955001831055
2016-02-08,28.053861618041992
2016-02-09,28.129962921142578
2016-02-10,26.74106216430664
2016-02-11,23.29735565185547
2016-02-12,23.11660385131836
2016-02-15,26.018075942993164
2016-02-16,24.096446990966797
2016-02-17,22.4602108001709
2016-02-18,23.801542282104492
2016-02-19,24.010828018188477
2016-02-22,24.267681121826172
2016-02-23,24.35329818725586
2016-02-24,23.706411361694336
2016-02-25,23.715927124023438
2016-02-26,23.934724807739258
2016-02-29,23.449562072753906
2016-03-01,24.13450050354004
2016-03-02,26.427133560180664
2016-03-03,27.112070083618164
2016-03-04,26.58885383605957
2016-03-08,26.655445098876953
2016-03-09,26.959861755371094
2016-03-10,27.254764556884766
2016-03-11,26.693496704101562
2016-03-14,26.99791145324707
2016-03-15,26.4366455078125
2016-03-16,26.807653427124023
2016-03-17,26.2939510345459
2016-03-18,26.170286178588867
2016-03-21,26.75057601928711
2016-03-22,27.064504623413086
2016-03-23,27.359407424926758
2016-03-28,27.18817138671875
2016-03-29,26.883758544921875
2016-03-30,28.510480880737305
2016-03-31,28.206066131591797
2016-04-01,28.148988723754883
2016-04-04,27.644798278808594
2016-04-05,26.845701217651367
2016-04-06,26.683982849121094
2016-04-07,26.645933151245117
2016-04-08,26.893266677856445
2016-04-11,26.722036361694336
2016-04-12,26.81716537475586
2016-04-13,27.32135772705078
2016-04-18,27.57820701599121
2016-04-20,27.977754592895508
2016-04-21,28.510480880737305
2016-04-22,28.710254669189453
2016-04-25,29.138338088989258
2016-04-26,29.642528533935547
2016-04-27,29.96596908569336
2016-04-28,29.452268600463867
2016-04-29,29.404705047607422
2016-05-02,30.993377685546875
2016-05-03,30.203798294067383
2016-05-04,30.184772491455078
2016-05-05,30.727012634277344
2016-05-06,30.717498779296875
2016-05-09,30.81262969970703
2016-05-10,31.221691131591797
2016-05-11,31.02191734313965
2016-05-12,30.983867645263672
2016-05-13,31.668798446655273
2016-05-16,32.37276077270508
2016-05-17,32.40129852294922
2016-05-18,32.16347885131836
2016-05-19,31.392925262451172
2016-05-20,30.983867645263672
2016-05-23,29.918405532836914
2016-05-24,28.129962921142578
2016-05-25,28.22509002685547
2016-05-26,27.654314041137695
2016-05-27,27.568695068359375
2016-05-30,29.680580139160156
2016-05-31,27.50210189819336
2016-06-01,27.38794708251953
2016-06-02,27.38794708251953
2016-06-03,27.026453018188477
2016-06-06,26.683982849121094
2016-06-07,26.655445098876953
2016-06-08,27.18817138671875
2016-06-09,27.45453643798828
2016-06-10,27.083528518676758
2016-06-13,26.455671310424805
2016-06-14,25.84684181213379
2016-06-15,25.618528366088867
2016-06-16,25.352163314819336
2016-06-17,24.876514434814453
2016-06-20,23.763490676879883
2016-06-21,23.792030334472656
2016-06-22,23.506641387939453
2016-06-23,23.354429244995117
2016-06-24,23.630308151245117
2016-06-27,24.267681121826172
2016-06-28,24.629169464111328
2016-06-29,25.960996627807617
2016-06-30,25.713661193847656
2016-07-01,26.00855827331543
2016-07-04,25.960996627807617
2016-07-05,26.389076232910156
2016-07-07,26.503238677978516
2016-07-08,26.303464889526367
2016-07-11,25.856351852416992
2016-07-12,25.561450958251953
2016-07-13,25.209470748901367
2016-07-14,25.238006591796875
2016-07-15,25.333139419555664
2016-07-18,25.266544342041016
2016-07-19,24.981159210205078
2016-07-20,29.756685256958008
2016-07-21,27.96824073791504
2016-07-22,27.797006607055664
2016-07-25,28.129962921142578
2016-07-26,28.168012619018555
2016-07-27,28.00629425048828
2016-07-28,27.911163330078125
2016-07-29,27.701875686645508
2016-08-01,27.854084014892578
2016-08-02,27.38794708251953
2016-08-03,28.32022476196289
2016-08-04,28.03483009338379
2016-08-05,28.03483009338379
2016-08-08,28.929052352905273
2016-08-09,28.681716918945312
2016-08-10,27.93970489501953
2016-08-11,27.43551254272461
2016-08-12,26.902782440185547
2016-08-16,26.61739158630371
2016-08-17,26.607879638671875
2016-08-18,27.445026397705078
2016-08-19,27.568695068359375
2016-08-22,32.84840774536133
2016-08-23,36.977054595947266
2016-08-24,36.10186004638672
2016-08-25,37.34046173095703
2016-08-26,36.293888092041016
2016-08-29,36.610740661621094
2016-08-30,40.26893615722656
2016-08-31,42.707733154296875
2016-09-01,42.246856689453125
2016-09-02,42.611724853515625
2016-09-06,44.10955810546875
2016-09-07,44.3495979309082
2016-09-08,43.648677825927734
2016-09-09,42.246856689453125
2016-09-12,40.01929473876953
2016-09-14,41.555545806884766
2016-09-15,44.003944396972656
2016-09-16,42.82294845581055
2016-09-19,43.83111572265625
2016-09-20,43.93673324584961
2016-09-21,44.2919921875
2016-09-22,43.87912368774414
2016-09-23,42.94777297973633
2016-09-26,42.76534652709961
2016-09-27,42.1700439453125
2016-09-28,41.51714324951172
2016-09-29,39.81766891479492
2016-09-30,41.027462005615234
2016-10-03,40.69140625
2016-10-04,40.643402099609375
2016-10-05,40.9122428894043
2016-10-06,40.662593841552734
2016-10-07,40.11531448364258
2016-10-10,46.34672546386719
2016-10-13,44.70486068725586
2016-10-14,46.85560989379883
2016-10-17,47.719749450683594
2016-10-18,47.82536315917969
2016-10-19,47.124454498291016
2016-10-20,46.27951431274414
2016-10-21,53.864742279052734
2016-10-24,56.89883804321289
2016-10-25,55.967491149902344
2016-10-26,56.61079025268555
2016-10-27,54.575260162353516
2016-10-28,54.07597732543945
2016-11-01,59.74089813232422
2016-11-02,57.24449157714844
2016-11-03,55.497013092041016
2016-11-04,51.75240707397461
2016-11-07,53.250244140625
2016-11-08,52.65494918823242
2016-11-09,52.26129150390625
2016-11-10,52.11725997924805
2016-11-11,48.3630485534668
2016-11-15,40.768218994140625
2016-11-16,40.585784912109375
2016-11-17,40.81623077392578
2016-11-18,41.027462005615234
2016-11-21,37.77252960205078
2016-11-22,39.049537658691406
2016-11-23,42.122039794921875
2016-11-24,43.504661560058594
2016-11-25,44.772064208984375
2016-11-28,44.3495979309082
2016-11-29,44.848880767822266
2016-11-30,45.39617156982422
2016-12-01,44.2919921875
2016-12-02,42.36207962036133
2016-12-05,47.22046661376953
2016-12-06,46.85560989379883
2016-12-07,46.154693603515625
2016-12-08,47.05724334716797
2016-12-09,47.36449432373047
2016-12-12,46.03947448730469
2016-12-13,46.212310791015625
2016-12-14,44.551239013671875
2016-12-15,44.30159378051758
2016-12-16,44.10955810546875
2016-12-19,44.68565368652344
2016-12-20,43.475860595703125
2016-12-21,43.29343032836914
2016-12-22,42.41008758544922
2016-12-23,42.477298736572266
2016-12-26,41.305912017822266
2016-12-27,42.58291244506836
2016-12-28,42.53490447998047
2016-12-29,44.78166961669922
2016-12-30,44.397605895996094
2017-01-02,45.472984313964844
2017-01-03,45.108123779296875
2017-01-04,45.17533493041992
2017-01-05,47.62372970581055
2017-01-06,46.65397644042969
2017-01-09,47.07644271850586
2017-01-10,47.35488510131836
2017-01-11,49.947303771972656
2017-01-12,48.449466705322266
2017-01-13,49.42882537841797
2017-01-16,49.352012634277344
2017-01-17,50.84025955200195
2017-01-18,50.1777458190918
2017-01-19,50.09132766723633
2017-01-20,49.01595687866211
2017-01-23,49.832088470458984
2017-01-24,50.43699264526367
2017-01-25,49.72647476196289
2017-01-27,49.22719192504883
2017-01-30,48.775917053222656
2017-01-31,47.182064056396484
2017-02-01,48.775917053222656
2017-02-02,48.919944763183594
2017-02-03,48.49747085571289
2017-02-06,49.976112365722656
2017-02-07,48.93914794921875
2017-02-08,51.128299713134766
2017-02-09,51.29152297973633
2017-02-10,53.307857513427734
2017-02-13,54.008766174316406
2017-02-14,52.587738037109375
2017-02-15,51.9924430847168
2017-02-16,53.0870246887207
2017-02-17,52.962196350097656
2017-02-20,52.17487716674805
2017-02-21,52.194068908691406
2017-02-22,51.40674591064453
2017-02-23,51.56037521362305
2017-02-27,53.3366584777832
2017-02-28,53.71112060546875
2017-03-01,53.79753112792969
2017-03-02,52.78936767578125
2017-03-03,52.568538665771484
2017-03-06,51.93483352661133
2017-03-07,52.107662200927734
2017-03-08,51.71399688720703
2017-03-09,50.696231842041016
2017-03-10,50.052921295166016
2017-03-14,50.4561882019043
2017-03-15,52.1652717590332
2017-03-16,53.250244140625
2017-03-17,52.12686538696289
2017-03-20,54.047176361083984
2017-03-21,53.60550308227539
2017-03-22,52.87578582763672
2017-03-23,53.01980972290039
2017-03-24,53.90314483642578
2017-03-27,53.077415466308594
2017-03-28,53.38466262817383
2017-03-29,53.327056884765625
2017-03-30,53.250244140625
2017-03-31,52.990997314453125
2017-04-03,53.77832794189453
2017-04-05,54.50804901123047
2017-04-06,54.047176361083984
2017-04-07,52.59734344482422
2017-04-10,51.75240707397461
2017-04-11,52.731754302978516
2017-04-12,51.51237106323242
2017-04-13,51.51237106323242
2017-04-17,51.22431564331055
2017-04-18,50.782649993896484
2017-04-19,50.92667007446289
2017-04-20,52.808570861816406
2017-04-21,54.248809814453125
2017-04-24,54.450435638427734
2017-04-25,54.69047927856445
2017-04-26,53.557491302490234
2017-04-27,53.845542907714844
2017-04-28,53.47107696533203
2017-05-02,53.259849548339844
2017-05-03,52.837379455566406
2017-05-04,52.60694122314453
2017-05-05,52.8565788269043
2017-05-08,52.59734344482422
2017-05-09,53.077415466308594
2017-05-10,53.461483001708984
2017-05-11,52.53973388671875
2017-05-12,53.12542724609375
2017-05-15,54.7576904296875
2017-05-16,54.03757095336914
2017-05-17,54.728885650634766
2017-05-18,54.02797317504883
2017-05-19,53.883949279785156
2017-05-22,53.71112060546875
2017-05-23,52.962196350097656
2017-05-24,51.83882141113281
2017-05-25,53.279048919677734
2017-05-26,54.594459533691406
2017-05-29,54.18159103393555
2017-05-30,54.15279769897461
2017-05-31,52.5781364440918
2017-06-01,52.50132369995117
2017-06-02,52.29009246826172
2017-06-05,51.76200485229492
2017-06-06,51.54116439819336
2017-06-07,51.65638732910156
2017-06-08,51.40674591064453
2017-06-09,52.17487716674805
2017-06-12,51.48356246948242
2017-06-13,52.482120513916016
2017-06-14,54.95932388305664
2017-06-15,54.16239547729492
2017-06-16,54.18159103393555
2017-06-19,53.250244140625
2017-06-20,53.864742279052734
2017-06-21,52.8853874206543
2017-06-22,52.5493278503418
2017-06-23,51.69479751586914
2017-06-27,50.39858627319336
2017-06-28,50.773048400878906
2017-06-29,50.76344680786133
2017-06-30,50.34097671508789
2017-07-03,53.23104476928711
2017-07-04,56.04430389404297
2017-07-05,55.02653503417969
2017-07-06,65.84748840332031
2017-07-07,71.01313018798828
2017-07-10,70.09138488769531
2017-07-11,67.38373565673828
2017-07-12,68.53592681884766
2017-07-13,70.024169921875
2017-07-14,70.21619415283203
2017-07-17,70.64826965332031
2017-07-18,69.0448226928711
2017-07-19,68.27667999267578
2017-07-20,69.93775177001953
2017-07-21,69.76493835449219
2017-07-24,68.29588317871094
2017-07-25,68.3438949584961
2017-07-26,68.11345672607422
2017-07-27,66.92285919189453
2017-07-28,66.39478302001953
2017-07-31,67.66217803955078
2017-08-01,67.24931335449219
2017-08-02,66.1451416015625
2017-08-03,64.07121276855469
2017-08-04,63.6295280456543
2017-08-07,69.17923736572266
2017-08-08,66.21234893798828
2017-08-09,64.47447204589844
2017-08-10,60.562530517578125
2017-08-11,59.52901077270508
2017-08-14,62.52333450317383
2017-08-16,64.85116577148438
2017-08-17,64.67731475830078
2017-08-18,66.32901000976562
2017-08-21,66.42559814453125
2017-08-22,65.31482696533203
2017-08-23,66.25173950195312
2017-08-24,66.36764526367188
2017-08-28,66.2420883178711
2017-08-29,66.90855407714844
2017-08-30,71.11027526855469
2017-08-31,77.48526763916016
2017-09-01,77.98754119873047
2017-09-04,81.51312255859375
2017-09-05,78.99209594726562
2017-09-06,79.84209442138672
2017-09-07,79.43640899658203
2017-09-08,82.88470458984375
2017-09-11,99.0057373046875
2017-09-12,111.17620086669922
2017-09-13,106.72335815429688
2017-09-14,113.65857696533203
2017-09-15,115.75460815429688
2017-09-18,118.39154815673828
2017-09-19,117.8796157836914
2017-09-20,114.96257019042969
2017-09-21,114.00631713867188
2017-09-22,111.25347900390625
2017-09-25,101.15972137451172
2017-09-26,107.78585815429688
2017-09-27,105.8540267944336
2017-09-28,106.53984069824219
2017-09-29,106.35631561279297
2017-10-03,110.2199478149414
2017-10-04,111.80403137207031
2017-10-05,110.03643035888672
2017-10-06,110.61597442626953
2017-10-09,106.20176696777344
2017-10-10,107.70858764648438
2017-10-11,105.15858459472656
2017-10-12,104.57902526855469
2017-10-13,103.84494018554688
2017-10-16,105.53529357910156
2017-10-17,104.9364242553711
2017-10-18,103.4199447631836
2017-10-19,104.05744934082031
2017-10-23,100.93755340576172
2017-10-24,101.00516510009766
2017-10-25,101.76823425292969
2017-10-26,100.3097152709961
2017-10-27,103.15914916992188
2017-10-30,103.5358657836914
2017-10-31,104.06710815429688
2017-11-01,103.81597900390625
2017-11-02,107.42847442626953
2017-11-03,107.68926239013672
2017-11-06,106.25972747802734
2017-11-07,104.61766815185547
2017-11-08,102.83074188232422
2017-11-09,101.43017578125
2017-11-10,99.14097595214844
2017-11-13,95.31596374511719
2017-11-14,94.10858154296875
2017-11-15,100.26142120361328
2017-11-16,104.05744934082031
2017-11-17,104.36654663085938
2017-11-20,105.02335357666016
2017-11-21,103.48756408691406
2017-11-22,102.83074188232422
2017-11-23,103.5358657836914
2017-11-24,102.7051773071289
2017-11-27,103.39097595214844
2017-11-28,102.15461730957031
2017-11-29,101.5074462890625
2017-11-30,100.300048828125
2017-12-01,103.09154510498047
2017-12-04,100.1551742553711
2017-12-05,100.33869934082031
2017-12-06,98.9091567993164
2017-12-07,100.1455078125
2017-12-08,100.76368713378906
2017-12-11,101.35289764404297
2017-12-12,101.4494857788086
2017-12-13,99.0057373046875
2017-12-14,98.0108413696289
2017-12-15,97.82733154296875
2017-12-18,96.66824340820312
2017-12-19,96.9580078125
2017-12-20,102.97563171386719
2017-12-21,106.92620086669922
2017-12-22,107.7472152709961
2017-12-26,108.5779037475586
2017-12-27,107.08074188232422
2017-12-28,106.92620086669922
2017-12-29,106.13414764404297
2018-01-01,105.32279205322266
2018-01-02,104.9364242553711
2018-01-03,101.78755950927734
2018-01-04,105.58358764648438
2018-01-05,107.50574493408203
2018-01-08,107.08074188232422
2018-01-09,106.63642883300781
2018-01-10,104.95575714111328
2018-01-11,105.11028289794922
2018-01-12,104.43415832519531
2018-01-15,102.34778594970703
2018-01-16,102.29949188232422
2018-01-17,100.54153442382812
2018-01-18,98.77392578125
2018-01-19,98.53244018554688
2018-01-22,98.53244018554688
2018-01-23,98.60005950927734
2018-01-24,98.13642120361328
2018-01-25,96.88074493408203
2018-01-29,97.04493713378906
2018-01-30,94.98755645751953
2018-01-31,95.18073272705078
2018-02-01,95.2290267944336
2018-02-02,90.737548828125
2018-02-05,85.2705078125
2018-02-06,79.00174713134766
2018-02-07,88.99890899658203
2018-02-08,94.23413848876953
2018-02-09,90.91141510009766
2018-02-12,94.83301544189453
2018-02-14,93.95403289794922
2018-02-15,91.4330062866211
2018-02-16,88.73812103271484
2018-02-19,85.8693618774414
2018-02-20,84.63300323486328
2018-02-21,84.20800018310547
2018-02-22,83.3773193359375
2018-02-23,85.16425323486328
2018-02-26,85.28982543945312
2018-02-27,84.08244323730469
2018-02-28,82.87504577636719
2018-03-01,82.90402221679688
2018-03-05,83.44493865966797
2018-03-06,80.65345764160156
2018-03-07,77.49493408203125
2018-03-08,78.24834442138672
2018-03-09,78.17107391357422
2018-03-12,81.32958984375
2018-03-13,85.13526916503906
2018-03-14,83.33868408203125
2018-03-15,84.33358001708984
2018-03-16,84.79720306396484
2018-03-19,81.20401763916016
2018-03-20,79.35914611816406
2018-03-21,79.62959289550781
2018-03-22,78.43186950683594
2018-03-23,75.07050323486328
2018-03-26,74.74208068847656
2018-03-27,75.65969848632812
2018-03-28,73.10971069335938
2018-04-02,83.9955062866211
2018-04-03,84.26595306396484
2018-04-04,80.865966796875
2018-04-05,83.59947967529297
2018-04-06,84.00516510009766
2018-04-09,84.69095611572266
2018-04-10,84.15970611572266
2018-04-11,82.768798828125
2018-04-12,83.65743255615234
2018-04-13,84.43983459472656
2018-04-16,84.99039459228516
2018-04-17,85.81141662597656
2018-04-18,84.74890899658203
2018-04-19,84.78753662109375
2018-04-20,84.25630950927734
2018-04-23,84.33358001708984
2018-04-24,83.89891052246094
2018-04-25,81.92845153808594
2018-04-26,81.9188003540039
2018-04-27,82.87504577636719
2018-04-30,82.72050476074219
2018-05-02,83.30004119873047
2018-05-03,81.98640441894531
2018-05-04,81.39720153808594
2018-05-07,80.75971221923828
2018-05-08,82.14096069335938
2018-05-09,83.57050323486328
2018-05-10,82.38243865966797
2018-05-11,82.08300018310547
2018-05-14,82.9330062866211
2018-05-15,84.24664306640625
2018-05-16,82.27619171142578
2018-05-17,81.27163696289062
2018-05-18,78.62504577636719
2018-05-21,75.23470306396484
2018-05-22,74.577880859375
2018-05-23,73.97901916503906
2018-05-24,72.98413848876953
2018-05-25,74.80970001220703
2018-05-28,79.581298828125
2018-05-29,79.69721221923828
2018-05-30,78.39324188232422
2018-05-31,77.03129577636719
2018-06-01,75.08016204833984
2018-06-04,72.56879425048828
2018-06-05,69.27503967285156
2018-06-06,70.4051513671875
2018-06-07,71.43867492675781
2018-06-08,71.06197357177734
2018-06-11,73.95004272460938
2018-06-12,75.46651458740234
2018-06-13,75.91083526611328
2018-06-14,73.34151458740234
2018-06-15,72.64605712890625
2018-06-18,71.96026611328125
2018-06-19,70.29890441894531
2018-06-20,68.85003662109375
2018-06-21,66.73468780517578
2018-06-22,65.40174865722656
2018-06-25,62.70685577392578
2018-06-26,60.1665153503418
2018-06-27,57.114234924316406
2018-06-28,59.06537628173828
2018-06-29,59.693214416503906
2018-07-02,60.79435348510742
2018-07-03,59.46139907836914
2018-07-04,58.50514602661133
2018-07-05,58.59208297729492
2018-07-06,57.93526077270508
2018-07-09,59.90571212768555
2018-07-10,65.18923950195312
2018-07-11,64.21367645263672
2018-07-12,63.75969314575195
2018-07-13,62.90969467163086
2018-07-16,60.44662857055664
2018-07-17,60.83298873901367
2018-07-18,58.97844696044922
2018-07-19,59.41310501098633
2018-07-20,58.814239501953125
2018-07-23,59.36480712890625
2018-07-24,66.35797882080078
2018-07-25,65.16991424560547
2018-07-26,65.19890594482422
2018-07-27,66.0875244140625
2018-07-30,65.89436340332031
2018-07-31,65.47901916503906
2018-08-01,66.49321746826172
2018-08-02,67.10174560546875
2018-08-03,70.0091323852539
2018-08-06,73.93072509765625
2018-08-07,70.327880859375
2018-08-08,69.13015747070312
2018-08-09,70.7818603515625
2018-08-10,70.80118560791016
2018-08-13,70.20230102539062
2018-08-14,70.11537170410156
2018-08-16,71.01367950439453
2018-08-17,72.30799102783203
2018-08-20,71.32276916503906
2018-08-21,70.63697052001953
2018-08-23,70.53014373779297
2018-08-24,69.14129638671875
2018-08-27,69.36468505859375
2018-08-28,68.54884338378906
2018-08-29,68.09236907958984
2018-08-30,67.6844711303711
2018-08-31,67.55818939208984
2018-09-03,68.24776458740234
2018-09-04,67.33482360839844
2018-09-05,67.11143493652344
2018-09-06,69.12186431884766
2018-09-07,69.93769073486328
2018-09-10,68.72367858886719
2018-09-11,68.03409576416016
2018-09-12,68.62654876708984
2018-09-14,69.1704330444336
2018-09-17,67.62619018554688
2018-09-18,66.59668731689453
2018-09-19,66.64525604248047
2018-09-21,62.75065231323242
2018-09-24,61.556053161621094
2018-09-25,59.68159866333008
2018-09-26,59.195980072021484
2018-09-27,58.26361083984375
2018-09-28,55.73843002319336
2018-10-01,55.59274673461914
2018-10-03,53.77656173706055
2018-10-04,53.04814910888672
2018-10-05,50.86289596557617
2018-10-08,54.019371032714844
2018-10-09,53.067569732666016
2018-10-10,53.7474250793457
2018-10-11,53.66001510620117
2018-10-12,54.90317916870117
2018-10-15,56.903900146484375
2018-10-16,57.21468734741211
2018-10-17,57.57403564453125
2018-10-19,56.33087158203125
2018-10-22,53.961097717285156
2018-10-23,51.31937026977539
2018-10-24,51.63016128540039
2018-10-25,51.047428131103516
2018-10-26,50.464691162109375
2018-10-29,52.41685104370117
2018-10-30,53.193824768066406
2018-10-31,53.56289291381836
2018-11-01,54.922603607177734
2018-11-02,57.253536224365234
2018-11-05,61.17727279663086
2018-11-06,59.28339385986328
2018-11-07,59.57476043701172
2018-11-09,61.303531646728516
2018-11-12,60.97331237792969
2018-11-13,60.915042877197266
2018-11-14,57.9431037902832
2018-11-15,57.54490661621094
2018-11-16,57.4769172668457
2018-11-19,58.0499382019043
2018-11-20,57.156410217285156
2018-11-21,56.72907638549805
2018-11-22,57.32151794433594
2018-11-26,57.59346389770508
2018-11-27,56.97187805175781
2018-11-28,59.31252670288086
2018-11-29,57.923675537109375
2018-11-30,58.00137710571289
2018-12-03,58.3607292175293
2018-12-04,58.739505767822266
2018-12-05,57.90425491333008
2018-12-06,55.466487884521484
2018-12-07,54.81576919555664
2018-12-10,54.00965881347656
2018-12-11,55.39849853515625
2018-12-12,57.253536224365234
2018-12-13,56.42799377441406
2018-12-14,55.786991119384766
2018-12-17,55.621883392333984
2018-12-18,56.787353515625
2018-12-19,58.27332305908203
2018-12-20,58.51612091064453
2018-12-21,57.36037063598633
2018-12-24,55.87440490722656
2018-12-26,55.515045166015625
2018-12-27,59.27367401123047
2018-12-28,59.2056884765625
2018-12-31,59.866119384765625
2019-01-01,58.778358459472656
2019-01-02,59.302818298339844
2019-01-03,59.244537353515625
2019-01-04,59.438785552978516
2019-01-07,58.438419342041016
2019-01-08,57.408931732177734
2019-01-09,56.62224197387695
2019-01-10,56.04921340942383
2019-01-11,55.70929718017578
2019-01-14,55.52476119995117
2019-01-15,56.58339309692383
2019-01-16,56.66109085083008
2019-01-17,56.79706573486328
2019-01-18,55.75785827636719
2019-01-21,55.466487884521484
2019-01-22,54.36900329589844
2019-01-23,53.70857620239258
2019-01-24,53.66972351074219
2019-01-25,52.6596565246582
2019-01-28,52.11577606201172
2019-01-29,50.99886703491211
2019-01-30,52.09634780883789
2019-01-31,53.35893249511719
2019-02-01,55.28195571899414
2019-02-04,53.067569732666016
2019-02-05,51.33879089355469
2019-02-06,51.144554138183594
2019-02-07,50.454978942871094
2019-02-08,50.115055084228516
2019-02-11,49.464332580566406
2019-02-12,48.47368621826172
2019-02-14,48.76505661010742
2019-02-15,47.95894241333008
2019-02-18,47.93952178955078
2019-02-19,47.56074142456055
2019-02-20,49.42548370361328
2019-02-21,51.55246353149414
2019-02-22,51.3679313659668
2019-02-25,52.95102310180664
2019-02-26,51.31937026977539
2019-02-27,49.299224853515625
2019-02-28,51.3679313659668
2019-03-01,53.54347229003906
2019-03-05,55.5636100769043
2019-03-06,55.99095153808594
2019-03-07,56.64167022705078
2019-03-08,55.79670715332031
2019-03-11,55.22368240356445
2019-03-12,57.370079040527344
2019-03-13,56.398860931396484
2019-03-14,54.951744079589844
2019-03-15,54.0582160949707
2019-03-18,53.22296142578125
2019-03-19,52.41685104370117
2019-03-20,51.34850311279297
2019-03-22,51.45534133911133
2019-03-25,50.493831634521484
2019-03-26,50.74634552001953
2019-03-27,50.38699722290039
2019-03-28,50.736637115478516
2019-04-01,52.42656326293945
2019-04-02,52.601383209228516
2019-04-03,51.71757125854492
2019-04-04,53.0772819519043
2019-04-05,53.48519515991211
2019-04-08,52.89274978637695
2019-04-09,52.78591537475586
2019-04-10,51.82440948486328
2019-04-11,52.18375778198242
2019-04-12,52.92189025878906
2019-04-15,52.125484466552734
2019-04-16,52.91217041015625
2019-04-18,52.15461730957031
2019-04-22,51.31937026977539
2019-04-23,51.35822296142578
2019-04-24,51.688438415527344
2019-04-25,51.066856384277344
2019-04-26,50.212181091308594
2019-04-30,49.11469650268555
2019-05-02,47.91038131713867
2019-05-03,47.1722526550293
2019-05-06,46.98772048950195
2019-05-07,45.249229431152344
2019-05-08,43.656429290771484
2019-05-09,42.41326141357422
2019-05-10,42.48125076293945
2019-05-13,43.267940521240234
2019-05-14,45.035560607910156
2019-05-15,45.94851303100586
2019-05-16,46.27872848510742
2019-05-17,45.025848388671875
2019-05-20,47.0654182434082
2019-05-21,45.88053512573242
2019-05-22,45.93879699707031
2019-05-23,44.77333068847656
2019-05-24,47.551025390625
2019-05-27,49.9693717956543
2019-05-28,50.96002197265625
2019-05-29,49.483760833740234
2019-05-30,49.765419006347656
2019-05-31,48.07548522949219
2019-06-03,47.29851150512695
2019-06-04,49.03700256347656
2019-06-06,49.35750198364258
2019-06-07,49.308937072753906
2019-06-10,48.40570068359375
2019-06-11,48.02693176269531
2019-06-12,47.99778747558594
2019-06-13,48.19203186035156
2019-06-14,47.1722526550293
2019-06-17,46.7060661315918
2019-06-18,45.17153549194336
2019-06-19,43.821533203125
2019-06-20,44.2682991027832
2019-06-21,44.55966567993164
2019-06-24,43.899234771728516
2019-06-25,43.28736114501953
2019-06-26,44.56937789916992
2019-06-27,44.61793518066406
2019-06-28,43.87009811401367
2019-07-01,44.2682991027832
2019-07-02,44.443119049072266
2019-07-03,44.22945022583008
2019-07-04,45.49203872680664
2019-07-05,44.78304672241211
2019-07-08,43.16110610961914
2019-07-09,43.36506652832031
2019-07-10,42.889163970947266
2019-07-11,42.52009582519531
2019-07-12,41.9373664855957
2019-07-15,41.08268737792969
2019-07-16,40.95642852783203
2019-07-17,40.121185302734375
2019-07-18,37.761112213134766
2019-07-19,35.459312438964844
2019-07-22,34.6531982421875
2019-07-23,34.86687088012695
2019-07-24,34.24528884887695
2019-07-25,34.614349365234375
2019-07-26,33.69169235229492
2019-07-29,32.710758209228516
2019-07-30,31.389894485473633
2019-07-31,31.82694435119629
2019-08-01,30.82658576965332
2019-08-02,30.66147804260254
2019-08-05,29.0589599609375
2019-08-06,29.39889144897461
2019-08-07,28.8161563873291
2019-08-08,29.719392776489258
2019-08-09,29.17551040649414
2019-08-13,28.65104866027832
2019-08-14,29.35032844543457
2019-08-16,28.699609756469727
2019-08-19,29.53485870361328
2019-08-20,29.243494033813477
2019-08-21,28.903568267822266
2019-08-22,27.135940551757812
2019-08-23,27.320472717285156
2019-08-26,29.36004066467285
2019-08-27,29.389179229736328
2019-08-28,28.777307510375977
2019-08-29,28.57335090637207
2019-08-30,29.097808837890625
2019-09-03,29.136661529541016
2019-09-04,28.515077590942383
2019-09-05,29.353466033935547
2019-09-06,30.093219757080078
2019-09-09,30.201719284057617
2019-09-11,31.247236251831055
2019-09-12,31.010517120361328
2019-09-13,31.52341079711914
2019-09-16,30.72447967529297
2019-09-17,30.152402877807617
2019-09-18,29.83677101135254
2019-09-19,29.373191833496094
2019-09-20,31.70095443725586
2019-09-23,31.95740509033203
2019-09-24,38.34888458251953
2019-09-25,40.01579666137695
2019-09-26,40.55828857421875
2019-09-27,39.17741012573242
2019-09-30,37.00746154785156
2019-10-01,34.393653869628906
2019-10-03,33.73281478881836
2019-10-04,33.21991729736328
2019-10-07,37.0173225402832
2019-10-09,44.1978759765625
2019-10-10,43.77375030517578
2019-10-11,46.21987533569336
2019-10-14,43.951290130615234
2019-10-15,44.858726501464844
2019-10-16,44.089385986328125
2019-10-17,44.23733139038086
2019-10-18,43.38908004760742
2019-10-22,42.38301467895508
2019-10-23,41.0711784362793
2019-10-24,44.53323745727539
2019-10-25,43.32989501953125
2019-10-27,43.951290130615234
2019-10-29,44.641727447509766
2019-10-30,45.12503433227539
2019-10-31,44.56282043457031
2019-11-01,43.37921905517578
2019-11-04,43.73429870605469
2019-11-05,44.72064208984375
2019-11-06,45.371620178222656
2019-11-07,45.30257797241211
2019-11-08,44.1978759765625
2019-11-11,44.68118667602539
2019-11-13,44.335968017578125
2019-11-14,44.7896842956543
2019-11-15,44.868587493896484
2019-11-18,44.17815017700195
2019-11-19,44.72064208984375
2019-11-20,44.53323745727539
2019-11-21,44.1978759765625
2019-11-22,44.56282043457031
2019-11-25,44.335968017578125
2019-11-26,46.09164810180664
2019-11-27,47.255523681640625
2019-11-28,46.722904205322266
2019-11-29,47.403480529785156
2019-12-02,46.95962905883789
2019-12-03,46.75250244140625
2019-12-04,48.13337326049805
2019-12-05,47.41334533691406
2019-12-06,47.235801696777344
2019-12-09,48.59695053100586
2019-12-10,46.880714416503906
2019-12-11,47.52184295654297
2019-12-12,47.79801559448242
2019-12-13,49.800289154052734
2019-12-16,49.42547607421875
2019-12-17,51.33897399902344
2019-12-18,50.599220275878906
2019-12-19,52.95656967163086
2019-12-20,53.597694396972656
2019-12-23,55.40269088745117
2019-12-24,54.76157760620117
2019-12-26,56.82302474975586
2019-12-27,56.81315994262695
2019-12-30,57.02029037475586
2019-12-31,56.280540466308594
2020-01-01,55.53091812133789
2020-01-02,56.60602951049805
2020-01-03,55.5407829284668
2020-01-06,52.128047943115234
2020-01-07,52.94670867919922
2020-01-08,51.34884262084961
2020-01-09,53.084800720214844
2020-01-10,53.74564743041992
2020-01-13,54.613624572753906
2020-01-14,54.307857513427734
2020-01-15,53.74564743041992
2020-01-16,54.27826690673828
2020-01-17,53.587833404541016
2020-01-20,53.37083435058594
2020-01-21,53.3215217590332
2020-01-22,52.65081024169922
2020-01-23,52.966434478759766
2020-01-24,52.18722915649414
2020-01-27,51.34884262084961
2020-01-28,50.056732177734375
2020-01-29,49.96796417236328
2020-01-30,50.244140625
2020-01-31,49.918643951416016
2020-02-03,47.14703369140625
2020-02-04,48.606815338134766
2020-02-05,49.00135040283203
2020-02-06,48.942169189453125
2020-02-07,49.16902542114258
2020-02-10,47.531700134277344
2020-02-11,47.334442138671875
2020-02-12,46.92017364501953
2020-02-13,46.38754653930664
2020-02-14,46.269195556640625
2020-02-17,45.470252990722656
2020-02-18,44.809410095214844
2020-02-19,45.30257797241211
2020-02-20,45.52943801879883
2020-02-24,44.23733139038086
2020-02-25,43.93156433105469
2020-02-26,45.0855827331543
2020-02-27,44.35569381713867
2020-02-28,39.128089904785156
2020-03-02,38.723690032958984
2020-03-03,39.01959228515625
2020-03-04,37.52035903930664
2020-03-05,38.77301025390625
2020-03-06,37.25404357910156
2020-03-09,36.109893798828125
2020-03-11,37.09623336791992
2020-03-12,33.190330505371094
2020-03-13,32.89442443847656
2020-03-16,29.826908111572266
2020-03-17,27.568191528320312
2020-03-18,24.28368377685547
2020-03-19,22.429363250732422
2020-03-20,23.445293426513672
2020-03-23,22.64635467529297
2020-03-24,20.397504806518555
2020-03-25,19.71692657470703
2020-03-26,21.610698699951172
2020-03-27,23.5833797454834
2020-03-30,25.03329849243164
2020-03-31,27.479419708251953
2020-04-01,27.16379165649414
2020-04-03,26.11827278137207
2020-04-07,26.788982391357422
2020-04-08,27.499147415161133
2020-04-09,28.307947158813477
2020-04-13,27.400516510009766
2020-04-15,27.873958587646484
2020-04-16,28.495351791381836
2020-04-17,29.915679931640625
2020-04-20,31.405052185058594
2020-04-21,32.963470458984375
2020-04-22,34.452842712402344
2020-04-23,33.071964263916016
2020-04-24,31.74040985107422
2020-04-27,31.099287033081055
2020-04-28,30.675161361694336
2020-04-29,32.18426513671875
2020-04-30,33.644046783447266
2020-05-04,31.967266082763672
2020-05-05,30.36939811706543
2020-05-06,29.560596466064453
2020-05-07,29.027973175048828
2020-05-08,30.231306076049805
2020-05-11,31.454368591308594
2020-05-12,31.54313850402832
2020-05-13,33.111419677734375
2020-05-14,32.7563362121582
2020-05-15,32.046173095703125
2020-05-18,30.606117248535156
2020-05-19,30.635709762573242
2020-05-20,31.266963958740234
2020-05-21,31.22751235961914
2020-05-22,30.48775863647461
2020-05-26,29.767730712890625
2020-05-27,29.432374954223633
2020-05-28,30.30035400390625
2020-05-29,30.68502426147461
2020-06-01,30.763931274414062
2020-06-02,31.917949676513672
2020-06-03,32.37166976928711
2020-06-04,31.424779891967773
2020-06-05,36.05070877075195
2020-06-08,38.200927734375
2020-06-09,36.257843017578125
2020-06-10,35.784400939941406
2020-06-11,34.403526306152344
2020-06-12,34.748741149902344
2020-06-15,34.13721466064453
2020-06-16,34.21611785888672
2020-06-17,34.659969329833984
2020-06-18,36.6622428894043
2020-06-19,37.49076461791992
2020-06-22,37.73735046386719
2020-06-23,45.28285217285156
2020-06-24,43.01426696777344
2020-06-25,45.51957321166992
2020-06-26,44.0499267578125
2020-06-29,43.12276840209961
2020-06-30,43.27071762084961
2020-07-01,42.8071403503418
2020-07-02,42.23506164550781
2020-07-03,42.8564567565918
2020-07-06,42.64932632446289
2020-07-07,42.15615463256836
2020-07-08,42.09697341918945
2020-07-09,42.02792739868164
2020-07-10,42.30410385131836
2020-07-13,41.51503372192383
2020-07-14,40.06511306762695
2020-07-15,39.631126403808594
2020-07-16,39.48317337036133
2020-07-17,40.0848388671875
2020-07-20,39.453582763671875
2020-07-21,39.64098358154297
2020-07-22,38.99000549316406
2020-07-23,38.69409942626953
2020-07-24,38.34888458251953
2020-07-27,36.8200569152832
2020-07-28,38.31929016113281
2020-07-29,38.329158782958984
2020-07-30,37.895164489746094
2020-07-31,37.18500518798828
2020-08-03,39.07877731323242
2020-08-04,40.706233978271484
2020-08-05,47.3640251159668
2020-08-06,44.28664779663086
2020-08-07,45.00667953491211
2020-08-10,43.556758880615234
2020-08-11,44.25706100463867
2020-08-12,43.88225173950195
2020-08-13,44.12883758544922
2020-08-14,42.9649543762207
2020-08-17,44.75022506713867
2020-08-18,45.64779281616211
2020-08-19,44.93762969970703
2020-08-20,44.68118667602539
2020-08-21,45.00667953491211
2020-08-24,45.96342086791992
2020-08-25,48.2122802734375
2020-08-26,49.316978454589844
2020-08-27,47.47252655029297
2020-08-28,48.93230056762695
2020-08-31,45.71683883666992
2020-09-01,45.993019104003906
2020-09-02,46.594688415527344
2020-09-03,46.30864715576172
2020-09-04,45.52943801879883
2020-09-07,44.9869499206543
2020-09-08,44.56282043457031
2020-09-09,43.852657318115234
2020-09-10,45.3321647644043
2020-09-11,45.80561447143555
2020-09-14,47.24566650390625
2020-09-15,47.433074951171875
2020-09-16,47.07798767089844
2020-09-17,46.48619079589844
2020-09-18,45.1842155456543
2020-09-21,43.221397399902344
2020-09-22,42.018062591552734
2020-09-23,42.629600524902344
2020-09-24,40.80487060546875
2020-09-25,42.76768493652344
2020-09-28,48.00514602661133
2020-09-29,47.72896957397461
2020-09-30,46.279048919677734
2020-10-01,46.239601135253906
2020-10-05,45.854923248291016
2020-10-06,46.45659255981445
2020-10-07,46.11137390136719
2020-10-08,45.51957321166992
2020-10-09,45.460391998291016
2020-10-12,47.88678741455078
2020-10-13,49.12957763671875
2020-10-14,48.18269348144531
2020-10-15,46.11137390136719
2020-10-16,46.565086364746094
2020-10-19,46.860992431640625
2020-10-20,46.949764251708984
2020-10-21,46.55522918701172
2020-10-22,45.84506607055664
2020-10-23,47.24566650390625
2020-10-26,45.80561447143555
2020-10-27,47.69938278198242
2020-10-28,46.79194641113281
2020-10-29,47.817745208740234
2020-10-30,47.452796936035156
2020-11-02,47.48238754272461
2020-11-03,46.565086364746094
2020-11-04,46.9300422668457
2020-11-05,46.79194641113281
2020-11-06,47.433074951171875
2020-11-09,47.294986724853516
2020-11-10,46.318504333496094
2020-11-11,47.10757827758789
2020-11-12,46.73277282714844
2020-11-13,47.01880645751953
2020-11-14,47.206214904785156
2020-11-17,47.541568756103516
2020-11-18,51.23047637939453
2020-11-19,50.332908630371094
2020-11-20,49.99755096435547
2020-11-23,50.875396728515625
2020-11-24,52.45353698730469
2020-11-25,50.99375915527344
2020-11-26,52.670536041259766
2020-11-27,53.4102897644043
2020-12-01,56.319984436035156
2020-12-02,54.741851806640625
2020-12-03,55.35725784301758
2020-12-04,57.90823745727539
2020-12-07,56.46896743774414
2020-12-08,54.761695861816406
2020-12-09,55.674888610839844
2020-12-10,54.74184799194336
2020-12-11,54.36465835571289
2020-12-14,54.940364837646484
2020-12-15,53.649986267089844
2020-12-16,54.195919036865234
2020-12-17,52.73679733276367
2020-12-18,52.06182861328125
2020-12-21,48.80609893798828
2020-12-22,50.0865592956543
2020-12-23,51.89308547973633
2020-12-24,52.30998229980469
2020-12-28,54.51354217529297
2020-12-29,55.555782318115234
2020-12-30,55.456512451171875
2020-12-31,55.19844436645508
2021-01-01,55.377113342285156
2021-01-04,55.188514709472656
2021-01-05,57.044677734375
2021-01-06,62.146636962890625
2021-01-07,61.92826461791992
2021-01-08,60.5584716796875
2021-01-11,63.12930679321289
2021-01-12,63.367530822753906
2021-01-13,62.6131591796875
2021-01-14,62.27567672729492
2021-01-15,63.67523956298828
2021-01-18,66.88133239746094
2021-01-19,71.68550872802734
2021-01-20,75.97354125976562
2021-01-21,73.99827575683594
2021-01-22,72.34063720703125
2021-01-25,74.4449462890625
2021-01-27,74.573974609375
2021-01-28,74.48464965820312
2021-01-29,74.6930923461914
2021-02-01,75.69561767578125
2021-02-02,80.4203872680664
2021-02-03,80.80750274658203
2021-02-04,82.14750671386719
2021-02-05,81.30380249023438
2021-02-08,82.5147705078125
2021-02-09,81.35343170166016
2021-02-10,78.83222961425781
2021-02-11,80.03327178955078
2021-02-12,79.0903091430664
2021-02-15,78.00836944580078
2021-02-16,82.5147705078125
2021-02-17,81.41297912597656
2021-02-18,80.69832611083984
2021-02-19,80.03327178955078
2021-02-22,78.12747955322266
2021-02-23,83.03092956542969
2021-02-24,86.97154235839844
2021-02-25,86.69361114501953
2021-02-26,83.73566436767578
2021-03-01,85.86975860595703
2021-03-02,84.6587905883789
2021-03-03,86.70354461669922
2021-03-04,88.54977416992188
2021-03-05,88.35126495361328
2021-03-08,85.59182739257812
2021-03-09,83.64633178710938
2021-03-10,88.80785369873047
2021-03-12,89.88977813720703
2021-03-15,90.6441650390625
2021-03-16,91.26948547363281
2021-03-17,85.8300552368164
2021-03-18,84.90694427490234
2021-03-19,85.61167907714844
2021-03-22,83.89448547363281
2021-03-23,86.64398193359375
2021-03-24,84.66870880126953
2021-03-25,82.5147705078125
2021-03-26,81.70083618164062
2021-03-30,82.75299835205078
2021-03-31,83.68604278564453
2021-04-01,84.55952453613281
2021-04-05,82.1375961303711
2021-04-06,81.38320922851562
2021-04-07,81.1152114868164
2021-04-08,80.68839263916016
2021-04-09,80.7380142211914
2021-04-12,75.36805725097656
2021-04-13,75.76509857177734
2021-04-15,73.42256927490234
2021-04-16,74.40523529052734
2021-04-19,68.80697631835938
2021-04-20,67.9037094116211
2021-04-22,69.21395111083984
2021-04-23,67.99304962158203
2021-04-26,68.529052734375
2021-04-27,74.87175750732422
2021-04-28,75.07027435302734
2021-04-29,74.75263977050781
2021-04-30,78.22675323486328
2021-05-03,82.81255340576172
2021-05-04,81.03579711914062
2021-05-05,81.5023193359375
2021-05-06,80.58914184570312
2021-05-07,80.29134368896484
2021-05-10,84.20218658447266
2021-05-11,84.20218658447266
2021-05-12,85.04590606689453
2021-05-14,84.94664764404297
2021-05-17,90.15779113769531
2021-05-18,88.72843933105469
2021-05-19,86.1476821899414
2021-05-20,84.90694427490234
2021-05-21,84.44041442871094
2021-05-24,86.42561340332031
2021-05-25,87.23954772949219
2021-05-26,85.02605438232422
2021-05-27,85.04590606689453
2021-05-28,83.30884552001953
2021-05-31,82.11773681640625
2021-06-01,82.95152282714844
2021-06-02,84.4801254272461
2021-06-03,83.56693267822266
2021-06-04,85.37346649169922
2021-06-07,84.6587905883789
2021-06-08,90.8426742553711
2021-06-09,88.41081237792969
2021-06-10,89.8798599243164
2021-06-11,89.06593322753906
2021-06-14,86.57450103759766
2021-06-15,87.63658905029297
2021-06-16,86.75316619873047
2021-06-17,85.06574249267578
2021-06-18,83.65625
2021-06-21,84.6587905883789
2021-06-22,89.02622985839844
2021-06-23,88.43064880371094
2021-06-24,89.76074981689453
2021-06-25,89.00636291503906
2021-06-28,88.44058227539062
2021-06-29,86.78295135498047
2021-06-30,85.24441528320312
2021-07-01,86.22709655761719
2021-07-02,86.87227630615234
2021-07-05,87.65643310546875
2021-07-06,87.74578094482422
2021-07-07,86.77302551269531
2021-07-08,86.00872039794922
2021-07-09,86.46531677246094
2021-07-12,87.2990951538086
2021-07-13,90.93201446533203
2021-07-14,99.24006652832031
2021-07-15,97.51294708251953
2021-07-16,99.72644805908203
2021-07-19,104.01448059082031
2021-07-20,99.56761932373047
2021-07-22,99.61725616455078
2021-07-23,97.14568328857422
2021-07-26,94.64432525634766
2021-07-27,95.91486358642578
2021-07-28,97.1953125
2021-07-29,96.13322448730469
2021-07-30,96.36153411865234
2021-08-02,97.07620239257812
2021-08-03,99.36911010742188
2021-08-04,96.67916107177734
2021-08-05,101.0565185546875
2021-08-06,99.03160858154297
2021-08-09,99.54777526855469
2021-08-10,95.517822265625
2021-08-11,96.04390716552734
2021-08-12,95.72626495361328
2021-08-13,93.98922729492188
2021-08-16,93.9594497680664
2021-08-17,92.61943054199219
2021-08-18,87.88473510742188
2021-08-20,92.5698013305664
2021-08-23,88.64903259277344
2021-08-24,89.44310760498047
2021-08-25,89.2148208618164
2021-08-26,89.38356018066406
2021-08-27,89.16519165039062
2021-08-30,89.66148376464844
2021-08-31,89.9493408203125
2021-09-01,90.09822845458984
2021-09-02,91.36875915527344
2021-09-03,90.68386840820312
2021-09-06,92.0933609008789
2021-09-07,91.42831420898438
2021-09-08,91.54743194580078
2021-09-09,92.5499496459961
2021-09-13,90.59452056884766
2021-09-14,96.96702575683594
2021-09-15,97.62213134765625
2021-09-16,94.2770767211914
2021-09-17,90.47541809082031
2021-09-20,89.14533996582031
2021-09-21,91.26948547363281
2021-09-22,91.67778778076172
2021-09-23,102.89103698730469
2021-09-24,101.66614532470703
2021-09-27,104.88274383544922
2021-09-28,105.24124908447266
2021-09-29,105.01219940185547
2021-09-30,103.66781616210938
2021-10-01,105.20140838623047
2021-10-04,108.10929107666016
2021-10-05,106.7848129272461
2021-10-06,104.65369415283203
2021-10-07,105.34082794189453
2021-10-08,105.47029113769531
2021-10-11,105.23129272460938
2021-10-12,105.46034240722656
2021-10-13,121.59307098388672
2021-10-14,125.86527252197266
2021-10-18,123.46527862548828
2021-10-19,119.3026351928711
2021-10-20,115.13002014160156
2021-10-21,121.77233123779297
2021-10-22,119.05366516113281
2021-10-25,114.1142578125
2021-10-26,120.02959442138672
2021-10-27,118.39640808105469
2021-10-28,115.10015106201172
2021-10-29,119.29267120361328
2021-11-01,121.7424545288086
2021-11-02,122.20054626464844
2021-11-03,118.72503662109375
2021-11-04,122.72834014892578
2021-11-08,130.89430236816406
2021-11-09,143.3722686767578
2021-11-10,144.9855499267578
2021-11-11,139.89675903320312
2021-11-12,140.0361785888672
2021-11-15,153.70919799804688
2021-11-16,177.26100158691406
2021-11-17,188.93234252929688
2021-11-18,177.40042114257812
2021-11-22,182.84771728515625
2021-11-23,187.14976501464844
2021-11-24,187.35890197753906
2021-11-25,186.7215576171875
2021-11-26,180.67674255371094
2021-11-29,172.09254455566406
2021-11-30,186.3431396484375
2021-12-01,188.5340118408203
2021-12-02,186.99044799804688
2021-12-03,206.9770965576172
2021-12-06,229.9015350341797
2021-12-07,220.54058837890625
2021-12-08,225.13143920898438
2021-12-09,223.22935485839844
2021-12-10,220.8094482421875
2021-12-13,223.3588104248047
2021-12-14,221.257568359375
2021-12-15,222.09410095214844
2021-12-16,222.22354125976562
2021-12-17,210.06423950195312
2021-12-20,193.73233032226562
2021-12-21,213.10159301757812
2021-12-22,220.1322784423828
2021-12-23,215.51153564453125
2021-12-24,212.2849884033203
2021-12-27,208.13230895996094
2021-12-28,210.7712860107422
2021-12-29,213.8385009765625
2021-12-30,211.348876953125
2021-12-31,224.03599548339844
2022-01-03,246.22349548339844
2022-01-04,249.4600067138672
2022-01-05,245.14796447753906
2022-01-06,269.3769836425781
2022-01-07,282.8408203125
2022-01-10,296.9819030761719
2022-01-11,311.8299865722656
2022-01-12,296.79266357421875
2022-01-13,297.0216979980469
2022-01-14,301.4034423828125
2022-01-17,300.7461853027344
2022-01-18,296.48394775390625
2022-01-19,297.6092529296875
2022-01-20,312.48724365234375
2022-01-21,324.8954772949219
2022-01-24,308.6531982421875
2022-01-25,296.5536804199219
2022-01-27,298.82421875
2022-01-28,296.2151184082031
2022-01-31,303.03662109375
2022-02-01,304.3511657714844
2022-02-02,306.0042724609375
2022-02-03,304.5602722167969
2022-02-04,297.29058837890625
2022-02-07,295.7171630859375
2022-02-08,285.0516052246094
2022-02-09,279.9827575683594
2022-02-10,274.75457763671875
2022-02-11,284.02587890625
2022-02-14,269.8251037597656
2022-02-15,261.0616455078125
2022-02-16,261.75872802734375
2022-02-17,255.37535095214844
2022-02-18,247.56788635253906
2022-02-21,256.92889404296875
2022-02-22,244.08242797851562
2022-02-23,241.61769104003906
2022-02-24,229.5430450439453
2022-02-25,220.38124084472656
2022-02-28,214.95387268066406
2022-03-02,211.36880493164062
2022-03-03,211.11984252929688
2022-03-04,206.7878875732422
2022-03-07,196.45596313476562
2022-03-08,206.01611328125
2022-03-09,216.29824829101562
2022-03-10,227.10321044921875
2022-03-11,238.45587158203125
2022-03-14,230.86253356933594
2022-03-15,227.22769165039062
2022-03-16,227.40196228027344
2022-03-17,229.86668395996094
2022-03-21,227.30238342285156
2022-03-22,225.46005249023438
2022-03-23,217.99119567871094
2022-03-24,216.0492706298828
2022-03-25,226.82933044433594
2022-03-28,222.99533081054688
2022-03-29,219.7588348388672
2022-03-30,222.32313537597656
2022-03-31,217.74221801757812
2022-04-01,227.3272705078125
2022-04-04,238.67994689941406
2022-04-05,249.85833740234375
2022-04-06,262.3313293457031
2022-04-07,255.63426208496094
2022-04-08,256.4060363769531
2022-04-11,255.11141967773438
2022-04-12,261.4101867675781
2022-04-13,274.480712890625
2022-04-18,288.198486328125
2022-04-19,292.05743408203125
2022-04-20,284.8126220703125
2022-04-21,290.43914794921875
2022-04-22,289.9163513183594
2022-04-25,285.6092529296875
2022-04-26,277.3935241699219
2022-04-27,267.7586975097656
2022-04-28,261.0865478515625
2022-04-29,252.3977508544922
2022-05-02,249.73385620117188
2022-05-04,262.20684814453125
2022-05-05,267.0367431640625
2022-05-06,259.71722412109375
2022-05-09,246.74630737304688
2022-05-10,235.19447326660156
2022-05-11,224.43930053710938
2022-05-12,215.75051879882812
2022-05-13,226.53060913085938
2022-05-16,235.5679168701172
2022-05-17,238.63014221191406
2022-05-18,230.24012756347656
2022-05-19,225.83348083496094
2022-05-20,231.36045837402344
2022-05-23,232.0824432373047
2022-05-24,224.26504516601562
2022-05-25,215.2775115966797
2022-05-26,226.0326690673828
2022-05-27,227.75050354003906
2022-05-30,216.6716766357422
2022-05-31,213.93309020996094
2022-06-01,214.7546844482422
2022-06-02,225.48495483398438
2022-06-03,230.1654510498047
2022-06-06,228.4973907470703
2022-06-07,223.81689453125
2022-06-08,216.2733612060547
2022-06-09,216.84597778320312
2022-06-10,211.8916015625
2022-06-13,207.8335418701172
2022-06-14,200.19041442871094
2022-06-15,206.1903839111328
2022-06-16,200.11572265625
2022-06-17,193.96633911132812
2022-06-20,184.28173828125
2022-06-21,193.49331665039062
2022-06-22,197.92483520507812
2022-06-23,200.96218872070312
2022-06-24,210.99534606933594
2022-06-27,209.97462463378906
2022-06-28,215.6758575439453
2022-06-29,214.7049102783203
2022-06-30,211.84182739257812
2022-07-01,216.87086486816406
2022-07-04,227.70069885253906
2022-07-05,223.21939086914062
2022-07-06,215.50157165527344
2022-07-07,209.1779327392578
2022-07-08,219.63433837890625
2022-07-11,222.97042846679688
2022-07-12,224.1903533935547
2022-07-13,221.1529998779297
2022-07-14,216.37294006347656
2022-07-15,218.06590270996094
2022-07-18,224.1654510498047
2022-07-19,221.2526092529297
2022-07-20,227.05340576171875
2022-07-21,224.31483459472656
2022-07-22,221.77540588378906
2022-07-25,217.94140625
2022-07-26,215.50157165527344
2022-07-27,213.98291015625
2022-07-28,214.904052734375
2022-07-29,214.40614318847656
2022-08-01,214.4559326171875
2022-08-02,215.22772216796875
2022-08-03,212.14056396484375
2022-08-04,206.2899627685547
2022-08-05,204.7464141845703
2022-08-08,213.93309020996094
2022-08-10,210.12399291992188
2022-08-11,206.8625946044922
2022-08-12,204.1737823486328
2022-08-16,202.3812713623047
2022-08-17,205.41859436035156
2022-08-18,208.05760192871094
2022-08-19,205.09495544433594
2022-08-22,201.80865478515625
2022-08-23,197.30242919921875
2022-08-24,202.20700073242188
2022-08-25,201.6343994140625
2022-08-26,202.03271484375
2022-08-29,197.92483520507812
2022-08-30,201.31072998046875
2022-09-01,204.64683532714844
2022-09-02,203.17794799804688
2022-09-05,204.94558715820312
2022-09-06,203.17794799804688
2022-09-07,201.80865478515625
2022-09-08,203.55137634277344
2022-09-09,206.14060974121094
2022-09-12,200.7630157470703
2022-09-13,199.64268493652344
2022-09-14,198.99539184570312
2022-09-15,199.6177978515625
2022-09-16,198.17019653320312
2022-09-19,193.0786590576172
2022-09-20,195.44972229003906
2022-09-21,195.97386169433594
2022-09-22,194.97552490234375
2022-09-23,193.32826232910156
2022-09-26,185.81576538085938
2022-09-27,185.0420684814453
2022-09-28,181.87232971191406
2022-09-29,189.85902404785156
2022-09-30,190.50794982910156
2022-10-03,200.0171356201172
2022-10-04,205.35824584960938
2022-10-06,203.23675537109375
2022-10-07,209.07705688476562
2022-10-10,205.50799560546875
2022-10-11,201.19017028808594
2022-10-12,224.9506378173828
2022-10-13,214.1685791015625
2022-10-14,207.2550811767578
2022-10-17,210.89901733398438
2022-10-18,207.05540466308594
2022-10-19,205.45806884765625
2022-10-20,205.65774536132812
2022-10-21,207.30499267578125
2022-10-24,208.9272918701172
2022-10-25,205.93228149414062
2022-10-27,204.06039428710938
2022-10-28,202.0387725830078
2022-10-31,203.1119842529297
2022-11-01,204.65939331054688
2022-11-02,204.8091583251953
2022-11-03,205.65774536132812
2022-11-04,208.02880859375
2022-11-07,208.02880859375
2022-11-09,206.75592041015625
2022-11-10,203.9605712890625
2022-11-11,204.13528442382812
2022-11-14,211.52297973632812
2022-11-15,216.0903778076172
2022-11-16,211.3233184814453
2022-11-17,213.8191680908203
2022-11-18,216.5396270751953
2022-11-21,217.0637664794922
2022-11-22,209.1768798828125
2022-11-23,205.45806884765625
2022-11-24,213.1203155517578
2022-11-25,212.271728515625
2022-11-28,212.59619140625
2022-11-29,210.05043029785156
2022-11-30,213.6195068359375
2022-12-01,215.16690063476562
2022-12-02,212.77090454101562
2022-12-05,213.41981506347656
2022-12-06,211.6477813720703
2022-12-07,208.65277099609375
2022-12-08,210.37489318847656
2022-12-09,206.15692138671875
2022-12-12,206.45640563964844
2022-12-13,204.90899658203125
2022-12-14,203.81080627441406
2022-12-15,206.33163452148438
2022-12-16,205.93228149414062
2022-12-19,224.5013885498047
2022-12-20,238.25347900390625
2022-12-21,220.6328125
2022-12-22,246.31509399414062
2022-12-23,230.5413360595703
2022-12-26,236.00723266601562
2022-12-27,258.3200988769531
2022-12-28,259.96734619140625
2022-12-29,257.0971374511719
2022-12-30,257.57135009765625
2023-01-02,260.11712646484375
2023-01-03,258.1454162597656
2023-01-04,260.8908386230469
2023-01-05,273.4449462890625
2023-01-06,266.80596923828125
2023-01-09,266.5065002441406
2023-01-10,263.98565673828125
2023-01-11,265.6329345703125
2023-01-12,261.2901611328125
2023-01-13,265.28350830078125
2023-01-16,274.01898193359375
2023-01-17,273.5198059082031
2023-01-18,276.6146545410156
2023-01-19,279.1354675292969
2023-01-20,270.7993469238281
2023-01-23,267.8542175292969
2023-01-24,258.99395751953125
2023-01-25,266.80596923828125
2023-01-27,262.51312255859375
2023-01-30,260.8159484863281
2023-01-31,266.7310791015625
2023-02-01,256.37335205078125
2023-02-02,256.24853515625
2023-02-03,256.4232482910156
2023-02-06,250.40826416015625
2023-02-07,245.6411895751953
2023-02-08,248.3866424560547
2023-02-09,242.52139282226562
2023-02-10,268.4282531738281
2023-02-13,257.646240234375
2023-02-14,259.9424133300781
2023-02-15,263.18701171875
2023-02-16,262.6878356933594
2023-02-17,276.0156555175781
2023-02-20,290.0173645019531
2023-02-21,287.27191162109375
2023-02-22,281.23199462890625
2023-02-23,276.3900146484375
2023-02-24,283.3284606933594
2023-02-27,275.9158020019531
2023-02-28,286.6978759765625
2023-03-01,283.60302734375
2023-03-02,289.24365234375
2023-03-03,288.51983642578125
2023-03-06,287.9957275390625
2023-03-08,296.431640625
2023-03-09,312.2303771972656
2023-03-10,321.1155700683594
2023-03-13,305.1421813964844
2023-03-14,301.6479797363281
2023-03-15,297.2303466796875
2023-03-16,287.1720886230469
2023-03-17,313.029052734375
2023-03-20,304.64300537109375
2023-03-21,309.53485107421875
2023-03-22,321.0157470703125
2023-03-23,318.9192810058594
2023-03-24,308.9358825683594
2023-03-27,312.9541931152344
2023-03-28,313.4783020019531
2023-03-29,316.498291015625
2023-03-31,321.4649963378906
2023-04-03,351.465087890625
2023-04-05,350.4168395996094
2023-04-06,365.2171936035156
2023-04-10,376.1739501953125
2023-04-11,370.5083923339844
2023-04-12,371.881103515625
2023-04-13,377.84619140625
2023-04-17,370.1839294433594
2023-04-18,392.0225830078125
2023-04-19,406.198974609375
2023-04-20,403.3038330078125
2023-04-21,404.9760437011719
2023-04-24,416.10748291015625
2023-04-25,417.15576171875
2023-04-26,412.0642395019531
2023-04-27,401.33209228515625
2023-04-28,400.658203125
2023-05-02,389.7014465332031
2023-05-03,391.423583984375
2023-05-04,393.6448669433594
2023-05-05,415.70819091796875
2023-05-08,411.3404541015625
2023-05-09,413.9610595703125
2023-05-10,385.8827819824219
2023-05-11,385.7080993652344
2023-05-12,384.1856384277344
2023-05-15,390.7247314453125
2023-05-16,384.11077880859375
2023-05-17,377.84619140625
2023-05-18,381.78961181640625
2023-05-19,379.7929382324219
2023-05-22,382.81292724609375
2023-05-23,375.5000915527344
2023-05-24,380.8412170410156
2023-05-25,395.6665344238281
2023-05-26,395.84124755859375
2023-05-29,399.3354187011719
2023-05-30,394.91778564453125
2023-05-31,403.22894287109375
2023-06-01,401.7813720703125
2023-06-02,400.45855712890625
2023-06-05,401.4568786621094
2023-06-06,400.45855712890625
2023-06-07,436.9977722167969
2023-06-08,469.71826171875
2023-06-09,460.40875244140625
2023-06-12,460.1841735839844
2023-06-13,490.7832336425781
2023-06-14,476.4820251464844
2023-06-15,492.8547668457031
2023-06-16,490.4837341308594
2023-06-19,501.0162048339844
2023-06-20,518.7117919921875
2023-06-21,509.3772888183594
2023-06-22,519.1859741210938
2023-06-23,503.2125549316406
2023-06-26,532.0145874023438
2023-06-27,540.0013427734375
2023-06-28,608.137939453125
2023-06-30,667.5140991210938
2023-07-03,694.993408203125
2023-07-04,730.8587036132812
2023-07-05,742.8637084960938
2023-07-06,648.8950805664062
2023-07-07,673.2545166015625
2023-07-10,683.3128662109375
2023-07-11,676.1248168945312
2023-07-12,679.7687377929688
2023-07-13,656.90673828125
2023-07-14,732.0816650390625
2023-07-17,737.8720092773438
2023-07-18,702.2313842773438
2023-07-19,697.6389770507812
2023-07-20,699.8353271484375
2023-07-21,701.8070068359375
2023-07-24,676.324462890625
2023-07-25,706.074951171875
2023-07-26,717.9302368164062
2023-07-27,713.337890625
2023-07-28,704.8020629882812
2023-07-31,699.66064453125
2023-08-01,699.3611450195312
2023-08-02,679.0698852539062
2023-08-03,669.48583984375
2023-08-04,656.7320556640625
2023-08-07,673.3294677734375
2023-08-08,663.5706787109375
2023-08-09,656.9566650390625
2023-08-10,640.0847778320312
2023-08-11,613.4291381835938
2023-08-14,654.4608154296875
2023-08-16,720.7255859375
2023-08-17,718.7039794921875
2023-08-18,693.0216674804688
2023-08-21,767.3729858398438
2023-08-22,757.3645629882812
2023-08-23,755.6424560546875
2023-08-24,748.8787231445312
2023-08-25,762.1815795898438
2023-08-28,776.4827880859375
2023-08-29,755.4677124023438
2023-08-30,763.9785766601562
2023-08-31,756.765625
2023-09-01,749.4527587890625
2023-09-04,745.8087768554688
2023-09-05,747.4061889648438
2023-09-06,745.8587646484375
2023-09-07,736.698974609375
2023-09-08,751.1876831054688
2023-09-11,749.8386840820312
2023-09-12,725.1080322265625
2023-09-13,738.6974487304688
2023-09-14,752.8862915039062
2023-09-15,747.4905395507812
2023-09-18,743.0939331054688
2023-09-20,732.9019165039062
2023-09-21,721.410888671875
2023-09-22,713.5420532226562
2023-09-25,697.2298583984375
2023-09-26,686.6131591796875
2023-09-27,685.4390258789062
2023-09-28,685.164306640625
2023-09-29,685.3890991210938
2023-10-03,660.4585571289062
2023-10-04,641.5983276367188
2023-10-05,647.5936279296875
2023-10-06,649.0924682617188
2023-10-09,629.7076416015625
2023-10-10,618.2915649414062
2023-10-11,631.006591796875
2023-10-12,624.8114624023438
2023-10-13,629.1080932617188
2023-10-16,621.8637084960938
2023-10-17,625.0862426757812
2023-10-18,621.5889892578125
2023-10-19,616.1432495117188
2023-10-20,609.0987548828125
2023-10-23,578.6475219726562
2023-10-25,585.4921875
2023-10-26,579.0472412109375
2023-10-27,607.9995727539062
2023-10-30,616.6678466796875
2023-10-31,599.8060302734375
2023-11-01,601.3797607421875
2023-11-02,589.4640502929688
2023-11-03,594.310302734375
2023-11-06,602.5288696289062
2023-11-07,608.674072265625
2023-11-08,610.4227294921875
2023-11-09,603.053466796875
2023-11-10,596.0839233398438
2023-11-13,603.7279663085938
2023-11-15,602.6787719726562
2023-11-16,605.0519409179688
2023-11-17,600.0558471679688
2023-11-20,630.0573120117188
2023-11-21,654.3134155273438
2023-11-22,642.5975341796875
2023-11-23,631.5811767578125
2023-11-24,632.705322265625
2023-11-28,631.631103515625
2023-11-29,627.6092529296875
2023-11-30,620.9644775390625
2023-12-01,623.1876831054688
2023-12-04,628.1837768554688
2023-12-05,631.6810913085938
2023-12-06,627.3844604492188
2023-12-07,642.722412109375
2023-12-08,639.6748046875
2023-12-11,671.6498413085938
2023-12-12,705.2236328125
2023-12-13,699.3031616210938
2023-12-14,697.204833984375
2023-12-15,704.1244506835938
2023-12-18,698.5537719726562
2023-12-19,700.7271118164062
2023-12-20,691.2844848632812
2023-12-21,703.0253295898438
2023-12-22,718.98779296875
2023-12-26,719.4874267578125
2023-12-27,709.3703002929688
2023-12-28,696.7052612304688
2023-12-29,731.5280151367188
2024-01-01,809.0424194335938
2024-01-02,860.0775146484375
2024-01-03,835.7465209960938
2024-01-04,840.068115234375
2024-01-05,848.7863159179688
2024-01-08,941.538818359375
2024-01-09,949.6074829101562
2024-01-10,964.5457763671875
2024-01-11,967.2186889648438
2024-01-12,938.9158935546875
2024-01-15,911.262451171875
2024-01-16,928.2491455078125
2024-01-17,957.1016235351562
2024-01-18,944.0868530273438
2024-01-19,947.3342895507812
2024-01-23,900.1212158203125
2024-01-24,924.6270141601562
2024-01-25,923.9525146484375
2024-01-29,949.3077392578125
2024-01-30,949.4576416015625
2024-01-31,957.6011962890625
2024-02-01,983.231201171875
2024-02-02,973.5637817382812
2024-02-05,985.7042236328125
2024-02-06,1013.3326416015625
2024-02-07,1000.4177856445312
2024-02-08,988.8768310546875
2024-02-09,1005.9384155273438
2024-02-12,1032.567626953125
2024-02-13,1006.4380493164062
2024-02-14,1001.6168212890625
2024-02-15,1002.740966796875
2024-02-16,1011.0344848632812
2024-02-19,1189.944580078125
2024-02-20,1143.8555908203125
2024-02-21,1154.2225341796875
2024-02-22,1112.5799560546875
2024-02-23,1101.6136474609375
2024-02-26,1093.295166015625
2024-02-27,1124.470703125
2024-02-28,1087.0999755859375
2024-02-29,1082.6033935546875
2024-03-01,1070.712890625
2024-03-04,1043.6839599609375
2024-03-05,1000.4177856445312
2024-03-06,950.3818969726562
2024-03-07,948.1586303710938
2024-03-11,901.0953979492188
2024-03-12,895.5497436523438
2024-03-13,854.2820434570312
2024-03-14,932.645751953125
2024-03-15,945.2608642578125
2024-03-18,937.1172485351562
2024-03-19,947.6590576171875
2024-03-20,927.3248901367188
2024-03-21,933.894775390625
2024-03-22,934.1945190429688
2024-03-26,896.3990478515625
2024-03-27,884.6082763671875
2024-03-28,901.3702392578125
2024-04-01,919.1813354492188
2024-04-02,900.2710571289062
2024-04-03,894.1259155273438
2024-04-04,894.4506225585938
2024-04-05,885.6325073242188
2024-04-08,874.3663330078125
2024-04-09,884.408447265625
2024-04-10,876.2398681640625
2024-04-12,878.2633056640625
2024-04-15,855.0314331054688
2024-04-16,871.4686279296875
2024-04-18,878.7379150390625
2024-04-19,873.167236328125
2024-04-22,882.5099487304688
2024-04-23,884.9580688476562
2024-04-24,909.9135131835938
2024-04-25,909.9884643554688
2024-04-26,889.7293090820312
2024-04-29,953.0048217773438
2024-04-30,951.5059814453125
2024-05-02,979.1344604492188
2024-05-03,983.0563354492188
2024-05-06,959.3248901367188
2024-05-07,922.6285400390625
2024-05-08,936.5676879882812
2024-05-09,900.5958251953125
2024-05-10,937.4420166015625
2024-05-13,906.34130859375
2024-05-14,906.7410278320312
2024-05-15,915.4092407226562
2024-05-16,919.1312866210938
2024-05-17,916.0087280273438
2024-05-21,903.0938720703125
2024-05-22,959.8994750976562
2024-05-23,950.20703125
2024-05-24,982.4318237304688
2024-05-27,1057.77294921875
2024-05-28,1057.7479248046875
2024-05-29,1039.7869873046875
2024-05-30,1019.0781860351562
2024-05-31,1044.9580078125
2024-06-03,1046.20703125
2024-06-04,969.0422973632812
2024-06-05,988.9517211914062
2024-06-06,1072.9610595703125
2024-06-07,1011.5840454101562
2024-06-10,1021.0266723632812
2024-06-11,1040.536376953125
2024-06-12,1037.66357421875
2024-06-13,1030.369384765625
2024-06-14,1030.5692138671875
2024-06-18,1031.1187744140625
2024-06-19,1016.1055297851562
2024-06-20,1003.76513671875
2024-06-21,1018.27880859375
2024-06-24,1030.94384765625
2024-06-25,1073.160888671875
2024-06-26,1060.4208984375
2024-06-27,1033.6168212890625
2024-06-28,1024.8486328125
2024-07-01,1097.7916259765625
2024-07-02,1078.40673828125
2024-07-03,1070.7626953125
2024-07-04,1073.6104736328125
2024-07-05,1073.9603271484375
2024-07-08,1115.0281982421875
2024-07-09,1142.4566650390625
2024-07-10,1114.853271484375
2024-07-11,1105.2857666015625
2024-07-12,1060.670654296875
2024-07-15,1058.3974609375
2024-07-16,1042.409912109375
2024-07-18,1015.630859375
2024-07-19,973.1390991210938
2024-07-22,993.4732055664062
2024-07-23,969.9915771484375
2024-07-24,994.8721313476562
2024-07-25,1001.6417846679688
2024-07-26,1011.9837646484375
2024-07-29,1043.4591064453125
2024-07-30,1051.40283203125
2024-07-31,1022.7752685546875
2024-08-01,1011.0844116210938
2024-08-02,972.7893676757812
2024-08-05,929.048583984375
2024-08-06,903.6184692382812
2024-08-07,931.9962158203125
2024-08-08,921.7542724609375
2024-08-09,921.9541015625
2024-08-12,919.381103515625
2024-08-13,950.9813842773438
2024-08-14,948.80810546875
2024-08-16,953.9290771484375
2024-08-19,968.4677124023438
2024-08-20,961.7979736328125
2024-08-21,958.7753295898438
2024-08-22,963.1219482421875
2024-08-23,953.3545532226562
2024-08-26,945.4857177734375
2024-08-27,948.7581787109375
2024-08-28,975.9119262695312
2024-08-29,958.400634765625
2024-08-30,957.4513549804688
2024-09-02,944.0118408203125
2024-09-03,952.0306396484375
2024-09-04,959.2000122070312
2024-09-05,971.3250122070312
2024-09-06,953.0999755859375
2024-09-09,951.0250244140625
2024-09-10,965.2000122070312
2024-09-11,963.0750122070312
2024-09-12,997.2249755859375
2024-09-13,1023.3250122070312
2024-09-16,1012.8499755859375
2024-09-17,991.2000122070312
2024-09-18,984.7750244140625
2024-09-19,976.3250122070312
2024-09-20,947.0499877929688
2024-09-23,935.1500244140625
2024-09-24,928.625
2024-09-25,921.9749755859375
2024-09-26,909.9000244140625
2024-09-27,906.6749877929688
2024-09-30,899.3499755859375
2024-10-01,916.8499755859375
2024-10-03,898.5999755859375
2024-10-04,890.4000244140625
2024-10-07,854.5750122070312
2024-10-08,871.2000122070312
2024-10-09,885.0250244140625
2024-10-10,878.6749877929688
2024-10-11,887.2750244140625
2024-10-14,891.9000244140625
2024-10-15,886.9749755859375
2024-10-16,873.5999755859375
2024-10-17,852.4500122070312
2024-10-18,855.25
2024-10-21,872.7999877929688
2024-10-22,837.1749877929688
2024-10-23,827.3250122070312
2024-10-24,814.7000122070312
2024-10-25,785.5999755859375
2024-10-28,753.3250122070312
2024-10-29,758.0750122070312
2024-10-30,792.5750122070312
2024-10-31,808.75
2024-11-01,815.5499877929688
2024-11-04,795.3250122070312
2024-11-05,795.6749877929688
2024-11-06,815.5750122070312
2024-11-07,806.0
2024-11-08,783.7750244140625
2024-11-11,774.5750122070312
2024-11-12,765.25
2024-11-13,734.1500244140625
2024-11-14,727.0250244140625
2024-11-18,727.4249877929688
2024-11-19,721.0
2024-11-21,699.0
2024-11-22,709.3250122070312
2024-11-25,738.7750244140625
2024-11-26,744.2750244140625
2024-11-27,768.3499755859375
2024-11-28,772.7249755859375
2024-11-29,784.0999755859375
2024-12-02,787.7750244140625
2024-12-03,804.6749877929688
2024-12-04,813.2999877929688
2024-12-05,811.4000244140625
2024-12-06,805.6749877929688
2024-12-09,807.5
2024-12-10,868.6500244140625
2024-12-11,884.9749755859375
2024-12-12,853.5750122070312
2024-12-13,881.625
2024-12-16,881.3250122070312
2024-12-17,871.6500244140625
2024-12-18,838.8250122070312
2024-12-19,847.8499755859375
2024-12-20,819.625
2024-12-23,831.6749877929688
2024-12-24,810.7000122070312
2024-12-26,799.9749755859375
2024-12-27,783.7000122070312
2024-12-30,764.3250122070312
2024-12-31,763.75
2025-01-01,772.875
2025-01-02,792.6749877929688
2025-01-03,789.1749877929688
2025-01-06,756.7249755859375
2025-01-07,765.5499877929688
2025-01-08,758.5250244140625
2025-01-09,746.7999877929688
2025-01-10,732.7000122070312
2025-01-13,701.9749755859375
2025-01-14,786.4500122070312
2025-01-15,781.2000122070312
2025-01-16,754.5
2025-01-17,754.8499755859375
2025-01-20,765.9249877929688
2025-01-21,764.7249755859375
2025-01-22,759.6749877929688
2025-01-23,755.0999755859375
2025-01-24,738.4500122070312
2025-01-27,689.7750244140625
2025-01-28,681.25
2025-01-29,699.7000122070312
2025-01-30,753.625
2025-01-31,801.5499877929688
2025-02-01,781.3499755859375
2025-02-03,732.0999755859375
2025-02-04,733.75
2025-02-05,733.0
2025-02-06,723.75
2025-02-07,712.2999877929688
2025-02-10,683.2999877929688
2025-02-11,656.7999877929688
2025-02-12,624.75
2025-02-13,630.2999877929688
2025-02-14,594.7999877929688
2025-02-17,587.5
2025-02-18,566.8499755859375
2025-02-19,647.5999755859375
2025-02-20,609.7000122070312
2025-02-21,605.0
2025-02-24,597.7000122070312
2025-02-25,583.6500244140625
2025-02-27,546.3499755859375
2025-02-28,516.5
2025-03-03,517.9000244140625
2025-03-04,523.9000244140625
2025-03-05,540.1500244140625
2025-03-06,540.2000122070312
2025-03-07,549.0999755859375
2025-03-10,526.3499755859375
2025-03-11,510.45001220703125
2025-03-12,508.8500061035156
2025-03-13,496.8500061035156
2025-03-17,493.1499938964844
2025-03-18,493.1499938964844
2025-03-19,540.2999877929688
2025-03-20,545.4000244140625
2025-03-21,568.0
2025-03-24,662.0499877929688
2025-03-25,641.0999755859375
2025-03-26,617.75
2025-03-27,605.3499755859375
2025-03-28,591.7999877929688
2025-04-01,605.9500122070312
2025-04-02,611.9000244140625
2025-04-03,619.9000244140625
2025-04-04,606.5999755859375
2025-04-07,587.6500244140625
2025-04-08,599.3499755859375
2025-04-09,587.0
2025-04-11,618.1500244140625
2025-04-15,625.0499877929688
2025-04-16,694.75
2025-04-17,700.6500244140625
2025-04-21,706.9500122070312
2025-04-22,702.0
2025-04-23,707.0499877929688
2025-04-24,696.0
2025-04-25,675.0
2025-04-28,675.4500122070312
2025-04-29,679.0999755859375
2025-04-30,650.2000122070312
2025-05-02,643.9500122070312
2025-05-05,692.3499755859375
2025-05-06,681.1500244140625
2025-05-07,665.9000244140625
2025-05-08,644.2000122070312
2025-05-09,620.75
2025-05-12,691.75
2025-05-13,688.5499877929688
2025-05-14,683.9000244140625
2025-05-15,713.7999877929688
2025-05-16,726.0499877929688
2025-05-19,726.4500122070312
2025-05-20,719.25
2025-05-21,721.5
2025-05-22,710.9000244140625
2025-05-23,740.5
2025-05-26,731.4500122070312
2025-05-27,728.7999877929688
2025-05-28,722.2000122070312
2025-05-29,722.3499755859375
2025-05-30,717.1500244140625
2025-06-02,717.5
2025-06-03,707.4000244140625
2025-06-04,713.5499877929688
2025-06-05,713.8499755859375
2025-06-06,707.75
2025-06-09,735.2999877929688
2025-06-10,731.5999755859375
2025-06-11,723.8499755859375
2025-06-12,709.5
2025-06-13,701.3499755859375
2025-06-16,720.5499877929688
2025-06-17,702.9500122070312
2025-06-18,693.4500122070312
2025-06-19,681.6500244140625
2025-06-20,653.4500122070312
2025-06-23,652.7000122070312
2025-06-24,642.8499755859375
2025-06-25,637.5499877929688
2025-06-26,642.0499877929688
2025-06-27,642.5
2025-06-30,642.8499755859375
2025-07-01,655.7999877929688
2025-07-02,647.5
2025-07-03,649.1500244140625
2025-07-04,646.5499877929688
2025-07-07,636.2000122070312
2025-07-08,636.6500244140625
2025-07-09,635.7000122070312
2025-07-10,648.7999877929688
2025-07-11,642.7000122070312
2025-07-14,638.2999877929688
2025-07-15,644.6500244140625
2025-07-16,644.4500122070312
2025-07-17,646.6500244140625
2025-07-18,640.3499755859375
2025-07-21,643.6500244140625
2025-07-22,634.0999755859375
2025-07-23,645.2999877929688
2025-07-24,674.0499877929688
2025-07-25,658.0999755859375
2025-07-28,638.7999877929688
2025-07-29,647.1500244140625
2025-07-30,654.1500244140625
2025-07-31,638.5999755859375
2025-08-01,626.0
2025-08-04,628.4500122070312
2025-08-05,626.5999755859375
2025-08-06,618.5999755859375
2025-08-07,612.4000244140625
2025-08-08,593.1500244140625
2025-08-11,593.4500122070312
2025-08-12,601.2000122070312
2025-08-13,606.7000122070312
2025-08-14,606.1500244140625
2025-08-18,626.5
2025-08-19,642.0
2025-08-20,642.9000244140625
2025-08-21,633.3499755859375
