Date,JSWENERGY.NS
2015-08-03,74.31244659423828
2015-08-04,72.50215911865234
2015-08-05,71.82329559326172
2015-08-06,71.23494720458984
2015-08-07,69.83197784423828
2015-08-10,69.37940979003906
2015-08-11,69.10786437988281
2015-08-12,65.985107421875
2015-08-13,62.90761184692383
2015-08-14,67.2070541381836
2015-08-17,70.01300048828125
2015-08-18,68.61004638671875
2015-08-19,68.06694030761719
2015-08-20,66.61871337890625
2015-08-21,66.79972839355469
2015-08-24,55.892738342285156
2015-08-25,59.51332092285156
2015-08-26,62.27401351928711
2015-08-27,66.79972839355469
2015-08-28,67.52386474609375
2015-08-31,68.8363265991211
2015-09-01,63.72224807739258
2015-09-02,62.54555892944336
2015-09-03,66.8902587890625
2015-09-04,64.3558349609375
2015-09-07,61.278350830078125
2015-09-08,67.1165542602539
2015-09-09,70.60134887695312
2015-09-10,74.17667388916016
2015-09-11,74.04090118408203
2015-09-14,75.89643859863281
2015-09-15,74.40296936035156
2015-09-16,76.07748413085938
2015-09-18,74.99129486083984
2015-09-21,78.11407470703125
2015-09-22,76.39429473876953
2015-09-23,78.52136993408203
2015-09-24,79.0644760131836
2015-09-28,78.47611999511719
2015-09-29,79.60755920410156
2015-09-30,85.26470184326172
2015-10-01,80.87476348876953
2015-10-05,84.58584594726562
2015-10-06,83.72596740722656
2015-10-07,82.54927062988281
2015-10-08,80.60321044921875
2015-10-09,77.93303680419922
2015-10-12,79.2455062866211
2015-10-13,82.14195251464844
2015-10-14,79.0644760131836
2015-10-15,79.60755920410156
2015-10-16,78.88343811035156
2015-10-19,80.60321044921875
2015-10-20,83.7712173461914
2015-10-21,83.04710388183594
2015-10-23,84.31430053710938
2015-10-26,79.69805908203125
2015-10-27,82.54927062988281
2015-10-28,79.51704406738281
2015-10-29,81.55360412597656
2015-10-30,84.45008087158203
2015-11-02,84.85739135742188
2015-11-03,84.72161865234375
2015-11-04,84.85739135742188
2015-11-05,81.23680877685547
2015-11-06,77.66149139404297
2015-11-09,78.7476577758789
2015-11-10,76.53004455566406
2015-11-13,74.90079498291016
2015-11-16,75.39862823486328
2015-11-17,76.21324920654297
2015-11-18,76.66580963134766
2015-11-19,77.6162338256836
2015-11-20,79.01921081542969
2015-11-23,79.33602142333984
2015-11-24,77.34468841552734
2015-11-26,78.70240783691406
2015-11-27,79.01921081542969
2015-11-30,77.52571868896484
2015-12-01,78.15931701660156
2015-12-02,78.20457458496094
2015-12-03,77.16365814208984
2015-12-04,76.98262023925781
2015-12-07,75.85120391845703
2015-12-08,71.46123504638672
2015-12-09,71.05392456054688
2015-12-10,71.8685531616211
2015-12-11,67.7501449584961
2015-12-14,69.87723541259766
2015-12-15,68.92684173583984
2015-12-16,71.23494720458984
2015-12-17,73.31678771972656
2015-12-18,74.17667388916016
2015-12-21,75.35335540771484
2015-12-22,74.40296936035156
2015-12-23,75.4891357421875
2015-12-24,75.71541595458984
2015-12-28,75.17233276367188
2015-12-29,75.53438568115234
2015-12-30,76.75633239746094
2015-12-31,76.98262023925781
2016-01-01,78.43087005615234
2016-01-04,77.02787780761719
2016-01-05,76.93736267089844
2016-01-06,76.07748413085938
2016-01-07,72.04957580566406
2016-01-08,75.03656005859375
2016-01-11,75.08181762695312
2016-01-12,75.76067352294922
2016-01-13,72.4116439819336
2016-01-14,70.51083374023438
2016-01-15,65.4420166015625
2016-01-18,63.58647918701172
2016-01-19,67.433349609375
2016-01-20,62.99812698364258
2016-01-21,66.48292541503906
2016-01-22,67.2523193359375
2016-01-25,66.6639633178711
2016-01-27,66.93550872802734
2016-01-28,67.433349609375
2016-01-29,69.37940979003906
2016-02-01,68.02169036865234
2016-02-02,67.34282684326172
2016-02-03,62.59081268310547
2016-02-04,63.360191345214844
2016-02-05,64.0390396118164
2016-02-08,63.58647918701172
2016-02-09,62.77183532714844
2016-02-10,61.685672760009766
2016-02-11,56.662109375
2016-02-12,56.79788589477539
2016-02-15,59.55858612060547
2016-02-16,57.56725311279297
2016-02-17,58.65343475341797
2016-02-18,61.414119720458984
2016-02-19,59.78486633300781
2016-02-22,59.60382843017578
2016-02-23,58.200862884521484
2016-02-24,59.01548385620117
2016-02-25,56.843135833740234
2016-02-26,56.34530258178711
2016-02-29,55.892738342285156
2016-03-01,57.15993881225586
2016-03-02,57.11468505859375
2016-03-03,59.78486633300781
2016-03-04,62.81709671020508
2016-03-08,62.99812698364258
2016-03-09,62.54555892944336
2016-03-10,63.31492233276367
2016-03-11,62.54555892944336
2016-03-14,61.95721435546875
2016-03-15,60.19218063354492
2016-03-16,61.73092269897461
2016-03-17,61.866695404052734
2016-03-18,63.85802459716797
2016-03-21,64.85368347167969
2016-03-22,65.4420166015625
2016-03-23,63.58647918701172
2016-03-28,59.64909362792969
2016-03-29,60.37320327758789
2016-03-30,62.4097900390625
2016-03-31,62.9528694152832
2016-04-01,61.504642486572266
2016-04-04,61.504642486572266
2016-04-05,59.739601135253906
2016-04-06,60.01115036010742
2016-04-07,59.6943473815918
2016-04-08,59.01548385620117
2016-04-11,60.64476013183594
2016-04-12,61.866695404052734
2016-04-13,63.133907318115234
2016-04-18,64.80840301513672
2016-04-20,65.26097869873047
2016-04-21,63.9937858581543
2016-04-22,63.04338073730469
2016-04-25,61.59515380859375
2016-04-26,61.685672760009766
2016-04-27,61.414119720458984
2016-04-28,60.91630554199219
2016-04-29,61.278350830078125
2016-05-02,60.73526382446289
2016-05-03,60.282691955566406
2016-05-04,60.32795333862305
2016-05-05,60.37320327758789
2016-05-06,61.323612213134766
2016-05-09,62.047733306884766
2016-05-10,62.047733306884766
2016-05-11,61.54989242553711
2016-05-12,61.36886978149414
2016-05-13,61.23309326171875
2016-05-16,63.54121780395508
2016-05-17,64.26532745361328
2016-05-18,64.08430480957031
2016-05-19,62.81709671020508
2016-05-20,61.54989242553711
2016-05-23,60.82577896118164
2016-05-24,60.64476013183594
2016-05-25,61.459381103515625
2016-05-26,62.002471923828125
2016-05-27,64.89892578125
2016-05-30,64.98944854736328
2016-05-31,64.40111541748047
2016-06-01,63.63172912597656
2016-06-02,63.4506950378418
2016-06-03,62.54555892944336
2016-06-06,62.9528694152832
2016-06-07,64.0390396118164
2016-06-08,72.81895446777344
2016-06-09,70.8729019165039
2016-06-10,72.4116439819336
2016-06-13,71.32546997070312
2016-06-14,71.64226531982422
2016-06-15,74.17667388916016
2016-06-16,76.30377197265625
2016-06-17,76.12273406982422
2016-06-20,75.71541595458984
2016-06-21,75.39862823486328
2016-06-22,71.82329559326172
2016-06-23,73.04524230957031
2016-06-24,72.32112884521484
2016-06-27,72.45690155029297
2016-06-28,72.32112884521484
2016-06-29,76.53004455566406
2016-06-30,75.94170379638672
2016-07-01,75.30811309814453
2016-07-04,76.48479461669922
2016-07-05,76.98262023925781
2016-07-07,76.30377197265625
2016-07-08,75.71541595458984
2016-07-11,76.08635711669922
2016-07-12,77.06002807617188
2016-07-13,75.06629943847656
2016-07-14,74.37081146240234
2016-07-15,74.23171997070312
2016-07-18,74.23171997070312
2016-07-19,75.390869140625
2016-07-20,77.4773178100586
2016-07-21,74.04624938964844
2016-07-22,73.6753158569336
2016-07-25,74.37081146240234
2016-07-26,73.6753158569336
2016-07-27,72.79438781738281
2016-07-28,75.1590347290039
2016-07-29,76.55001831054688
2016-08-01,76.50364685058594
2016-08-02,75.76179504394531
2016-08-03,73.7217025756836
2016-08-04,73.9535140991211
2016-08-05,75.57632446289062
2016-08-08,76.17908477783203
2016-08-09,76.92093658447266
2016-08-10,75.57632446289062
2016-08-11,72.23799133300781
2016-08-12,74.18534851074219
2016-08-16,72.46981811523438
2016-08-17,73.21166229248047
2016-08-18,73.7217025756836
2016-08-19,73.7217025756836
2016-08-22,72.8871078491211
2016-08-23,72.84074401855469
2016-08-24,73.2580337524414
2016-08-25,74.23171997070312
2016-08-26,72.3307113647461
2016-08-29,72.145263671875
2016-08-30,72.28434753417969
2016-08-31,72.0525131225586
2016-09-01,70.66154479980469
2016-09-02,70.93974304199219
2016-09-06,71.86705780029297
2016-09-07,72.19161987304688
2016-09-08,73.81441497802734
2016-09-09,75.90088653564453
2016-09-12,73.35077667236328
2016-09-14,75.390869140625
2016-09-15,74.83447265625
2016-09-16,73.86080169677734
2016-09-19,74.60263061523438
2016-09-20,73.62895965576172
2016-09-21,73.44349670410156
2016-09-22,73.02620697021484
2016-09-23,73.30439758300781
2016-09-26,71.9134292602539
2016-09-27,71.95979309082031
2016-09-28,71.95979309082031
2016-09-29,67.60140228271484
2016-09-30,67.74049377441406
2016-10-03,68.9460220336914
2016-10-04,69.73422241210938
2016-10-05,69.27057647705078
2016-10-06,69.08511352539062
2016-10-07,68.25051879882812
2016-10-10,68.85327911376953
2016-10-13,65.00489807128906
2016-10-14,65.8395004272461
2016-10-17,64.86580657958984
2016-10-18,65.65404510498047
2016-10-19,66.30315399169922
2016-10-20,66.62771606445312
2016-10-21,65.79313659667969
2016-10-24,65.607666015625
2016-10-25,64.91218566894531
2016-10-26,61.85203170776367
2016-10-27,60.321964263916016
2016-10-28,60.64652633666992
2016-11-01,61.712947845458984
2016-11-02,60.64652633666992
2016-11-03,59.53374099731445
2016-11-04,58.14276885986328
2016-11-07,58.2818717956543
2016-11-08,57.86457824707031
2016-11-09,54.80442428588867
2016-11-10,58.235496520996094
2016-11-11,56.659061431884766
2016-11-15,53.04252624511719
2016-11-16,53.73801803588867
2016-11-17,52.71796417236328
2016-11-18,52.71796417236328
2016-11-21,50.67786407470703
2016-11-22,50.353309631347656
2016-11-23,51.2806282043457
2016-11-24,50.81696319580078
2016-11-25,52.5788688659668
2016-11-28,53.135257720947266
2016-11-29,54.989891052246094
2016-11-30,55.26808547973633
2016-12-01,54.34076690673828
2016-12-02,52.810699462890625
2016-12-05,52.30067443847656
2016-12-06,54.10893630981445
2016-12-07,53.274356842041016
2016-12-08,53.877113342285156
2016-12-09,54.57259750366211
2016-12-12,54.2480354309082
2016-12-13,54.479862213134766
2016-12-14,54.94352340698242
2016-12-15,57.261817932128906
2016-12-16,55.68537902832031
2016-12-19,56.00994110107422
2016-12-20,54.80442428588867
2016-12-21,55.45355224609375
2016-12-22,54.34076690673828
2016-12-23,54.10893630981445
2016-12-26,51.41972351074219
2016-12-27,52.5788688659668
2016-12-28,54.433502197265625
2016-12-29,55.407188415527344
2016-12-30,56.4272346496582
2017-01-02,57.7254753112793
2017-01-03,56.19540023803711
2017-01-04,56.659061431884766
2017-01-05,57.122718811035156
2017-01-06,60.55379867553711
2017-01-09,59.441009521484375
2017-01-10,59.719207763671875
2017-01-11,59.62648010253906
2017-01-12,60.739261627197266
2017-01-13,60.69289016723633
2017-01-16,60.13650131225586
2017-01-17,59.3482780456543
2017-01-18,57.30818557739258
2017-01-19,55.639015197753906
2017-01-20,56.84452819824219
2017-01-23,54.989891052246094
2017-01-24,56.70543670654297
2017-01-25,55.917205810546875
2017-01-27,58.00366973876953
2017-01-30,57.91093826293945
2017-01-31,56.56633758544922
2017-02-01,56.56633758544922
2017-02-02,57.679107666015625
2017-02-03,57.86457824707031
2017-02-06,58.235496520996094
2017-02-07,57.679107666015625
2017-02-08,58.096405029296875
2017-02-09,58.652793884277344
2017-02-10,58.513694763183594
2017-02-13,57.679107666015625
2017-02-14,57.02999496459961
2017-02-15,55.5926513671875
2017-02-16,56.79815673828125
2017-02-17,56.380863189697266
2017-02-20,57.35454559326172
2017-02-21,59.394649505615234
2017-02-22,58.513694763183594
2017-02-23,58.14276885986328
2017-02-27,60.41469192504883
2017-02-28,60.461055755615234
2017-03-01,60.04376983642578
2017-03-02,57.632747650146484
2017-03-03,57.58638381958008
2017-03-06,59.07008743286133
2017-03-07,59.20918273925781
2017-03-08,57.493648529052734
2017-03-09,56.98362350463867
2017-03-10,56.659061431884766
2017-03-14,57.7254753112793
2017-03-15,57.81820297241211
2017-03-16,59.394649505615234
2017-03-17,59.20918273925781
2017-03-20,58.42096710205078
2017-03-21,57.54001235961914
2017-03-22,55.917205810546875
2017-03-23,56.84452819824219
2017-03-24,57.30818557739258
2017-03-27,56.51996612548828
2017-03-28,57.122718811035156
2017-03-29,56.79815673828125
2017-03-30,58.235496520996094
2017-03-31,58.14276885986328
2017-04-03,59.53374099731445
2017-04-05,61.805667877197266
2017-04-06,62.686614990234375
2017-04-07,61.434749603271484
2017-04-10,60.60015869140625
2017-04-11,60.50743103027344
2017-04-12,59.580108642578125
2017-04-13,59.99740219116211
2017-04-17,58.791893005371094
2017-04-18,59.20918273925781
2017-04-19,60.461055755615234
2017-04-20,59.76556396484375
2017-04-21,59.07008743286133
2017-04-24,58.8382568359375
2017-04-25,59.394649505615234
2017-04-26,59.116455078125
2017-04-27,62.03750228881836
2017-04-28,62.176605224609375
2017-05-02,57.7254753112793
2017-05-03,58.74552536010742
2017-05-04,58.3282356262207
2017-05-05,59.76556396484375
2017-05-08,62.08386993408203
2017-05-09,63.89213943481445
2017-05-10,64.72671508789062
2017-05-11,63.196651458740234
2017-05-12,61.944766998291016
2017-05-15,63.56758117675781
2017-05-16,63.05754470825195
2017-05-17,63.24300765991211
2017-05-18,60.461055755615234
2017-05-19,60.04376983642578
2017-05-22,60.461055755615234
2017-05-23,58.93098831176758
2017-05-24,57.58638381958008
2017-05-25,59.023719787597656
2017-05-26,59.85831069946289
2017-05-29,57.35454559326172
2017-05-30,57.632747650146484
2017-05-31,58.513694763183594
2017-06-01,58.46733093261719
2017-06-02,59.023719787597656
2017-06-05,59.3482780456543
2017-06-06,58.42096710205078
2017-06-07,58.42096710205078
2017-06-08,60.04376983642578
2017-06-09,59.53374099731445
2017-06-12,58.513694763183594
2017-06-13,58.42096710205078
2017-06-14,58.14276885986328
2017-06-15,59.07008743286133
2017-06-16,58.37459945678711
2017-06-19,58.18913650512695
2017-06-20,58.0500373840332
2017-06-21,59.99740219116211
2017-06-22,60.18286895751953
2017-06-23,58.513694763183594
2017-06-27,58.560062408447266
2017-06-28,58.60642623901367
2017-06-29,60.09013748168945
2017-06-30,59.85650634765625
2017-07-03,60.74430847167969
2017-07-04,61.86573028564453
2017-07-05,63.31426239013672
2017-07-06,60.3704948425293
2017-07-07,59.949954986572266
2017-07-10,60.13685989379883
2017-07-11,60.04340744018555
2017-07-12,60.3704948425293
2017-07-13,59.90322494506836
2017-07-14,59.249061584472656
2017-07-17,58.40798568725586
2017-07-18,58.22107696533203
2017-07-19,59.996681213378906
2017-07-20,61.16483688354492
2017-07-21,62.5666389465332
2017-07-24,61.4919319152832
2017-07-25,62.099369049072266
2017-07-26,63.54788589477539
2017-07-27,62.753543853759766
2017-07-28,67.33272552490234
2017-07-31,65.83747100830078
2017-08-01,65.41694641113281
2017-08-02,65.08985137939453
2017-08-03,62.66009521484375
2017-08-04,63.781517028808594
2017-08-07,64.48241424560547
2017-08-08,66.30474090576172
2017-08-09,65.93093872070312
2017-08-10,60.65085220336914
2017-08-11,59.576148986816406
2017-08-14,59.996681213378906
2017-08-16,60.3704948425293
2017-08-17,60.04340744018555
2017-08-18,59.7630500793457
2017-08-21,58.68833923339844
2017-08-22,57.00619888305664
2017-08-23,57.14637756347656
2017-08-24,59.622867584228516
2017-08-28,62.5199089050293
2017-08-29,61.071388244628906
2017-08-30,62.23955154418945
2017-08-31,63.033897399902344
2017-09-01,62.66009521484375
2017-09-04,62.3329963684082
2017-09-05,62.89373016357422
2017-09-06,62.099369049072266
2017-09-07,62.753543853759766
2017-09-08,67.37944793701172
2017-09-11,69.15505981445312
2017-09-12,72.1922607421875
2017-09-13,72.00536346435547
2017-09-14,73.17352294921875
2017-09-15,72.75299072265625
2017-09-18,71.72500610351562
2017-09-19,73.92115020751953
2017-09-20,74.20150756835938
2017-09-21,71.86518096923828
2017-09-22,68.54759979248047
2017-09-25,68.36070251464844
2017-09-26,68.26725006103516
2017-09-27,64.38896179199219
2017-09-28,68.36070251464844
2017-09-29,68.9214096069336
2017-10-03,70.27648162841797
2017-10-04,71.49137878417969
2017-10-05,71.63156127929688
2017-10-06,72.23899841308594
2017-10-09,71.07083892822266
2017-10-10,74.24822235107422
2017-10-11,74.66876220703125
2017-10-12,75.74347686767578
2017-10-13,74.5285873413086
2017-10-16,73.64079284667969
2017-10-17,76.81818389892578
2017-10-18,75.83692932128906
2017-10-19,75.41638946533203
2017-10-23,75.79019927978516
2017-10-24,76.67800903320312
2017-10-25,76.16401672363281
2017-10-26,78.21996307373047
2017-10-27,80.50956726074219
2017-10-30,81.30390930175781
2017-10-31,79.80867767333984
2017-11-01,79.85540008544922
2017-11-02,77.1919937133789
2017-11-03,76.30418395996094
2017-11-06,76.63127136230469
2017-11-07,74.24822235107422
2017-11-08,76.16401672363281
2017-11-09,77.42561340332031
2017-11-10,78.07978820800781
2017-11-13,76.44436645507812
2017-11-14,75.4631118774414
2017-11-15,74.01459503173828
2017-11-16,75.08930206298828
2017-11-17,75.27621459960938
2017-11-20,75.36966705322266
2017-11-21,74.62203979492188
2017-11-22,73.4538803100586
2017-11-23,77.70597839355469
2017-11-24,78.68724060058594
2017-11-27,78.31343078613281
2017-11-28,76.39764404296875
2017-11-29,76.070556640625
2017-11-30,78.26670837402344
2017-12-01,78.12652587890625
2017-12-04,78.40687561035156
2017-12-05,75.65001678466797
2017-12-06,73.3136978149414
2017-12-07,76.21074676513672
2017-12-08,77.47235107421875
2017-12-11,76.58454895019531
2017-12-12,75.13603210449219
2017-12-13,74.62203979492188
2017-12-14,74.15477752685547
2017-12-15,75.50984191894531
2017-12-18,74.62203979492188
2017-12-19,76.39764404296875
2017-12-20,78.21996307373047
2017-12-21,80.88337707519531
2017-12-22,83.31315612792969
2017-12-26,85.46257019042969
2017-12-27,83.64022827148438
2017-12-28,83.07952117919922
2017-12-29,86.35035705566406
2018-01-01,85.08876037597656
2018-01-02,83.96732330322266
2018-01-03,84.38786315917969
2018-01-04,85.08876037597656
2018-01-05,85.60274505615234
2018-01-08,85.46257019042969
2018-01-09,83.54679107666016
2018-01-10,85.6961898803711
2018-01-11,89.06050109863281
2018-01-12,88.63995361328125
2018-01-15,89.34085083007812
2018-01-16,85.97655487060547
2018-01-17,88.40631866455078
2018-01-18,83.45333099365234
2018-01-19,85.6961898803711
2018-01-22,82.89260864257812
2018-01-23,84.66822052001953
2018-01-24,83.68696594238281
2018-01-25,81.49081420898438
2018-01-29,80.46284484863281
2018-01-30,81.58428192138672
2018-01-31,81.86463928222656
2018-02-01,81.63101196289062
2018-02-02,78.54706573486328
2018-02-05,79.57503509521484
2018-02-06,77.3321762084961
2018-02-07,76.53782653808594
2018-02-08,77.1919937133789
2018-02-09,77.09854125976562
2018-02-12,77.14527893066406
2018-02-14,76.67800903320312
2018-02-15,75.18275451660156
2018-02-16,74.85568237304688
2018-02-19,73.82769012451172
2018-02-20,74.66876220703125
2018-02-21,74.1080551147461
2018-02-22,73.92115020751953
2018-02-23,76.63127136230469
2018-02-26,76.58454895019531
2018-02-27,76.02383422851562
2018-02-28,75.41638946533203
2018-03-01,75.36966705322266
2018-03-05,74.34168243408203
2018-03-06,73.92115020751953
2018-03-07,72.70626831054688
2018-03-08,74.29496765136719
2018-03-09,73.64079284667969
2018-03-12,72.4259033203125
2018-03-13,74.62203979492188
2018-03-14,73.68750762939453
2018-03-15,73.78096008300781
2018-03-16,72.79971313476562
2018-03-19,68.73451232910156
2018-03-20,70.41666412353516
2018-03-21,70.79048156738281
2018-03-22,69.06159973144531
2018-03-23,67.33272552490234
2018-03-26,68.40741729736328
2018-03-27,69.34195709228516
2018-03-28,68.03361511230469
2018-04-02,70.51011657714844
2018-04-03,73.96786499023438
2018-04-04,75.65001678466797
2018-04-05,77.56580352783203
2018-04-06,76.39764404296875
2018-04-09,75.36966705322266
2018-04-10,75.65001678466797
2018-04-11,75.6032943725586
2018-04-12,74.1080551147461
2018-04-13,75.04258728027344
2018-04-16,75.32292938232422
2018-04-17,77.93961334228516
2018-04-18,79.43485260009766
2018-04-19,79.80867767333984
2018-04-20,78.12652587890625
2018-04-23,78.03306579589844
2018-04-24,78.1732406616211
2018-04-25,77.28543853759766
2018-04-26,76.21074676513672
2018-04-27,75.55656433105469
2018-04-30,79.20122528076172
2018-05-02,76.63127136230469
2018-05-03,76.44436645507812
2018-05-04,70.32321166992188
2018-05-07,69.57559204101562
2018-05-08,67.14581298828125
2018-05-09,65.51038360595703
2018-05-10,64.99640655517578
2018-05-11,65.51038360595703
2018-05-14,63.781517028808594
2018-05-15,65.79076385498047
2018-05-16,67.84671783447266
2018-05-17,67.79998779296875
2018-05-18,67.37944793701172
2018-05-21,65.37020874023438
2018-05-22,65.18331146240234
2018-05-23,64.94967651367188
2018-05-24,65.79076385498047
2018-05-25,68.5943374633789
2018-05-28,72.75299072265625
2018-05-29,71.63156127929688
2018-05-30,76.39764404296875
2018-05-31,76.86490631103516
2018-06-01,70.51011657714844
2018-06-04,69.38868713378906
2018-06-05,66.5851058959961
2018-06-06,68.96814727783203
2018-06-07,69.38868713378906
2018-06-08,69.99613952636719
2018-06-11,70.51011657714844
2018-06-12,69.90267944335938
2018-06-13,68.9214096069336
2018-06-14,67.33272552490234
2018-06-15,67.37944793701172
2018-06-18,67.14581298828125
2018-06-19,66.72528839111328
2018-06-20,67.79998779296875
2018-06-21,67.19254302978516
2018-06-22,65.55712890625
2018-06-25,64.8562240600586
2018-06-26,63.12735366821289
2018-06-27,60.09013748168945
2018-06-28,60.04340744018555
2018-06-29,61.305023193359375
2018-07-02,58.78179931640625
2018-07-03,60.23030471801758
2018-07-04,62.052642822265625
2018-07-05,63.31426239013672
2018-07-06,62.23955154418945
2018-07-09,63.641334533691406
2018-07-10,63.454437255859375
2018-07-11,64.76277160644531
2018-07-12,63.40769958496094
2018-07-13,62.052642822265625
2018-07-16,59.43595886230469
2018-07-17,60.13685989379883
2018-07-18,59.06215286254883
2018-07-19,59.108882904052734
2018-07-20,57.800537109375
2018-07-23,59.34251022338867
2018-07-24,60.69757080078125
2018-07-25,59.949954986572266
2018-07-26,59.71632766723633
2018-07-27,62.37973403930664
2018-07-30,61.398468017578125
2018-07-31,61.585384368896484
2018-08-01,61.25830078125
2018-08-02,61.11811828613281
2018-08-03,61.21157455444336
2018-08-06,63.54788589477539
2018-08-07,63.033897399902344
2018-08-08,63.174072265625
2018-08-09,63.641334533691406
2018-08-10,63.5946159362793
2018-08-13,62.5666389465332
2018-08-14,64.4356918334961
2018-08-16,63.96842956542969
2018-08-17,63.033897399902344
2018-08-20,63.26752471923828
2018-08-21,63.31426239013672
2018-08-23,62.94044494628906
2018-08-24,63.54788589477539
2018-08-27,63.82825469970703
2018-08-28,64.15532684326172
2018-08-29,63.96842956542969
2018-08-30,65.79076385498047
2018-08-31,68.1270751953125
2018-09-03,66.8187255859375
2018-09-04,64.8562240600586
2018-09-05,63.641334533691406
2018-09-06,64.90294647216797
2018-09-07,65.69730377197266
2018-09-10,63.688072204589844
2018-09-11,61.86573028564453
2018-09-12,62.052642822265625
2018-09-14,64.62259674072266
2018-09-17,65.04312896728516
2018-09-18,64.90294647216797
2018-09-19,63.174072265625
2018-09-21,59.48269271850586
2018-09-24,60.23030471801758
2018-09-25,60.51067352294922
2018-09-26,58.78179931640625
2018-09-27,58.82852554321289
2018-09-28,57.23982238769531
2018-10-01,56.585655212402344
2018-10-03,59.06215286254883
2018-10-04,58.96870422363281
2018-10-05,56.1183967590332
2018-10-08,54.81005096435547
2018-10-09,54.99695587158203
2018-10-10,57.23982238769531
2018-10-11,55.370765686035156
2018-10-12,59.249061584472656
2018-10-15,59.996681213378906
2018-10-16,60.74430847167969
2018-10-17,60.13685989379883
2018-10-19,60.79103088378906
2018-10-22,60.41721725463867
2018-10-23,59.38924026489258
2018-10-24,59.809776306152344
2018-10-25,58.92197799682617
2018-10-26,59.809776306152344
2018-10-29,61.4919319152832
2018-10-30,61.77228546142578
2018-10-31,60.69757080078125
2018-11-01,61.0246696472168
2018-11-02,61.398468017578125
2018-11-05,63.50115966796875
2018-11-06,63.641334533691406
2018-11-07,64.01515197753906
2018-11-09,67.79998779296875
2018-11-12,65.79076385498047
2018-11-13,67.14581298828125
2018-11-14,66.39820098876953
2018-11-15,65.65057373046875
2018-11-16,66.25801849365234
2018-11-19,66.91217803955078
2018-11-20,65.04312896728516
2018-11-21,64.01515197753906
2018-11-22,63.12735366821289
2018-11-26,62.753543853759766
2018-11-27,62.613365173339844
2018-11-28,63.080623626708984
2018-11-29,63.54788589477539
2018-11-30,63.87497329711914
2018-12-03,64.94967651367188
2018-12-04,64.48241424560547
2018-12-05,64.62259674072266
2018-12-06,63.033897399902344
2018-12-07,64.48241424560547
2018-12-10,61.44520568847656
2018-12-11,61.95919418334961
2018-12-12,64.06188201904297
2018-12-13,66.07111358642578
2018-12-14,66.35147857666016
2018-12-17,66.39820098876953
2018-12-18,67.28599548339844
2018-12-19,67.0056381225586
2018-12-20,66.39820098876953
2018-12-21,66.25801849365234
2018-12-24,63.033897399902344
2018-12-26,63.174072265625
2018-12-27,62.23955154418945
2018-12-28,64.80949401855469
2018-12-31,64.15532684326172
2019-01-01,65.18331146240234
2019-01-02,65.83747100830078
2019-01-03,65.18331146240234
2019-01-04,64.20205688476562
2019-01-07,65.51038360595703
2019-01-08,65.69730377197266
2019-01-09,65.2767562866211
2019-01-10,65.32349395751953
2019-01-11,65.46366882324219
2019-01-14,64.38896179199219
2019-01-15,64.38896179199219
2019-01-16,65.23004150390625
2019-01-17,64.2955093383789
2019-01-18,63.54788589477539
2019-01-21,63.50115966796875
2019-01-22,64.2955093383789
2019-01-23,64.06188201904297
2019-01-24,63.36098098754883
2019-01-25,62.426456451416016
2019-01-28,60.69757080078125
2019-01-29,59.996681213378906
2019-01-30,63.40769958496094
2019-01-31,62.47317886352539
2019-02-01,63.50115966796875
2019-02-04,63.40769958496094
2019-02-05,62.47317886352539
2019-02-06,62.66009521484375
2019-02-07,62.84699630737305
2019-02-08,62.099369049072266
2019-02-11,62.47317886352539
2019-02-12,62.28627395629883
2019-02-14,61.21157455444336
2019-02-15,60.83775329589844
2019-02-18,60.3704948425293
2019-02-19,61.95919418334961
2019-02-20,61.11811828613281
2019-02-21,61.305023193359375
2019-02-22,61.6788330078125
2019-02-25,61.63210678100586
2019-02-26,60.65085220336914
2019-02-27,60.3704948425293
2019-02-28,60.23030471801758
2019-03-01,61.21157455444336
2019-03-05,63.50115966796875
2019-03-06,64.01515197753906
2019-03-07,65.69730377197266
2019-03-08,63.921695709228516
2019-03-11,63.96842956542969
2019-03-12,65.23004150390625
2019-03-13,63.82825469970703
2019-03-14,62.426456451416016
2019-03-15,62.66009521484375
2019-03-18,64.4356918334961
2019-03-19,63.454437255859375
2019-03-20,62.66009521484375
2019-03-22,61.305023193359375
2019-03-25,59.90322494506836
2019-03-26,60.93120574951172
2019-03-27,64.20205688476562
2019-03-28,64.4356918334961
2019-04-01,68.9214096069336
2019-04-02,71.44464874267578
2019-04-03,67.19254302978516
2019-04-04,68.31399536132812
2019-04-05,68.40741729736328
2019-04-08,66.86546325683594
2019-04-09,67.65982055664062
2019-04-10,67.89344024658203
2019-04-11,67.61306762695312
2019-04-12,68.22052764892578
2019-04-15,69.57559204101562
2019-04-16,69.01487731933594
2019-04-18,67.75325775146484
2019-04-22,66.77200317382812
2019-04-23,66.95891571044922
2019-04-24,67.33272552490234
2019-04-25,65.08985137939453
2019-04-26,65.23004150390625
2019-04-30,65.2767562866211
2019-05-02,66.07111358642578
2019-05-03,65.69730377197266
2019-05-06,66.21129608154297
2019-05-07,64.48241424560547
2019-05-08,63.54788589477539
2019-05-09,63.174072265625
2019-05-10,62.89373016357422
2019-05-13,62.66009521484375
2019-05-14,62.753543853759766
2019-05-15,62.613365173339844
2019-05-16,63.174072265625
2019-05-17,62.5199089050293
2019-05-20,63.688072204589844
2019-05-21,62.005916595458984
2019-05-22,62.5666389465332
2019-05-23,61.77228546142578
2019-05-24,66.86546325683594
2019-05-27,68.03361511230469
2019-05-28,71.44464874267578
2019-05-29,68.54759979248047
2019-05-30,67.65982055664062
2019-05-31,68.54759979248047
2019-06-03,68.03361511230469
2019-06-04,68.54759979248047
2019-06-06,67.05236053466797
2019-06-07,65.60385131835938
2019-06-10,65.83747100830078
2019-06-11,65.79076385498047
2019-06-12,65.37020874023438
2019-06-13,66.07111358642578
2019-06-14,64.2955093383789
2019-06-17,61.81901168823242
2019-06-18,62.23955154418945
2019-06-19,61.53865051269531
2019-06-20,62.146095275878906
2019-06-21,62.23955154418945
2019-06-24,62.66009521484375
2019-06-25,62.66009521484375
2019-06-26,65.08985137939453
2019-06-27,64.7160415649414
2019-06-28,62.5666389465332
2019-07-01,64.06188201904297
2019-07-02,66.53837585449219
2019-07-03,66.95891571044922
2019-07-04,67.23927307128906
2019-07-05,66.86546325683594
2019-07-08,65.51038360595703
2019-07-09,66.30474090576172
2019-07-10,65.46366882324219
2019-07-11,64.4356918334961
2019-07-12,64.57586669921875
2019-07-15,64.8562240600586
2019-07-16,66.07111358642578
2019-07-17,67.14581298828125
2019-07-18,67.05236053466797
2019-07-19,67.47289276123047
2019-07-22,66.07111358642578
2019-07-23,66.0243911743164
2019-07-24,65.23004150390625
2019-07-25,63.87497329711914
2019-07-26,63.36098098754883
2019-07-29,64.80949401855469
2019-07-30,64.48241424560547
2019-07-31,63.5946159362793
2019-08-01,62.89373016357422
2019-08-02,63.74747848510742
2019-08-05,63.79491424560547
2019-08-06,64.22179412841797
2019-08-07,66.59334564208984
2019-08-08,66.6882095336914
2019-08-09,66.16646575927734
2019-08-13,64.4115219116211
2019-08-14,63.842342376708984
2019-08-16,64.4115219116211
2019-08-19,66.30876159667969
2019-08-20,65.73958587646484
2019-08-21,63.937198638916016
2019-08-22,63.842342376708984
2019-08-23,64.31665802001953
2019-08-26,64.22179412841797
2019-08-27,64.45895385742188
2019-08-28,63.652610778808594
2019-08-29,63.60518264770508
2019-08-30,63.32060623168945
2019-09-03,63.462894439697266
2019-09-04,62.9411506652832
2019-09-05,62.84629440307617
2019-09-06,61.94510269165039
2019-09-09,62.751426696777344
2019-09-11,63.60518264770508
2019-09-12,62.65657043457031
2019-09-13,63.462894439697266
2019-09-16,63.415462493896484
2019-09-17,61.802799224853516
2019-09-18,61.18619918823242
2019-09-19,60.617027282714844
2019-09-20,61.66051483154297
2019-09-23,62.32453536987305
2019-09-24,61.51821517944336
2019-09-25,60.33243942260742
2019-09-26,60.09528350830078
2019-09-27,61.70794677734375
2019-09-30,61.70794677734375
2019-10-01,59.52610778808594
2019-10-03,58.15060043334961
2019-10-04,55.82647705078125
2019-10-07,57.059688568115234
2019-10-09,58.435184478759766
2019-10-10,58.15060043334961
2019-10-11,57.81858444213867
2019-10-14,56.680233001708984
2019-10-15,59.810691833496094
2019-10-16,61.37591552734375
2019-10-17,62.988582611083984
2019-10-18,65.02812957763672
2019-10-22,64.17435455322266
2019-10-23,64.45895385742188
2019-10-24,64.50637817382812
2019-10-25,63.937198638916016
2019-10-27,63.273155212402344
2019-10-29,63.51032638549805
2019-10-30,64.4115219116211
2019-10-31,64.55381774902344
2019-11-01,66.6882095336914
2019-11-04,69.439208984375
2019-11-05,69.39179229736328
2019-11-06,71.24160766601562
2019-11-07,74.79894256591797
2019-11-08,72.61710357666016
2019-11-11,70.24555969238281
2019-11-13,68.11115264892578
2019-11-14,66.7830810546875
2019-11-15,67.11509704589844
2019-11-18,66.87793731689453
2019-11-19,68.15857696533203
2019-11-20,68.06371307373047
2019-11-21,66.54592895507812
2019-11-22,66.49848175048828
2019-11-25,68.91748046875
2019-11-26,72.33251953125
2019-11-27,69.72380065917969
2019-11-28,68.8226089477539
2019-11-29,69.5340805053711
2019-12-02,72.33251953125
2019-12-03,71.62104797363281
2019-12-04,74.60922241210938
2019-12-05,72.85426330566406
2019-12-06,69.5340805053711
2019-12-09,71.24160766601562
2019-12-10,66.45105743408203
2019-12-11,65.50243377685547
2019-12-12,66.45105743408203
2019-12-13,67.68426513671875
2019-12-16,66.92536163330078
2019-12-17,67.30481719970703
2019-12-18,66.30876159667969
2019-12-19,66.35619354248047
2019-12-20,66.59334564208984
2019-12-23,65.6921615600586
2019-12-24,66.16646575927734
2019-12-26,66.35619354248047
2019-12-27,65.73958587646484
2019-12-30,65.88188171386719
2019-12-31,65.78701782226562
2020-01-01,65.50243377685547
2020-01-02,65.92931365966797
2020-01-03,66.59334564208984
2020-01-06,63.60518264770508
2020-01-07,66.49848175048828
2020-01-08,67.54197692871094
2020-01-09,65.8344497680664
2020-01-10,64.88582611083984
2020-01-13,64.69610595703125
2020-01-14,63.98463439941406
2020-01-15,63.98463439941406
2020-01-16,64.12693786621094
2020-01-17,63.98463439941406
2020-01-20,62.798851013183594
2020-01-21,62.89373016357422
2020-01-22,62.9411506652832
2020-01-23,63.415462493896484
2020-01-24,64.03207397460938
2020-01-27,63.55775451660156
2020-01-28,63.51032638549805
2020-01-29,62.70399475097656
2020-01-30,61.13875961303711
2020-01-31,59.810691833496094
2020-02-03,58.719783782958984
2020-02-04,59.952980041503906
2020-02-05,58.719783782958984
2020-02-06,59.66840362548828
2020-02-07,61.99252700805664
2020-02-10,61.66051483154297
2020-02-11,60.664459228515625
2020-02-12,60.80674743652344
2020-02-13,60.33243942260742
2020-02-14,59.620967864990234
2020-02-17,59.90555191040039
2020-02-18,62.32453536987305
2020-02-19,61.28105926513672
2020-02-20,59.90555191040039
2020-02-24,59.66840362548828
2020-02-25,58.29289627075195
2020-02-26,57.48656463623047
2020-02-27,56.964820861816406
2020-02-28,54.35610580444336
2020-03-02,52.1268424987793
2020-03-03,54.40353775024414
2020-03-04,51.08335494995117
2020-03-05,52.031982421875
2020-03-06,50.134735107421875
2020-03-09,44.869876861572266
2020-03-11,46.00822448730469
2020-03-12,43.77896499633789
2020-03-13,45.48648452758789
2020-03-16,43.30465316772461
2020-03-17,40.31648635864258
2020-03-18,39.84217834472656
2020-03-19,41.73942184448242
2020-03-20,44.3481330871582
2020-03-23,41.50226593017578
2020-03-24,44.01612091064453
2020-03-25,44.82244873046875
2020-03-26,43.63666534423828
2020-03-27,42.118873596191406
2020-03-30,41.644561767578125
2020-03-31,40.5062141418457
2020-04-01,40.9330940246582
2020-04-03,40.22162628173828
2020-04-07,40.36391830444336
2020-04-08,40.031898498535156
2020-04-09,39.84217834472656
2020-04-13,39.083274841308594
2020-04-15,38.51410675048828
2020-04-16,39.367862701416016
2020-04-17,40.601070404052734
2020-04-20,41.12281799316406
2020-04-21,39.083274841308594
2020-04-22,37.99236297607422
2020-04-23,37.56547927856445
2020-04-24,37.85006332397461
2020-04-27,37.42318344116211
2020-04-28,37.375755310058594
2020-04-29,38.893550872802734
2020-04-30,42.308589935302734
2020-05-04,39.27300262451172
2020-05-05,38.22951889038086
2020-05-06,37.85006332397461
2020-05-07,38.37180709838867
2020-05-08,38.656394958496094
2020-05-11,37.75520324707031
2020-05-12,37.80262756347656
2020-05-13,38.41923522949219
2020-05-14,38.08722686767578
2020-05-15,37.56547927856445
2020-05-18,37.51804733276367
2020-05-19,37.13859939575195
2020-05-20,38.60896301269531
2020-05-21,38.08722686767578
2020-05-22,37.23346710205078
2020-05-26,37.18602752685547
2020-05-27,38.79869079589844
2020-05-28,38.60896301269531
2020-05-29,37.99236297607422
2020-06-01,38.9884147644043
2020-06-02,42.688045501708984
2020-06-03,40.980525970458984
2020-06-04,39.88960647583008
2020-06-05,42.02400588989258
2020-06-08,43.44694137573242
2020-06-09,44.4429931640625
2020-06-10,44.82244873046875
2020-06-11,44.68014907836914
2020-06-12,45.62877655029297
2020-06-15,43.87382507324219
2020-06-16,45.67620849609375
2020-06-17,45.20189666748047
2020-06-18,45.2967529296875
2020-06-19,45.439056396484375
2020-06-22,47.810611724853516
2020-06-23,48.71179962158203
2020-06-24,46.672264099121094
2020-06-25,46.95684814453125
2020-06-26,46.24538040161133
2020-06-29,45.391624450683594
2020-06-30,44.72758865356445
2020-07-01,46.34024429321289
2020-07-02,47.763179779052734
2020-07-03,46.43510818481445
2020-07-06,46.38768005371094
2020-07-07,45.81850051879883
2020-07-08,44.632720947265625
2020-07-09,44.82244873046875
2020-07-10,43.73152542114258
2020-07-13,43.39950942993164
2020-07-14,42.2137336730957
2020-07-15,41.691993713378906
2020-07-16,41.35996627807617
2020-07-17,43.25721740722656
2020-07-20,44.72758865356445
2020-07-21,44.20583724975586
2020-07-22,43.54180908203125
2020-07-23,44.253273010253906
2020-07-24,43.162357330322266
2020-07-27,42.73548126220703
2020-07-28,42.78290557861328
2020-07-29,44.53786087036133
2020-07-30,43.6840934753418
2020-07-31,43.54180908203125
2020-08-03,43.25721740722656
2020-08-04,44.6635627746582
2020-08-05,44.51808166503906
2020-08-06,44.227108001708984
2020-08-07,46.65184020996094
2020-08-10,49.31904602050781
2020-08-11,48.93109130859375
2020-08-12,49.3675422668457
2020-08-13,52.277225494384766
2020-08-14,54.36248779296875
2020-08-17,55.671844482421875
2020-08-18,54.16851043701172
2020-08-19,55.33238220214844
2020-08-20,55.38087463378906
2020-08-21,56.0598030090332
2020-08-24,55.1869010925293
2020-08-25,55.9143180847168
2020-08-26,55.138404846191406
2020-08-27,54.07151794433594
2020-08-28,54.16851043701172
2020-08-31,53.10163116455078
2020-09-01,53.635066986083984
2020-09-02,56.981201171875
2020-09-03,58.484535217285156
2020-09-04,57.17517852783203
2020-09-07,59.5029182434082
2020-09-08,57.223670959472656
2020-09-09,56.59324645996094
2020-09-10,58.823997497558594
2020-09-11,56.981201171875
2020-09-14,55.1869010925293
2020-09-15,57.660125732421875
2020-09-16,56.7872200012207
2020-09-17,57.223670959472656
2020-09-18,59.066471099853516
2020-09-21,55.76883316040039
2020-09-22,55.33238220214844
2020-09-23,55.52635955810547
2020-09-24,54.313995361328125
2020-09-25,56.205284118652344
2020-09-28,56.0598030090332
2020-09-29,57.36915969848633
2020-09-30,54.70195388793945
2020-10-01,54.2655029296875
2020-10-05,53.58657455444336
2020-10-06,54.313995361328125
2020-10-07,54.36248779296875
2020-10-08,55.138404846191406
2020-10-09,54.847434997558594
2020-10-12,55.865821838378906
2020-10-13,56.884212493896484
2020-10-14,58.387542724609375
2020-10-15,59.93937301635742
2020-10-16,61.879154205322266
2020-10-19,60.812278747558594
2020-10-20,60.957759857177734
2020-10-21,61.733673095703125
2020-10-22,63.91593551635742
2020-10-23,61.830665588378906
2020-10-26,59.74538803100586
2020-10-27,59.26044464111328
2020-10-28,58.387542724609375
2020-10-29,58.484535217285156
2020-10-30,58.193565368652344
2020-11-02,57.02969741821289
2020-11-03,56.884212493896484
2020-11-04,56.59324645996094
2020-11-05,57.27217102050781
2020-11-06,58.387542724609375
2020-11-09,57.223670959472656
2020-11-10,57.85410690307617
2020-11-11,58.096580505371094
2020-11-12,59.30894470214844
2020-11-13,61.6851806640625
2020-11-14,62.0246467590332
2020-11-17,59.842384338378906
2020-11-18,59.163455963134766
2020-11-19,58.29055404663086
2020-11-20,61.29722213745117
2020-11-23,60.327327728271484
2020-11-24,59.599910736083984
2020-11-25,58.823997497558594
2020-11-26,58.920989990234375
2020-11-27,60.03636169433594
2020-12-01,61.200233459472656
2020-12-02,60.76378631591797
2020-12-03,68.61991119384766
2020-12-04,66.87410736083984
2020-12-07,65.75872802734375
2020-12-08,63.721954345703125
2020-12-09,63.091522216796875
2020-12-10,63.43098449707031
2020-12-11,65.90421295166016
2020-12-14,65.855712890625
2020-12-15,64.40087890625
2020-12-16,67.01958465576172
2020-12-17,66.34066772460938
2020-12-18,66.72862243652344
2020-12-21,64.35238647460938
2020-12-22,66.14669036865234
2020-12-23,66.87410736083984
2020-12-24,66.24368286132812
2020-12-28,66.97109985351562
2020-12-29,66.34066772460938
2020-12-30,66.63162994384766
2020-12-31,65.75872802734375
2021-01-01,64.7888412475586
2021-01-04,65.855712890625
2021-01-05,65.41925811767578
2021-01-06,65.27378845214844
2021-01-07,65.5162582397461
2021-01-08,65.03131866455078
2021-01-11,64.88582611083984
2021-01-12,72.59647369384766
2021-01-13,70.99614715576172
2021-01-14,69.73529815673828
2021-01-15,72.79045867919922
2021-01-18,70.12325286865234
2021-01-19,72.4024887084961
2021-01-20,75.02120971679688
2021-01-21,72.11152648925781
2021-01-22,71.820556640625
2021-01-25,70.51119995117188
2021-01-27,71.9660415649414
2021-01-28,71.820556640625
2021-01-29,70.07474517822266
2021-02-01,68.86238098144531
2021-02-02,69.78378295898438
2021-02-03,69.54131317138672
2021-02-04,70.07474517822266
2021-02-05,68.66841125488281
2021-02-08,69.4928207397461
2021-02-09,68.42594146728516
2021-02-10,70.46271514892578
2021-02-11,75.263671875
2021-02-12,72.4024887084961
2021-02-15,73.56636810302734
2021-02-16,72.74195098876953
2021-02-17,72.4024887084961
2021-02-18,73.12992095947266
2021-02-19,71.72356414794922
2021-02-22,69.6383056640625
2021-02-23,71.19013214111328
2021-02-24,70.65668487548828
2021-02-25,70.99614715576172
2021-02-26,69.73529815673828
2021-03-01,72.06303405761719
2021-03-02,83.60475158691406
2021-03-03,81.6164779663086
2021-03-04,81.85895538330078
2021-03-05,78.75529479980469
2021-03-08,84.52616119384766
2021-03-09,81.18002319335938
2021-03-10,84.23518371582031
2021-03-12,83.02281951904297
2021-03-15,83.31379699707031
2021-03-16,83.2652816772461
2021-03-17,81.13152313232422
2021-03-18,81.6164779663086
2021-03-19,82.24690246582031
2021-03-22,83.65325927734375
2021-03-23,83.70174407958984
2021-03-24,80.79206848144531
2021-03-25,81.13152313232422
2021-03-26,84.8656234741211
2021-03-30,84.67163848876953
2021-03-31,85.205078125
2021-04-01,87.96926879882812
2021-04-05,83.94422149658203
2021-04-06,83.07132720947266
2021-04-07,86.70841979980469
2021-04-08,85.98100280761719
2021-04-09,97.42572784423828
2021-04-12,90.10304260253906
2021-04-13,93.64315032958984
2021-04-15,92.96421813964844
2021-04-16,96.84378051757812
2021-04-19,97.23175048828125
2021-04-20,97.76519012451172
2021-04-22,96.64981842041016
2021-04-23,99.41400909423828
2021-04-26,102.7116470336914
2021-04-27,102.95411682128906
2021-04-28,103.87551879882812
2021-04-29,105.71831512451172
2021-04-30,106.30024719238281
2021-05-03,107.22164916992188
2021-05-04,106.88218688964844
2021-05-05,115.80519104003906
2021-05-06,112.99250793457031
2021-05-07,113.28347778320312
2021-05-10,115.5627212524414
2021-05-11,117.11454010009766
2021-05-12,114.05939483642578
2021-05-14,110.7132568359375
2021-05-17,110.03433227539062
2021-05-18,112.26508331298828
2021-05-19,114.25335693359375
2021-05-20,113.86541748046875
2021-05-21,113.5744400024414
2021-05-24,113.38046264648438
2021-05-25,114.54434204101562
2021-05-26,111.63465118408203
2021-05-27,112.21659851074219
2021-05-28,112.6530532836914
2021-05-31,114.20487213134766
2021-06-01,122.20648956298828
2021-06-02,126.91046142578125
2021-06-03,132.05087280273438
2021-06-04,131.0325164794922
2021-06-07,135.9304656982422
2021-06-08,139.276611328125
2021-06-09,140.9739227294922
2021-06-10,146.017333984375
2021-06-11,148.92701721191406
2021-06-14,151.01229858398438
2021-06-15,148.92701721191406
2021-06-16,159.9838104248047
2021-06-17,156.20123291015625
2021-06-18,153.19456481933594
2021-06-21,153.92198181152344
2021-06-22,157.21961975097656
2021-06-23,156.5406951904297
2021-06-24,153.3885498046875
2021-06-25,149.218017578125
2021-06-28,148.9755401611328
2021-06-29,157.75306701660156
2021-06-30,162.6995086669922
2021-07-01,169.10081481933594
2021-07-02,163.2329559326172
2021-07-05,164.05735778808594
2021-07-06,160.12930297851562
2021-07-07,162.06907653808594
2021-07-08,162.06907653808594
2021-07-09,162.7480010986328
2021-07-12,165.80316162109375
2021-07-13,163.03897094726562
2021-07-14,168.033935546875
2021-07-15,183.2127227783203
2021-07-16,188.20770263671875
2021-07-19,190.58392333984375
2021-07-20,195.4818878173828
2021-07-22,210.70921325683594
2021-07-23,233.50169372558594
2021-07-26,233.79266357421875
2021-07-27,247.04466247558594
2021-07-28,247.87596130371094
2021-07-29,244.55072021484375
2021-07-30,246.99574279785156
2021-08-02,238.14479064941406
2021-08-03,239.75848388671875
2021-08-04,241.61671447753906
2021-08-05,240.7364959716797
2021-08-06,243.3771209716797
2021-08-09,241.66561889648438
2021-08-10,229.68502807617188
2021-08-11,223.32797241210938
2021-08-12,234.18385314941406
2021-08-13,234.47726440429688
2021-08-16,241.8612060546875
2021-08-17,244.6485137939453
2021-08-18,239.8562774658203
2021-08-20,231.68992614746094
2021-08-23,220.1494598388672
2021-08-24,211.15176391601562
2021-08-25,221.66534423828125
2021-08-26,232.71682739257812
2021-08-27,243.71942138671875
2021-08-30,246.6534423828125
2021-08-31,258.8296203613281
2021-09-01,249.68528747558594
2021-09-02,248.560546875
2021-09-03,249.39187622070312
2021-09-06,251.0544891357422
2021-09-07,249.0006561279297
2021-09-08,260.1010437011719
2021-09-09,273.0596618652344
2021-09-13,286.7028503417969
2021-09-14,301.0306396484375
2021-09-15,303.1333923339844
2021-09-16,304.5025634765625
2021-09-17,316.3364562988281
2021-09-20,323.52484130859375
2021-09-21,330.5664978027344
2021-09-22,332.2291259765625
2021-09-23,343.1827392578125
2021-09-24,342.3514404296875
2021-09-27,342.3514404296875
2021-09-28,358.7330627441406
2021-09-29,376.5816955566406
2021-09-30,381.3250427246094
2021-10-01,376.72845458984375
2021-10-04,370.8114318847656
2021-10-05,380.2003173828125
2021-10-06,372.2784729003906
2021-10-07,370.8114318847656
2021-10-08,373.35430908203125
2021-10-11,380.4937438964844
2021-10-12,371.49609375
2021-10-13,390.0293273925781
2021-10-14,385.3348693847656
2021-10-18,383.232177734375
2021-10-19,370.86041259765625
2021-10-20,367.9263610839844
2021-10-21,362.7918395996094
2021-10-22,372.4740905761719
2021-10-25,365.6280212402344
2021-10-26,361.61822509765625
2021-10-27,358.4885559082031
2021-10-28,340.591064453125
2021-10-29,340.98223876953125
2021-11-01,334.7229919433594
2021-11-02,329.2950744628906
2021-11-03,323.8182067871094
2021-11-04,325.1874084472656
2021-11-08,310.32171630859375
2021-11-09,311.15301513671875
2021-11-10,312.5711364746094
2021-11-11,326.2143249511719
2021-11-12,315.5051574707031
2021-11-15,315.21173095703125
2021-11-16,315.3095397949219
2021-11-17,303.96466064453125
2021-11-18,288.8055419921875
2021-11-22,287.8275451660156
2021-11-23,301.07958984375
2021-11-24,301.0306396484375
2021-11-25,310.0283203125
2021-11-26,295.2603759765625
2021-11-29,283.8666076660156
2021-11-30,280.9814758300781
2021-12-01,295.015869140625
2021-12-02,309.6860046386719
2021-12-03,315.99420166015625
2021-12-06,303.8668518066406
2021-12-07,300.24822998046875
2021-12-08,301.1773681640625
2021-12-09,289.00115966796875
2021-12-10,292.7664794921875
2021-12-13,293.6466979980469
2021-12-14,289.00115966796875
2021-12-15,284.6979064941406
2021-12-16,288.1698303222656
2021-12-17,280.49249267578125
2021-12-20,277.31396484375
2021-12-21,286.21380615234375
2021-12-22,290.1258544921875
2021-12-23,290.6148681640625
2021-12-24,295.70050048828125
2021-12-27,304.5025634765625
2021-12-28,302.9377746582031
2021-12-29,299.31915283203125
2021-12-30,292.7664794921875
2021-12-31,293.89117431640625
2022-01-03,292.4241943359375
2022-01-04,296.5318298339844
2022-01-05,289.3923645019531
2022-01-06,293.1576843261719
2022-01-07,300.6883850097656
2022-01-10,310.41949462890625
2022-01-11,307.1431579589844
2022-01-12,304.11138916015625
2022-01-13,301.7641296386719
2022-01-14,300.8350524902344
2022-01-17,305.67620849609375
2022-01-18,297.0208435058594
2022-01-19,306.898681640625
2022-01-20,310.37060546875
2022-01-21,302.05755615234375
2022-01-24,294.5758056640625
2022-01-25,297.7543029785156
2022-01-27,292.2774963378906
2022-01-28,289.050048828125
2022-01-31,299.7103576660156
2022-02-01,300.98175048828125
2022-02-02,296.67852783203125
2022-02-03,294.967041015625
2022-02-04,291.20166015625
2022-02-07,297.41204833984375
2022-02-08,301.47076416015625
2022-02-09,302.79107666015625
2022-02-10,317.9012451171875
2022-02-11,333.7938537597656
2022-02-14,317.2167053222656
2022-02-15,321.5688171386719
2022-02-16,323.9160461425781
2022-02-17,330.4197692871094
2022-02-18,332.62030029296875
2022-02-21,331.88677978515625
2022-02-22,320.444091796875
2022-02-23,329.6862487792969
2022-02-24,313.20684814453125
2022-02-25,326.6544494628906
2022-02-28,332.7181091308594
2022-03-02,331.6911926269531
2022-03-03,329.9307861328125
2022-03-04,321.81329345703125
2022-03-07,305.8229064941406
2022-03-08,291.64178466796875
2022-03-09,306.214111328125
2022-03-10,308.3656921386719
2022-03-11,306.6053161621094
2022-03-14,308.6101989746094
2022-03-15,302.3020935058594
2022-03-16,300.7861328125
2022-03-17,292.1307678222656
2022-03-21,297.99884033203125
2022-03-22,294.52691650390625
2022-03-23,291.5928649902344
2022-03-24,295.309326171875
2022-03-25,289.97918701171875
2022-03-28,295.8471984863281
2022-03-29,287.77862548828125
2022-03-30,292.9132080078125
2022-03-31,295.5538330078125
2022-04-01,302.39990234375
2022-04-04,317.51007080078125
2022-04-05,333.3537902832031
2022-04-06,331.348876953125
2022-04-07,320.6886291503906
2022-04-08,335.2120056152344
2022-04-11,351.88702392578125
2022-04-12,334.331787109375
2022-04-13,318.73260498046875
2022-04-18,334.6252136230469
2022-04-19,330.2241516113281
2022-04-20,327.58355712890625
2022-04-21,332.62030029296875
2022-04-22,336.1411437988281
2022-04-25,322.4001159667969
2022-04-26,338.48834228515625
2022-04-27,334.7718811035156
2022-04-28,323.1336364746094
2022-04-29,310.6640319824219
2022-05-02,298.2433776855469
2022-05-04,302.3020935058594
2022-05-05,300.1504211425781
2022-05-06,294.7225036621094
2022-05-09,279.6122741699219
2022-05-10,273.1085510253906
2022-05-11,252.8148651123047
2022-05-12,246.2133331298828
2022-05-13,241.71450805664062
2022-05-16,247.386962890625
2022-05-17,267.1916198730469
2022-05-18,272.47283935546875
2022-05-19,261.1279296875
2022-05-20,286.8984680175781
2022-05-23,303.5734558105469
2022-05-24,287.6319885253906
2022-05-25,267.4850158691406
2022-05-26,272.0816650390625
2022-05-27,277.167236328125
2022-05-30,280.1714172363281
2022-05-31,272.48870849609375
2022-06-01,260.6199951171875
2022-06-02,260.0290222167969
2022-06-03,256.63092041015625
2022-06-06,251.8538360595703
2022-06-07,249.09596252441406
2022-06-08,244.3189239501953
2022-06-09,239.83737182617188
2022-06-10,244.0234375
2022-06-13,227.27914428710938
2022-06-14,223.29005432128906
2022-06-15,222.1081085205078
2022-06-16,209.2051544189453
2022-06-17,206.98899841308594
2022-06-20,192.55935668945312
2022-06-21,208.17095947265625
2022-06-22,202.70443725585938
2022-06-23,200.58676147460938
2022-06-24,205.4623260498047
2022-06-27,215.0164031982422
2022-06-28,216.14910888671875
2022-06-29,212.947998046875
2022-06-30,204.82208251953125
2022-07-01,201.17774963378906
2022-07-04,201.62098693847656
2022-07-05,199.2078399658203
2022-07-06,205.0190887451172
2022-07-07,211.96304321289062
2022-07-08,209.0574188232422
2022-07-11,223.78253173828125
2022-07-12,229.34756469726562
2022-07-13,224.9152374267578
2022-07-14,228.46109008789062
2022-07-15,225.30923461914062
2022-07-18,230.52951049804688
2022-07-19,233.43511962890625
2022-07-20,238.0151824951172
2022-07-21,232.00694274902344
2022-07-22,233.9768524169922
2022-07-25,226.1956787109375
2022-07-26,219.44871520996094
2022-07-27,224.3242645263672
2022-07-28,239.14788818359375
2022-07-29,235.1588134765625
2022-08-01,242.44749450683594
2022-08-02,257.66510009765625
2022-08-03,260.521484375
2022-08-04,269.5831298828125
2022-08-05,281.5010986328125
2022-08-08,306.9622802734375
2022-08-10,316.36865234375
2022-08-11,312.87200927734375
2022-08-12,315.23590087890625
2022-08-16,328.5328674316406
2022-08-17,327.20318603515625
2022-08-18,321.98291015625
2022-08-19,311.44384765625
2022-08-22,300.018310546875
2022-08-23,314.1524963378906
2022-08-24,320.2099914550781
2022-08-25,316.7626037597656
2022-08-26,314.64495849609375
2022-08-29,313.2659912109375
2022-08-30,335.9200439453125
2022-09-01,347.9365234375
2022-09-02,343.553466796875
2022-09-05,350.5466613769531
2022-09-06,353.747802734375
2022-09-07,347.4932861328125
2022-09-08,346.3113708496094
2022-09-09,343.70123291015625
2022-09-12,343.4549865722656
2022-09-13,338.8749084472656
2022-09-14,339.6136474609375
2022-09-15,335.3290710449219
2022-09-16,324.39605712890625
2022-09-19,339.12115478515625
2022-09-20,333.95013427734375
2022-09-21,332.2264404296875
2022-09-22,326.66143798828125
2022-09-23,314.30023193359375
2022-09-26,291.6954345703125
2022-09-27,294.748779296875
2022-09-28,287.6570739746094
2022-09-29,294.5517883300781
2022-09-30,295.8322448730469
2022-10-03,287.50933837890625
2022-10-04,288.83905029296875
2022-10-06,325.6764831542969
2022-10-07,339.8106384277344
2022-10-10,340.056884765625
2022-10-11,321.93365478515625
2022-10-12,324.248291015625
2022-10-13,315.3836975097656
2022-10-14,315.6791687011719
2022-10-17,319.47125244140625
2022-10-18,317.2058410644531
2022-10-19,313.75848388671875
2022-10-20,312.47802734375
2022-10-21,307.6517333984375
2022-10-24,311.83782958984375
2022-10-25,305.7310485839844
2022-10-27,309.8678894042969
2022-10-28,313.4629821777344
2022-10-31,332.5711669921875
2022-11-01,343.1102294921875
2022-11-02,332.669677734375
2022-11-03,325.9227294921875
2022-11-04,320.0129699707031
2022-11-07,327.400146484375
2022-11-09,323.5588073730469
2022-11-10,318.33856201171875
2022-11-11,316.6148986816406
2022-11-14,313.6600036621094
2022-11-15,313.5614929199219
2022-11-16,309.9171447753906
2022-11-17,305.0908508300781
2022-11-18,300.31378173828125
2022-11-21,299.42730712890625
2022-11-22,293.369873046875
2022-11-23,297.0634765625
2022-11-24,296.37396240234375
2022-11-25,302.9731750488281
2022-11-28,307.20849609375
2022-11-29,304.2536315917969
2022-11-30,303.514892578125
2022-12-01,305.0415954589844
2022-12-02,303.76116943359375
2022-12-05,305.14007568359375
2022-12-06,305.7310485839844
2022-12-07,299.7228088378906
2022-12-08,296.7679748535156
2022-12-09,291.39996337890625
2022-12-12,295.04425048828125
2022-12-13,293.369873046875
2022-12-14,291.35064697265625
2022-12-15,289.97174072265625
2022-12-16,281.7966003417969
2022-12-19,275.6898498535156
2022-12-20,274.55712890625
2022-12-21,264.01806640625
2022-12-22,265.98797607421875
2022-12-23,249.48995971679688
2022-12-26,259.7335205078125
2022-12-27,265.8894958496094
2022-12-28,279.6296691894531
2022-12-29,282.1905822753906
2022-12-30,283.2740173339844
2023-01-02,289.1344909667969
2023-01-03,285.58868408203125
2023-01-04,280.1714172363281
2023-01-05,276.7733154296875
2023-01-06,274.6064147949219
2023-01-09,280.2206726074219
2023-01-10,279.0386657714844
2023-01-11,275.14813232421875
2023-01-12,269.28759765625
2023-01-13,263.870361328125
2023-01-16,264.1658630371094
2023-01-17,261.8019104003906
2023-01-18,260.8662414550781
2023-01-19,261.752685546875
2023-01-20,258.40380859375
2023-01-23,243.136962890625
2023-01-24,243.5802001953125
2023-01-25,238.16293334960938
2023-01-27,232.94264221191406
2023-01-30,226.09718322753906
2023-01-31,234.76483154296875
2023-02-01,231.66220092773438
2023-02-02,222.1081085205078
2023-02-03,217.3310546875
2023-02-06,221.5171356201172
2023-02-07,217.13406372070312
2023-02-08,220.63067626953125
2023-02-09,232.79490661621094
2023-02-10,226.4911651611328
2023-02-13,221.17239379882812
2023-02-14,219.1532440185547
2023-02-15,224.22576904296875
2023-02-16,220.63067626953125
2023-02-17,222.6005859375
2023-02-20,218.8577423095703
2023-02-21,220.18743896484375
2023-02-22,216.44459533691406
2023-02-23,211.12582397460938
2023-02-24,208.56492614746094
2023-02-27,205.11756896972656
2023-02-28,231.1204833984375
2023-03-01,230.18478393554688
2023-03-02,225.40773010253906
2023-03-03,239.00013732910156
2023-03-06,265.3970642089844
2023-03-08,273.91693115234375
2023-03-09,265.6925354003906
2023-03-10,264.3135986328125
2023-03-13,254.95648193359375
2023-03-14,246.78131103515625
2023-03-15,252.34634399414062
2023-03-16,250.8196258544922
2023-03-17,248.1110076904297
2023-03-20,242.2997589111328
2023-03-21,248.25875854492188
2023-03-22,247.3230438232422
2023-03-23,244.22042846679688
2023-03-24,233.13963317871094
2023-03-27,223.6840362548828
2023-03-28,218.95623779296875
2023-03-29,233.09039306640625
2023-03-31,237.22723388671875
2023-04-03,246.5350799560547
2023-04-05,249.1944580078125
2023-04-06,248.20950317382812
2023-04-10,244.90989685058594
2023-04-11,238.35992431640625
2023-04-12,240.67457580566406
2023-04-13,241.75804138183594
2023-04-17,244.61441040039062
2023-04-18,243.97418212890625
2023-04-19,244.3189239501953
2023-04-20,255.5474853515625
2023-04-21,249.83468627929688
2023-04-24,255.30120849609375
2023-04-25,255.9906463623047
2023-04-26,254.41473388671875
2023-04-27,252.69105529785156
2023-04-28,256.7786560058594
2023-05-02,253.82376098632812
2023-05-03,257.66510009765625
2023-05-04,254.95648193359375
2023-05-05,256.53240966796875
2023-05-08,259.1425476074219
2023-05-09,256.5816345214844
2023-05-10,260.8662414550781
2023-05-11,258.8470458984375
2023-05-12,256.0399475097656
2023-05-15,252.19857788085938
2023-05-16,251.06588745117188
2023-05-17,245.05763244628906
2023-05-18,243.03846740722656
2023-05-19,240.13284301757812
2023-05-22,241.46253967285156
2023-05-23,244.41741943359375
2023-05-24,245.944091796875
2023-05-25,254.80873107910156
2023-05-26,252.05084228515625
2023-05-29,248.8989715576172
2023-05-30,257.22186279296875
2023-05-31,250.22866821289062
2023-06-01,249.6376953125
2023-06-02,249.09165954589844
2023-06-05,247.80104064941406
2023-06-06,261.4519348144531
2023-06-07,266.06842041015625
2023-06-08,262.196533203125
2023-06-09,259.5159912109375
2023-06-12,255.34628295898438
2023-06-13,259.1684875488281
2023-06-14,263.8842468261719
2023-06-15,260.4591369628906
2023-06-16,254.75057983398438
2023-06-19,251.77220153808594
2023-06-20,255.19732666015625
2023-06-21,272.322998046875
2023-06-22,270.1388854980469
2023-06-23,259.5159912109375
2023-06-26,270.0892028808594
2023-06-27,268.89788818359375
2023-06-28,269.7913818359375
2023-06-30,270.7841796875
2023-07-03,286.91705322265625
2023-07-04,292.1788330078125
2023-07-05,299.5751953125
2023-07-06,307.76568603515625
2023-07-07,304.4398498535156
2023-07-10,302.3549499511719
2023-07-11,307.31890869140625
2023-07-12,310.6944580078125
2023-07-13,296.7456970214844
2023-07-14,302.4046325683594
2023-07-17,291.18603515625
2023-07-18,287.6120300292969
2023-07-19,293.3702087402344
2023-07-20,292.4767150878906
2023-07-21,286.0235595703125
2023-07-24,284.3357849121094
2023-07-25,291.9306640625
2023-07-26,290.391845703125
2023-07-27,287.31414794921875
2023-07-28,289.9947204589844
2023-07-31,286.6192321777344
2023-08-01,293.71771240234375
2023-08-02,288.75372314453125
2023-08-03,285.03076171875
2023-08-04,291.18603515625
2023-08-07,289.74652099609375
2023-08-08,288.75372314453125
2023-08-09,311.9850769042969
2023-08-10,334.12432861328125
2023-08-11,339.584716796875
2023-08-14,344.7472229003906
2023-08-16,365.34765625
2023-08-17,350.0090026855469
2023-08-18,359.7384033203125
2023-08-21,358.6463317871094
2023-08-22,358.0010070800781
2023-08-23,354.72479248046875
2023-08-24,348.1723937988281
2023-08-25,345.0947265625
2023-08-28,344.7472229003906
2023-08-29,363.5606689453125
2023-08-30,354.2283935546875
2023-08-31,348.42059326171875
2023-09-01,351.69677734375
2023-09-04,360.9794006347656
2023-09-05,376.02020263671875
2023-09-06,379.5445861816406
2023-09-07,379.69354248046875
2023-09-08,391.706298828125
2023-09-11,428.14178466796875
2023-09-12,394.28759765625
2023-09-13,392.8976745605469
2023-09-14,404.21551513671875
2023-09-15,395.9753112792969
2023-09-18,391.11065673828125
2023-09-20,404.56298828125
2023-09-21,390.96173095703125
2023-09-22,419.0577697753906
2023-09-25,418.1145935058594
2023-09-26,436.7294616699219
2023-09-27,429.7799377441406
2023-09-28,413.49810791015625
2023-09-29,434.2474670410156
2023-10-03,439.4100036621094
2023-10-04,415.88079833984375
2023-10-05,410.5197448730469
2023-10-06,416.62542724609375
2023-10-09,409.42767333984375
2023-10-10,405.60540771484375
2023-10-11,394.48614501953125
2023-10-12,389.1747131347656
2023-10-13,389.22430419921875
2023-10-16,398.3083801269531
2023-10-17,400.74072265625
2023-10-18,392.5005798339844
2023-10-19,398.9537048339844
2023-10-20,385.0049743652344
2023-10-23,373.6374816894531
2023-10-25,363.5606689453125
2023-10-26,388.0826416015625
2023-10-27,390.9120788574219
2023-10-30,393.0466003417969
2023-10-31,383.0193786621094
2023-11-01,374.2331848144531
2023-11-02,391.25958251953125
2023-11-03,390.96173095703125
2023-11-06,383.2675476074219
2023-11-07,383.41650390625
2023-11-08,381.92730712890625
2023-11-09,381.92730712890625
2023-11-10,379.9417419433594
2023-11-13,389.5718078613281
2023-11-15,397.01776123046875
2023-11-16,394.0890197753906
2023-11-17,396.86883544921875
2023-11-20,398.6558532714844
2023-11-21,397.5141296386719
2023-11-22,415.13623046875
2023-11-23,410.4700927734375
2023-11-24,417.9160461425781
2023-11-28,406.4989318847656
2023-11-29,411.8600158691406
2023-11-30,405.4068603515625
2023-12-01,421.53973388671875
2023-12-04,421.4404602050781
2023-12-05,412.2074890136719
2023-12-06,435.8359680175781
2023-12-07,454.996826171875
2023-12-08,448.543701171875
2023-12-11,452.4652099609375
2023-12-12,441.7430725097656
2023-12-13,452.217041015625
2023-12-14,447.74945068359375
2023-12-15,431.6165771484375
2023-12-18,432.8079528808594
2023-12-19,428.2410888671875
2023-12-20,402.1306457519531
2023-12-21,414.34197998046875
2023-12-22,406.3499755859375
2023-12-26,412.1578369140625
2023-12-27,407.88885498046875
2023-12-28,405.1090087890625
2023-12-29,406.101806640625
2024-01-01,407.0946044921875
2024-01-02,406.0025634765625
2024-01-03,408.28594970703125
2024-01-04,423.22747802734375
2024-01-05,416.92327880859375
2024-01-08,416.4268493652344
2024-01-09,451.57171630859375
2024-01-10,461.4499816894531
2024-01-11,477.23541259765625
2024-01-12,480.0152282714844
2024-01-15,470.03765869140625
2024-01-16,462.2442321777344
2024-01-17,468.6973876953125
2024-01-18,475.2994689941406
2024-01-19,497.78619384765625
2024-01-23,481.4051208496094
2024-01-24,485.2770080566406
2024-01-25,484.13531494140625
2024-01-29,492.72296142578125
2024-01-30,486.4187316894531
2024-01-31,501.112060546875
2024-02-01,488.1064758300781
2024-02-02,479.4195251464844
2024-02-05,489.34747314453125
2024-02-06,488.1064758300781
2024-02-07,490.3899230957031
2024-02-08,503.1969299316406
2024-02-09,496.5948791503906
2024-02-12,493.6164855957031
2024-02-13,483.53961181640625
2024-02-14,476.24261474609375
2024-02-15,480.6605224609375
2024-02-16,476.9872131347656
2024-02-19,495.6517333984375
2024-02-20,487.0640563964844
2024-02-21,481.1569519042969
2024-02-22,484.4827880859375
2024-02-23,503.1969299316406
2024-02-26,519.9254760742188
2024-02-27,518.0888061523438
2024-02-28,503.9415588378906
2024-02-29,504.6364440917969
2024-03-01,500.0199890136719
2024-03-04,513.1744995117188
2024-03-05,505.82781982421875
2024-03-06,508.3594665527344
2024-03-07,511.5364074707031
2024-03-11,505.3314208984375
2024-03-12,505.6292419433594
2024-03-13,457.7270202636719
2024-03-14,473.4131774902344
2024-03-15,494.3114318847656
2024-03-18,491.8294372558594
2024-03-19,479.32025146484375
2024-03-20,485.6244812011719
2024-03-21,500.9134826660156
2024-03-22,511.7349548339844
2024-03-26,509.50115966796875
2024-03-27,512.9263305664062
2024-03-28,525.0880737304688
2024-04-01,514.71337890625
2024-04-02,538.2921752929688
2024-04-03,577.1599731445312
2024-04-04,578.8477172851562
2024-04-05,594.781982421875
2024-04-08,622.9773559570312
2024-04-09,608.6810913085938
2024-04-10,611.60986328125
2024-04-12,612.0069580078125
2024-04-15,605.1071166992188
2024-04-16,597.7107543945312
2024-04-18,623.9701538085938
2024-04-19,622.18310546875
2024-04-22,607.0430297851562
2024-04-23,611.90771484375
2024-04-24,596.0726928710938
2024-04-25,600.3416748046875
2024-04-26,596.569091796875
2024-04-29,598.9517211914062
2024-04-30,625.0125732421875
2024-05-02,633.6498413085938
2024-05-03,637.5714111328125
2024-05-06,613.0990600585938
2024-05-07,579.8405151367188
2024-05-08,553.233642578125
2024-05-09,527.1232299804688
2024-05-10,566.1400146484375
2024-05-13,570.2600708007812
2024-05-14,595.3777465820312
2024-05-15,593.7396240234375
2024-05-16,589.8677978515625
2024-05-17,589.6195678710938
2024-05-21,599.5474853515625
2024-05-22,605.0574951171875
2024-05-23,612.9998168945312
2024-05-24,596.3208618164062
2024-05-27,616.6234741210938
2024-05-28,608.5322265625
2024-05-29,599.8452758789062
2024-05-30,604.6107177734375
2024-05-31,610.5870971679688
2024-06-03,656.1072387695312
2024-06-04,551.1220703125
2024-06-05,606.1546020507812
2024-06-06,622.6394653320312
2024-06-07,623.4861450195312
2024-06-10,627.1715698242188
2024-06-11,635.4887084960938
2024-06-12,647.6904907226562
2024-06-13,656.854248046875
2024-06-14,680.9091796875
2024-06-18,703.9182739257812
2024-06-19,695.6509399414062
2024-06-20,704.316650390625
2024-06-21,720.8015747070312
2024-06-24,744.1592407226562
2024-06-25,717.2655029296875
2024-06-26,709.4962158203125
2024-06-27,732.6546630859375
2024-06-28,731.6088256835938
2024-07-01,747.2470703125
2024-07-02,727.6245727539062
2024-07-03,730.26416015625
2024-07-04,722.196044921875
2024-07-05,733.7005615234375
2024-07-08,739.278564453125
2024-07-09,720.1541137695312
2024-07-10,721.5486450195312
2024-07-11,710.1934814453125
2024-07-12,710.3428955078125
2024-07-15,717.6141357421875
2024-07-16,705.561767578125
2024-07-18,709.9444580078125
2024-07-19,702.2249755859375
2024-07-22,707.0060424804688
2024-07-23,694.3560180664062
2024-07-24,679.6640625
2024-07-25,665.52001953125
2024-07-26,690.8200073242188
2024-07-29,689.525146484375
2024-07-30,712.4346313476562
2024-07-31,725.1343994140625
2024-08-01,724.7858276367188
2024-08-02,719.2078247070312
2024-08-05,681.755859375
2024-08-06,680.7100219726562
2024-08-07,687.2839965820312
2024-08-08,696.6968383789062
2024-08-09,700.2328491210938
2024-08-12,686.3875122070312
2024-08-13,669.9026489257812
2024-08-14,643.4074096679688
2024-08-16,662.4321899414062
2024-08-19,665.9183959960938
2024-08-20,707.105712890625
2024-08-21,717.0663452148438
2024-08-22,707.9025268554688
2024-08-23,701.0794677734375
2024-08-26,712.7333984375
2024-08-27,730.2142944335938
2024-08-28,733.7005615234375
2024-08-29,717.2156982421875
2024-08-30,708.3507690429688
2024-09-02,703.0217895507812
2024-09-03,689.973388671875
2024-09-04,695.7505493164062
2024-09-05,711.6377563476562
2024-09-06,706.7570190429688
2024-09-09,727.8735961914062
2024-09-10,741.2706909179688
2024-09-11,738.8800659179688
2024-09-12,757.1080322265625
2024-09-13,765.2260131835938
2024-09-16,768.5628051757812
2024-09-17,745.603515625
2024-09-18,747.7948608398438
2024-09-19,739.9259643554688
2024-09-20,779.2704467773438
2024-09-23,788.9323120117188
2024-09-24,786.193115234375
2024-09-25,780.8143920898438
2024-09-26,773.3439331054688
2024-09-27,737.385986328125
2024-09-30,730.16455078125
2024-10-01,720.6023559570312
2024-10-03,705.810791015625
2024-10-04,696.74658203125
2024-10-07,671.5462036132812
2024-10-08,719.7058715820312
2024-10-09,727.2261352539062
2024-10-10,725.9810791015625
2024-10-11,703.9182739257812
2024-10-14,700.4320678710938
2024-10-15,689.425537109375
2024-10-16,686.5867309570312
2024-10-17,673.8869018554688
2024-10-18,674.1857299804688
2024-10-21,681.85546875
2024-10-22,667.6117553710938
2024-10-23,685.0428466796875
2024-10-24,668.3587646484375
2024-10-25,666.26708984375
2024-10-28,640.3694458007812
2024-10-29,680.6103515625
2024-10-30,671.695556640625
2024-10-31,676.4767456054688
2024-11-01,679.9629516601562
2024-11-04,660.5397338867188
2024-11-05,652.2225341796875
2024-11-06,679.9130859375
2024-11-07,711.9863891601562
2024-11-08,709.2471923828125
2024-11-11,736.3401489257812
2024-11-12,747.0975952148438
2024-11-13,726.0806884765625
2024-11-14,729.11865234375
2024-11-18,709.9942626953125
2024-11-19,707.105712890625
2024-11-21,696.3980102539062
2024-11-22,686.1883544921875
2024-11-25,672.392822265625
2024-11-26,654.8123168945312
2024-11-27,670.6497192382812
2024-11-28,660.1910400390625
2024-11-29,652.0731811523438
2024-12-02,643.1085815429688
2024-12-03,640.419189453125
2024-12-04,645.8477783203125
2024-12-05,661.5357666015625
2024-12-06,671.695556640625
2024-12-09,672.5422973632812
2024-12-10,665.37060546875
2024-12-11,674.9328002929688
2024-12-12,682.5526733398438
2024-12-13,675.9288330078125
2024-12-16,686.2381591796875
2024-12-17,682.453125
2024-12-18,679.3652954101562
2024-12-19,682.3037109375
2024-12-20,667.1635131835938
2024-12-23,657.103271484375
2024-12-24,645.4990844726562
2024-12-26,633.9945678710938
2024-12-27,623.336669921875
2024-12-30,640.967041015625
2024-12-31,640.1204223632812
2025-01-01,641.7638549804688
2025-01-02,638.4768676757812
2025-01-03,631.9028930664062
2025-01-06,599.18212890625
2025-01-07,593.305419921875
2025-01-08,577.0695190429688
2025-01-09,555.4549560546875
2025-01-10,537.4760131835938
2025-01-13,515.7120361328125
2025-01-14,545.6934814453125
2025-01-15,559.289794921875
2025-01-16,568.20458984375
2025-01-17,565.7642211914062
2025-01-20,576.9699096679688
2025-01-21,555.3553466796875
2025-01-22,547.8350830078125
2025-01-23,549.9267578125
2025-01-24,542.0081176757812
2025-01-27,532.2466430664062
2025-01-28,502.0161437988281
2025-01-29,472.88128662109375
2025-01-30,481.9454650878906
2025-01-31,506.5980529785156
2025-02-01,470.14208984375
2025-02-03,443.89581298828125
2025-02-04,467.8511657714844
2025-02-05,491.85626220703125
2025-02-06,492.2547302246094
2025-02-07,482.7423095703125
2025-02-10,475.0227966308594
2025-02-11,465.0621643066406
2025-02-12,465.7594299316406
2025-02-13,465.8092041015625
2025-02-14,435.3794860839844
2025-02-17,429.801513671875
2025-02-18,438.6664733886719
2025-02-19,453.0596008300781
2025-02-20,466.7056579589844
2025-02-21,494.645263671875
2025-02-24,477.8117980957031
2025-02-25,465.4107971191406
2025-02-27,456.9940490722656
2025-02-28,462.273193359375
2025-03-03,471.9848327636719
2025-03-04,479.3556823730469
2025-03-05,507.0960693359375
2025-03-06,497.6334533691406
2025-03-07,489.7645568847656
2025-03-10,503.36083984375
2025-03-11,511.7277526855469
2025-03-12,513.1720581054688
2025-03-13,512.0763549804688
2025-03-17,525.8220825195312
2025-03-18,525.8220825195312
2025-03-19,568.50341796875
2025-03-20,560.684326171875
2025-03-21,557.4968872070312
2025-03-24,572.9856567382812
2025-03-25,553.1640014648438
2025-03-26,550.873046875
2025-03-27,546.1915283203125
2025-03-28,535.78271484375
2025-04-01,520.4432983398438
2025-04-02,524.1785888671875
2025-04-03,525.0750122070312
2025-04-04,504.40667724609375
2025-04-07,486.4775390625
2025-04-08,488.32025146484375
2025-04-09,480.40155029296875
2025-04-11,492.0057067871094
2025-04-15,510.582275390625
2025-04-16,507.6937255859375
2025-04-17,505.9007873535156
2025-04-21,519.2978515625
2025-04-22,507.1956787109375
2025-04-23,506.8470458984375
2025-04-24,501.8169250488281
2025-04-25,480.79998779296875
2025-04-28,474.3255920410156
2025-04-29,462.771240234375
2025-04-30,477.31378173828125
2025-05-02,467.4527282714844
2025-05-05,479.305908203125
2025-05-06,464.36492919921875
2025-05-07,466.6558837890625
2025-05-08,461.5261535644531
2025-05-09,458.0399169921875
2025-05-12,479.206298828125
2025-05-13,472.38323974609375
2025-05-14,473.08050537109375
2025-05-15,485.4814758300781
2025-05-16,501.8667297363281
2025-05-19,513.3214111328125
2025-05-20,502.7134094238281
2025-05-21,502.81298828125
2025-05-22,497.9820861816406
2025-05-23,494.645263671875
2025-05-26,502.91259765625
2025-05-27,495.392333984375
2025-05-28,494.346435546875
2025-05-29,498.9283447265625
2025-05-30,486.0293273925781
2025-06-02,495.5915222167969
2025-06-03,497.0856018066406
2025-06-04,507.0462341308594
2025-06-05,506.1000061035156
2025-06-06,522.8499755859375
2025-06-09,534.9000244140625
2025-06-10,533.2000122070312
2025-06-11,535.5
2025-06-12,516.7999877929688
2025-06-13,506.8500061035156
2025-06-16,512.8499755859375
2025-06-17,503.3500061035156
2025-06-18,504.04998779296875
2025-06-19,480.54998779296875
2025-06-20,499.29998779296875
2025-06-23,500.54998779296875
2025-06-24,504.8999938964844
2025-06-25,507.70001220703125
2025-06-26,516.9500122070312
2025-06-27,522.5
2025-06-30,522.0999755859375
2025-07-01,527.1500244140625
2025-07-02,518.0499877929688
2025-07-03,510.3500061035156
2025-07-04,512.0
2025-07-07,509.6499938964844
2025-07-08,513.5499877929688
2025-07-09,514.9000244140625
2025-07-10,530.5499877929688
2025-07-11,523.7000122070312
2025-07-14,530.5
2025-07-15,528.9500122070312
2025-07-16,531.75
2025-07-17,531.5999755859375
2025-07-18,530.4000244140625
2025-07-21,531.7000122070312
2025-07-22,531.5499877929688
2025-07-23,533.8499755859375
2025-07-24,532.5499877929688
2025-07-25,518.0999755859375
2025-07-28,520.0999755859375
2025-07-29,524.7999877929688
2025-07-30,526.5
2025-07-31,515.0499877929688
2025-08-01,511.6499938964844
