Date,KR
2015-08-03,32.361541748046875
2015-08-04,31.671598434448242
2015-08-05,32.09870147705078
2015-08-06,31.80303192138672
2015-08-07,31.06380844116211
2015-08-10,30.83381462097168
2015-08-11,30.710613250732422
2015-08-12,31.134803771972656
2015-08-13,31.472511291503906
2015-08-14,31.587825775146484
2015-08-17,31.83493423461914
2015-08-18,31.793737411499023
2015-08-19,30.77238655090332
2015-08-20,30.21229362487793
2015-08-21,28.770872116088867
2015-08-24,27.815399169921875
2015-08-25,27.724802017211914
2015-08-26,28.894420623779297
2015-08-27,29.26507568359375
2015-08-28,28.779102325439453
2015-08-31,28.41669273376465
2015-09-01,27.88129425048828
2015-09-02,28.540231704711914
2015-09-03,28.474342346191406
2015-09-04,28.062503814697266
2015-09-08,28.869707107543945
2015-09-09,28.334327697753906
2015-09-10,29.157983779907227
2015-09-11,30.714731216430664
2015-09-14,30.821802139282227
2015-09-15,30.607648849487305
2015-09-16,30.624130249023438
2015-09-17,30.8876895904541
2015-09-18,30.25347328186035
2015-09-21,30.1958065032959
2015-09-22,29.989900588989258
2015-09-23,29.965190887451172
2015-09-24,29.61924171447754
2015-09-25,29.742795944213867
2015-09-28,29.446277618408203
2015-09-29,29.330965042114258
2015-09-30,29.709854125976562
2015-10-01,30.21229362487793
2015-10-02,30.59119415283203
2015-10-05,31.357179641723633
2015-10-06,30.582942962646484
2015-10-07,30.895944595336914
2015-10-08,31.299541473388672
2015-10-09,31.324249267578125
2015-10-12,31.46427345275879
2015-10-13,30.83827781677246
2015-10-14,29.924009323120117
2015-10-15,30.53351593017578
2015-10-16,30.895944595336914
2015-10-19,31.159513473510742
2015-10-20,31.068912506103516
2015-10-21,31.365436553955078
2015-10-22,31.538408279418945
2015-10-23,31.15127944946289
2015-10-26,30.928884506225586
2015-10-27,30.467634201049805
2015-10-28,31.052440643310547
2015-10-29,31.011245727539062
2015-10-30,31.134803771972656
2015-11-02,31.46427345275879
2015-11-03,31.101848602294922
2015-11-04,30.484111785888672
2015-11-05,30.53351593017578
2015-11-06,30.94535255432129
2015-11-09,30.640600204467773
2015-11-10,30.78515625
2015-11-11,30.58690643310547
2015-11-12,30.157390594482422
2015-11-13,29.77741813659668
2015-11-16,30.182165145874023
2015-11-17,30.578657150268555
2015-11-18,31.00817108154297
2015-11-19,30.826446533203125
2015-11-20,30.818187713623047
2015-11-23,30.76862144470215
2015-11-24,30.6612491607666
2015-11-25,30.70255470275879
2015-11-27,31.396387100219727
2015-11-30,31.107301712036133
2015-12-01,31.553333282470703
2015-12-02,31.4789981842041
2015-12-03,32.96580505371094
2015-12-04,33.49443817138672
2015-12-07,34.2213249206543
2015-12-08,34.204811096191406
2015-12-09,34.07264709472656
2015-12-10,33.9735221862793
2015-12-11,33.93222427368164
2015-12-14,34.57649230957031
2015-12-15,34.948204040527344
2015-12-16,35.04732131958008
2015-12-17,34.642601013183594
2015-12-18,33.568790435791016
2015-12-21,34.039608001708984
2015-12-22,34.77475357055664
2015-12-23,34.948204040527344
2015-12-24,35.07209777832031
2015-12-28,35.0638542175293
2015-12-29,35.220794677734375
2015-12-30,34.948204040527344
2015-12-31,34.55172348022461
2016-01-04,33.99831008911133
2016-01-05,34.76648712158203
2016-01-06,34.73344421386719
2016-01-07,33.92396926879883
2016-01-08,33.70094299316406
2016-01-11,34.09741973876953
2016-01-12,34.06439208984375
2016-01-13,32.37934112548828
2016-01-14,32.23891830444336
2016-01-15,31.79287338256836
2016-01-19,31.545080184936523
2016-01-20,31.264232635498047
2016-01-21,30.686037063598633
2016-01-22,30.6612491607666
2016-01-25,30.28955078125
2016-01-26,30.380413055419922
2016-01-27,30.94209098815918
2016-01-28,31.23945426940918
2016-01-29,32.05719757080078
2016-02-01,33.13100814819336
2016-02-02,33.164031982421875
2016-02-03,33.18882369995117
2016-02-04,32.18109893798828
2016-02-05,31.082509994506836
2016-02-08,30.413448333740234
2016-02-09,30.339107513427734
2016-02-10,30.52548599243164
2016-02-11,30.177574157714844
2016-02-12,31.751493453979492
2016-02-16,31.884023666381836
2016-02-17,32.65440368652344
2016-02-18,31.527822494506836
2016-02-19,31.329011917114258
2016-02-22,31.701778411865234
2016-02-23,32.124244689941406
2016-02-24,32.0579833984375
2016-02-25,32.68754577636719
2016-02-26,32.67926025390625
2016-02-29,33.060302734375
2016-03-01,33.64844512939453
2016-03-02,33.673301696777344
2016-03-03,31.31244468688965
2016-03-04,30.517210006713867
2016-03-07,30.6911678314209
2016-03-08,30.66631317138672
2016-03-09,31.32072639465332
2016-03-10,31.25446128845215
2016-03-11,32.00828170776367
2016-03-14,31.801189422607422
2016-03-15,31.594104766845703
2016-03-16,31.983434677124023
2016-03-17,31.55266761779785
2016-03-18,31.941997528076172
2016-03-21,31.585811614990234
2016-03-22,31.436697006225586
2016-03-23,31.138479232788086
2016-03-24,31.18818473815918
2016-03-28,31.527822494506836
2016-03-29,31.502971649169922
2016-03-30,31.55266761779785
2016-03-31,31.685209274291992
2016-04-01,31.743209838867188
2016-04-04,31.502971649169922
2016-04-05,31.660364151000977
2016-04-06,32.37276077270508
2016-04-07,31.61893653869629
2016-04-08,31.469831466674805
2016-04-11,30.790576934814453
2016-04-12,30.782291412353516
2016-04-13,31.362152099609375
2016-04-14,30.707735061645508
2016-04-15,30.575193405151367
2016-04-18,30.384675979614258
2016-04-19,30.011899948120117
2016-04-20,30.608327865600586
2016-04-21,30.210702896118164
2016-04-22,29.47345733642578
2016-04-25,30.459226608276367
2016-04-26,30.152732849121094
2016-04-27,30.078166961669922
2016-04-28,29.755098342895508
2016-04-29,29.316068649291992
2016-05-02,29.34920310974121
2016-05-03,29.158679962158203
2016-05-04,28.993005752563477
2016-05-05,28.926738739013672
2016-05-06,28.6202392578125
2016-05-09,29.688846588134766
2016-05-10,29.191818237304688
2016-05-11,28.838699340820312
2016-05-12,28.98825454711914
2016-05-13,28.963327407836914
2016-05-16,28.8802547454834
2016-05-17,28.630998611450195
2016-05-18,28.55620765686035
2016-05-19,28.938417434692383
2016-05-20,28.763933181762695
2016-05-23,28.913480758666992
2016-05-24,29.51169204711914
2016-05-25,29.029802322387695
2016-05-26,29.56985855102539
2016-05-27,29.669546127319336
2016-05-31,29.711090087890625
2016-06-01,30.259449005126953
2016-06-02,30.276058197021484
2016-06-03,30.118213653564453
2016-06-06,29.9271183013916
2016-06-07,30.15144157409668
2016-06-08,30.34254264831543
2016-06-09,30.39240264892578
2016-06-10,30.58348846435547
2016-06-13,30.026809692382812
2016-06-14,29.711090087890625
2016-06-15,29.669546127319336
2016-06-16,29.470144271850586
2016-06-17,29.229196548461914
2016-06-20,28.838699340820312
2016-06-21,28.639299392700195
2016-06-22,28.43158531188965
2016-06-23,28.805482864379883
2016-06-24,29.195972442626953
2016-06-27,30.42561912536621
2016-06-28,29.952041625976562
2016-06-29,30.284385681152344
2016-06-30,30.566865921020508
2016-07-01,30.36745834350586
2016-07-05,31.01552963256836
2016-07-06,31.223241806030273
2016-07-07,31.00721549987793
2016-07-08,31.45587158203125
2016-07-11,31.18999671936035
2016-07-12,31.06536293029785
2016-07-13,31.14015769958496
2016-07-14,30.990591049194336
2016-07-15,30.500391006469727
2016-07-18,30.19298553466797
2016-07-19,30.08497428894043
2016-07-20,30.242843627929688
2016-07-21,29.87725830078125
2016-07-22,29.893884658813477
2016-07-25,29.736032485961914
2016-07-26,30.259449005126953
2016-07-27,29.55323600769043
2016-07-28,28.581148147583008
2016-07-29,28.406652450561523
2016-08-01,28.257116317749023
2016-08-02,27.093931198120117
2016-08-03,27.584131240844727
2016-08-04,27.04407501220703
2016-08-05,27.10223388671875
2016-08-08,26.84467315673828
2016-08-09,26.82805824279785
2016-08-10,27.002538681030273
2016-08-11,26.935813903808594
2016-08-12,27.16932487487793
2016-08-15,27.294410705566406
2016-08-16,26.76903533935547
2016-08-17,26.5855712890625
2016-08-18,27.069246292114258
2016-08-19,27.1943416595459
2016-08-22,27.402820587158203
2016-08-23,26.894123077392578
2016-08-24,27.511234283447266
2016-08-25,27.319429397583008
2016-08-26,27.252710342407227
2016-08-29,26.96084213256836
2016-08-30,26.819072723388672
2016-08-31,26.67730712890625
2016-09-01,26.65229034423828
2016-09-02,27.102611541748047
2016-09-06,27.24437141418457
2016-09-07,26.11857032775879
2016-09-08,26.110227584838867
2016-09-09,26.277015686035156
2016-09-12,25.75998306274414
2016-09-13,25.810020446777344
2016-09-14,25.60987663269043
2016-09-15,26.060195922851562
2016-09-16,25.918424606323242
2016-09-19,25.676591873168945
2016-09-20,25.926769256591797
2016-09-21,25.71828842163086
2016-09-22,25.64323616027832
2016-09-23,25.393051147460938
2016-09-26,25.084503173828125
2016-09-27,24.934396743774414
2016-09-28,24.88435935974121
2016-09-29,24.600826263427734
2016-09-30,24.750932693481445
2016-10-03,24.417362213134766
2016-10-04,24.18385887145996
2016-10-05,24.05043601989746
2016-10-06,24.492420196533203
2016-10-07,24.18385887145996
2016-10-10,24.225557327270508
2016-10-11,25.10952377319336
2016-10-12,25.993486404418945
2016-10-13,25.96012306213379
2016-10-14,26.076873779296875
2016-10-17,25.709945678710938
2016-10-18,25.551502227783203
2016-10-19,25.860055923461914
2016-10-20,25.78499984741211
2016-10-21,25.65157127380371
2016-10-24,26.0018253326416
2016-10-25,25.776660919189453
2016-10-26,25.76831817626953
2016-10-27,25.86839485168457
2016-10-28,26.068538665771484
2016-10-31,25.835039138793945
2016-11-01,25.676591873168945
2016-11-02,26.869104385375977
2016-11-03,25.86839485168457
2016-11-04,25.78499984741211
2016-11-07,26.05185890197754
2016-11-08,25.76831817626953
2016-11-09,26.927480697631836
2016-11-10,27.513402938842773
2016-11-11,28.057479858398438
2016-11-14,28.994956970214844
2016-11-15,29.179113388061523
2016-11-16,28.208148956298828
2016-11-17,28.057479858398438
2016-11-18,27.998889923095703
2016-11-21,28.065853118896484
2016-11-22,28.015634536743164
2016-11-23,28.208148956298828
2016-11-25,28.35881805419922
2016-11-28,28.174665451049805
2016-11-29,27.7059268951416
2016-11-30,27.03629493713379
2016-12-01,27.923555374145508
2016-12-02,27.873323440551758
2016-12-05,27.56363296508789
2016-12-06,27.680816650390625
2016-12-07,28.149559020996094
2016-12-08,28.61829948425293
2016-12-09,29.112146377563477
2016-12-12,28.643417358398438
2016-12-13,28.810815811157227
2016-12-14,29.061927795410156
2016-12-15,30.0998477935791
2016-12-16,30.083101272583008
2016-12-19,30.032896041870117
2016-12-20,29.706449508666992
2016-12-21,29.472064971923828
2016-12-22,29.279552459716797
2016-12-23,29.363250732421875
2016-12-27,29.4385929107666
2016-12-28,29.0284366607666
2016-12-29,28.953115463256836
2016-12-30,28.886150360107422
2017-01-03,28.224889755249023
2017-01-04,27.8231143951416
2017-01-05,27.798002243041992
2017-01-06,27.714298248291016
2017-01-09,27.55525779724121
2017-01-10,27.7812557220459
2017-01-11,27.680816650390625
2017-01-12,28.057479858398438
2017-01-13,28.542959213256836
2017-01-17,29.16237449645996
2017-01-18,29.22096061706543
2017-01-19,28.676895141601562
2017-01-20,28.534595489501953
2017-01-23,28.065853118896484
2017-01-24,27.948665618896484
2017-01-25,28.015634536743164
2017-01-26,28.24162483215332
2017-01-27,27.923555374145508
2017-01-30,28.124441146850586
2017-01-31,28.42578125
2017-02-01,27.990520477294922
2017-02-02,28.542959213256836
2017-02-03,28.475996017456055
2017-02-06,28.199777603149414
2017-02-07,27.689186096191406
2017-02-08,27.488298416137695
2017-02-09,28.03237533569336
2017-02-10,28.02400016784668
2017-02-13,27.89799690246582
2017-02-14,27.78038787841797
2017-02-15,28.150001525878906
2017-02-16,28.511220932006836
2017-02-17,28.570032119750977
2017-02-21,28.746448516845703
2017-02-22,27.914796829223633
2017-02-23,27.71318244934082
2017-02-24,27.965192794799805
2017-02-27,27.066343307495117
2017-02-28,26.713529586791992
2017-03-01,26.93193817138672
2017-03-02,25.764272689819336
2017-03-03,24.890625
2017-03-06,24.672210693359375
2017-03-07,24.2017822265625
2017-03-08,24.361391067504883
2017-03-09,24.218584060668945
2017-03-10,24.21018409729004
2017-03-13,24.10097312927246
2017-03-14,24.109376907348633
2017-03-15,24.22698211669922
2017-03-16,24.630205154418945
2017-03-17,24.823413848876953
2017-03-20,24.520999908447266
2017-03-21,24.30259132385254
2017-03-22,24.327783584594727
2017-03-23,24.579801559448242
2017-03-24,24.44539451599121
2017-03-27,24.30259132385254
2017-03-28,24.394990921020508
2017-03-29,24.647008895874023
2017-03-30,24.529401779174805
2017-03-31,24.773014068603516
2017-04-03,24.697412490844727
2017-04-04,24.941024780273438
2017-04-05,24.621807098388672
2017-04-06,24.789810180664062
2017-04-07,25.08382797241211
2017-04-10,25.36104393005371
2017-04-11,24.840213775634766
2017-04-12,25.08382797241211
2017-04-13,25.176240921020508
2017-04-17,25.20143699645996
2017-04-18,25.05023193359375
2017-04-19,25.15943717956543
2017-04-20,24.957826614379883
2017-04-21,25.15943717956543
2017-04-24,25.31904411315918
2017-04-25,25.067026138305664
2017-04-26,25.08382797241211
2017-04-27,25.32744789123535
2017-04-28,24.90742301940918
2017-05-01,24.378190994262695
2017-05-02,24.21018409729004
2017-05-03,24.697412490844727
2017-05-04,24.54619789123535
2017-05-05,24.655405044555664
2017-05-08,24.294187545776367
2017-05-09,24.403390884399414
2017-05-10,25.235044479370117
2017-05-11,25.66518211364746
2017-05-12,24.897672653198242
2017-05-15,24.57717514038086
2017-05-16,24.30728530883789
2017-05-17,24.121732711791992
2017-05-18,24.535003662109375
2017-05-19,24.6530818939209
2017-05-22,24.69525718688965
2017-05-23,24.56031036376953
2017-05-24,24.56874656677246
2017-05-25,24.661516189575195
2017-05-26,24.838634490966797
2017-05-30,25.10009765625
2017-05-31,25.116966247558594
2017-06-01,25.51336669921875
2017-06-02,25.412160873413086
2017-06-05,25.3784236907959
2017-06-06,25.142263412475586
2017-06-07,25.05792236328125
2017-06-08,25.47119903564453
2017-06-09,25.960378646850586
2017-06-12,25.32781410217285
2017-06-13,25.572406768798828
2017-06-14,25.538673400878906
2017-06-15,20.71432876586914
2017-06-16,18.799772262573242
2017-06-19,19.094961166381836
2017-06-20,18.875673294067383
2017-06-21,18.86724090576172
2017-06-22,19.027490615844727
2017-06-23,19.06122589111328
2017-06-26,19.06966209411621
2017-06-27,19.204608917236328
2017-06-28,19.693788528442383
2017-06-29,19.601011276245117
2017-06-30,19.66849136352539
2017-07-03,19.862468719482422
2017-07-05,19.592580795288086
2017-07-06,19.508237838745117
2017-07-07,19.533540725708008
2017-07-10,19.06966209411621
2017-07-11,19.08652687072754
2017-07-12,19.22991371154785
2017-07-13,19.331119537353516
2017-07-14,19.407028198242188
2017-07-17,19.28894805908203
2017-07-18,19.019058227539062
2017-07-19,19.347990036010742
2017-07-20,19.617883682250977
2017-07-21,19.617883682250977
2017-07-24,19.592580795288086
2017-07-25,19.972118377685547
2017-07-26,20.005857467651367
2017-07-27,20.199840545654297
2017-07-28,20.47817039489746
2017-07-31,20.680585861206055
2017-08-01,20.748064041137695
2017-08-02,20.773366928100586
2017-08-03,20.292613983154297
2017-08-04,20.351652145385742
2017-08-07,20.554079055786133
2017-08-08,20.351652145385742
2017-08-09,20.191404342651367
2017-08-10,19.87933921813965
2017-08-11,19.917495727539062
2017-08-14,19.993806838989258
2017-08-15,19.595293045043945
2017-08-16,19.57832908630371
2017-08-17,19.38331413269043
2017-08-18,19.38331413269043
2017-08-21,19.17133331298828
2017-08-22,19.45114517211914
2017-08-23,19.468103408813477
2017-08-24,17.890981674194336
2017-08-25,18.43364715576172
2017-08-28,18.416688919067383
2017-08-29,18.49300193786621
2017-08-30,18.82369041442871
2017-08-31,18.543880462646484
2017-09-01,19.010236740112305
2017-09-05,19.01871109008789
2017-09-06,19.120460510253906
2017-09-07,19.30699920654297
2017-09-08,17.857067108154297
2017-09-11,18.094486236572266
2017-09-12,18.29798698425293
2017-09-13,18.4251651763916
2017-09-14,18.026653289794922
2017-09-15,18.289505004882812
2017-09-18,18.17927360534668
2017-09-19,17.916419982910156
2017-09-20,17.636606216430664
2017-09-21,17.144819259643555
2017-09-22,17.085460662841797
2017-09-25,16.907405853271484
2017-09-26,17.119380950927734
2017-09-27,17.153295516967773
2017-09-28,17.17873764038086
2017-09-29,17.0091495513916
2017-10-02,16.92436408996582
2017-10-03,17.433109283447266
2017-10-04,17.407676696777344
2017-10-05,17.551822662353516
2017-10-06,17.492467880249023
2017-10-09,17.204177856445312
2017-10-10,17.407676696777344
2017-10-11,17.61964988708496
2017-10-12,17.806190490722656
2017-10-13,18.06056785583496
2017-10-16,17.33135986328125
2017-10-17,17.36527442932129
2017-10-18,17.526376724243164
2017-10-19,17.712921142578125
2017-10-20,17.82314682006836
2017-10-23,18.102964401245117
2017-10-24,18.2047119140625
2017-10-25,17.916419982910156
2017-10-26,17.653566360473633
2017-10-27,17.44158935546875
2017-10-30,17.50094223022461
2017-10-31,17.551822662353516
2017-11-01,17.721399307250977
2017-11-02,17.958818435668945
2017-11-03,18.23015022277832
2017-11-06,18.08600425720215
2017-11-07,18.069046020507812
2017-11-08,18.526920318603516
2017-11-09,18.611713409423828
2017-11-10,18.721939086914062
2017-11-13,18.77281379699707
2017-11-14,18.777076721191406
2017-11-15,18.427461624145508
2017-11-16,18.998788833618164
2017-11-17,19.962371826171875
2017-11-20,19.783294677734375
2017-11-21,19.425151824951172
2017-11-22,19.73213768005371
2017-11-24,19.5956974029541
2017-11-27,19.76624298095703
2017-11-28,20.09027671813965
2017-11-29,20.789514541625977
2017-11-30,22.051555633544922
2017-12-01,21.889528274536133
2017-12-04,22.921337127685547
2017-12-05,22.35853385925293
2017-12-06,22.520551681518555
2017-12-07,22.622880935668945
2017-12-08,22.750795364379883
2017-12-11,22.66551971435547
2017-12-12,22.45233726501465
2017-12-13,22.75931739807129
2017-12-14,22.085664749145508
2017-12-15,22.55466651916504
2017-12-18,23.02366065979004
2017-12-19,22.981027603149414
2017-12-20,23.296541213989258
2017-12-21,23.49266242980957
2017-12-22,24.08957862854004
2017-12-26,23.70585060119629
2017-12-27,23.629098892211914
2017-12-28,23.577939987182617
2017-12-29,23.407390594482422
2018-01-02,24.132213592529297
2018-01-03,23.748485565185547
2018-01-04,23.006608963012695
2018-01-05,23.296541213989258
2018-01-08,23.85080909729004
2018-01-09,23.680267333984375
2018-01-10,23.86786460876465
2018-01-11,23.944608688354492
2018-01-12,23.995777130126953
2018-01-16,24.08957862854004
2018-01-17,24.447723388671875
2018-01-18,24.780284881591797
2018-01-19,25.34308433532715
2018-01-22,25.266342163085938
2018-01-23,24.99346923828125
2018-01-24,25.138429641723633
2018-01-25,25.803560256958008
2018-01-26,26.332246780395508
2018-01-29,26.724506378173828
2018-01-30,26.289609909057617
2018-01-31,25.888832092285156
2018-02-01,25.76091766357422
2018-02-02,25.019052505493164
2018-02-05,24.277170181274414
2018-02-06,24.788814544677734
2018-02-07,24.64384651184082
2018-02-08,23.50972557067871
2018-02-09,23.586469650268555
2018-02-12,23.194215774536133
2018-02-13,23.978721618652344
2018-02-14,24.325620651245117
2018-02-15,24.659671783447266
2018-02-16,24.574010848999023
2018-02-20,23.54616928100586
2018-02-21,23.47764778137207
2018-02-22,23.31490707397461
2018-02-23,23.4862117767334
2018-02-26,23.854522705078125
2018-02-27,23.35773468017578
2018-02-28,23.22925567626953
2018-03-01,23.52047348022461
2018-03-02,23.42624855041504
2018-03-05,23.97443962097168
2018-03-06,23.99156951904297
2018-03-07,22.466936111450195
2018-03-08,19.68318748474121
2018-03-09,20.62537956237793
2018-03-12,20.548295974731445
2018-03-13,20.565425872802734
2018-03-14,20.077199935913086
2018-03-15,20.239940643310547
2018-03-16,20.291336059570312
2018-03-19,19.83736801147461
2018-03-20,20.05150604248047
2018-03-21,20.085771560668945
2018-03-22,20.034378051757812
2018-03-23,19.940156936645508
2018-03-26,20.445507049560547
2018-03-27,20.10289764404297
2018-03-28,20.231372833251953
2018-03-29,20.50546646118164
2018-04-02,19.940156936645508
2018-04-03,20.20568084716797
2018-04-04,20.62537956237793
2018-04-05,20.39411735534668
2018-04-06,20.359851837158203
2018-04-09,20.16284942626953
2018-04-10,20.094331741333008
2018-04-11,20.111461639404297
2018-04-12,20.214248657226562
2018-04-13,20.325593948364258
2018-04-16,20.702468872070312
2018-04-17,20.753864288330078
2018-04-18,21.053647994995117
2018-04-19,20.711034774780273
2018-04-20,20.659645080566406
2018-04-23,21.233522415161133
2018-04-24,21.73887825012207
2018-04-25,21.953012466430664
2018-04-26,21.953012466430664
2018-04-27,21.858793258666992
2018-04-30,21.576139450073242
2018-05-01,21.207828521728516
2018-05-02,21.027952194213867
2018-05-03,20.445507049560547
2018-05-04,20.676776885986328
2018-05-07,20.539735794067383
2018-05-08,20.63394546508789
2018-05-09,20.86521339416504
2018-05-10,20.86521339416504
2018-05-11,21.045087814331055
2018-05-14,21.290449142456055
2018-05-15,21.307662963867188
2018-05-16,21.471240997314453
2018-05-17,21.78116798400879
2018-05-18,21.428192138671875
2018-05-21,21.324886322021484
2018-05-22,21.264619827270508
2018-05-23,21.152700424194336
2018-05-24,21.144088745117188
2018-05-25,21.187137603759766
2018-05-29,21.092437744140625
2018-05-30,21.50567626953125
2018-05-31,20.946077346801758
2018-06-01,21.0235595703125
2018-06-04,21.307662963867188
2018-06-05,21.445411682128906
2018-06-06,21.24740219116211
2018-06-07,21.50567626953125
2018-06-08,21.832822799682617
2018-06-11,21.9877872467041
2018-06-12,22.116926193237305
2018-06-13,22.392414093017578
2018-06-14,22.52155876159668
2018-06-15,22.280498504638672
2018-06-18,22.392414093017578
2018-06-19,22.375202178955078
2018-06-20,22.538776397705078
2018-06-21,24.734111785888672
2018-06-22,25.560588836669922
2018-06-25,25.250661849975586
2018-06-26,24.966552734375
2018-06-27,24.97516632080078
2018-06-28,24.475833892822266
2018-06-29,24.493051528930664
2018-07-02,24.295040130615234
2018-07-03,24.708284378051758
2018-07-05,24.622190475463867
2018-07-06,25.069866180419922
2018-07-09,24.75132942199707
2018-07-10,24.768545150756836
2018-07-11,24.07981300354004
2018-07-12,24.06259536743164
2018-07-13,24.1486873626709
2018-07-16,24.09703254699707
2018-07-17,24.46722412109375
2018-07-18,24.226167678833008
2018-07-19,24.20895004272461
2018-07-20,24.226167678833008
2018-07-23,24.355310440063477
2018-07-24,24.071205139160156
2018-07-25,24.34669303894043
2018-07-26,24.656625747680664
2018-07-27,24.708284378051758
2018-07-30,25.586414337158203
2018-07-31,24.966552734375
2018-08-01,24.699670791625977
2018-08-02,25.6036319732666
2018-08-03,25.767208099365234
2018-08-06,25.74999237060547
2018-08-07,25.827470779418945
2018-08-08,26.352632522583008
2018-08-09,25.672508239746094
2018-08-10,25.947996139526367
2018-08-13,25.732763290405273
2018-08-14,26.33824920654297
2018-08-15,26.00090789794922
2018-08-16,26.40744400024414
2018-08-17,27.116718292236328
2018-08-20,27.15996551513672
2018-08-21,27.125370025634766
2018-08-22,27.454055786132812
2018-08-23,27.94709014892578
2018-08-24,26.98697280883789
2018-08-27,26.978322982788086
2018-08-28,26.909128189086914
2018-08-29,26.53719139099121
2018-08-30,26.84857749938965
2018-08-31,27.2464656829834
2018-09-04,27.59244728088379
2018-09-05,27.644350051879883
2018-09-06,28.163330078125
2018-09-07,27.998985290527344
2018-09-10,27.46269989013672
2018-09-11,27.15131378173828
2018-09-12,27.445404052734375
2018-09-13,24.72075843811035
2018-09-14,24.046085357666016
2018-09-17,24.945650100708008
2018-09-18,25.334888458251953
2018-09-19,24.980247497558594
2018-09-20,25.239734649658203
2018-09-21,25.905765533447266
2018-09-24,25.611679077148438
2018-09-25,25.30893325805664
2018-09-26,25.4213809967041
2018-09-27,25.084047317504883
2018-09-28,25.179189682006836
2018-10-01,24.86780548095703
2018-10-02,25.15324592590332
2018-10-03,25.41273307800293
2018-10-04,24.893749237060547
2018-10-05,25.144596099853516
2018-10-08,25.38678741455078
2018-10-09,24.149879455566406
2018-10-10,23.985536575317383
2018-10-11,23.129220962524414
2018-10-12,23.284912109375
2018-10-15,23.786592483520508
2018-10-16,23.5271053314209
2018-10-17,23.604949951171875
2018-10-18,23.66550064086914
2018-10-19,23.838491439819336
2018-10-22,24.2017822265625
2018-10-23,24.591014862060547
2018-10-24,24.17583465576172
2018-10-25,24.21908187866211
2018-10-26,23.855789184570312
2018-10-29,24.418020248413086
2018-10-30,26.026859283447266
2018-10-31,25.741418838500977
2018-11-01,25.369487762451172
2018-11-02,26.096050262451172
2018-11-05,26.476646423339844
2018-11-06,26.666934967041016
2018-11-07,27.09076690673828
2018-11-08,27.116718292236328
2018-11-09,27.15131378173828
2018-11-12,27.134017944335938
2018-11-13,27.142663955688477
2018-11-14,26.31726837158203
2018-11-15,26.09136390686035
2018-11-16,26.273828506469727
2018-11-19,26.551849365234375
2018-11-20,25.709074020385742
2018-11-21,25.656946182250977
2018-11-23,25.79595947265625
2018-11-26,25.691701889038086
2018-11-27,26.100055694580078
2018-11-28,26.28251075744629
2018-11-29,26.37808609008789
2018-11-30,25.769895553588867
2018-12-03,25.856781005859375
2018-12-04,24.88367462158203
2018-12-06,25.683006286621094
2018-12-07,25.344160079956055
2018-12-10,25.014005661010742
2018-12-11,25.404983520507812
2018-12-12,25.848093032836914
2018-12-13,25.856781005859375
2018-12-14,25.674320220947266
2018-12-17,25.126951217651367
2018-12-18,24.805477142333984
2018-12-19,24.527448654174805
2018-12-20,24.049583435058594
2018-12-21,23.80630874633789
2018-12-24,23.111228942871094
2018-12-26,24.09302520751953
2018-12-27,23.78893280029297
2018-12-28,23.96269989013672
2018-12-31,23.893190383911133
2019-01-02,23.71942138671875
2019-01-03,23.76286506652832
2019-01-04,24.032211303710938
2019-01-07,24.258106231689453
2019-01-08,24.727285385131836
2019-01-09,24.371057510375977
2019-01-10,24.744661331176758
2019-01-11,24.70121955871582
2019-01-14,24.58827018737793
2019-01-15,24.86629867553711
2019-01-16,24.935806274414062
2019-01-17,25.13564109802246
2019-01-18,25.5700626373291
2019-01-22,25.474489212036133
2019-01-23,25.404983520507812
2019-01-24,24.944496154785156
2019-01-25,24.4318790435791
2019-01-28,24.518760681152344
2019-01-29,24.397125244140625
2019-01-30,24.55351448059082
2019-01-31,24.614336013793945
2019-02-01,24.388437271118164
2019-02-04,24.4318790435791
2019-02-05,24.58827018737793
2019-02-06,24.5795841217041
2019-02-07,24.4840030670166
2019-02-08,24.179916381835938
2019-02-11,23.936634063720703
2019-02-12,24.831546783447266
2019-02-13,25.16170310974121
2019-02-14,25.283937454223633
2019-02-15,25.755390167236328
2019-02-19,25.79903793334961
2019-02-20,25.1005859375
2019-02-21,24.95216941833496
2019-02-22,24.89978790283203
2019-02-25,25.18789291381836
2019-02-26,25.249011993408203
2019-02-27,26.017305374145508
2019-02-28,25.606966018676758
2019-03-01,24.4632511138916
2019-03-04,25.004552841186523
2019-03-05,25.249011993408203
2019-03-06,24.82994270324707
2019-03-07,22.359169006347656
2019-03-08,21.36387825012207
2019-03-11,21.538488388061523
2019-03-12,21.372604370117188
2019-03-13,21.590869903564453
2019-03-14,21.60833740234375
2019-03-15,21.267837524414062
2019-03-18,21.433725357055664
2019-03-19,21.241649627685547
2019-03-20,20.944801330566406
2019-03-21,21.2329158782959
2019-03-22,21.250377655029297
2019-03-25,21.08449363708496
2019-03-26,21.36387825012207
2019-03-27,21.189268112182617
2019-03-28,21.33768081665039
2019-03-29,21.477375030517578
2019-04-01,21.372604370117188
2019-04-02,20.744003295898438
2019-04-03,20.778921127319336
2019-04-04,20.674158096313477
2019-04-05,20.866230010986328
2019-04-08,20.8313045501709
2019-04-09,20.901147842407227
2019-04-10,21.80913734436035
2019-04-11,22.472667694091797
2019-04-12,22.411556243896484
2019-04-15,22.2369384765625
2019-04-16,22.324249267578125
2019-04-17,22.298053741455078
2019-04-18,22.50758934020996
2019-04-22,22.26312828063965
2019-04-23,22.018674850463867
2019-04-24,22.324249267578125
2019-04-25,22.498859405517578
2019-04-26,21.82660484313965
2019-04-29,22.324249267578125
2019-04-30,22.50758934020996
2019-05-01,22.332975387573242
2019-05-02,22.50758934020996
2019-05-03,22.472667694091797
2019-05-06,22.44647216796875
2019-05-07,22.498859405517578
2019-05-08,22.071060180664062
2019-05-09,22.140905380249023
2019-05-10,22.551240921020508
2019-05-13,22.167091369628906
2019-05-14,22.167095184326172
2019-05-15,22.131977081298828
2019-05-16,21.649131774902344
2019-05-17,21.262855529785156
2019-05-20,21.131166458129883
2019-05-21,21.33308219909668
2019-05-22,21.06970977783203
2019-05-23,20.6570987701416
2019-05-24,20.823902130126953
2019-05-28,20.736106872558594
2019-05-29,20.2181453704834
2019-05-30,19.998668670654297
2019-05-31,20.025009155273438
2019-06-03,20.156692504882812
2019-06-04,20.744892120361328
2019-06-05,20.516632080078125
2019-06-06,20.80634117126465
2019-06-07,21.008262634277344
2019-06-10,21.41209602355957
2019-06-11,21.649131774902344
2019-06-12,21.62278938293457
2019-06-13,21.614015579223633
2019-06-14,21.2979679107666
2019-06-17,21.385757446289062
2019-06-18,21.01703643798828
2019-06-19,20.753665924072266
2019-06-20,20.30593490600586
2019-06-21,19.52460289001465
2019-06-24,19.384140014648438
2019-06-25,19.182220458984375
2019-06-26,18.813499450683594
2019-06-27,18.778377532958984
2019-06-28,19.059309005737305
2019-07-01,18.962739944458008
2019-07-02,18.822277069091797
2019-07-03,18.918846130371094
2019-07-05,19.094425201416016
2019-07-08,19.138322830200195
2019-07-09,19.059309005737305
2019-07-10,19.006633758544922
2019-07-11,19.10321044921875
2019-07-12,19.217330932617188
2019-07-15,19.384140014648438
2019-07-16,19.27878761291504
2019-07-17,18.99785614013672
2019-07-18,19.01541519165039
2019-07-19,19.04175567626953
2019-07-22,18.313093185424805
2019-07-23,18.277976989746094
2019-07-24,18.646697998046875
2019-07-25,18.558908462524414
2019-07-26,18.85739517211914
2019-07-29,18.813499450683594
2019-07-30,18.813499450683594
2019-07-31,18.57646369934082
2019-08-01,18.892505645751953
2019-08-02,19.52460289001465
2019-08-05,19.243675231933594
2019-08-06,19.55971336364746
2019-08-07,20.98192024230957
2019-08-08,20.499074935913086
2019-08-09,20.472740173339844
2019-08-12,20.25326156616211
2019-08-13,20.23570442199707
2019-08-14,19.546154022216797
2019-08-15,19.652236938476562
2019-08-16,20.03237533569336
2019-08-19,20.324108123779297
2019-08-20,20.253387451171875
2019-08-21,20.63352394104004
2019-08-22,20.925256729125977
2019-08-23,20.589317321777344
2019-08-26,21.146265029907227
2019-08-27,20.439037322998047
2019-08-28,20.783809661865234
2019-08-29,20.925256729125977
2019-08-30,20.934099197387695
2019-09-03,21.225831985473633
2019-09-04,21.800458908081055
2019-09-05,21.950746536254883
2019-09-06,21.8358154296875
2019-09-09,22.268999099731445
2019-09-10,22.825946807861328
2019-09-11,22.604936599731445
2019-09-12,22.622615814208984
2019-09-13,23.188405990600586
2019-09-16,22.967391967773438
2019-09-17,22.675657272338867
2019-09-18,22.29552459716797
2019-09-19,22.825946807861328
2019-09-20,22.70218276977539
2019-09-23,22.737539291381836
2019-09-24,22.81710433959961
2019-09-25,22.7817440032959
2019-09-26,22.790586471557617
2019-09-27,22.755226135253906
2019-09-30,22.790586471557617
2019-10-01,22.622615814208984
2019-10-02,22.145235061645508
2019-10-03,21.73858070373535
2019-10-04,21.91538429260254
2019-10-07,21.95958137512207
2019-10-08,21.6236515045166
2019-10-09,21.68553352355957
2019-10-10,21.075544357299805
2019-10-11,21.438003540039062
2019-10-14,21.305397033691406
2019-10-15,21.491044998168945
2019-10-16,21.6678524017334
2019-10-17,21.597129821777344
2019-10-18,21.163944244384766
2019-10-21,21.314231872558594
2019-10-22,21.968427658081055
2019-10-23,22.083349227905273
2019-10-24,22.039154052734375
2019-10-25,22.34856605529785
2019-10-28,22.392763137817383
2019-10-29,21.7739315032959
2019-10-30,21.871177673339844
2019-10-31,21.782779693603516
2019-11-01,22.092187881469727
2019-11-04,22.092187881469727
2019-11-05,24.602872848510742
2019-11-06,23.869110107421875
2019-11-07,23.74534797668457
2019-11-08,23.88679313659668
2019-11-11,23.524333953857422
2019-11-12,23.869110107421875
2019-11-13,23.922157287597656
2019-11-14,23.931055068969727
2019-11-15,23.788761138916016
2019-11-18,24.019977569580078
2019-11-19,23.895477294921875
2019-11-20,23.646474838256836
2019-11-21,23.744298934936523
2019-11-22,24.055551528930664
2019-11-25,24.011089324951172
2019-11-26,24.046661376953125
2019-11-27,24.21562385559082
2019-11-29,24.313447952270508
2019-12-02,24.669166564941406
2019-12-03,24.35791015625
2019-12-04,24.58024024963379
2019-12-05,23.833227157592773
2019-12-06,24.446842193603516
2019-12-09,24.758100509643555
2019-12-10,24.784778594970703
2019-12-11,24.918170928955078
2019-12-12,25.078245162963867
2019-12-13,24.980424880981445
2019-12-16,25.176067352294922
2019-12-17,25.522897720336914
2019-12-18,25.19385528564453
2019-12-19,25.576251983642578
2019-12-20,25.789688110351562
2019-12-23,25.691858291625977
2019-12-24,25.87861442565918
2019-12-26,25.691858291625977
2019-12-27,25.576251983642578
2019-12-30,25.843042373657227
2019-12-31,25.780792236328125
2020-01-02,25.487323760986328
2020-01-03,25.522897720336914
2020-01-06,25.611825942993164
2020-01-07,25.425071716308594
2020-01-08,25.273889541625977
2020-01-09,25.291683197021484
2020-01-10,25.220535278320312
2020-01-13,25.273889541625977
2020-01-14,25.64739990234375
2020-01-15,25.15828514099121
2020-01-16,24.971527099609375
2020-01-17,25.03377914428711
2020-01-21,25.264999389648438
2020-01-22,25.22943115234375
2020-01-23,25.291683197021484
2020-01-24,25.069347381591797
2020-01-27,25.19385528564453
2020-01-28,25.19385528564453
2020-01-29,24.411273956298828
2020-01-30,24.50019645690918
2020-01-31,23.88658332824707
2020-02-03,23.993297576904297
2020-02-04,24.35791015625
2020-02-05,24.971527099609375
2020-02-06,24.94485092163086
2020-02-07,24.86481475830078
2020-02-10,25.024887084960938
2020-02-11,25.291683197021484
2020-02-12,25.514001846313477
2020-02-13,25.603429794311523
2020-02-14,25.245718002319336
2020-02-18,26.569259643554688
2020-02-19,26.417236328125
2020-02-20,26.631858825683594
2020-02-21,27.105831146240234
2020-02-24,27.070056915283203
2020-02-25,26.533493041992188
2020-02-26,25.710744857788086
2020-02-27,25.361970901489258
2020-02-28,25.156286239624023
2020-03-02,26.542430877685547
2020-03-03,26.23837661743164
2020-03-04,27.687116622924805
2020-03-05,29.93178367614746
2020-03-06,28.6529483795166
2020-03-09,27.946462631225586
2020-03-10,29.15374755859375
2020-03-11,27.35622787475586
2020-03-12,26.0416316986084
2020-03-13,27.463544845581055
2020-03-16,27.81231689453125
2020-03-17,29.511459350585938
2020-03-18,30.325267791748047
2020-03-19,30.56672477722168
2020-03-20,28.41149139404297
2020-03-23,27.794429779052734
2020-03-24,26.96274185180664
2020-03-25,24.986377716064453
2020-03-26,25.9343204498291
2020-03-27,26.050573348999023
2020-03-30,26.51560401916504
2020-03-31,26.93592071533203
2020-04-01,27.27574920654297
2020-04-02,28.25946617126465
2020-04-03,28.87651824951172
2020-04-06,29.18058204650879
2020-04-07,28.491981506347656
2020-04-08,27.740779876708984
2020-04-09,27.776546478271484
2020-04-13,28.01801300048828
2020-04-14,28.697664260864258
2020-04-15,28.644001007080078
2020-04-16,28.572463989257812
2020-04-17,28.554580688476562
2020-04-20,28.554580688476562
2020-04-21,28.769207000732422
2020-04-22,28.894407272338867
2020-04-23,29.404155731201172
2020-04-24,29.475692749023438
2020-04-27,29.761863708496094
2020-04-28,28.93912124633789
2020-04-29,28.187917709350586
2020-04-30,28.26840591430664
2020-05-01,28.58140754699707
2020-05-04,29.091154098510742
2020-05-05,29.341550827026367
2020-05-06,29.31472396850586
2020-05-07,29.22529411315918
2020-05-08,29.815523147583008
2020-05-11,30.164295196533203
2020-05-12,30.003320693969727
2020-05-13,30.495174407958984
2020-05-14,29.45291519165039
2020-05-15,29.210317611694336
2020-05-18,28.98569107055664
2020-05-19,28.536441802978516
2020-05-20,29.021631240844727
2020-05-21,28.859907150268555
2020-05-22,29.08452606201172
2020-05-26,28.1860294342041
2020-05-27,29.902164459228516
2020-05-28,28.805999755859375
2020-05-29,29.30915641784668
2020-06-01,29.192354202270508
2020-06-02,29.65058708190918
2020-06-03,29.363067626953125
2020-06-04,29.749422073364258
2020-06-05,29.18336296081543
2020-06-08,29.659568786621094
2020-06-09,29.578706741333008
2020-06-10,29.264230728149414
2020-06-11,29.38103675842285
2020-06-12,28.98569107055664
2020-06-15,28.823965072631836
2020-06-16,29.22829246520996
2020-06-17,29.479873657226562
2020-06-18,28.581369400024414
2020-06-19,28.967723846435547
2020-06-22,28.814985275268555
2020-06-23,28.841934204101562
2020-06-24,29.488855361938477
2020-06-25,29.45291519165039
2020-06-26,29.363067626953125
2020-06-29,30.6658992767334
2020-06-30,30.41431999206543
2020-07-01,30.162734985351562
2020-07-02,30.099838256835938
2020-07-06,30.306493759155273
2020-07-07,30.26156997680664
2020-07-08,29.12945556640625
2020-07-09,29.4349422454834
2020-07-10,30.045927047729492
2020-07-13,29.902164459228516
2020-07-14,30.764734268188477
2020-07-15,30.34244155883789
2020-07-16,30.306493759155273
2020-07-17,30.41431999206543
2020-07-20,30.683866500854492
2020-07-21,31.258913040161133
2020-07-22,31.591352462768555
2020-07-23,31.564403533935547
2020-07-24,31.187026977539062
2020-07-27,31.23196029663086
2020-07-28,31.654251098632812
2020-07-29,31.546432495117188
2020-07-30,30.9174747467041
2020-07-31,31.258913040161133
2020-08-03,31.53743553161621
2020-08-04,31.797998428344727
2020-08-05,31.528459548950195
2020-08-06,31.474552154541016
2020-08-07,31.663230895996094
2020-08-10,31.474552154541016
2020-08-11,30.782703399658203
2020-08-12,31.09717559814453
2020-08-13,31.241687774658203
2020-08-14,31.964237213134766
2020-08-17,32.51519775390625
2020-08-18,32.731964111328125
2020-08-19,32.71390914916992
2020-08-20,32.44293975830078
2020-08-21,32.43391418457031
2020-08-24,32.56938934326172
2020-08-25,32.587459564208984
2020-08-26,32.849388122558594
2020-08-27,32.659706115722656
2020-08-28,31.88296890258789
2020-08-31,32.22617721557617
2020-09-01,31.973283767700195
2020-09-02,33.05712127685547
2020-09-03,32.61455154418945
2020-09-04,32.0364990234375
2020-09-08,31.268781661987305
2020-09-09,31.77457618713379
2020-09-10,31.37717628479004
2020-09-11,31.042972564697266
2020-09-14,29.661090850830078
2020-09-15,29.55270767211914
2020-09-16,28.92046546936035
2020-09-17,29.3630313873291
2020-09-18,29.995269775390625
2020-09-21,30.221071243286133
2020-09-22,30.473974227905273
2020-09-23,30.05849266052246
2020-09-24,30.193971633911133
2020-09-25,30.284292221069336
2020-09-28,30.437837600708008
2020-09-29,30.501073837280273
2020-09-30,30.627511978149414
2020-10-01,30.726865768432617
2020-10-02,30.77202606201172
2020-10-05,31.187488555908203
2020-10-06,30.66364097595215
2020-10-07,30.73589515686035
2020-10-08,30.970731735229492
2020-10-09,31.1152400970459
2020-10-12,31.27781867980957
2020-10-13,31.431358337402344
2020-10-14,30.564289093017578
2020-10-15,30.690732955932617
2020-10-16,30.77202606201172
2020-10-19,30.60041618347168
2020-10-20,30.10365867614746
2020-10-21,30.10365867614746
2020-10-22,29.480453491210938
2020-10-23,29.58882713317871
2020-10-26,29.95010757446289
2020-10-27,29.209484100341797
2020-10-28,29.04691505432129
2020-10-29,29.13722801208496
2020-10-30,29.09207534790039
2020-11-02,28.95659637451172
2020-11-03,29.570768356323242
2020-11-04,28.98369026184082
2020-11-05,29.55270767211914
2020-11-06,29.959142684936523
2020-11-09,28.00823402404785
2020-11-10,28.83014488220215
2020-11-11,28.98369026184082
2020-11-12,29.092681884765625
2020-11-13,29.192596435546875
2020-11-16,29.337921142578125
2020-11-17,28.9746036529541
2020-11-18,29.101768493652344
2020-11-19,29.755733489990234
2020-11-20,29.465084075927734
2020-11-23,30.0009822845459
2020-11-24,29.692161560058594
2020-11-25,29.356088638305664
2020-11-27,29.45600128173828
2020-11-30,29.97372817993164
2020-12-01,29.98280906677246
2020-12-02,29.328840255737305
2020-12-03,28.048139572143555
2020-12-04,27.77565574645996
2020-12-07,28.111724853515625
2020-12-08,28.429624557495117
2020-12-09,28.347881317138672
2020-12-10,28.347881317138672
2020-12-11,28.46596336364746
2020-12-14,28.429624557495117
2020-12-15,28.32971954345703
2020-12-16,28.129886627197266
2020-12-17,28.15713882446289
2020-12-18,28.039058685302734
2020-12-21,27.975481033325195
2020-12-22,28.05722427368164
2020-12-23,28.511377334594727
2020-12-24,28.638534545898438
2020-12-28,28.511377334594727
2020-12-29,28.574954986572266
2020-12-30,28.656700134277344
2020-12-31,28.847442626953125
2021-01-04,29.183513641357422
2021-01-05,28.9746036529541
2021-01-06,29.256179809570312
2021-01-07,28.901939392089844
2021-01-08,28.729366302490234
2021-01-11,28.847442626953125
2021-01-12,28.629453659057617
2021-01-13,29.05634880065918
2021-01-14,30.100887298583984
2021-01-15,30.609533309936523
2021-01-19,30.5368709564209
2021-01-20,30.037307739257812
2021-01-21,30.16446876525879
2021-01-22,30.482378005981445
2021-01-25,31.399749755859375
2021-01-26,33.67049026489258
2021-01-27,35.1964225769043
2021-01-28,32.13547134399414
2021-01-29,31.336172103881836
2021-02-01,30.609533309936523
2021-02-02,30.064556121826172
2021-02-03,30.84568977355957
2021-02-04,30.382463455200195
2021-02-05,30.109970092773438
2021-02-08,30.22804832458496
2021-02-09,30.50963020324707
2021-02-10,30.527786254882812
2021-02-11,30.500396728515625
2021-02-12,31.00264549255371
2021-02-16,30.737817764282227
2021-02-17,31.386178970336914
2021-02-18,30.902202606201172
2021-02-19,31.066570281982422
2021-02-22,30.673898696899414
2021-02-23,30.162513732910156
2021-02-24,29.90682029724121
2021-02-25,29.59633445739746
2021-02-26,29.413705825805664
2021-03-01,30.03466796875
2021-03-02,29.733320236206055
2021-03-03,30.363418579101562
2021-03-04,31.130496978759766
2021-03-05,31.450105667114258
2021-03-08,31.72406768798828
2021-03-09,31.46836280822754
2021-03-10,32.18065643310547
2021-03-11,31.906694412231445
2021-03-12,32.38155746459961
2021-03-15,32.755958557128906
2021-03-16,32.71030807495117
2021-03-17,32.2171745300293
2021-03-18,31.678401947021484
2021-03-19,32.32676696777344
2021-03-22,33.04817199707031
2021-03-23,33.4591178894043
2021-03-24,32.60985565185547
2021-03-25,33.3221435546875
2021-03-26,33.997894287109375
2021-03-29,34.65538024902344
2021-03-30,34.77409744262695
2021-03-31,32.86555099487305
2021-04-01,32.829017639160156
2021-04-05,33.54130554199219
2021-04-06,33.687408447265625
2021-04-07,33.924842834472656
2021-04-08,33.997894287109375
2021-04-09,34.500144958496094
2021-04-12,34.67365264892578
2021-04-13,34.317508697509766
2021-04-14,34.00703048706055
2021-04-15,33.961360931396484
2021-04-16,33.88831329345703
2021-04-19,34.18053436279297
2021-04-20,34.48188400268555
2021-04-21,34.618858337402344
2021-04-22,34.18053436279297
2021-04-23,34.10747146606445
2021-04-26,33.3677978515625
2021-04-27,33.57782745361328
2021-04-28,33.4682502746582
2021-04-29,33.8426513671875
2021-04-30,33.3677978515625
2021-05-03,34.13487243652344
2021-05-04,32.77422332763672
2021-05-05,33.30387496948242
2021-05-06,34.41794967651367
2021-05-07,34.45448303222656
2021-05-10,35.48638916015625
2021-05-11,35.084590911865234
2021-05-12,33.44997787475586
2021-05-13,33.78035354614258
2021-05-14,34.138248443603516
2021-05-17,34.3126220703125
2021-05-18,34.138248443603516
2021-05-19,33.40409851074219
2021-05-20,33.367393493652344
2021-05-21,33.578460693359375
2021-05-24,33.58763122558594
2021-05-25,33.45915985107422
2021-05-26,33.394920349121094
2021-05-27,33.30315017700195
2021-05-28,33.93635940551758
2021-06-01,34.21166229248047
2021-06-02,34.82651901245117
2021-06-03,35.32208251953125
2021-06-04,35.43220520019531
2021-06-07,35.7625732421875
2021-06-08,35.68915939331055
2021-06-09,35.129364013671875
2021-06-10,35.59738540649414
2021-06-11,35.52397155761719
2021-06-14,35.23948669433594
2021-06-15,34.75310516357422
2021-06-16,34.459442138671875
2021-06-17,35.955291748046875
2021-06-18,35.5606803894043
2021-06-21,36.32236099243164
2021-06-22,36.55179214477539
2021-06-23,35.9644660949707
2021-06-24,35.92776107788086
2021-06-25,35.982818603515625
2021-06-28,36.12047576904297
2021-06-29,35.65244674682617
2021-06-30,35.15689468383789
2021-07-01,34.99170684814453
2021-07-02,35.21194839477539
2021-07-06,34.33096694946289
2021-07-07,34.54203796386719
2021-07-08,34.76228332519531
2021-07-09,35.12018966674805
2021-07-12,35.15689468383789
2021-07-13,34.936641693115234
2021-07-14,35.16607666015625
2021-07-15,35.643272399902344
2021-07-16,36.12047576904297
2021-07-19,37.689727783203125
2021-07-20,37.23088836669922
2021-07-21,36.80875015258789
2021-07-22,36.460025787353516
2021-07-23,36.60685348510742
2021-07-26,36.51509094238281
2021-07-27,36.73532485961914
2021-07-28,36.73532485961914
2021-07-29,37.3685417175293
2021-07-30,37.35018539428711
2021-08-02,37.63467025756836
2021-08-03,39.11215591430664
2021-08-04,38.469764709472656
2021-08-05,38.42388916015625
2021-08-06,38.313758850097656
2021-08-09,38.80014419555664
2021-08-10,39.25899124145508
2021-08-11,39.46088409423828
2021-08-12,39.32255172729492
2021-08-13,39.47933578491211
2021-08-16,40.06953430175781
2021-08-17,41.90470504760742
2021-08-18,42.66092300415039
2021-08-19,42.35658645629883
2021-08-20,43.28800964355469
2021-08-23,43.10356903076172
2021-08-24,42.190589904785156
2021-08-25,42.23670959472656
2021-08-26,41.655704498291016
2021-08-27,41.95082473754883
2021-08-30,42.60557556152344
2021-08-31,42.44880676269531
2021-09-01,42.18136978149414
2021-09-02,43.62922286987305
2021-09-03,43.020572662353516
2021-09-07,42.41191864013672
2021-09-08,42.68857955932617
2021-09-09,42.5410270690918
2021-09-10,39.3502197265625
2021-09-13,39.54388427734375
2021-09-14,38.5386848449707
2021-09-15,37.90236282348633
2021-09-16,37.69026565551758
2021-09-17,37.75481033325195
2021-09-20,37.266048431396484
2021-09-21,37.30293655395508
2021-09-22,36.980167388916016
2021-09-23,37.0539436340332
2021-09-24,36.869503021240234
2021-09-27,37.063167572021484
2021-09-28,37.358272552490234
2021-09-29,38.12369155883789
2021-09-30,37.284488677978516
2021-10-01,36.09486770629883
2021-10-04,36.54673767089844
2021-10-05,36.77729034423828
2021-10-06,36.47296142578125
2021-10-07,36.42684555053711
2021-10-08,36.39918518066406
2021-10-11,36.5006217956543
2021-10-12,36.73117446899414
2021-10-13,36.39918518066406
2021-10-14,36.076412200927734
2021-10-15,35.587646484375
2021-10-18,36.15940856933594
2021-10-19,36.03030014038086
2021-10-20,36.2608528137207
2021-10-21,36.242408752441406
2021-10-22,37.100059509277344
2021-10-25,37.1922721862793
2021-10-26,36.85105895996094
2021-10-27,36.40839767456055
2021-10-28,36.60206604003906
2021-10-29,36.906394958496094
2021-11-01,37.30293655395508
2021-11-02,37.533485412597656
2021-11-03,39.60843276977539
2021-11-04,40.041866302490234
2021-11-05,39.02745056152344
2021-11-08,38.4556884765625
2021-11-09,38.66779327392578
2021-11-10,39.1657829284668
2021-11-11,38.981346130371094
2021-11-12,39.324256896972656
2021-11-15,39.53742218017578
2021-11-16,38.6384162902832
2021-11-17,37.67454528808594
2021-11-18,38.369651794433594
2021-11-19,37.89697265625
2021-11-22,39.722782135009766
2021-11-23,39.908145904541016
2021-11-24,39.42620849609375
2021-11-26,39.98229217529297
2021-11-29,39.2501106262207
2021-11-30,38.490135192871094
2021-12-01,37.266761779785156
2021-12-02,41.38175964355469
2021-12-03,40.251060485839844
2021-12-06,41.8080940246582
2021-12-07,41.771018981933594
2021-12-08,39.67643737792969
2021-12-09,40.482765197753906
2021-12-10,41.335426330566406
2021-12-13,42.29003143310547
2021-12-14,42.24367904663086
2021-12-15,42.83684539794922
2021-12-16,42.54952621459961
2021-12-17,41.511512756347656
2021-12-20,42.17880630493164
2021-12-21,40.658851623535156
2021-12-22,40.334468841552734
2021-12-23,40.04716491699219
2021-12-27,40.53836441040039
2021-12-28,41.16859817504883
2021-12-29,41.43737030029297
2021-12-30,41.83589172363281
2021-12-31,41.94710922241211
2022-01-03,41.882232666015625
2022-01-04,42.79049301147461
2022-01-05,43.38365936279297
2022-01-06,43.67095947265625
2022-01-07,44.59776306152344
2022-01-10,45.506038665771484
2022-01-11,44.2177734375
2022-01-12,43.68950653076172
2022-01-13,45.85821533203125
2022-01-14,45.524566650390625
2022-01-18,45.03336715698242
2022-01-19,45.02410125732422
2022-01-20,43.80997848510742
2022-01-21,43.485599517822266
2022-01-24,44.22704315185547
2022-01-25,41.7802848815918
2022-01-26,41.13153076171875
2022-01-27,42.07685852050781
2022-01-28,40.28813171386719
2022-01-31,40.399349212646484
2022-02-01,40.89982223510742
2022-02-02,40.872013092041016
2022-02-03,41.8080940246582
2022-02-04,41.49297332763672
2022-02-07,41.400291442871094
2022-02-08,42.16954040527344
2022-02-09,41.84516143798828
2022-02-10,41.86369323730469
2022-02-11,42.8831787109375
2022-02-14,42.538700103759766
2022-02-15,43.209049224853516
2022-02-16,41.495948791503906
2022-02-17,42.11042404174805
2022-02-18,42.44559860229492
2022-02-22,41.93353271484375
2022-02-23,41.458702087402344
2022-02-24,41.374908447265625
2022-02-25,43.255592346191406
2022-02-28,43.572147369384766
2022-03-01,45.015228271484375
2022-03-02,45.96489334106445
2022-03-03,51.299678802490234
2022-03-04,54.87483596801758
2022-03-07,53.83207702636719
2022-03-08,51.867610931396484
2022-03-09,51.52312469482422
2022-03-10,53.15242385864258
2022-03-11,52.035194396972656
2022-03-14,51.59760665893555
2022-03-15,52.31450271606445
2022-03-16,51.19727325439453
2022-03-17,51.8210563659668
2022-03-18,51.97002410888672
2022-03-21,51.83967590332031
2022-03-22,52.668296813964844
2022-03-23,52.55657196044922
2022-03-24,52.835880279541016
2022-03-25,53.06863784790039
2022-03-28,53.06863784790039
2022-03-29,52.50070571899414
2022-03-30,52.48208236694336
2022-03-31,53.413116455078125
2022-04-01,53.515525817871094
2022-04-04,53.47827911376953
2022-04-05,53.673805236816406
2022-04-06,54.67931365966797
2022-04-07,55.74999237060547
2022-04-08,57.416534423828125
2022-04-11,56.466896057128906
2022-04-12,54.697933197021484
2022-04-13,54.31621170043945
2022-04-14,54.2975959777832
2022-04-18,53.83207702636719
2022-04-19,53.80414581298828
2022-04-20,53.72035598754883
2022-04-21,54.1672477722168
2022-04-22,53.06863784790039
2022-04-25,52.78001022338867
2022-04-26,51.87691879272461
2022-04-27,51.74658203125
2022-04-28,51.662784576416016
2022-04-29,50.238304138183594
2022-05-02,50.014862060546875
2022-05-03,51.01106262207031
2022-05-04,51.92347717285156
2022-05-05,50.13588333129883
2022-05-06,50.13588333129883
2022-05-09,51.05760955810547
2022-05-10,51.38347244262695
2022-05-11,50.582794189453125
2022-05-12,50.67626190185547
2022-05-13,49.900489807128906
2022-05-16,49.72291564941406
2022-05-17,47.88167190551758
2022-05-18,44.76932144165039
2022-05-19,44.86278533935547
2022-05-20,45.479644775390625
2022-05-23,46.937686920166016
2022-05-24,48.14337158203125
2022-05-25,47.81624984741211
2022-05-26,48.73219299316406
2022-05-27,49.49859619140625
2022-05-31,49.50794982910156
2022-06-01,47.99382400512695
2022-06-02,49.42383575439453
2022-06-03,49.106056213378906
2022-06-06,48.741539001464844
2022-06-07,48.629390716552734
2022-06-08,47.8723258972168
2022-06-09,47.13396453857422
2022-06-10,47.750823974609375
2022-06-13,47.04050064086914
2022-06-14,47.09656524658203
2022-06-15,47.5545539855957
2022-06-16,46.5638313293457
2022-06-17,43.18042755126953
2022-06-21,45.236637115478516
2022-06-22,44.24591827392578
2022-06-23,44.61043167114258
2022-06-24,45.28337478637695
2022-06-27,45.51703643798828
2022-06-28,45.26467514038086
2022-06-29,44.96559143066406
2022-06-30,44.236568450927734
2022-07-01,44.993629455566406
2022-07-05,44.14310836791992
2022-07-06,44.301998138427734
2022-07-07,45.55441665649414
2022-07-08,44.88147735595703
2022-07-11,44.76932144165039
2022-07-12,44.48892593383789
2022-07-13,44.8160514831543
2022-07-14,44.39546203613281
2022-07-15,44.62911605834961
2022-07-18,44.42350387573242
2022-07-19,44.208526611328125
2022-07-20,44.11506652832031
2022-07-21,43.25520324707031
2022-07-22,43.217811584472656
2022-07-25,42.72245407104492
2022-07-26,43.01219177246094
2022-07-27,42.93741989135742
2022-07-28,43.030887603759766
2022-07-29,43.40473937988281
2022-08-01,43.68513488769531
2022-08-02,43.72251892089844
2022-08-03,43.90009689331055
2022-08-04,43.64774703979492
2022-08-05,44.161800384521484
2022-08-08,44.01225662231445
2022-08-09,43.806636810302734
2022-08-10,43.73186111450195
2022-08-11,44.1057243347168
2022-08-12,44.368873596191406
2022-08-15,44.660213470458984
2022-08-16,46.12633514404297
2022-08-17,45.62822723388672
2022-08-18,46.63383483886719
2022-08-19,46.52105712890625
2022-08-22,47.10374450683594
2022-08-23,46.61503219604492
2022-08-24,46.67142105102539
2022-08-25,46.35189437866211
2022-08-26,45.46846008300781
2022-08-29,45.39326858520508
2022-08-30,44.650814056396484
2022-08-31,45.054935455322266
2022-09-01,45.68461990356445
2022-09-02,45.51544189453125
2022-09-06,45.60003662109375
2022-09-07,46.82179641723633
2022-09-08,45.44966506958008
2022-09-09,48.81421661376953
2022-09-12,47.49846649169922
2022-09-13,46.39888000488281
2022-09-14,45.99475860595703
2022-09-15,44.99855041503906
2022-09-16,44.434654235839844
2022-09-19,44.59443283081055
2022-09-20,44.09632110595703
2022-09-21,42.54561996459961
2022-09-22,42.76177978515625
2022-09-23,42.16029357910156
2022-09-26,42.291866302490234
2022-09-27,41.624603271484375
2022-09-28,42.71479415893555
2022-09-29,41.991127014160156
2022-09-30,41.11709976196289
2022-10-03,41.11709976196289
2022-10-04,42.00992965698242
2022-10-05,41.91594314575195
2022-10-06,41.08890151977539
2022-10-07,40.412227630615234
2022-10-10,41.596405029296875
2022-10-11,42.930946350097656
2022-10-12,43.269283294677734
2022-10-13,43.76738739013672
2022-10-14,40.56260681152344
2022-10-17,39.57578659057617
2022-10-18,40.56260681152344
2022-10-19,40.355831146240234
2022-10-20,39.632179260253906
2022-10-21,41.00431442260742
2022-10-24,41.3426513671875
2022-10-25,42.07571029663086
2022-10-26,42.70538330078125
2022-10-27,42.930946350097656
2022-10-28,43.955352783203125
2022-10-31,44.444053649902344
2022-11-01,44.33127212524414
2022-11-02,43.757991790771484
2022-11-03,44.37826919555664
2022-11-04,43.60762405395508
2022-11-07,44.03053283691406
2022-11-08,44.2842903137207
2022-11-09,45.167720794677734
2022-11-10,45.21470642089844
2022-11-11,44.2654914855957
2022-11-14,44.00088119506836
2022-11-15,44.29383850097656
2022-11-16,45.20107650756836
2022-11-17,45.53184127807617
2022-11-18,45.6074333190918
2022-11-21,45.47513961791992
2022-11-22,45.43733215332031
2022-11-23,45.21052551269531
2022-11-25,46.34457015991211
2022-11-28,46.146114349365234
2022-11-29,46.63752746582031
2022-11-30,46.486328125
2022-12-01,45.74919891357422
2022-12-02,44.95537185668945
2022-12-05,43.53781509399414
2022-12-06,43.78352355957031
2022-12-07,44.3599967956543
2022-12-08,44.85141372680664
2022-12-09,43.915828704833984
2022-12-12,44.142635345458984
2022-12-13,42.95188903808594
2022-12-14,42.2998161315918
2022-12-15,41.0996208190918
2022-12-16,41.883995056152344
2022-12-19,41.959598541259766
2022-12-20,42.12971496582031
2022-12-21,42.01630401611328
2022-12-22,42.76288604736328
2022-12-23,43.36771011352539
2022-12-27,43.424407958984375
2022-12-28,42.12971496582031
2022-12-29,42.16750717163086
2022-12-30,42.12971496582031
2023-01-03,42.0257568359375
2023-01-04,42.49827194213867
2023-01-05,42.67782974243164
2023-01-06,43.2259521484375
2023-01-09,43.65121841430664
2023-01-10,43.452754974365234
2023-01-11,43.10309600830078
2023-01-12,43.15979766845703
2023-01-13,42.734527587890625
2023-01-17,43.64176559448242
2023-01-18,42.7723274230957
2023-01-19,41.58158493041992
2023-01-20,42.00685501098633
2023-01-23,42.24311447143555
2023-01-24,41.82729721069336
2023-01-25,42.4321174621582
2023-01-26,42.01630401611328
2023-01-27,42.573875427246094
2023-01-30,41.78004455566406
2023-01-31,42.176963806152344
2023-02-01,42.69673156738281
2023-02-02,42.49827194213867
2023-02-03,41.97850799560547
2023-02-06,42.0919075012207
2023-02-07,42.0257568359375
2023-02-08,41.83675003051758
2023-02-09,41.66664123535156
2023-02-10,42.337615966796875
2023-02-13,42.422672271728516
2023-02-14,41.47212600708008
2023-02-15,42.080474853515625
2023-02-16,41.68124771118164
2023-02-17,41.82382583618164
2023-02-21,42.41316604614258
2023-02-22,42.41316604614258
2023-02-23,41.738277435302734
2023-02-24,41.58618927001953
2023-02-27,41.26300811767578
2023-02-28,41.00636672973633
2023-03-01,41.23448944091797
2023-03-02,43.468265533447266
2023-03-03,43.705902099609375
2023-03-06,44.18116760253906
2023-03-07,44.589908599853516
2023-03-08,45.10319900512695
2023-03-09,44.9130859375
2023-03-10,44.770503997802734
2023-03-13,44.532875061035156
2023-03-14,44.846553802490234
2023-03-15,45.90165710449219
2023-03-16,44.799034118652344
2023-03-17,44.466331481933594
2023-03-20,45.00814437866211
2023-03-21,45.397865295410156
2023-03-22,45.66402053833008
2023-03-23,46.12028503417969
2023-03-24,46.62406539916992
2023-03-27,46.2248420715332
2023-03-28,46.500492095947266
2023-03-29,46.61456298828125
2023-03-30,46.63357162475586
2023-03-31,46.92823791503906
2023-04-03,47.47004318237305
2023-04-04,47.013790130615234
2023-04-05,45.68302917480469
2023-04-06,46.12028503417969
2023-04-10,46.481483459472656
2023-04-11,45.587974548339844
2023-04-12,44.97962951660156
2023-04-13,44.72298812866211
2023-04-14,44.3427619934082
2023-04-17,45.44539260864258
2023-04-18,45.48341369628906
2023-04-19,45.10319900512695
2023-04-20,45.435890197753906
2023-04-21,45.54994583129883
2023-04-24,45.8541259765625
2023-04-25,45.59748077392578
2023-04-26,45.45490264892578
2023-04-27,45.949180603027344
2023-04-28,46.2248420715332
2023-05-01,46.84269332885742
2023-05-02,46.99477767944336
2023-05-03,46.51950454711914
2023-05-04,45.89214324951172
2023-05-05,46.795162200927734
2023-05-08,46.7191162109375
2023-05-09,46.72862243652344
2023-05-10,46.69060516357422
2023-05-11,46.72862243652344
2023-05-12,46.996192932128906
2023-05-15,46.891075134277344
2023-05-16,46.75728988647461
2023-05-17,47.06308364868164
2023-05-18,47.13953399658203
2023-05-19,47.435768127441406
2023-05-22,47.76066970825195
2023-05-23,46.91974639892578
2023-05-24,47.35932159423828
2023-05-25,46.7286262512207
2023-05-26,45.209224700927734
2023-05-30,43.91917419433594
2023-05-31,43.31714630126953
2023-06-01,42.67689514160156
2023-06-02,43.880943298339844
2023-06-05,44.10073471069336
2023-06-06,44.024288177490234
2023-06-07,43.44137191772461
2023-06-08,43.728050231933594
2023-06-09,44.119842529296875
2023-06-12,44.320518493652344
2023-06-13,44.77920913696289
2023-06-14,45.113670349121094
2023-06-15,43.900062561035156
2023-06-16,44.119842529296875
2023-06-20,43.794944763183594
2023-06-21,43.65160369873047
2023-06-22,44.024288177490234
2023-06-23,44.09117889404297
2023-06-26,44.57853317260742
2023-06-27,44.693206787109375
2023-06-28,45.075439453125
2023-06-29,44.263187408447266
2023-06-30,44.91299057006836
2023-07-03,45.33346176147461
2023-07-05,44.95122146606445
2023-07-06,45.19011688232422
2023-07-07,45.075439453125
2023-07-10,44.79832458496094
2023-07-11,45.45768356323242
2023-07-12,45.24745178222656
2023-07-13,44.91299057006836
2023-07-14,44.37786102294922
2023-07-17,44.473419189453125
2023-07-18,44.1580696105957
2023-07-19,44.89387893676758
2023-07-20,45.73480987548828
2023-07-21,45.85903549194336
2023-07-24,46.57573318481445
2023-07-25,46.527950286865234
2023-07-26,46.547061920166016
2023-07-27,45.96414566040039
2023-07-28,46.365501403808594
2023-07-31,46.48017120361328
2023-08-01,46.38460922241211
2023-08-02,46.84329605102539
2023-08-03,47.206417083740234
2023-08-04,47.292423248291016
2023-08-07,47.49310302734375
2023-08-08,46.69995880126953
2023-08-09,47.07263946533203
2023-08-10,46.900630950927734
2023-08-11,46.80507278442383
2023-08-14,46.68010711669922
2023-08-15,46.093719482421875
2023-08-16,45.19972229003906
2023-08-17,44.930564880371094
2023-08-18,45.728431701660156
2023-08-21,45.555397033691406
2023-08-22,45.19010543823242
2023-08-23,45.11320495605469
2023-08-24,44.690242767333984
2023-08-25,44.73830032348633
2023-08-28,44.82482147216797
2023-08-29,44.690242767333984
2023-08-30,44.71907424926758
2023-08-31,44.594112396240234
2023-09-01,44.19998550415039
2023-09-05,43.27714920043945
2023-09-06,43.41172790527344
2023-09-07,43.767398834228516
2023-09-08,45.1228141784668
2023-09-11,43.6712760925293
2023-09-12,43.911598205566406
2023-09-13,43.363670349121094
2023-09-14,44.01734161376953
2023-09-15,44.52682113647461
2023-09-18,44.73830032348633
2023-09-19,44.30572509765625
2023-09-20,44.39223861694336
2023-09-21,43.94043731689453
2023-09-22,43.892372131347656
2023-09-25,43.94043731689453
2023-09-26,43.40211486816406
2023-09-27,42.758052825927734
2023-09-28,43.34443664550781
2023-09-29,43.017601013183594
2023-10-02,42.32547378540039
2023-10-03,42.55618667602539
2023-10-04,43.20024108886719
2023-10-05,42.440826416015625
2023-10-06,41.76792526245117
2023-10-09,42.89263153076172
2023-10-10,43.1041145324707
2023-10-11,42.47928237915039
2023-10-12,42.54656982421875
2023-10-13,42.450435638427734
2023-10-16,42.575408935546875
2023-10-17,42.76766586303711
2023-10-18,42.517723083496094
2023-10-19,42.777278900146484
2023-10-20,42.42160415649414
2023-10-23,41.64296340942383
2023-10-24,41.92173385620117
2023-10-25,42.575408935546875
2023-10-26,43.036827087402344
2023-10-27,42.709991455078125
2023-10-30,43.20985794067383
2023-10-31,43.61359405517578
2023-11-01,43.6328239440918
2023-11-02,43.64244079589844
2023-11-03,43.61359405517578
2023-11-06,43.41172790527344
2023-11-07,43.363670349121094
2023-11-08,42.17166519165039
2023-11-09,42.190895080566406
2023-11-10,42.190895080566406
2023-11-13,42.46966552734375
2023-11-14,42.8083381652832
2023-11-15,43.06960678100586
2023-11-16,41.27947235107422
2023-11-17,41.066585540771484
2023-11-20,41.53105545043945
2023-11-21,41.61814880371094
2023-11-22,42.40193557739258
2023-11-24,42.750282287597656
2023-11-27,42.6631965637207
2023-11-28,42.498695373535156
2023-11-29,42.22775650024414
2023-11-30,42.837371826171875
2023-12-01,43.15668869018555
2023-12-04,43.224422454833984
2023-12-05,43.06960678100586
2023-12-06,43.0986328125
2023-12-07,43.3502197265625
2023-12-08,43.1373405456543
2023-12-11,43.63083267211914
2023-12-12,42.81801986694336
2023-12-13,43.27280807495117
2023-12-14,42.17937088012695
2023-12-15,42.68254852294922
2023-12-18,44.05659484863281
2023-12-19,43.611480712890625
2023-12-20,43.54374694824219
2023-12-21,43.5630989074707
2023-12-22,43.6792106628418
2023-12-26,43.75662612915039
2023-12-27,43.7469482421875
2023-12-28,43.7082405090332
2023-12-29,44.230770111083984
2024-01-02,44.772647857666016
2024-01-03,45.01455307006836
2024-01-04,44.41462326049805
2024-01-05,44.55976867675781
2024-01-08,44.482357025146484
2024-01-09,44.74361801147461
2024-01-10,44.64685821533203
2024-01-11,44.366241455078125
2024-01-12,44.54041290283203
2024-01-16,44.908119201660156
2024-01-17,45.024234771728516
2024-01-18,44.65652847290039
2024-01-19,44.45332336425781
2024-01-22,44.44365310668945
2024-01-23,44.7532958984375
2024-01-24,44.608150482177734
2024-01-25,44.92747116088867
2024-01-26,44.80167770385742
2024-01-29,45.024234771728516
2024-01-30,45.140350341796875
2024-01-31,44.64685821533203
2024-02-01,45.19841003417969
2024-02-02,44.64685821533203
2024-02-05,44.501708984375
2024-02-06,43.53407287597656
2024-02-07,43.17604446411133
2024-02-08,43.969505310058594
2024-02-09,43.94047927856445
2024-02-12,44.356563568115234
2024-02-13,44.09530258178711
2024-02-14,44.49456787109375
2024-02-15,45.64369583129883
2024-02-16,46.393550872802734
2024-02-20,46.74413299560547
2024-02-21,46.55910873413086
2024-02-22,46.58831787109375
2024-02-23,46.948638916015625
2024-02-26,46.02349853515625
2024-02-27,47.104454040527344
2024-02-28,47.26026153564453
2024-02-29,48.312007904052734
2024-03-01,47.873783111572266
2024-03-04,48.07828903198242
2024-03-05,48.18540954589844
2024-03-06,49.16898727416992
2024-03-07,54.02842712402344
2024-03-08,54.50560760498047
2024-03-11,53.55125045776367
2024-03-12,53.862876892089844
2024-03-13,54.61273193359375
2024-03-14,54.057640075683594
2024-03-15,54.593257904052734
2024-03-18,54.719852447509766
2024-03-19,55.002262115478516
2024-03-20,55.34310531616211
2024-03-21,55.52813720703125
2024-03-22,55.07042694091797
2024-03-25,54.49586868286133
2024-03-26,54.91461944580078
2024-03-27,55.41127395629883
2024-03-28,55.635257720947266
2024-04-01,55.498924255371094
2024-04-02,56.30720138549805
2024-04-03,56.24877166748047
2024-04-04,55.9371452331543
2024-04-05,55.810550689697266
2024-04-08,53.921302795410156
2024-04-09,53.96999740600586
2024-04-10,55.11912155151367
2024-04-11,54.680904388427734
2024-04-12,53.75575256347656
2024-04-15,53.91156768798828
2024-04-16,53.83366394042969
2024-04-17,53.81418228149414
2024-04-18,54.11607360839844
2024-04-19,55.08990478515625
2024-04-22,55.440494537353516
2024-04-23,54.174503326416016
2024-04-24,54.680904388427734
2024-04-25,54.447174072265625
2024-04-26,54.03816223144531
2024-04-29,54.11607360839844
2024-04-30,53.93104934692383
2024-05-01,53.337005615234375
2024-05-02,53.64863204956055
2024-05-03,53.346744537353516
2024-05-06,53.794708251953125
2024-05-07,53.862876892089844
2024-05-08,53.93104934692383
2024-05-09,53.56098937988281
2024-05-10,54.437442779541016
2024-05-13,53.75575256347656
2024-05-14,54.117977142333984
2024-05-15,53.23689651489258
2024-05-16,53.295631408691406
2024-05-17,53.0606803894043
2024-05-20,52.7571907043457
2024-05-21,52.53202438354492
2024-05-22,52.786563873291016
2024-05-23,52.189388275146484
2024-05-24,51.87611770629883
2024-05-28,51.21040725708008
2024-05-29,50.79923629760742
2024-05-30,50.88734436035156
2024-05-31,51.26914596557617
2024-06-03,50.769866943359375
2024-06-04,50.946083068847656
2024-06-05,50.593650817871094
2024-06-06,50.85797119140625
2024-06-07,50.88734436035156
2024-06-10,50.55448532104492
2024-06-11,50.290164947509766
2024-06-12,49.115386962890625
2024-06-13,49.45803451538086
2024-06-14,49.32097625732422
2024-06-17,49.97689437866211
2024-06-18,50.88734436035156
2024-06-20,49.223079681396484
2024-06-21,49.15454864501953
2024-06-24,48.968544006347656
2024-06-25,48.77274703979492
2024-06-26,48.34199905395508
2024-06-27,48.33220672607422
2024-06-28,48.88043212890625
2024-07-01,49.497196197509766
2024-07-02,49.369930267333984
2024-07-03,49.68320083618164
2024-07-05,50.75028991699219
2024-07-08,50.848182678222656
2024-07-09,50.769866943359375
2024-07-10,51.87611770629883
2024-07-11,51.64115524291992
2024-07-12,51.386627197265625
2024-07-15,51.0244026184082
2024-07-16,52.473289489746094
2024-07-17,53.64806365966797
2024-07-18,53.65785217285156
2024-07-19,53.36416244506836
2024-07-22,53.70680236816406
2024-07-23,52.70824432373047
2024-07-24,53.041099548339844
2024-07-25,52.189388275146484
2024-07-26,53.129207611083984
2024-07-29,53.0606803894043
2024-07-30,53.5501708984375
2024-07-31,53.354373931884766
2024-08-01,53.931968688964844
2024-08-02,53.18794631958008
2024-08-05,52.76698684692383
2024-08-06,52.99215316772461
2024-08-07,52.76698684692383
2024-08-08,53.17815399169922
2024-08-09,52.786563873291016
2024-08-12,52.12085723876953
2024-08-13,51.50410079956055
2024-08-14,51.59220886230469
2024-08-15,52.09453582763672
2024-08-16,52.3900260925293
2024-08-19,51.966495513916016
2024-08-20,51.25732421875
2024-08-21,51.91724395751953
2024-08-22,51.43461608886719
2024-08-23,51.16867446899414
2024-08-26,51.97634506225586
2024-08-27,51.92709732055664
2024-08-28,52.4589729309082
2024-08-29,51.71040344238281
2024-08-30,52.409725189208984
2024-09-03,52.89235305786133
2024-09-04,52.557472229003906
2024-09-05,52.567317962646484
2024-09-06,51.483863830566406
2024-09-09,51.18837356567383
2024-09-10,51.51341247558594
2024-09-11,50.72544479370117
2024-09-12,54.36979675292969
2024-09-13,55.069114685058594
2024-09-16,55.344905853271484
2024-09-17,54.21220016479492
2024-09-18,53.798519134521484
2024-09-19,54.00536346435547
2024-09-20,54.55693817138672
2024-09-23,55.295658111572266
2024-09-24,55.21686553955078
2024-09-25,55.74873733520508
2024-09-26,54.635738372802734
2024-09-27,55.669944763183594
2024-09-30,56.43821334838867
2024-10-01,55.85708236694336
2024-10-02,55.24641036987305
2024-10-03,54.783477783203125
2024-10-04,55.049415588378906
2024-10-07,55.11836624145508
2024-10-08,55.15776443481445
2024-10-09,55.305511474609375
2024-10-10,54.379642486572266
2024-10-11,54.52738952636719
2024-10-14,54.43873977661133
2024-10-15,55.295658111572266
2024-10-16,55.79798889160156
2024-10-17,55.68964385986328
2024-10-18,55.67979431152344
2024-10-21,55.49264907836914
2024-10-22,55.581298828125
2024-10-23,56.75339889526367
2024-10-24,55.83738327026367
2024-10-25,56.50715637207031
2024-10-28,56.25107192993164
2024-10-29,55.14791488647461
2024-10-30,54.901676177978516
2024-10-31,54.93122482299805
2024-11-01,55.71918869018555
2024-11-04,55.423702239990234
2024-11-05,56.526859283447266
2024-11-06,58.90060806274414
2024-11-07,58.41798400878906
2024-11-08,59.00895690917969
2024-11-11,58.703617095947266
2024-11-12,58.78241729736328
2024-11-13,58.683921813964844
2024-11-14,58.191444396972656
2024-11-15,57.45859909057617
2024-11-18,57.49821472167969
2024-11-19,57.53782653808594
2024-11-20,57.05257034301758
2024-11-21,58.013187408447266
2024-11-22,58.64699172973633
2024-11-25,59.508575439453125
2024-11-26,59.98392868041992
2024-11-27,59.914608001708984
2024-11-29,60.48899459838867
2024-12-02,59.5679931640625
2024-12-03,59.38973617553711
2024-12-04,59.33031463623047
2024-12-05,60.1225700378418
2024-12-06,58.65689468383789
2024-12-09,57.211021423339844
2024-12-10,60.14237976074219
2024-12-11,60.736576080322266
2024-12-12,62.6875114440918
2024-12-13,61.45951461791992
2024-12-16,61.419898986816406
2024-12-17,60.578121185302734
2024-12-18,60.30083084106445
2024-12-19,60.370155334472656
2024-12-20,61.25154113769531
2024-12-23,60.370155334472656
2024-12-24,61.23173904418945
2024-12-26,62.15273666381836
2024-12-27,61.73680114746094
2024-12-30,60.637542724609375
2024-12-31,60.558319091796875
2025-01-02,61.34067153930664
2025-01-03,60.865318298339844
2025-01-06,60.033443450927734
2025-01-07,58.56776428222656
2025-01-08,58.3300895690918
2025-01-10,58.54795455932617
2025-01-13,58.91438293457031
2025-01-14,59.34021759033203
2025-01-15,58.12211608886719
2025-01-16,58.05279541015625
2025-01-17,57.79531478881836
2025-01-21,58.46873474121094
2025-01-22,58.19144058227539
2025-01-23,58.00327682495117
2025-01-24,58.132022857666016
2025-01-27,59.894798278808594
2025-01-28,59.78586196899414
2025-01-29,60.46918869018555
2025-01-30,60.449378967285156
2025-01-31,61.04357147216797
2025-02-03,62.71722412109375
2025-02-04,63.36093521118164
2025-02-05,64.78699493408203
2025-02-06,64.28193664550781
2025-02-07,64.37106323242188
2025-02-10,64.64834594726562
2025-02-11,64.42057800292969
2025-02-12,65.16332244873047
2025-02-13,64.99496459960938
2025-02-14,64.81583404541016
2025-02-18,64.9452133178711
2025-02-19,65.13429260253906
2025-02-20,64.07940673828125
2025-02-21,64.74617004394531
2025-02-24,64.5670394897461
2025-02-25,65.1541976928711
2025-02-26,63.492252349853516
2025-02-27,63.62162780761719
2025-02-28,64.50733184814453
2025-03-03,62.58664321899414
2025-03-04,62.875244140625
2025-03-05,62.22837829589844
2025-03-06,63.472347259521484
2025-03-07,66.37825775146484
2025-03-10,67.39334869384766
2025-03-11,66.22898864746094
2025-03-12,64.676513671875
2025-03-13,65.78115844726562
2025-03-14,64.78598022460938
2025-03-17,66.06975555419922
2025-03-18,65.67168426513672
2025-03-19,65.16415405273438
2025-03-20,64.4078140258789
2025-03-21,65.08453369140625
2025-03-24,65.08453369140625
2025-03-25,64.02964782714844
2025-03-26,65.71149444580078
2025-03-27,65.82096862792969
2025-03-28,66.3981704711914
2025-03-31,67.36349487304688
2025-04-01,67.81131744384766
2025-04-02,66.94551086425781
2025-04-03,70.39877319335938
2025-04-04,66.85594940185547
2025-04-07,66.13941955566406
2025-04-08,66.04985809326172
2025-04-09,65.51245880126953
2025-04-10,67.57247924804688
2025-04-11,67.89093017578125
2025-04-14,68.74678802490234
2025-04-15,67.81131744384766
2025-04-16,68.6771240234375
2025-04-17,70.87646484375
2025-04-21,71.9612045288086
2025-04-22,72.62797546386719
2025-04-23,71.65270233154297
2025-04-24,71.0058364868164
2025-04-25,69.66234588623047
2025-04-28,70.03056335449219
2025-04-29,71.03569030761719
2025-04-30,71.86168670654297
2025-05-01,71.83183288574219
2025-05-02,71.67259979248047
2025-05-05,72.52845001220703
2025-05-06,72.6180191040039
2025-05-07,72.0308609008789
2025-05-08,71.46361541748047
2025-05-09,71.52333068847656
2025-05-12,68.70697784423828
2025-05-13,67.1644515991211
2025-05-14,66.0199966430664
2025-05-15,67.5999984741211
2025-05-16,68.8499984741211
2025-05-19,68.95999908447266
2025-05-20,69.5
2025-05-21,68.9000015258789
2025-05-22,67.94999694824219
2025-05-23,68.58999633789062
2025-05-27,67.83000183105469
2025-05-28,67.69000244140625
2025-05-29,66.94999694824219
2025-05-30,68.2300033569336
2025-06-02,68.19999694824219
2025-06-03,67.08000183105469
2025-06-04,66.33999633789062
2025-06-05,66.23999786376953
2025-06-06,66.1500015258789
2025-06-09,65.48999786376953
2025-06-10,65.43000030517578
2025-06-11,64.62000274658203
2025-06-12,65.05999755859375
2025-06-13,65.55999755859375
2025-06-16,66.01000213623047
2025-06-17,65.94999694824219
2025-06-18,65.5199966430664
2025-06-20,71.97000122070312
2025-06-23,74.0
2025-06-24,73.41999816894531
2025-06-25,72.22000122070312
2025-06-26,71.27999877929688
2025-06-27,71.41999816894531
2025-06-30,71.7300033569336
2025-07-01,71.3499984741211
2025-07-02,70.2300033569336
2025-07-03,69.83000183105469
2025-07-07,71.44999694824219
2025-07-08,69.73999786376953
2025-07-09,70.26000213623047
2025-07-10,70.70999908447266
2025-07-11,70.58000183105469
2025-07-14,72.2699966430664
2025-07-15,71.87999725341797
2025-07-16,71.91000366210938
2025-07-17,72.22000122070312
2025-07-18,71.38999938964844
2025-07-21,72.0199966430664
2025-07-22,72.61000061035156
2025-07-23,72.87999725341797
2025-07-24,72.37999725341797
2025-07-25,71.45999908447266
2025-07-28,69.31999969482422
2025-07-29,69.30000305175781
2025-07-30,69.30000305175781
2025-07-31,70.0999984741211
2025-08-01,71.36000061035156
