Date,OIL.NS
2015-08-21,88.63287353515625
2015-08-24,83.38314819335938
2015-08-25,86.14409637451172
2015-08-26,87.37877655029297
2015-08-27,88.42871856689453
2015-08-28,91.01469421386719
2015-08-31,87.38850402832031
2015-09-01,87.96206665039062
2015-09-02,88.51620483398438
2015-09-03,89.04118347167969
2015-09-04,84.72474670410156
2015-09-07,84.13169860839844
2015-09-08,84.5594711303711
2015-09-09,84.95804595947266
2015-09-10,86.33854675292969
2015-09-11,86.40657806396484
2015-09-14,86.86351776123047
2015-09-15,87.10657501220703
2015-09-16,87.8722152709961
2015-09-18,86.50993347167969
2015-09-21,86.42044830322266
2015-09-22,86.29117584228516
2015-09-23,85.05817413330078
2015-09-24,85.97297668457031
2015-09-28,83.9046859741211
2015-09-29,84.95873260498047
2015-09-30,84.19305419921875
2015-10-01,85.76416778564453
2015-10-05,87.63359069824219
2015-10-06,88.46882629394531
2015-10-07,90.576904296875
2015-10-08,92.15795135498047
2015-10-09,90.46752166748047
2015-10-12,88.9560775756836
2015-10-13,89.35384368896484
2015-10-14,88.27989959716797
2015-10-15,87.8921127319336
2015-10-16,88.09098815917969
2015-10-19,88.09098815917969
2015-10-20,87.27561950683594
2015-10-21,86.57953643798828
2015-10-23,86.4602279663086
2015-10-26,82.96006774902344
2015-10-27,81.170166015625
2015-10-28,79.72836303710938
2015-10-29,80.17579650878906
2015-10-30,80.72271728515625
2015-11-02,79.93719482421875
2015-11-03,80.35479736328125
2015-11-04,80.43435668945312
2015-11-05,80.50395965576172
2015-11-06,79.95704650878906
2015-11-09,79.33061981201172
2015-11-10,77.74955749511719
2015-11-13,73.41412353515625
2015-11-16,71.22650146484375
2015-11-17,72.23082733154297
2015-11-18,72.45952606201172
2015-11-19,72.20098114013672
2015-11-20,72.17115020751953
2015-11-23,73.55333709716797
2015-11-24,73.77208709716797
2015-11-26,75.65145874023438
2015-11-27,75.29346466064453
2015-11-30,75.0747299194336
2015-12-01,77.2225570678711
2015-12-02,76.71540832519531
2015-12-03,76.86457061767578
2015-12-04,78.45555877685547
2015-12-07,76.98389434814453
2015-12-08,74.4184341430664
2015-12-09,74.21955871582031
2015-12-10,72.95671844482422
2015-12-11,74.33889770507812
2015-12-14,73.1158218383789
2015-12-15,72.19104766845703
2015-12-16,74.81617736816406
2015-12-17,74.90569305419922
2015-12-18,74.60736083984375
2015-12-21,74.7863540649414
2015-12-22,74.37865447998047
2015-12-23,74.86591339111328
2015-12-24,77.0733871459961
2015-12-28,79.48970794677734
2015-12-29,77.75950622558594
2015-12-30,78.13737487792969
2015-12-31,76.16852569580078
2016-01-01,77.37171173095703
2016-01-04,79.34056854248047
2016-01-05,80.00678253173828
2016-01-06,79.49964904785156
2016-01-07,77.24243927001953
2016-01-08,78.3263168334961
2016-01-11,74.82612609863281
2016-01-12,74.45820617675781
2016-01-13,72.15129089355469
2016-01-14,71.20662689208984
2016-01-15,70.62989807128906
2016-01-18,69.00907897949219
2016-01-19,69.8538818359375
2016-01-20,69.18212127685547
2016-01-21,67.93016052246094
2016-01-22,70.02690124511719
2016-01-25,70.44422149658203
2016-01-27,70.64778900146484
2016-01-28,70.8920669555664
2016-01-29,71.56385803222656
2016-02-01,72.47988891601562
2016-02-02,70.71903991699219
2016-02-03,69.19229125976562
2016-02-04,69.52818298339844
2016-02-05,69.51798248291016
2016-02-08,68.36782836914062
2016-02-09,69.0294189453125
2016-02-10,67.51287078857422
2016-02-11,66.51538848876953
2016-02-12,64.27615356445312
2016-02-15,65.75200653076172
2016-02-16,64.8359603881836
2016-02-17,64.25579071044922
2016-02-18,65.84361267089844
2016-02-19,65.4670181274414
2016-02-22,65.22273254394531
2016-02-23,65.02934265136719
2016-02-24,64.81560516357422
2016-02-25,64.69346618652344
2016-02-26,64.91739654541016
2016-02-29,62.95298385620117
2016-03-01,61.36516571044922
2016-03-02,62.41350555419922
2016-03-03,62.8511848449707
2016-03-04,62.902069091796875
2016-03-08,63.370277404785156
2016-03-09,63.05476760864258
2016-03-10,63.02423095703125
2016-03-11,63.28887176513672
2016-03-14,63.095462799072266
2016-03-15,62.72904586791992
2016-03-16,61.751922607421875
2016-03-17,62.34227752685547
2016-03-18,63.787601470947266
2016-03-21,64.66293334960938
2016-03-22,64.61203002929688
2016-03-23,64.55095672607422
2016-03-28,64.1336669921875
2016-03-29,63.62472915649414
2016-03-30,64.1438217163086
2016-03-31,63.716339111328125
2016-04-01,64.38810729980469
2016-04-04,64.07260131835938
2016-04-05,63.858856201171875
2016-04-06,64.87667846679688
2016-04-07,64.74434661865234
2016-04-08,64.56114959716797
2016-04-11,64.63239288330078
2016-04-12,64.74434661865234
2016-04-13,65.070068359375
2016-04-18,63.80795669555664
2016-04-20,63.89955139160156
2016-04-21,64.54077911376953
2016-04-22,64.53062438964844
2016-04-25,64.3270263671875
2016-04-26,64.91739654541016
2016-04-27,66.74947357177734
2016-04-28,67.33984375
2016-04-29,67.59429168701172
2016-05-02,68.2558822631836
2016-05-03,68.72409057617188
2016-05-04,66.85128021240234
2016-05-05,65.22273254394531
2016-05-06,66.8919906616211
2016-05-09,67.57393646240234
2016-05-10,66.4339599609375
2016-05-11,66.57646179199219
2016-05-12,66.14897155761719
2016-05-13,66.8919906616211
2016-05-16,67.1057357788086
2016-05-17,69.45692443847656
2016-05-18,70.2304916381836
2016-05-19,69.41621398925781
2016-05-20,69.03961181640625
2016-05-23,69.12104034423828
2016-05-24,69.5383529663086
2016-05-25,69.75208282470703
2016-05-26,70.78011322021484
2016-05-27,70.9836654663086
2016-05-30,71.17704772949219
2016-05-31,71.24830627441406
2016-06-01,71.72669982910156
2016-06-02,71.78777313232422
2016-06-03,71.48240661621094
2016-06-06,71.06509399414062
2016-06-07,71.65543365478516
2016-06-08,71.51294708251953
2016-06-09,73.0091552734375
2016-06-10,72.86666870117188
2016-06-13,71.24830627441406
2016-06-14,71.24830627441406
2016-06-15,71.16687774658203
2016-06-16,71.57402038574219
2016-06-17,71.21778106689453
2016-06-20,71.71649932861328
2016-06-21,72.64273834228516
2016-06-22,72.85649108886719
2016-06-23,73.13130950927734
2016-06-24,70.8920669555664
2016-06-27,70.93278503417969
2016-06-28,70.44422149658203
2016-06-29,71.57402038574219
2016-06-30,71.69617462158203
2016-07-01,74.00663757324219
2016-07-04,75.84892272949219
2016-07-05,76.19498443603516
2016-07-07,74.9837646484375
2016-07-08,73.41630554199219
2016-07-11,74.16950988769531
2016-07-12,74.3934097290039
2016-07-13,75.62499237060547
2016-07-14,75.0143051147461
2016-07-15,76.22551727294922
2016-07-18,73.83360290527344
2016-07-19,75.26875305175781
2016-07-20,75.84892272949219
2016-07-21,76.29676055908203
2016-07-22,76.32730102539062
2016-07-25,76.32730102539062
2016-07-26,75.8183822631836
2016-07-27,75.920166015625
2016-07-28,75.38070678710938
2016-07-29,75.02446746826172
2016-08-01,75.26875305175781
2016-08-02,75.45196533203125
2016-08-03,74.63768768310547
2016-08-04,74.94306182861328
2016-08-05,76.32730102539062
2016-08-08,76.11354064941406
2016-08-09,75.6046371459961
2016-08-10,74.0982437133789
2016-08-11,74.4748306274414
2016-08-12,75.09571075439453
2016-08-16,75.07537078857422
2016-08-17,75.30946350097656
2016-08-18,76.2356948852539
2016-08-19,76.32730102539062
2016-08-22,76.1033935546875
2016-08-23,75.67588806152344
2016-08-24,78.63777160644531
2016-08-25,78.1186752319336
2016-08-26,78.31206512451172
2016-08-29,78.22046661376953
2016-08-30,78.52581787109375
2016-08-31,78.2713623046875
2016-09-01,78.24081420898438
2016-09-02,78.53600311279297
2016-09-06,78.89225769042969
2016-09-07,80.592041015625
2016-09-08,80.75486755371094
2016-09-09,81.54878997802734
2016-09-12,80.6021957397461
2016-09-14,80.7650375366211
2016-09-15,81.42985534667969
2016-09-16,83.76710510253906
2016-09-19,83.43470001220703
2016-09-20,84.12030029296875
2016-09-21,84.06836700439453
2016-09-22,84.51504516601562
2016-09-23,83.88139343261719
2016-09-26,83.87100219726562
2016-09-27,84.61892700195312
2016-09-28,83.60089874267578
2016-09-29,82.79066467285156
2016-09-30,83.12306213378906
2016-10-03,86.18748474121094
2016-10-04,86.2186279296875
2016-10-05,85.30452728271484
2016-10-06,85.61612701416016
2016-10-07,86.29133605957031
2016-10-10,85.72003173828125
2016-10-13,86.16669464111328
2016-10-14,86.82112121582031
2016-10-17,86.07321166992188
2016-10-18,85.11752319335938
2016-10-19,85.97972106933594
2016-10-20,86.06283569335938
2016-10-21,86.09397888183594
2016-10-24,86.68608856201172
2016-10-25,86.1978759765625
2016-10-26,85.58499145507812
2016-10-27,85.67847442626953
2016-10-28,86.4263916015625
2016-11-01,86.84191131591797
2016-11-02,85.21102905273438
2016-11-03,84.82666015625
2016-11-04,83.64246368408203
2016-11-07,84.67085266113281
2016-11-08,85.09677124023438
2016-11-09,83.80868530273438
2016-11-10,85.37722778320312
2016-11-11,84.66047668457031
2016-11-15,84.12030029296875
2016-11-16,85.21102905273438
2016-11-17,85.12792205810547
2016-11-18,86.95616912841797
2016-11-21,86.68608856201172
2016-11-22,88.4727783203125
2016-11-23,88.75326538085938
2016-11-24,91.27750396728516
2016-11-25,90.75808715820312
2016-11-28,88.97138977050781
2016-11-29,86.2186279296875
2016-11-30,87.12237548828125
2016-12-01,88.95063018798828
2016-12-02,88.61820983886719
2016-12-05,90.7269515991211
2016-12-06,90.76847839355469
2016-12-07,90.73733520507812
2016-12-08,91.58912658691406
2016-12-09,91.96307373046875
2016-12-12,92.13968658447266
2016-12-13,92.26432800292969
2016-12-14,92.83565521240234
2016-12-15,91.3398208618164
2016-12-16,91.42292022705078
2016-12-19,91.69298553466797
2016-12-20,90.84119415283203
2016-12-21,91.3709716796875
2016-12-22,91.15282440185547
2016-12-23,90.79965209960938
2016-12-26,89.40767669677734
2016-12-27,90.602294921875
2016-12-28,90.79965209960938
2016-12-29,92.27472686767578
2016-12-30,93.9263687133789
2017-01-02,94.58079528808594
2017-01-03,95.24563598632812
2017-01-04,94.84050750732422
2017-01-05,97.05309295654297
2017-01-06,98.70476531982422
2017-01-09,99.35917663574219
2017-01-10,100.22135925292969
2017-01-11,100.76152801513672
2017-01-12,96.09392547607422
2017-01-13,95.73382568359375
2017-01-16,95.05516052246094
2017-01-17,94.66734313964844
2017-01-18,93.15765380859375
2017-01-19,92.36817932128906
2017-01-20,90.90005493164062
2017-01-23,93.24073028564453
2017-01-24,93.44851684570312
2017-01-25,93.54545593261719
2017-01-27,93.8363265991211
2017-01-30,93.15765380859375
2017-01-31,91.31554412841797
2017-02-01,91.7310562133789
2017-02-02,94.26567840576172
2017-02-03,95.49836730957031
2017-02-06,96.3155288696289
2017-02-07,92.85294342041016
2017-02-08,93.32386016845703
2017-02-09,95.35987854003906
2017-02-10,95.71997833251953
2017-02-13,95.33543395996094
2017-02-14,95.97633361816406
2017-02-15,95.80543518066406
2017-02-16,95.32118225097656
2017-02-17,94.96514892578125
2017-02-20,93.1849136352539
2017-02-21,93.4412841796875
2017-02-22,92.99977111816406
2017-02-23,93.11371612548828
2017-02-27,93.4839859008789
2017-02-28,93.17066955566406
2017-03-01,94.8939437866211
2017-03-02,94.26729583740234
2017-03-03,95.03636932373047
2017-03-06,96.37510681152344
2017-03-07,95.43515014648438
2017-03-08,93.15643310546875
2017-03-09,92.31616973876953
2017-03-10,95.25000762939453
2017-03-14,95.47785949707031
2017-03-15,94.73727416992188
2017-03-16,96.13301086425781
2017-03-17,95.15030670166016
2017-03-20,95.15030670166016
2017-03-21,94.70880126953125
2017-03-22,93.61217498779297
2017-03-23,94.93665313720703
2017-03-24,94.79424285888672
2017-03-27,94.90819549560547
2017-03-28,94.25306701660156
2017-03-29,94.28155517578125
2017-03-30,93.62641906738281
2017-03-31,95.07908630371094
2017-04-03,94.08216094970703
2017-04-05,94.6803207397461
2017-04-06,95.03636932373047
2017-04-07,95.42090606689453
2017-04-10,96.26115417480469
2017-04-11,96.04755401611328
2017-04-12,95.02213287353516
2017-04-13,95.36393737792969
2017-04-17,94.7230453491211
2017-04-18,94.82275390625
2017-04-19,94.48094940185547
2017-04-20,92.41585540771484
2017-04-21,92.43010711669922
2017-04-24,92.18797302246094
2017-04-25,93.29884338378906
2017-04-26,92.72917175292969
2017-04-27,92.01708221435547
2017-04-28,93.1849136352539
2017-05-02,94.05365753173828
2017-05-03,94.01094055175781
2017-05-04,94.31002807617188
2017-05-05,91.77495574951172
2017-05-08,92.33039855957031
2017-05-09,92.74341583251953
2017-05-10,92.4870834350586
2017-05-11,90.33650970458984
2017-05-12,90.8065185546875
2017-05-15,91.2480239868164
2017-05-16,92.0028305053711
2017-05-17,91.27649688720703
2017-05-18,90.39348602294922
2017-05-19,90.10867309570312
2017-05-22,89.53897094726562
2017-05-23,88.49930572509766
2017-05-24,86.74755859375
2017-05-25,87.4738998413086
2017-05-26,88.38540649414062
2017-05-29,87.3599624633789
2017-05-30,89.72412109375
2017-05-31,87.38845825195312
2017-06-01,86.30606842041016
2017-06-02,85.56548309326172
2017-06-05,85.96424102783203
2017-06-06,84.45460510253906
2017-06-07,85.29487609863281
2017-06-08,83.27252960205078
2017-06-09,82.36104583740234
2017-06-12,82.28983306884766
2017-06-13,83.94190979003906
2017-06-14,83.79949188232422
2017-06-15,85.28065490722656
2017-06-16,83.8564453125
2017-06-19,83.10163116455078
2017-06-20,84.05583953857422
2017-06-21,81.64895629882812
2017-06-22,80.18203735351562
2017-06-23,78.38754272460938
2017-06-27,76.55034637451172
2017-06-28,75.4110107421875
2017-06-29,75.55342102050781
2017-06-30,73.94407653808594
2017-07-03,74.200439453125
2017-07-04,75.14038848876953
2017-07-05,75.98066711425781
2017-07-06,75.5819091796875
2017-07-07,75.08344268798828
2017-07-10,75.65310668945312
2017-07-11,75.12614440917969
2017-07-12,75.82401275634766
2017-07-13,75.75279998779297
2017-07-14,76.7354736328125
2017-07-17,78.15969848632812
2017-07-18,79.08540344238281
2017-07-19,80.76596069335938
2017-07-20,81.25019073486328
2017-07-21,80.4383773803711
2017-07-24,80.13931274414062
2017-07-25,79.7975082397461
2017-07-26,80.33869934082031
2017-07-27,79.46994018554688
2017-07-28,80.25325012207031
2017-07-31,81.89105987548828
2017-08-01,81.50653839111328
2017-08-02,80.33869934082031
2017-08-03,81.25019073486328
2017-08-04,80.96533966064453
2017-08-07,81.81986236572266
2017-08-08,80.42415618896484
2017-08-09,80.33869934082031
2017-08-10,80.31021118164062
2017-08-11,79.45569610595703
2017-08-14,79.76901245117188
2017-08-16,81.59199523925781
2017-08-17,80.53807067871094
2017-08-18,81.59199523925781
2017-08-21,77.67545318603516
2017-08-22,78.64391326904297
2017-08-23,79.41297912597656
2017-08-24,80.72322845458984
2017-08-28,82.06195831298828
2017-08-29,82.37530517578125
2017-08-30,83.18708038330078
2017-08-31,81.2216796875
2017-09-01,84.08432006835938
2017-09-04,87.85844421386719
2017-09-05,87.9581298828125
2017-09-06,88.08628845214844
2017-09-07,87.07512664794922
2017-09-08,89.82381439208984
2017-09-11,94.3385009765625
2017-09-12,94.40972137451172
2017-09-13,92.14524841308594
2017-09-14,91.95733642578125
2017-09-15,93.3883285522461
2017-09-18,94.00984191894531
2017-09-19,95.38297271728516
2017-09-20,94.84817504882812
2017-09-21,94.90599822998047
2017-09-22,95.0216293334961
2017-09-25,96.12013244628906
2017-09-26,100.9911880493164
2017-09-27,101.3381118774414
2017-09-28,100.68765258789062
2017-09-29,102.23426818847656
2017-10-03,102.55223846435547
2017-10-04,101.30918884277344
2017-10-05,101.10681915283203
2017-10-06,101.19355773925781
2017-10-09,99.84930419921875
2017-10-10,101.9018325805664
2017-10-11,100.02277374267578
2017-10-12,100.36966705322266
2017-10-13,101.0923843383789
2017-10-16,100.58648681640625
2017-10-17,99.79149627685547
2017-10-18,99.27116394042969
2017-10-19,98.46172332763672
2017-10-23,98.23046112060547
2017-10-24,99.71923828125
2017-10-25,98.17263793945312
2017-10-26,101.68499755859375
2017-10-27,101.7427978515625
2017-10-30,108.43508911132812
2017-10-31,106.68611907958984
2017-11-01,107.04750061035156
2017-11-02,104.17109680175781
2017-11-03,104.79265594482422
2017-11-06,107.20646667480469
2017-11-07,108.24718475341797
2017-11-08,105.13954162597656
2017-11-09,105.1684341430664
2017-11-10,104.677001953125
2017-11-13,102.9425048828125
2017-11-14,101.52600860595703
2017-11-15,101.9018325805664
2017-11-16,101.41036987304688
2017-11-17,102.20536041259766
2017-11-20,101.98853302001953
2017-11-21,102.49442291259766
2017-11-22,104.69145202636719
2017-11-23,105.12509155273438
2017-11-24,106.61385345458984
2017-11-27,107.23536682128906
2017-11-28,107.88584899902344
2017-11-29,106.67168426513672
2017-11-30,104.63362121582031
2017-12-01,104.18555450439453
2017-12-04,104.34455871582031
2017-12-05,102.45105743408203
2017-12-06,100.572021484375
2017-12-07,101.04901123046875
2017-12-08,104.30120086669922
2017-12-11,103.52066802978516
2017-12-12,102.59561157226562
2017-12-13,103.01478576660156
2017-12-14,102.2631607055664
2017-12-15,102.72570037841797
2017-12-18,101.72835540771484
2017-12-19,102.13307189941406
2017-12-20,102.21980285644531
2017-12-21,103.60740661621094
2017-12-22,103.75191497802734
2017-12-26,103.31831359863281
2017-12-27,104.33009338378906
2017-12-28,108.68081665039062
2017-12-29,107.39439392089844
2018-01-01,107.81356048583984
2018-01-02,108.18936920166016
2018-01-03,108.9554443359375
2018-01-04,110.29967498779297
2018-01-05,109.99614715576172
2018-01-08,109.7793197631836
2018-01-09,109.20112609863281
2018-01-10,110.9645767211914
2018-01-11,110.76220703125
2018-01-12,111.16693878173828
2018-01-15,109.38904571533203
2018-01-16,109.44685363769531
2018-01-17,109.9094009399414
2018-01-18,108.69525909423828
2018-01-19,108.30500793457031
2018-01-22,107.4811019897461
2018-01-23,108.44953918457031
2018-01-24,109.57695770263672
2018-01-25,110.34305572509766
2018-01-29,105.93453979492188
2018-01-30,103.91094207763672
2018-01-31,103.76639556884766
2018-02-01,103.46285247802734
2018-02-02,99.92159271240234
2018-02-05,97.30536651611328
2018-02-06,100.96231079101562
2018-02-07,102.92805480957031
2018-02-08,104.677001953125
2018-02-09,102.63897705078125
2018-02-12,104.28673553466797
2018-02-14,103.8531265258789
2018-02-15,104.6480941772461
2018-02-16,104.44573974609375
2018-02-19,104.08438873291016
2018-02-20,104.70591735839844
2018-02-21,103.18733978271484
2018-02-22,102.31529235839844
2018-02-23,103.59333038330078
2018-02-26,104.93144226074219
2018-02-27,104.99158477783203
2018-02-28,105.20207214355469
2018-03-01,105.17201232910156
2018-03-05,105.33739471435547
2018-03-06,104.20975494384766
2018-03-07,101.20269012451172
2018-03-08,98.19564056396484
2018-03-09,96.48161315917969
2018-03-12,98.24072265625
2018-03-13,98.39108276367188
2018-03-14,102.49571990966797
2018-03-15,101.5484848022461
2018-03-16,101.41317749023438
2018-03-19,101.3380126953125
2018-03-20,98.36101531982422
2018-03-21,99.90963745117188
2018-03-22,102.64608001708984
2018-03-23,105.2321548461914
2018-03-26,102.97684478759766
2018-03-27,97.78965759277344
2018-03-28,97.58667755126953
2018-04-02,102.41303253173828
2018-04-03,99.70667266845703
2018-04-04,97.33860778808594
2018-04-05,98.10541534423828
2018-04-06,98.1504898071289
2018-04-09,97.4964828491211
2018-04-10,97.9700927734375
2018-04-11,99.23307037353516
2018-04-12,98.26327514648438
2018-04-13,99.0075454711914
2018-04-16,98.28583526611328
2018-04-17,98.30838012695312
2018-04-18,98.37603759765625
2018-04-19,101.5560302734375
2018-04-20,103.94664764404297
2018-04-23,104.46536254882812
2018-04-24,106.92362976074219
2018-04-25,105.43511199951172
2018-04-26,106.06660461425781
2018-04-27,104.33001708984375
2018-04-30,104.8487548828125
2018-05-02,100.02243041992188
2018-05-03,103.65343475341797
2018-05-04,99.70667266845703
2018-05-07,103.06707000732422
2018-05-08,102.27771759033203
2018-05-09,103.81134033203125
2018-05-10,104.35257720947266
2018-05-11,106.15680694580078
2018-05-14,106.7883071899414
2018-05-15,106.63044738769531
2018-05-16,107.03634643554688
2018-05-17,109.60742950439453
2018-05-18,109.78783416748047
2018-05-21,107.80316925048828
2018-05-22,107.84827423095703
2018-05-23,104.14959716796875
2018-05-24,97.27095031738281
2018-05-25,98.12796783447266
2018-05-28,99.30071258544922
2018-05-29,101.75898742675781
2018-05-30,97.76712036132812
2018-05-31,97.36116027832031
2018-06-01,97.11309051513672
2018-06-04,98.55647277832031
2018-06-05,96.86500549316406
2018-06-06,97.90242004394531
2018-06-07,100.36071014404297
2018-06-08,99.48114013671875
2018-06-11,98.9173355102539
2018-06-12,101.35303497314453
2018-06-13,100.8794174194336
2018-06-14,100.33816528320312
2018-06-15,100.31561279296875
2018-06-18,97.94754028320312
2018-06-19,96.75225067138672
2018-06-20,95.28629302978516
2018-06-21,94.54205322265625
2018-06-22,94.81269073486328
2018-06-25,94.00076293945312
2018-06-26,95.62458038330078
2018-06-27,94.113525390625
2018-06-28,90.77571105957031
2018-06-29,94.65480041503906
2018-07-02,93.57227325439453
2018-07-03,94.0458755493164
2018-07-04,93.93311309814453
2018-07-05,92.76034545898438
2018-07-06,92.71527099609375
2018-07-09,92.69268798828125
2018-07-10,93.34671783447266
2018-07-11,94.76757049560547
2018-07-12,94.74503326416016
2018-07-13,92.46717834472656
2018-07-16,92.6701431274414
2018-07-17,93.27909088134766
2018-07-18,94.474365234375
2018-07-19,94.587158203125
2018-07-20,93.391845703125
2018-07-23,92.69268798828125
2018-07-24,93.2114028930664
2018-07-25,92.57992553710938
2018-07-26,94.0458755493164
2018-07-27,95.4892807006836
2018-07-30,95.46671295166016
2018-07-31,94.2939682006836
2018-08-01,96.27861022949219
2018-08-02,95.64715576171875
2018-08-03,94.99309539794922
2018-08-06,96.45904541015625
2018-08-07,96.93264770507812
2018-08-08,97.56413269042969
2018-08-09,96.91012573242188
2018-08-10,96.3462905883789
2018-08-13,95.80499267578125
2018-08-14,93.6399154663086
2018-08-16,92.48971557617188
2018-08-17,91.99354553222656
2018-08-20,92.89566802978516
2018-08-21,93.12120056152344
2018-08-23,93.57227325439453
2018-08-24,93.70757293701172
2018-08-27,95.21863555908203
2018-08-28,93.95565795898438
2018-08-29,94.4969482421875
2018-08-30,96.45904541015625
2018-08-31,96.3462905883789
2018-09-03,95.55692291259766
2018-09-04,94.60969543457031
2018-09-05,92.33184814453125
2018-09-06,94.00076293945312
2018-09-07,93.3016128540039
2018-09-10,92.21908569335938
2018-09-11,91.4522933959961
2018-09-12,91.88290405273438
2018-09-14,93.22013854980469
2018-09-17,93.44679260253906
2018-09-18,94.0134048461914
2018-09-19,94.26271057128906
2018-09-21,99.11297607421875
2018-09-24,99.31694793701172
2018-09-25,99.65693664550781
2018-09-26,98.99964904785156
2018-09-27,97.52645111083984
2018-09-28,99.52093505859375
2018-10-01,100.22354888916016
2018-10-03,99.92888641357422
2018-10-04,94.73867797851562
2018-10-05,84.7208480834961
2018-10-08,87.93925476074219
2018-10-09,88.18856048583984
2018-10-10,90.13774108886719
2018-10-11,89.68443298339844
2018-10-12,91.83758544921875
2018-10-15,92.92549133300781
2018-10-16,95.12397766113281
2018-10-17,91.49760437011719
2018-10-19,91.9509048461914
2018-10-22,90.2283706665039
2018-10-23,87.5992660522461
2018-10-24,87.84857940673828
2018-10-25,91.248291015625
2018-10-26,90.7270278930664
2018-10-29,91.13497924804688
2018-10-30,89.11781311035156
2018-10-31,89.57112121582031
2018-11-01,89.91107177734375
2018-11-02,91.0443115234375
2018-11-05,89.68443298339844
2018-11-06,89.8884048461914
2018-11-07,90.02439880371094
2018-11-09,90.31903839111328
2018-11-12,90.2283706665039
2018-11-13,91.27096557617188
2018-11-14,92.01888275146484
2018-11-15,92.17754364013672
2018-11-16,90.29637908935547
2018-11-19,90.97632598876953
2018-11-20,91.92823028564453
2018-11-21,91.8602523803711
2018-11-22,92.99348449707031
2018-11-26,90.56835174560547
2018-11-27,90.56835174560547
2018-11-28,89.75244140625
2018-11-29,91.5202865600586
2018-11-30,84.42622375488281
2018-12-03,85.62744903564453
2018-12-04,84.63018035888672
2018-12-05,83.08898162841797
2018-12-06,81.77442169189453
2018-12-07,80.61852264404297
2018-12-10,78.57870483398438
2018-12-11,78.87334442138672
2018-12-12,79.19065856933594
2018-12-13,79.37196350097656
2018-12-14,79.89324951171875
2018-12-17,80.59587097167969
2018-12-18,81.04916381835938
2018-12-19,81.0264892578125
2018-12-20,81.16249084472656
2018-12-21,80.27855682373047
2018-12-24,79.03199768066406
2018-12-26,78.6920166015625
2018-12-27,77.40013885498047
2018-12-28,80.59587097167969
2018-12-31,79.2359848022461
2019-01-01,79.66661071777344
2019-01-02,78.1480712890625
2019-01-03,77.96676635742188
2019-01-04,79.1226577758789
2019-01-07,79.14531707763672
2019-01-08,79.98391723632812
2019-01-09,79.68927764892578
2019-01-10,78.7600326538086
2019-01-11,79.1226577758789
2019-01-14,78.53337860107422
2019-01-15,79.37196350097656
2019-01-16,78.66935729980469
2019-01-17,78.30672454833984
2019-01-18,78.1480712890625
2019-01-21,77.944091796875
2019-01-22,77.28681182861328
2019-01-23,77.08283233642578
2019-01-24,77.06016540527344
2019-01-25,77.89875030517578
2019-01-28,77.83077239990234
2019-01-29,77.19615173339844
2019-01-30,75.51895904541016
2019-01-31,75.99491119384766
2019-02-01,77.76277923583984
2019-02-04,77.55878448486328
2019-02-05,76.83352661132812
2019-02-06,77.672119140625
2019-02-07,77.37747192382812
2019-02-08,77.42279052734375
2019-02-11,77.21881866455078
2019-02-12,76.9695053100586
2019-02-14,77.10548400878906
2019-02-15,78.01206970214844
2019-02-18,78.7600326538086
2019-02-19,80.27855682373047
2019-02-20,81.70643615722656
2019-02-21,82.01565551757812
2019-02-22,84.29916381835938
2019-02-25,82.87196350097656
2019-02-26,82.77684020996094
2019-02-27,82.11082458496094
2019-02-28,83.06226348876953
2019-03-01,84.87003326416016
2019-03-05,86.27345275878906
2019-03-06,86.93946838378906
2019-03-07,84.275390625
2019-03-08,82.63411712646484
2019-03-11,84.56082916259766
2019-03-12,85.96421813964844
2019-03-13,83.46663665771484
2019-03-14,84.98897552490234
2019-03-15,84.9176025390625
2019-03-18,85.39334106445312
2019-03-19,86.9870376586914
2019-03-20,83.27635192871094
2019-03-22,81.84915161132812
2019-03-25,83.79964447021484
2019-03-26,84.37051391601562
2019-03-27,86.29723358154297
2019-03-28,87.89091491699219
2019-04-01,87.05839538574219
2019-04-02,87.29625701904297
2019-04-03,86.08314514160156
2019-04-04,84.70352935791016
2019-04-05,85.41712951660156
2019-04-08,85.01275634765625
2019-04-09,84.87003326416016
2019-04-10,85.0841064453125
2019-04-11,84.15645599365234
2019-04-12,84.63216400146484
2019-04-15,85.0841064453125
2019-04-16,85.36956024169922
2019-04-18,85.1316909790039
2019-04-22,83.63314056396484
2019-04-23,84.7510986328125
2019-04-24,85.46469116210938
2019-04-25,84.41810607910156
2019-04-26,85.55984497070312
2019-04-30,86.03557586669922
2019-05-02,86.60645294189453
2019-05-03,87.22489929199219
2019-05-06,86.27345275878906
2019-05-07,86.01178741455078
2019-05-08,85.1316909790039
2019-05-09,84.13265228271484
2019-05-10,83.53799438476562
2019-05-13,83.25254821777344
2019-05-14,83.37149047851562
2019-05-15,83.25254821777344
2019-05-16,83.5855712890625
2019-05-17,84.01373291015625
2019-05-20,86.77294921875
2019-05-21,86.53507995605469
2019-05-22,86.7491683959961
2019-05-23,87.53411102294922
2019-05-24,87.67684936523438
2019-05-27,88.10498046875
2019-05-28,87.46276092529297
2019-05-29,85.63121032714844
2019-05-30,85.63121032714844
2019-05-31,85.63121032714844
2019-06-03,86.72537231445312
2019-06-04,86.65402221679688
2019-06-06,85.51225280761719
2019-06-07,85.63121032714844
2019-06-10,85.7977066040039
2019-06-11,86.91566467285156
2019-06-12,86.24964904785156
2019-06-13,84.18022918701172
2019-06-14,84.0613021850586
2019-06-17,82.99089813232422
2019-06-18,82.32489013671875
2019-06-19,82.22974395751953
2019-06-20,84.60838317871094
2019-06-21,85.55984497070312
2019-06-24,83.94235229492188
2019-06-25,84.13265228271484
2019-06-26,84.63216400146484
2019-06-27,85.2981948852539
2019-06-28,84.67974090576172
2019-07-01,83.10984802246094
2019-07-02,83.89479064941406
2019-07-03,84.7986831665039
2019-07-04,84.53701782226562
2019-07-05,82.53895568847656
2019-07-08,79.39915466308594
2019-07-09,84.37051391601562
2019-07-10,83.22877502441406
2019-07-11,82.89576721191406
2019-07-12,82.87196350097656
2019-07-15,82.06324005126953
2019-07-16,81.99187469482422
2019-07-17,81.11178588867188
2019-07-18,77.66275024414062
2019-07-19,75.07003021240234
2019-07-22,76.11662292480469
2019-07-23,74.8797378540039
2019-07-24,73.78555297851562
2019-07-25,74.1661376953125
2019-07-26,74.38021850585938
2019-07-29,73.4763412475586
2019-07-30,73.28604125976562
2019-07-31,75.87877655029297
2019-08-01,75.78362274169922
2019-08-02,73.8093490600586
2019-08-05,71.85884094238281
2019-08-06,73.42875671386719
2019-08-07,72.0015640258789
2019-08-08,72.53099822998047
2019-08-09,72.29032897949219
2019-08-13,71.32775115966797
2019-08-14,72.77165222167969
2019-08-16,73.49357604980469
2019-08-19,72.94009399414062
2019-08-20,71.35182189941406
2019-08-21,69.0897445678711
2019-08-22,68.51217651367188
2019-08-23,69.5469741821289
2019-08-26,70.50957489013672
2019-08-27,71.71278381347656
2019-08-28,69.30632781982422
2019-08-29,70.60582733154297
2019-08-30,71.20744323730469
2019-09-03,68.82501220703125
2019-09-04,70.91866302490234
2019-09-05,71.97750854492188
2019-09-06,73.22887420654297
2019-09-09,74.19144439697266
2019-09-11,72.04969024658203
2019-09-12,72.55506134033203
2019-09-13,73.58983612060547
2019-09-16,73.80640411376953
2019-09-17,73.22887420654297
2019-09-18,72.31439208984375
2019-09-19,69.66728973388672
2019-09-20,73.83048248291016
2019-09-23,73.20480346679688
2019-09-24,71.25556182861328
2019-09-25,70.19671630859375
2019-09-26,71.4721450805664
2019-09-27,70.67801666259766
2019-09-30,69.90795135498047
2019-10-01,68.82501220703125
2019-10-03,69.5950927734375
2019-10-04,69.28225708007812
2019-10-07,69.11381530761719
2019-10-09,70.48548126220703
2019-10-10,70.94271087646484
2019-10-11,71.71278381347656
2019-10-14,73.75827026367188
2019-10-15,76.2369613647461
2019-10-16,77.77709197998047
2019-10-17,78.71561431884766
2019-10-18,83.16758728027344
2019-10-22,79.31725311279297
2019-10-23,79.77445220947266
2019-10-24,80.9536361694336
2019-10-25,78.81188201904297
2019-10-27,79.05252075195312
2019-10-29,78.42684936523438
2019-10-30,81.43492889404297
2019-10-31,82.61410522460938
2019-11-01,81.0980224609375
2019-11-04,82.49375915527344
2019-11-05,81.57933044433594
2019-11-06,81.74776458740234
2019-11-07,80.3760986328125
2019-11-08,79.6781997680664
2019-11-11,79.12471771240234
2019-11-13,77.34394073486328
2019-11-14,76.9107666015625
2019-11-15,77.15141296386719
2019-11-18,76.71824645996094
2019-11-19,77.60863494873047
2019-11-20,76.26103210449219
2019-11-21,74.64868927001953
2019-11-22,74.07113647460938
2019-11-25,74.3117904663086
2019-11-26,74.6727523803711
2019-11-27,74.93746185302734
2019-11-28,75.10591888427734
2019-11-29,74.143310546875
2019-12-02,74.23958587646484
2019-12-03,73.27700805664062
2019-12-04,74.4321060180664
2019-12-05,76.64606475830078
2019-12-06,75.1781234741211
2019-12-09,76.09256744384766
2019-12-10,73.99893951416016
2019-12-11,74.04706573486328
2019-12-12,74.8412094116211
2019-12-13,74.35991668701172
2019-12-16,73.32513427734375
2019-12-17,73.0363540649414
2019-12-18,72.96416473388672
2019-12-19,73.2529296875
2019-12-20,72.79572296142578
2019-12-23,72.29032897949219
2019-12-24,72.24221801757812
2019-12-26,71.71278381347656
2019-12-27,72.65132141113281
2019-12-30,73.13262176513672
2019-12-31,73.66203308105469
2020-01-01,73.2529296875
2020-01-02,73.66203308105469
2020-01-03,75.05779266357422
2020-01-06,74.04706573486328
2020-01-07,74.33586120605469
2020-01-08,74.55242156982422
2020-01-09,75.27437591552734
2020-01-10,75.99630737304688
2020-01-13,76.11662292480469
2020-01-14,75.94818115234375
2020-01-15,76.1888198852539
2020-01-16,74.69681549072266
2020-01-17,75.46688842773438
2020-01-20,71.97750854492188
2020-01-21,70.22077178955078
2020-01-22,66.25010681152344
2020-01-23,66.6351547241211
2020-01-24,68.41592407226562
2020-01-27,68.00682830810547
2020-01-28,66.44263458251953
2020-01-29,67.28488159179688
2020-01-30,66.46669006347656
2020-01-31,62.35162353515625
2020-02-03,59.22322463989258
2020-02-04,62.086917877197266
2020-02-05,62.20722579956055
2020-02-06,65.0228042602539
2020-02-07,66.65921020507812
2020-02-10,64.46932220458984
2020-02-11,64.61370849609375
2020-02-12,65.48002624511719
2020-02-13,64.5415267944336
2020-02-14,62.68852615356445
2020-02-17,62.52007293701172
2020-02-18,63.41047668457031
2020-02-19,66.6351547241211
2020-02-20,64.42169189453125
2020-02-24,62.00234603881836
2020-02-25,60.586753845214844
2020-02-26,58.399051666259766
2020-02-27,57.83281707763672
2020-02-28,55.593631744384766
2020-03-02,52.350669860839844
2020-03-03,55.02739715576172
2020-03-04,56.854766845703125
2020-03-05,54.38395309448242
2020-03-06,52.50510025024414
2020-03-09,46.97146987915039
2020-03-11,43.702762603759766
2020-03-12,38.4522590637207
2020-03-13,41.79817581176758
2020-03-16,36.21307373046875
2020-03-17,36.830787658691406
2020-03-18,42.85342788696289
2020-03-19,39.37881851196289
2020-03-20,41.97833251953125
2020-03-23,37.75733947753906
2020-03-24,38.22061538696289
2020-03-25,39.353084564208984
2020-03-26,39.404563903808594
2020-03-27,39.945064544677734
2020-03-30,40.89735412597656
2020-03-31,42.54457092285156
2020-04-01,40.794403076171875
2020-04-03,43.3681755065918
2020-04-07,46.019168853759766
2020-04-08,45.91621398925781
2020-04-09,46.89425277709961
2020-04-13,45.96769714355469
2020-04-15,45.65884017944336
2020-04-16,46.405242919921875
2020-04-17,47.74360275268555
2020-04-20,46.61114501953125
2020-04-21,44.269004821777344
2020-04-22,44.269004821777344
2020-04-23,44.294734954833984
2020-04-24,43.16228103637695
2020-04-27,44.37195587158203
2020-04-28,45.47867965698242
2020-04-29,47.228843688964844
2020-04-30,50.85787582397461
2020-05-04,48.38705062866211
2020-05-05,47.923763275146484
2020-05-06,47.64065170288086
2020-05-07,46.79130172729492
2020-05-08,45.581634521484375
2020-05-11,45.195560455322266
2020-05-12,43.77998733520508
2020-05-13,43.98588943481445
2020-05-14,43.23948287963867
2020-05-15,44.217525482177734
2020-05-18,40.537025451660156
2020-05-19,42.82768630981445
2020-05-20,43.03358459472656
2020-05-21,43.342437744140625
2020-05-22,43.44539260864258
2020-05-26,42.776206970214844
2020-05-27,42.596038818359375
2020-05-28,43.03358459472656
2020-05-29,43.625553131103516
2020-06-01,44.88670349121094
2020-06-02,44.912445068359375
2020-06-03,46.1735954284668
2020-06-04,46.04490661621094
2020-06-05,46.97146987915039
2020-06-08,48.87606430053711
2020-06-09,49.05622863769531
2020-06-10,48.38705062866211
2020-06-11,48.361305236816406
2020-06-12,46.91999435424805
2020-06-15,50.06001281738281
2020-06-16,52.1190185546875
2020-06-17,49.87984085083008
2020-06-18,51.475582122802734
2020-06-19,54.17805099487305
2020-06-22,52.839691162109375
2020-06-23,52.350669860839844
2020-06-24,51.758705139160156
2020-06-25,46.79130172729492
2020-06-26,48.61868667602539
2020-06-29,49.236392974853516
2020-06-30,48.206886291503906
2020-07-01,48.79885482788086
2020-07-02,49.00475311279297
2020-07-03,50.08574676513672
2020-07-06,51.06377410888672
2020-07-07,50.96083068847656
2020-07-08,51.732967376708984
2020-07-09,52.2734489440918
2020-07-10,51.37263107299805
2020-07-13,50.24017333984375
2020-07-14,48.97901153564453
2020-07-15,49.26213073730469
2020-07-16,48.000980377197266
2020-07-17,48.87606430053711
2020-07-20,49.339351654052734
2020-07-21,49.26213073730469
2020-07-22,49.03049087524414
2020-07-23,49.72541427612305
2020-07-24,51.29541778564453
2020-07-27,50.54902267456055
2020-07-28,49.931312561035156
2020-07-29,50.00852584838867
2020-07-30,49.828365325927734
2020-07-31,49.75115203857422
2020-08-03,48.77311325073242
2020-08-04,48.48999786376953
2020-08-05,48.412784576416016
2020-08-06,48.953277587890625
2020-08-07,48.8245964050293
2020-08-10,49.107704162597656
2020-08-11,49.15918731689453
2020-08-12,48.79885482788086
2020-08-13,48.90180587768555
2020-08-14,48.43852615356445
2020-08-17,49.28787612915039
2020-08-18,49.545249938964844
2020-08-19,49.75115203857422
2020-08-20,51.37263107299805
2020-08-21,51.346885681152344
2020-08-24,50.08574676513672
2020-08-25,50.1372184753418
2020-08-26,50.24017333984375
2020-08-27,50.36885452270508
2020-08-28,49.85410690307617
2020-08-31,48.77311325073242
2020-09-01,48.412784576416016
2020-09-02,49.80262756347656
2020-09-03,49.982791900634766
2020-09-04,48.670166015625
2020-09-07,48.953277587890625
2020-09-08,48.721649169921875
2020-09-09,48.07819366455078
2020-09-10,48.361305236816406
2020-09-11,48.61868667602539
2020-09-14,49.08196258544922
2020-09-15,49.339351654052734
2020-09-16,48.335575103759766
2020-09-17,48.90180587768555
2020-09-18,49.75115203857422
2020-09-21,48.15471267700195
2020-09-22,46.13954162597656
2020-09-23,46.08720779418945
2020-09-24,44.30757522583008
2020-09-25,45.77315139770508
2020-09-28,46.50595474243164
2020-09-29,46.3227424621582
2020-09-30,46.74148178100586
2020-10-01,46.427425384521484
2020-10-05,45.275901794433594
2020-10-06,45.14504623413086
2020-10-07,48.12854766845703
2020-10-08,46.4536018371582
2020-10-09,46.793827056884766
2020-10-12,45.90400314331055
2020-10-13,45.48527145385742
2020-10-14,44.15055465698242
2020-10-15,44.464595794677734
2020-10-16,45.275901794433594
2020-10-19,46.66297149658203
2020-10-20,46.3227424621582
2020-10-21,45.98252487182617
2020-10-22,47.97152328491211
2020-10-23,47.60512924194336
2020-10-26,46.95085144042969
2020-10-27,46.13954162597656
2020-10-28,45.87784194946289
2020-10-29,44.778656005859375
2020-10-30,44.98802185058594
2020-11-02,43.91501235961914
2020-11-03,43.993526458740234
2020-11-04,44.2028923034668
2020-11-05,44.830989837646484
2020-11-06,45.1973876953125
2020-11-09,45.48527145385742
2020-11-10,46.4536018371582
2020-11-11,47.36957931518555
2020-11-12,48.10237121582031
2020-11-13,48.10237121582031
2020-11-14,48.49494552612305
2020-11-17,48.70431137084961
2020-11-18,48.80899429321289
2020-11-19,48.15471267700195
2020-11-20,47.76215744018555
2020-11-23,48.96601867675781
2020-11-24,49.358585357666016
2020-11-25,50.92885208129883
2020-11-26,50.771820068359375
2020-11-27,50.32691192626953
2020-12-01,52.315921783447266
2020-12-02,53.38892364501953
2020-12-03,54.592796325683594
2020-12-04,56.05836486816406
2020-12-07,56.84351348876953
2020-12-08,55.95368576049805
2020-12-09,54.93301010131836
2020-12-10,54.880672454833984
2020-12-11,57.393089294433594
2020-12-14,61.161720275878906
2020-12-15,60.06254196166992
2020-12-16,60.533626556396484
2020-12-17,59.74848937988281
2020-12-18,57.131385803222656
2020-12-21,53.25807571411133
2020-12-22,53.598289489746094
2020-12-23,54.93301010131836
2020-12-24,57.00053405761719
2020-12-28,58.1782341003418
2020-12-29,57.65481948852539
2020-12-30,57.864173889160156
2020-12-31,56.21540451049805
2021-01-01,56.895843505859375
2021-01-04,58.806339263916016
2021-01-05,58.59696578979492
2021-01-06,59.14656448364258
2021-01-07,59.041866302490234
2021-01-08,59.434444427490234
2021-01-11,60.08871078491211
2021-01-12,60.245731353759766
2021-01-13,61.214073181152344
2021-01-14,61.318756103515625
2021-01-15,61.501949310302734
2021-01-18,60.08871078491211
2021-01-19,60.900020599365234
2021-01-20,60.82149887084961
2021-01-21,59.53913116455078
2021-01-22,58.361427307128906
2021-01-25,57.83799743652344
2021-01-27,58.54462814331055
2021-01-28,57.864173889160156
2021-01-29,58.28291702270508
2021-02-01,58.67546844482422
2021-02-02,59.12038803100586
2021-02-03,59.66998291015625
2021-02-04,61.8421630859375
2021-02-05,61.26640319824219
2021-02-08,61.789833068847656
2021-02-09,62.78433609008789
2021-02-10,62.75815200805664
2021-02-11,62.78433609008789
2021-02-12,60.533626556396484
2021-02-15,60.74298858642578
2021-02-16,61.8945198059082
2021-02-17,62.5749626159668
2021-02-18,63.75265884399414
2021-02-19,64.56396484375
2021-02-22,65.06121063232422
2021-02-23,67.64642333984375
2021-02-24,67.10784912109375
2021-02-25,68.83130645751953
2021-02-26,68.02342987060547
2021-03-01,68.53508758544922
2021-03-02,68.69666290283203
2021-03-03,68.88516998291016
2021-03-04,68.56201171875
2021-03-05,68.56201171875
2021-03-08,70.5547866821289
2021-03-09,69.77384948730469
2021-03-10,71.12030792236328
2021-03-12,71.03952026367188
2021-03-15,70.7432861328125
2021-03-16,71.17415618896484
2021-03-17,69.63919067382812
2021-03-18,68.64281463623047
2021-03-19,64.44184112548828
2021-03-22,64.01095581054688
2021-03-23,63.60701370239258
2021-03-24,62.71834945678711
2021-03-25,63.122291564941406
2021-03-26,63.63395309448242
2021-03-30,66.7846908569336
2021-03-31,66.13837432861328
2021-04-01,66.7846908569336
2021-04-05,65.89602661132812
2021-04-06,66.08452606201172
2021-04-07,66.75777435302734
2021-04-08,65.81523132324219
2021-04-09,64.73806762695312
2021-04-12,60.67172622680664
2021-04-13,62.28749465942383
2021-04-15,64.36104583740234
2021-04-16,63.984031677246094
2021-04-19,62.90687561035156
2021-04-20,62.960716247558594
2021-04-22,62.61064529418945
2021-04-23,62.44906997680664
2021-04-26,62.50292205810547
2021-04-27,62.47599792480469
2021-04-28,63.984031677246094
2021-04-29,64.36104583740234
2021-04-30,65.7613754272461
2021-05-03,64.73806762695312
2021-05-04,65.19585418701172
2021-05-05,65.7613754272461
2021-05-06,65.57286834716797
2021-05-07,66.00373840332031
2021-05-10,68.2388687133789
2021-05-11,69.71997833251953
2021-05-12,70.07005310058594
2021-05-14,70.20470428466797
2021-05-17,70.93180847167969
2021-05-18,72.27826690673828
2021-05-19,72.4667739868164
2021-05-20,71.65888977050781
2021-05-21,70.90486907958984
2021-05-24,70.07005310058594
2021-05-25,72.22441101074219
2021-05-26,72.22441101074219
2021-05-27,71.76660919189453
2021-05-28,71.60503387451172
2021-05-31,71.36266326904297
2021-06-01,73.30157470703125
2021-06-02,74.27103424072266
2021-06-03,75.24048614501953
2021-06-04,76.12915802001953
2021-06-07,77.0716781616211
2021-06-08,76.2637939453125
2021-06-09,76.04835510253906
2021-06-10,75.72523498535156
2021-06-11,76.61389923095703
2021-06-14,77.17940521240234
2021-06-15,80.24933624267578
2021-06-16,79.41454315185547
2021-06-17,78.68743896484375
2021-06-18,79.98004150390625
2021-06-21,80.59941864013672
2021-06-22,81.51502227783203
2021-06-23,82.18824005126953
2021-06-24,84.20793914794922
2021-06-25,84.42338562011719
2021-06-28,87.27789306640625
2021-06-29,83.13077545166016
2021-06-30,84.6657485961914
2021-07-01,87.62796020507812
2021-07-02,91.12877655029297
2021-07-05,92.771484375
2021-07-06,93.76785278320312
2021-07-07,93.09461975097656
2021-07-08,93.01382446289062
2021-07-09,93.4447021484375
2021-07-12,91.07492065429688
2021-07-13,91.04798889160156
2021-07-14,89.32452392578125
2021-07-15,86.90087890625
2021-07-16,84.36952209472656
2021-07-19,83.93865966796875
2021-07-20,83.72323608398438
2021-07-22,86.92779541015625
2021-07-23,86.7662353515625
2021-07-26,86.8200912475586
2021-07-27,86.73930358886719
2021-07-28,87.62796020507812
2021-07-29,88.05883026123047
2021-07-30,89.86310577392578
2021-08-02,89.1360092163086
2021-08-03,89.4052963256836
2021-08-04,89.18986511230469
2021-08-05,87.7087631225586
2021-08-06,90.13239288330078
2021-08-09,89.1360092163086
2021-08-10,86.57772064208984
2021-08-11,88.05883026123047
2021-08-12,88.59742736816406
2021-08-13,89.59381103515625
2021-08-16,87.81646728515625
2021-08-17,89.8900146484375
2021-08-18,88.08576202392578
2021-08-20,89.59381103515625
2021-08-23,90.56326293945312
2021-08-24,92.15209197998047
2021-08-25,94.81810760498047
2021-08-26,96.75700378417969
2021-08-27,95.08738708496094
2021-08-30,93.74092864990234
2021-08-31,98.02269744873047
2021-09-01,96.67622375488281
2021-09-02,96.54158782958984
2021-09-03,96.89165496826172
2021-09-06,94.89887237548828
2021-09-07,97.18787384033203
2021-09-08,102.14287567138672
2021-09-09,104.970458984375
2021-09-13,104.1356430053711
2021-09-14,106.85548400878906
2021-09-15,110.86797332763672
2021-09-16,114.74710083007812
2021-09-17,108.3994140625
2021-09-20,105.87661743164062
2021-09-21,113.33650207519531
2021-09-22,117.73109436035156
2021-09-23,116.02208709716797
2021-09-24,117.73109436035156
2021-09-27,118.97891998291016
2021-09-28,126.5473403930664
2021-09-29,138.04920959472656
2021-09-30,141.1687774658203
2021-10-01,135.66201782226562
2021-10-04,131.07757568359375
2021-10-05,131.80999755859375
2021-10-06,134.84820556640625
2021-10-07,131.53872680664062
2021-10-08,130.0738525390625
2021-10-11,129.88397216796875
2021-10-12,127.46966552734375
2021-10-13,124.62133026123047
2021-10-14,127.60531616210938
2021-10-18,127.7951889038086
2021-10-19,126.68301391601562
2021-10-20,123.888916015625
2021-10-21,117.73109436035156
2021-10-22,113.6349105834961
2021-10-25,122.17990112304688
2021-10-26,119.62998962402344
2021-10-27,120.5251693725586
2021-10-28,118.40927124023438
2021-10-29,122.0985336303711
2021-11-01,122.26129150390625
2021-11-02,119.87413024902344
2021-11-03,117.83959197998047
2021-11-04,119.49433898925781
2021-11-08,120.57942199707031
2021-11-09,120.30815887451172
2021-11-10,120.4166488647461
2021-11-11,117.54121398925781
2021-11-12,120.38954162597656
2021-11-15,120.33528137207031
2021-11-16,120.95919036865234
2021-11-17,119.35870361328125
2021-11-18,115.56092834472656
2021-11-22,106.03935241699219
2021-11-23,108.99488067626953
2021-11-24,112.1161117553711
2021-11-25,112.39232635498047
2021-11-26,109.68543243408203
2021-11-29,112.28184509277344
2021-11-30,116.92227935791016
2021-12-01,118.4138412475586
2021-12-02,120.84451293945312
2021-12-03,119.29772186279297
2021-12-06,118.63480377197266
2021-12-07,117.83377838134766
2021-12-08,117.61280059814453
2021-12-09,115.73457336425781
2021-12-10,113.27620697021484
2021-12-13,112.66853332519531
2021-12-14,110.45881652832031
2021-12-15,110.62454986572266
2021-12-16,108.30432891845703
2021-12-17,104.96210479736328
2021-12-20,95.23931121826172
2021-12-21,101.20556640625
2021-12-22,100.18358612060547
2021-12-23,99.4930419921875
2021-12-24,97.69764709472656
2021-12-27,96.81375122070312
2021-12-28,103.30481719970703
2021-12-29,102.199951171875
2021-12-30,111.37032318115234
2021-12-31,109.8787612915039
2022-01-03,109.82351684570312
2022-01-04,108.80152893066406
2022-01-05,107.69664001464844
2022-01-06,109.29871368408203
2022-01-07,118.24813079833984
2022-01-10,118.77290344238281
2022-01-11,117.66805267333984
2022-01-12,121.86653900146484
2022-01-13,122.58470916748047
2022-01-14,120.87216186523438
2022-01-17,124.1039047241211
2022-01-18,123.77244567871094
2022-01-19,124.24198913574219
2022-01-20,123.5790786743164
2022-01-21,122.17037200927734
2022-01-24,120.04353332519531
2022-01-25,124.18675231933594
2022-01-27,126.9765396118164
2022-01-28,127.36323547363281
2022-01-31,132.390380859375
2022-02-01,129.1310272216797
2022-02-02,128.99293518066406
2022-02-03,127.72230529785156
2022-02-04,124.29725646972656
2022-02-07,127.72230529785156
2022-02-08,127.08702850341797
2022-02-09,128.24713134765625
2022-02-10,127.1698989868164
2022-02-11,126.6174545288086
2022-02-14,124.71157836914062
2022-02-15,124.13152313232422
2022-02-16,127.63947296142578
2022-02-17,128.10902404785156
2022-02-18,127.03177642822266
2022-02-21,124.49059295654297
2022-02-22,125.00080108642578
2022-02-23,125.00080108642578
2022-02-24,124.00870513916016
2022-02-25,125.82278442382812
2022-02-28,126.38970184326172
2022-03-02,138.6063232421875
2022-03-03,139.05987548828125
2022-03-04,138.69139099121094
2022-03-07,141.27073669433594
2022-03-08,139.3999786376953
2022-03-09,137.9827423095703
2022-03-10,133.36253356933594
2022-03-11,133.67431640625
2022-03-14,131.00990295410156
2022-03-15,129.28089904785156
2022-03-16,132.82398986816406
2022-03-17,124.66067504882812
2022-03-21,132.2003936767578
2022-03-22,130.58474731445312
2022-03-23,130.15957641601562
2022-03-24,133.47592163085938
2022-03-25,133.0223846435547
2022-03-28,132.42713928222656
2022-03-29,131.43505859375
2022-03-30,129.0824737548828
2022-03-31,135.14828491210938
2022-04-01,135.4033660888672
2022-04-04,134.4396514892578
2022-04-05,134.86480712890625
2022-04-06,134.496337890625
2022-04-07,134.89315795898438
2022-04-08,133.1924591064453
2022-04-11,133.5042724609375
2022-04-12,130.58474731445312
2022-04-13,132.05868530273438
2022-04-18,133.7026824951172
2022-04-19,136.25372314453125
2022-04-20,137.01901245117188
2022-04-21,136.05528259277344
2022-04-22,135.4316864013672
2022-04-25,132.05868530273438
2022-04-26,133.24916076660156
2022-04-27,130.95321655273438
2022-04-28,130.0745391845703
2022-04-29,129.5076446533203
2022-05-02,124.54729461669922
2022-05-04,125.73775482177734
2022-05-05,128.6005859375
2022-05-06,130.3296356201172
2022-05-09,134.0144500732422
2022-05-10,122.02459716796875
2022-05-11,125.00080108642578
2022-05-12,126.47473907470703
2022-05-13,124.97246551513672
2022-05-16,126.24797058105469
2022-05-17,136.93397521972656
2022-05-18,135.3183135986328
2022-05-19,136.73558044433594
2022-05-20,135.71514892578125
2022-05-23,131.66184997558594
2022-05-24,129.5359649658203
2022-05-25,129.70603942871094
2022-05-26,129.11080932617188
2022-05-27,123.58354949951172
2022-05-30,127.466796875
2022-05-31,135.1765899658203
2022-06-01,138.80474853515625
2022-06-02,141.92266845703125
2022-06-03,142.26283264160156
2022-06-06,158.10760498046875
2022-06-07,162.30262756347656
2022-06-08,158.75950622558594
2022-06-09,168.5385284423828
2022-06-10,170.1824951171875
2022-06-13,161.36724853515625
2022-06-14,152.01344299316406
2022-06-15,153.6574249267578
2022-06-16,150.17103576660156
2022-06-17,144.3603515625
2022-06-20,128.68560791015625
2022-06-21,130.55641174316406
2022-06-22,127.52349853515625
2022-06-23,134.38296508789062
2022-06-24,136.3387451171875
2022-06-27,132.37046813964844
2022-06-28,141.52584838867188
2022-06-29,148.3002471923828
2022-06-30,142.57461547851562
2022-07-01,121.23094177246094
2022-07-04,114.3147964477539
2022-07-05,108.05058288574219
2022-07-06,98.75346374511719
2022-07-07,100.0856704711914
2022-07-08,104.42243957519531
2022-07-11,105.78298950195312
2022-07-12,103.99726867675781
2022-07-13,105.13105773925781
2022-07-14,100.90766906738281
2022-07-15,103.31698608398438
2022-07-18,104.62085723876953
2022-07-19,105.78298950195312
2022-07-20,111.9338150024414
2022-07-21,113.80457305908203
2022-07-22,110.85671997070312
2022-07-25,105.72631072998047
2022-07-26,104.56415557861328
2022-07-27,105.95305633544922
2022-07-28,105.78298950195312
2022-07-29,107.71043395996094
2022-08-01,109.89299011230469
2022-08-02,107.96553802490234
2022-08-03,107.34196472167969
2022-08-04,106.54830932617188
2022-08-05,112.13224792480469
2022-08-08,112.21726989746094
2022-08-10,105.95305633544922
2022-08-11,106.54830932617188
2022-08-12,107.90884399414062
2022-08-16,108.10726928710938
2022-08-17,107.93719482421875
2022-08-18,108.64581298828125
2022-08-19,107.3136215209961
2022-08-22,104.7342300415039
2022-08-23,104.84761810302734
2022-08-24,108.22064208984375
2022-08-25,108.36236572265625
2022-08-26,108.4190673828125
2022-08-29,106.83175659179688
2022-08-30,109.2977523803711
2022-09-01,109.09933471679688
2022-09-02,108.13561248779297
2022-09-05,109.66622924804688
2022-09-06,109.77961730957031
2022-09-07,110.85671997070312
2022-09-08,109.9496841430664
2022-09-09,109.89299011230469
2022-09-12,111.2251968383789
2022-09-13,110.43154907226562
2022-09-14,109.35445404052734
2022-09-15,109.55813598632812
2022-09-16,108.83065032958984
2022-09-19,107.7830810546875
2022-09-20,107.75399780273438
2022-09-21,107.84127807617188
2022-09-22,106.29902648925781
2022-09-23,107.60848999023438
2022-09-26,104.17481231689453
2022-09-27,101.9341812133789
2022-09-28,98.70417022705078
2022-09-29,102.25426483154297
2022-09-30,101.52677917480469
2022-10-03,104.87316131591797
2022-10-04,107.0265121459961
2022-10-06,108.83065032958984
2022-10-07,109.44173431396484
2022-10-10,110.28561401367188
2022-10-11,108.97615051269531
2022-10-12,109.47083282470703
2022-10-13,110.02371978759766
2022-10-14,108.4523696899414
2022-10-17,107.37570190429688
2022-10-18,110.19831085205078
2022-10-19,109.99461364746094
2022-10-20,113.57381439208984
2022-10-21,112.49715423583984
2022-10-24,112.64266204833984
2022-10-25,109.03435516357422
2022-10-27,108.97615051269531
2022-10-28,113.25372314453125
2022-10-31,112.32256317138672
2022-11-01,112.06065368652344
2022-11-02,113.31193542480469
2022-11-03,113.54470825195312
2022-11-04,112.75904083251953
2022-11-07,113.83570098876953
2022-11-09,114.09760284423828
2022-11-10,113.95211029052734
2022-11-11,114.99967193603516
2022-11-14,116.74562072753906
2022-11-15,117.85138702392578
2022-11-16,119.21903991699219
2022-11-17,117.79317474365234
2022-11-18,118.89895629882812
2022-11-21,118.75018310546875
2022-11-22,116.4590835571289
2022-11-23,116.48882293701172
2022-11-24,117.32196044921875
2022-11-25,118.95845794677734
2022-11-28,120.65446472167969
2022-11-29,121.36856079101562
2022-11-30,121.7851333618164
2022-12-01,123.33236694335938
2022-12-02,123.71916961669922
2022-12-05,126.15904235839844
2022-12-06,125.4449234008789
2022-12-07,124.70108032226562
2022-12-08,124.34402465820312
2022-12-09,121.7851333618164
2022-12-12,121.24954223632812
2022-12-13,123.74893188476562
2022-12-14,127.28971862792969
2022-12-15,126.7541275024414
2022-12-16,127.6765365600586
2022-12-19,126.01026916503906
2022-12-20,125.02838134765625
2022-12-21,121.93390655517578
2022-12-22,120.8329849243164
2022-12-23,118.30386352539062
2022-12-26,120.23789978027344
2022-12-27,124.90935516357422
2022-12-28,124.76058197021484
2022-12-29,123.39189147949219
2022-12-30,123.89769744873047
2023-01-02,127.82528686523438
2023-01-03,125.74247741699219
2023-01-04,123.71916961669922
2023-01-05,125.2069091796875
2023-01-06,124.2547607421875
2023-01-09,126.01026916503906
2023-01-10,127.3194580078125
2023-01-11,132.61575317382812
2023-01-12,133.95472717285156
2023-01-13,132.91331481933594
2023-01-16,134.0142364501953
2023-01-17,134.4307861328125
2023-01-18,138.7451629638672
2023-01-19,139.60804748535156
2023-01-20,140.17343139648438
2023-01-23,142.91082763671875
2023-01-24,142.37522888183594
2023-01-25,140.32217407226562
2023-01-27,142.28599548339844
2023-01-30,141.30409240722656
2023-01-31,138.62619018554688
2023-02-01,133.77618408203125
2023-02-02,134.10350036621094
2023-02-03,128.71792602539062
2023-02-06,128.12283325195312
2023-02-07,133.8951873779297
2023-02-08,137.9120635986328
2023-02-09,136.3350830078125
2023-02-10,133.03233337402344
2023-02-13,143.41664123535156
2023-02-14,153.41415405273438
2023-02-15,147.52276611328125
2023-02-16,154.9613800048828
2023-02-17,155.19943237304688
2023-02-20,154.217529296875
2023-02-21,151.62890625
2023-02-22,154.04454040527344
2023-02-23,152.24827575683594
2023-02-24,150.6068878173828
2023-02-27,151.96954345703125
2023-02-28,153.02252197265625
2023-03-01,160.08367919921875
2023-03-02,159.52621459960938
2023-03-03,158.84486389160156
2023-03-06,162.65415954589844
2023-03-08,165.2246856689453
2023-03-09,165.87506103515625
2023-03-10,161.2605438232422
2023-03-13,158.6280975341797
2023-03-14,154.63296508789062
2023-03-15,160.61016845703125
2023-03-16,154.54006958007812
2023-03-17,158.1945037841797
2023-03-20,155.25238037109375
2023-03-21,155.5620574951172
2023-03-22,155.28334045410156
2023-03-23,159.0926513671875
2023-03-24,155.3452606201172
2023-03-27,154.78782653808594
2023-03-28,159.46429443359375
2023-03-29,162.8709716796875
2023-03-31,155.87176513671875
2023-04-03,160.7030792236328
2023-04-05,162.18963623046875
2023-04-06,157.76095581054688
2023-04-10,159.77395629882812
2023-04-11,158.0706329345703
2023-04-12,162.0038299560547
2023-04-13,161.35345458984375
2023-04-17,162.80905151367188
2023-04-18,164.0168914794922
2023-04-19,160.54823303222656
2023-04-20,156.98667907714844
2023-04-21,158.96878051757812
2023-04-24,157.51318359375
2023-04-25,157.07960510253906
2023-04-26,160.67208862304688
2023-04-27,159.0926513671875
2023-04-28,157.85382080078125
2023-05-02,159.8049774169922
2023-05-03,159.21652221679688
2023-05-04,159.89785766601562
2023-05-05,156.73890686035156
2023-05-08,159.9907684326172
2023-05-09,157.35830688476562
2023-05-10,160.61016845703125
2023-05-11,160.33143615722656
2023-05-12,158.59710693359375
2023-05-15,160.61016845703125
2023-05-16,161.6941375732422
2023-05-17,164.54336547851562
2023-05-18,165.9989471435547
2023-05-19,166.556396484375
2023-05-22,163.73814392089844
2023-05-23,166.89707946777344
2023-05-24,167.0209503173828
2023-05-25,161.41539001464844
2023-05-26,161.35345458984375
2023-05-29,159.0307159423828
2023-05-30,158.96878051757812
2023-05-31,159.3403778076172
2023-06-01,157.48220825195312
2023-06-02,154.84976196289062
2023-06-05,157.29638671875
2023-06-06,157.4202880859375
2023-06-07,157.32736206054688
2023-06-08,156.61505126953125
2023-06-09,158.53518676757812
2023-06-12,158.31838989257812
2023-06-13,158.0706329345703
2023-06-14,156.7698974609375
2023-06-15,156.98667907714844
2023-06-16,157.51318359375
2023-06-19,157.29638671875
2023-06-20,156.21243286132812
2023-06-21,155.4381866455078
2023-06-22,153.27027893066406
2023-06-23,150.97853088378906
2023-06-26,149.6777801513672
2023-06-27,151.47402954101562
2023-06-28,150.3900909423828
2023-06-30,151.72178649902344
2023-07-03,151.65985107421875
2023-07-04,152.65089416503906
2023-07-05,154.44715881347656
2023-07-06,154.84976196289062
2023-07-07,156.8318328857422
2023-07-10,157.85382080078125
2023-07-11,157.48220825195312
2023-07-12,158.22547912597656
2023-07-13,158.38034057617188
2023-07-14,158.59710693359375
2023-07-17,158.16355895996094
2023-07-18,157.82289123535156
2023-07-19,158.8139190673828
2023-07-20,159.0926513671875
2023-07-21,159.83592224121094
2023-07-24,160.33143615722656
2023-07-25,162.56124877929688
2023-07-26,167.26870727539062
2023-07-27,169.3437042236328
2023-07-28,168.19781494140625
2023-07-31,170.768310546875
2023-08-01,169.96310424804688
2023-08-02,167.60934448242188
2023-08-03,166.773193359375
2023-08-04,169.52951049804688
2023-08-07,168.9410858154297
2023-08-08,169.49851989746094
2023-08-09,171.29481506347656
2023-08-10,172.16195678710938
2023-08-11,172.3787384033203
2023-08-14,173.0291290283203
2023-08-16,177.0552215576172
2023-08-17,178.7275848388672
2023-08-18,178.6037139892578
2023-08-21,180.2451171875
2023-08-22,180.43093872070312
2023-08-23,180.21412658691406
2023-08-24,179.2540740966797
2023-08-25,178.49639892578125
2023-08-28,174.1713104248047
2023-08-29,175.1499786376953
2023-08-30,174.20291137695312
2023-08-31,172.43496704101562
2023-09-01,172.40341186523438
2023-09-04,175.49725341796875
2023-09-05,177.1704559326172
2023-09-06,178.4016876220703
2023-09-07,177.92816162109375
2023-09-08,177.64401245117188
2023-09-11,177.64401245117188
2023-09-12,172.02455139160156
2023-09-13,172.876953125
2023-09-14,175.56039428710938
2023-09-15,179.5697784423828
2023-09-18,180.4853057861328
2023-09-20,177.35987854003906
2023-09-21,174.29759216308594
2023-09-22,175.37098693847656
2023-09-25,175.59194946289062
2023-09-26,174.36074829101562
2023-09-27,181.52711486816406
2023-09-28,184.52626037597656
2023-09-29,188.69349670410156
2023-10-03,185.66278076171875
2023-10-04,185.63121032714844
2023-10-05,186.2310333251953
2023-10-06,186.7361602783203
2023-10-09,196.52281188964844
2023-10-10,201.7002716064453
2023-10-11,196.9016571044922
2023-10-12,197.53306579589844
2023-10-13,199.01686096191406
2023-10-16,201.95285034179688
2023-10-17,209.37181091308594
2023-10-18,207.3197479248047
2023-10-19,204.63629150390625
2023-10-20,203.65765380859375
2023-10-23,194.0919189453125
2023-10-25,190.33511352539062
2023-10-26,189.8300018310547
2023-10-27,190.61924743652344
2023-10-30,191.81890869140625
2023-10-31,188.69349670410156
2023-11-01,190.4929656982422
2023-11-02,189.6090087890625
2023-11-03,191.5663604736328
2023-11-06,196.5543975830078
2023-11-07,196.775390625
2023-11-08,196.11241149902344
2023-11-09,190.87181091308594
2023-11-10,193.05014038085938
2023-11-13,198.41702270507812
2023-11-15,198.03819274902344
2023-11-16,203.8154754638672
2023-11-17,199.04843139648438
2023-11-20,198.2591552734375
2023-11-21,194.1550750732422
2023-11-22,193.93154907226562
2023-11-23,191.12139892578125
2023-11-24,190.89785766601562
2023-11-28,190.92979431152344
2023-11-29,198.3702850341797
2023-11-30,194.92147827148438
2023-12-01,197.92323303222656
2023-12-04,209.61083984375
2023-12-05,207.15199279785156
2023-12-06,204.3098907470703
2023-12-07,202.17037963867188
2023-12-08,204.3098907470703
2023-12-11,203.575439453125
2023-12-12,199.71148681640625
2023-12-13,198.08287048339844
2023-12-14,207.18389892578125
2023-12-15,206.51332092285156
2023-12-18,205.651123046875
2023-12-19,218.04127502441406
2023-12-20,230.30368041992188
2023-12-21,240.3627166748047
2023-12-22,238.38284301757812
2023-12-26,243.77957153320312
2023-12-27,244.1627960205078
2023-12-28,244.41824340820312
2023-12-29,237.68031311035156
2024-01-01,241.8955078125
2024-01-02,244.8014678955078
2024-01-03,246.33425903320312
2024-01-04,244.4501953125
2024-01-05,242.94932556152344
2024-01-08,238.9576416015625
2024-01-09,238.9576416015625
2024-01-10,232.98611450195312
2024-01-11,238.7021942138672
2024-01-12,239.50050354003906
2024-01-15,253.23187255859375
2024-01-16,248.6654052734375
2024-01-17,243.55604553222656
2024-01-18,252.56126403808594
2024-01-19,263.3228454589844
2024-01-23,253.0721893310547
2024-01-24,256.55291748046875
2024-01-25,257.44708251953125
2024-01-29,264.1531066894531
2024-01-30,274.0524597167969
2024-01-31,272.3919372558594
2024-02-01,278.68280029296875
2024-02-02,285.4207458496094
2024-02-05,293.46795654296875
2024-02-06,307.1993103027344
2024-02-07,311.4145202636719
2024-02-08,327.7325134277344
2024-02-09,329.64849853515625
2024-02-12,299.471435546875
2024-02-13,300.07818603515625
2024-02-14,318.5356750488281
2024-02-15,359.6658630371094
2024-02-16,366.3719177246094
2024-02-19,379.49652099609375
2024-02-20,386.2025451660156
2024-02-21,373.74853515625
2024-02-22,382.2427978515625
2024-02-23,377.83599853515625
2024-02-26,364.040771484375
2024-02-27,366.78704833984375
2024-02-28,362.2205810546875
2024-02-29,349.0639953613281
2024-03-01,376.271240234375
2024-03-04,399.1036682128906
2024-03-05,403.3188781738281
2024-03-06,404.8197326660156
2024-03-07,402.42474365234375
2024-03-11,393.0044250488281
2024-03-12,391.3119201660156
2024-03-13,366.4676818847656
2024-03-14,366.0525817871094
2024-03-15,354.8758850097656
2024-03-18,353.6111755371094
2024-03-19,353.9354553222656
2024-03-20,366.5829162597656
2024-03-21,383.28411865234375
2024-03-22,377.3171081542969
2024-03-26,396.5802307128906
2024-03-27,388.3755798339844
2024-03-28,389.3160095214844
2024-04-01,383.31658935546875
2024-04-02,408.67645263671875
2024-04-03,412.2760925292969
2024-04-04,403.26068115234375
2024-04-05,407.5738220214844
2024-04-08,405.10919189453125
2024-04-09,408.44940185546875
2024-04-10,409.8439025878906
2024-04-12,396.3207702636719
2024-04-15,403.3255615234375
2024-04-16,404.03900146484375
2024-04-18,391.1969299316406
2024-04-19,389.05657958984375
2024-04-22,387.0783996582031
2024-04-23,383.1544189453125
2024-04-24,394.5696105957031
2024-04-25,397.2612609863281
2024-04-26,407.5413818359375
2024-04-29,402.8066711425781
2024-04-30,402.2229309082031
2024-05-02,408.9034118652344
2024-05-03,409.0331115722656
2024-05-06,410.8492126464844
2024-05-07,412.9246520996094
2024-05-08,415.51904296875
2024-05-09,400.40692138671875
2024-05-10,401.5419006347656
2024-05-13,391.94281005859375
2024-05-14,401.8662414550781
2024-05-15,410.6221923828125
2024-05-16,413.7030029296875
2024-05-17,414.6758728027344
2024-05-21,430.66357421875
2024-05-22,425.7667541503906
2024-05-23,423.8858642578125
2024-05-24,429.30157470703125
2024-05-27,433.4525451660156
2024-05-28,423.3669738769531
2024-05-29,413.216552734375
2024-05-30,408.0278015136719
2024-05-31,412.3085021972656
2024-06-03,434.1335754394531
2024-06-04,385.5866394042969
2024-06-05,376.5063781738281
2024-06-06,395.899169921875
2024-06-07,398.97998046875
2024-06-10,393.8561706542969
2024-06-11,420.6429138183594
2024-06-12,429.528564453125
2024-06-13,439.6465759277344
2024-06-14,453.6560974121094
2024-06-18,448.14312744140625
2024-06-19,451.67791748046875
2024-06-20,444.31646728515625
2024-06-21,453.88311767578125
2024-06-24,453.3966979980469
2024-06-25,453.5263977050781
2024-06-26,454.5965576171875
2024-06-27,457.41796875
2024-06-28,468.9628601074219
2024-07-01,462.9958190917969
2024-07-02,472.1896057128906
2024-07-03,481.8697509765625
2024-07-04,478.999755859375
2024-07-05,476.22705078125
2024-07-08,486.4909973144531
2024-07-09,495.3442077636719
2024-07-10,498.9438781738281
2024-07-11,536.0595092773438
2024-07-12,597.7890014648438
2024-07-15,621.3814086914062
2024-07-16,601.7291870117188
2024-07-18,569.040283203125
2024-07-19,555.6143798828125
2024-07-22,540.1942138671875
2024-07-23,533.4813232421875
2024-07-24,528.7627563476562
2024-07-25,551.5283203125
2024-07-26,545.4478149414062
2024-07-29,564.6622924804688
2024-07-30,567.2403564453125
2024-07-31,561.8895263671875
2024-08-01,582.8065185546875
2024-08-02,589.568115234375
2024-08-05,560.0410766601562
2024-08-06,555.8090209960938
2024-08-07,601.0481567382812
2024-08-08,596.2323608398438
2024-08-09,626.4890747070312
2024-08-12,649.1572875976562
2024-08-13,668.7122802734375
2024-08-14,641.0337524414062
2024-08-16,659.323974609375
2024-08-19,670.8526000976562
2024-08-20,654.4595336914062
2024-08-21,653.0974731445312
2024-08-22,662.680419921875
2024-08-23,663.2640991210938
2024-08-26,683.3055419921875
2024-08-27,699.0662841796875
2024-08-28,706.7034912109375
2024-08-29,714.0001220703125
2024-08-30,723.3717041015625
2024-09-02,708.9725952148438
2024-09-03,712.4868774414062
2024-09-04,666.0193481445312
2024-09-05,639.3200073242188
2024-09-06,612.0349731445312
2024-09-09,618.9660034179688
2024-09-10,594.414306640625
2024-09-11,567.8613891601562
2024-09-12,565.1768798828125
2024-09-13,571.6686401367188
2024-09-16,593.145263671875
2024-09-17,600.8085327148438
2024-09-18,580.8450317382812
2024-09-19,557.8552856445312
2024-09-20,549.4110107421875
2024-09-23,568.2030639648438
2024-09-24,578.5020751953125
2024-09-25,564.9328002929688
2024-09-26,550.7777709960938
2024-09-27,572.791259765625
2024-09-30,566.83642578125
2024-10-01,555.219482421875
2024-10-03,525.9819946289062
2024-10-04,559.1243286132812
2024-10-07,534.32861328125
2024-10-08,552.1444091796875
2024-10-09,560.686279296875
2024-10-10,558.8802490234375
2024-10-11,570.6435546875
2024-10-14,572.3519897460938
2024-10-15,546.1407470703125
2024-10-16,514.657958984375
2024-10-17,512.60791015625
2024-10-18,520.71044921875
2024-10-21,517.2937622070312
2024-10-22,504.31011962890625
2024-10-23,492.9372863769531
2024-10-24,498.1112060546875
2024-10-25,473.8035888671875
2024-10-28,464.72479248046875
2024-10-29,468.0439453125
2024-10-30,459.9902038574219
2024-10-31,460.5271301269531
2024-11-01,461.74737548828125
2024-11-04,461.0639953613281
2024-11-05,483.8097229003906
2024-11-06,512.60791015625
2024-11-07,512.0709838867188
2024-11-08,496.4516296386719
2024-11-11,494.4504089355469
2024-11-12,484.834716796875
2024-11-13,469.4106140136719
2024-11-14,467.0530090332031
2024-11-18,464.1059875488281
2024-11-19,476.87640380859375
2024-11-21,477.4657897949219
2024-11-22,498.1931457519531
2024-11-25,509.5882873535156
2024-11-26,495.3934631347656
2024-11-27,496.08111572265625
2024-11-28,495.8355407714844
2024-11-29,481.9354553222656
2024-12-02,470.8841247558594
2024-12-03,481.6407165527344
2024-12-04,480.4619445800781
2024-12-05,465.3830261230469
2024-12-06,466.5127258300781
2024-12-09,459.5872497558594
2024-12-10,461.0115966796875
2024-12-11,461.2572021484375
2024-12-12,457.96636962890625
2024-12-13,446.3256530761719
2024-12-16,453.0546875
2024-12-17,436.9443054199219
2024-12-18,437.5337219238281
2024-12-19,431.1976623535156
2024-12-20,414.35052490234375
2024-12-23,413.2208251953125
2024-12-24,418.0834045410156
2024-12-26,419.5077819824219
2024-12-27,417.641357421875
2024-12-30,413.8593444824219
2024-12-31,423.1424560546875
2025-01-01,429.38031005859375
2025-01-02,455.1175842285156
2025-01-03,472.60321044921875
2025-01-06,449.61651611328125
2025-01-07,465.9724426269531
2025-01-08,483.0160217285156
2025-01-09,458.7522277832031
2025-01-10,447.7991638183594
2025-01-13,444.41009521484375
2025-01-14,456.9349060058594
2025-01-15,455.8543395996094
2025-01-16,462.485107421875
2025-01-17,466.4144592285156
2025-01-20,475.2555236816406
2025-01-21,465.87420654296875
2025-01-22,446.3256530761719
2025-01-23,443.3294982910156
2025-01-24,417.0028381347656
2025-01-27,399.46807861328125
2025-01-28,390.0376281738281
2025-01-29,400.3521728515625
2025-01-30,410.3720397949219
2025-01-31,413.0243835449219
2025-02-01,403.4465637207031
2025-02-03,387.8273620605469
2025-02-04,398.289306640625
2025-02-05,423.9774475097656
2025-02-06,417.4940185546875
2025-02-07,417.2975158691406
2025-02-10,398.0928039550781
2025-02-11,404.9200744628906
2025-02-12,410.1755676269531
2025-02-13,405.6076965332031
2025-02-14,389.3500061035156
2025-02-17,400.54998779296875
2025-02-18,398.54998779296875
2025-02-19,396.3500061035156
2025-02-20,405.6499938964844
2025-02-21,392.3999938964844
2025-02-24,378.79998779296875
2025-02-25,372.3999938964844
2025-02-27,365.8999938964844
2025-02-28,342.70001220703125
2025-03-03,341.6499938964844
2025-03-04,351.20001220703125
2025-03-05,368.20001220703125
2025-03-06,372.20001220703125
2025-03-07,369.75
2025-03-10,362.8500061035156
2025-03-11,369.1499938964844
2025-03-12,366.79998779296875
2025-03-13,375.5
2025-03-17,378.1499938964844
2025-03-18,378.1499938964844
2025-03-19,385.8500061035156
2025-03-20,391.29998779296875
2025-03-21,393.6000061035156
2025-03-24,398.1000061035156
2025-03-25,390.29998779296875
2025-03-26,380.8999938964844
2025-03-27,386.04998779296875
2025-03-28,386.75
2025-04-01,385.45001220703125
2025-04-02,392.1000061035156
2025-04-03,386.04998779296875
2025-04-04,357.75
2025-04-07,343.25
2025-04-08,353.45001220703125
2025-04-09,349.6499938964844
2025-04-11,358.8999938964844
2025-04-15,365.95001220703125
2025-04-16,378.29998779296875
2025-04-17,384.3999938964844
2025-04-21,395.8500061035156
2025-04-22,404.0
2025-04-23,406.8500061035156
2025-04-24,402.6000061035156
2025-04-25,399.3500061035156
2025-04-28,405.1499938964844
2025-04-29,404.45001220703125
2025-04-30,410.75
2025-05-02,405.8999938964844
2025-05-05,404.6000061035156
2025-05-06,398.25
2025-05-07,406.8500061035156
2025-05-08,398.8500061035156
2025-05-09,403.29998779296875
2025-05-12,416.45001220703125
2025-05-13,407.45001220703125
2025-05-14,418.8500061035156
2025-05-15,422.5
2025-05-16,423.8999938964844
2025-05-19,422.95001220703125
2025-05-20,423.29998779296875
2025-05-21,426.5
2025-05-22,418.3500061035156
2025-05-23,425.95001220703125
2025-05-26,427.70001220703125
2025-05-27,431.29998779296875
2025-05-28,430.1499938964844
2025-05-29,444.25
2025-05-30,426.79998779296875
2025-06-02,423.6000061035156
2025-06-03,418.1499938964844
2025-06-04,425.0
2025-06-05,422.5
2025-06-06,424.45001220703125
2025-06-09,434.20001220703125
2025-06-10,437.3999938964844
2025-06-11,465.29998779296875
2025-06-12,468.3500061035156
2025-06-13,477.75
2025-06-16,480.8500061035156
2025-06-17,478.20001220703125
2025-06-18,469.6499938964844
2025-06-19,469.8500061035156
2025-06-20,464.8999938964844
2025-06-23,472.20001220703125
2025-06-24,445.8500061035156
2025-06-25,441.1000061035156
2025-06-26,442.29998779296875
2025-06-27,433.3999938964844
2025-06-30,434.25
2025-07-01,434.45001220703125
2025-07-02,435.8999938964844
2025-07-03,452.95001220703125
2025-07-04,445.75
2025-07-07,440.6000061035156
2025-07-08,443.1000061035156
2025-07-09,445.3999938964844
2025-07-10,437.5
2025-07-11,432.29998779296875
2025-07-14,445.8500061035156
2025-07-15,445.8500061035156
2025-07-16,446.45001220703125
2025-07-17,446.45001220703125
2025-07-18,447.8999938964844
2025-07-21,453.25
2025-07-22,451.3500061035156
2025-07-23,453.3999938964844
2025-07-24,446.95001220703125
2025-07-25,434.75
2025-07-28,426.29998779296875
2025-07-29,440.70001220703125
2025-07-30,444.79998779296875
2025-07-31,440.0
2025-08-01,434.04998779296875
2025-08-04,428.8500061035156
2025-08-05,433.0
2025-08-06,432.0
2025-08-07,432.1499938964844
2025-08-08,432.3999938964844
2025-08-11,423.45001220703125
2025-08-12,425.1000061035156
2025-08-13,407.0
2025-08-14,400.75
2025-08-18,401.45001220703125
2025-08-19,408.1000061035156
2025-08-20,408.0
2025-08-21,410.79998779296875
