Date,ORLY
2015-08-03,16.10066795349121
2015-08-04,16.224666595458984
2015-08-05,16.277999877929688
2015-08-06,16.07866668701172
2015-08-07,16.297332763671875
2015-08-10,16.512666702270508
2015-08-11,16.50933265686035
2015-08-12,16.482667922973633
2015-08-13,16.92799949645996
2015-08-14,16.95800018310547
2015-08-17,16.97599983215332
2015-08-18,16.963333129882812
2015-08-19,17.097999572753906
2015-08-20,16.754667282104492
2015-08-21,15.878000259399414
2015-08-24,15.456666946411133
2015-08-25,15.446000099182129
2015-08-26,15.935333251953125
2015-08-27,16.19733238220215
2015-08-28,16.06599998474121
2015-08-31,16.004667282104492
2015-09-01,15.435999870300293
2015-09-02,15.977333068847656
2015-09-03,15.862667083740234
2015-09-04,15.643333435058594
2015-09-08,15.899999618530273
2015-09-09,15.9486665725708
2015-09-10,16.082666397094727
2015-09-11,16.389999389648438
2015-09-14,16.284666061401367
2015-09-15,16.625999450683594
2015-09-16,16.833332061767578
2015-09-17,16.711999893188477
2015-09-18,16.42066764831543
2015-09-21,16.45400047302246
2015-09-22,16.326000213623047
2015-09-23,16.523332595825195
2015-09-24,16.531999588012695
2015-09-25,16.814666748046875
2015-09-28,16.392000198364258
2015-09-29,16.198667526245117
2015-09-30,16.666667938232422
2015-10-01,16.793333053588867
2015-10-02,16.821332931518555
2015-10-05,16.94733238220215
2015-10-06,16.91933250427246
2015-10-07,16.78533363342285
2015-10-08,16.90399932861328
2015-10-09,16.913333892822266
2015-10-12,17.13800048828125
2015-10-13,16.763999938964844
2015-10-14,16.486000061035156
2015-10-15,16.76333236694336
2015-10-16,16.93600082397461
2015-10-19,16.814666748046875
2015-10-20,16.823333740234375
2015-10-21,16.8799991607666
2015-10-22,17.131999969482422
2015-10-23,17.3353328704834
2015-10-26,17.49799919128418
2015-10-27,17.342666625976562
2015-10-28,17.535999298095703
2015-10-29,18.39666748046875
2015-10-30,18.417333602905273
2015-11-02,18.256000518798828
2015-11-03,18.10066795349121
2015-11-04,18.167999267578125
2015-11-05,18.23200035095215
2015-11-06,18.222000122070312
2015-11-09,17.972667694091797
2015-11-10,18.14933204650879
2015-11-11,18.064666748046875
2015-11-12,17.793333053588867
2015-11-13,17.32200050354004
2015-11-16,17.764667510986328
2015-11-17,17.780000686645508
2015-11-18,17.959999084472656
2015-11-19,17.930667877197266
2015-11-20,18.03333282470703
2015-11-23,17.883333206176758
2015-11-24,17.83066749572754
2015-11-25,17.87933349609375
2015-11-27,17.873332977294922
2015-11-30,17.591333389282227
2015-12-01,17.488666534423828
2015-12-02,17.446666717529297
2015-12-03,16.891332626342773
2015-12-04,17.24066734313965
2015-12-07,17.126667022705078
2015-12-08,17.25
2015-12-09,17.181333541870117
2015-12-10,17.095333099365234
2015-12-11,16.595333099365234
2015-12-14,16.781999588012695
2015-12-15,16.718000411987305
2015-12-16,17.176000595092773
2015-12-17,16.956666946411133
2015-12-18,16.7586669921875
2015-12-21,16.915332794189453
2015-12-22,16.916667938232422
2015-12-23,16.94333267211914
2015-12-24,16.89466667175293
2015-12-28,17.062667846679688
2015-12-29,17.233333587646484
2015-12-30,17.17733383178711
2015-12-31,16.89466667175293
2016-01-04,16.407333374023438
2016-01-05,16.53066635131836
2016-01-06,16.071332931518555
2016-01-07,16.011333465576172
2016-01-08,15.644000053405762
2016-01-11,15.862667083740234
2016-01-12,16.208667755126953
2016-01-13,15.711999893188477
2016-01-14,15.732666969299316
2016-01-15,15.477333068847656
2016-01-19,15.712667465209961
2016-01-20,15.775333404541016
2016-01-21,15.780667304992676
2016-01-22,15.962667465209961
2016-01-25,16.25933265686035
2016-01-26,16.656667709350586
2016-01-27,16.42799949645996
2016-01-28,17.089332580566406
2016-01-29,17.393333435058594
2016-02-01,17.683332443237305
2016-02-02,17.299333572387695
2016-02-03,16.908000946044922
2016-02-04,16.725332260131836
2016-02-05,16.13800048828125
2016-02-08,15.5686674118042
2016-02-09,15.752667427062988
2016-02-10,15.779999732971191
2016-02-11,16.635332107543945
2016-02-12,16.868000030517578
2016-02-16,17.05066680908203
2016-02-17,16.974666595458984
2016-02-18,16.893999099731445
2016-02-19,17.189332962036133
2016-02-22,17.30266761779785
2016-02-23,17.25200080871582
2016-02-24,17.584667205810547
2016-02-25,17.81800079345703
2016-02-26,17.528667449951172
2016-02-29,17.35466766357422
2016-03-01,18.148000717163086
2016-03-02,17.969999313354492
2016-03-03,17.86199951171875
2016-03-04,17.687332153320312
2016-03-07,17.46733283996582
2016-03-08,17.65399932861328
2016-03-09,17.65133285522461
2016-03-10,17.875999450683594
2016-03-11,18.1473331451416
2016-03-14,18.107999801635742
2016-03-15,18.075332641601562
2016-03-16,18.000667572021484
2016-03-17,17.850000381469727
2016-03-18,17.902000427246094
2016-03-21,17.974000930786133
2016-03-22,18.182666778564453
2016-03-23,18.429332733154297
2016-03-24,18.317333221435547
2016-03-28,18.224000930786133
2016-03-29,18.354000091552734
2016-03-30,18.44266700744629
2016-03-31,18.243999481201172
2016-04-01,18.521333694458008
2016-04-04,18.143333435058594
2016-04-05,18.034000396728516
2016-04-06,18.110666275024414
2016-04-07,17.955333709716797
2016-04-08,17.988000869750977
2016-04-11,17.795333862304688
2016-04-12,17.916667938232422
2016-04-13,17.95800018310547
2016-04-14,17.986000061035156
2016-04-15,17.916667938232422
2016-04-18,18.191333770751953
2016-04-19,18.28733253479004
2016-04-20,18.238666534423828
2016-04-21,17.983999252319336
2016-04-22,17.976667404174805
2016-04-25,18.020000457763672
2016-04-26,18.1560001373291
2016-04-27,18.191333770751953
2016-04-28,17.66866683959961
2016-04-29,17.511999130249023
2016-05-02,17.618667602539062
2016-05-03,17.8799991607666
2016-05-04,17.902666091918945
2016-05-05,17.56333351135254
2016-05-06,17.72800064086914
2016-05-09,17.812667846679688
2016-05-10,17.922000885009766
2016-05-11,17.517332077026367
2016-05-12,17.67533302307129
2016-05-13,17.21466636657715
2016-05-16,17.45599937438965
2016-05-17,16.944000244140625
2016-05-18,17.04199981689453
2016-05-19,17.03066635131836
2016-05-20,17.119333267211914
2016-05-23,16.88800048828125
2016-05-24,17.166667938232422
2016-05-25,17.575332641601562
2016-05-26,17.607999801635742
2016-05-27,17.725332260131836
2016-05-31,17.6286678314209
2016-06-01,17.569332122802734
2016-06-02,17.512666702270508
2016-06-03,17.302000045776367
2016-06-06,17.251333236694336
2016-06-07,17.351999282836914
2016-06-08,17.42733383178711
2016-06-09,17.489999771118164
2016-06-10,17.402666091918945
2016-06-13,17.32266616821289
2016-06-14,17.309999465942383
2016-06-15,17.36400032043457
2016-06-16,17.320667266845703
2016-06-17,17.332000732421875
2016-06-20,17.44266700744629
2016-06-21,17.384666442871094
2016-06-22,17.516666412353516
2016-06-23,17.616666793823242
2016-06-24,17.8439998626709
2016-06-27,17.84866714477539
2016-06-28,18.095333099365234
2016-06-29,18.244667053222656
2016-06-30,18.073333740234375
2016-07-01,18.281999588012695
2016-07-05,18.383333206176758
2016-07-06,18.492000579833984
2016-07-07,18.351999282836914
2016-07-08,18.707332611083984
2016-07-11,18.52400016784668
2016-07-12,18.408666610717773
2016-07-13,18.4146671295166
2016-07-14,18.510000228881836
2016-07-15,18.242000579833984
2016-07-18,18.28533363342285
2016-07-19,18.21466636657715
2016-07-20,18.275999069213867
2016-07-21,18.088666915893555
2016-07-22,18.264667510986328
2016-07-25,18.582666397094727
2016-07-26,18.784666061401367
2016-07-27,18.500667572021484
2016-07-28,19.244667053222656
2016-07-29,19.375333786010742
2016-08-01,19.267332077026367
2016-08-02,19.134666442871094
2016-08-03,19.11199951171875
2016-08-04,19.247333526611328
2016-08-05,19.365333557128906
2016-08-08,19.176666259765625
2016-08-09,19.11400032043457
2016-08-10,19.230667114257812
2016-08-11,19.206666946411133
2016-08-12,19.115333557128906
2016-08-15,19.142667770385742
2016-08-16,19.06133270263672
2016-08-17,19.048667907714844
2016-08-18,19.067333221435547
2016-08-19,19.04800033569336
2016-08-22,19.101999282836914
2016-08-23,19.010000228881836
2016-08-24,18.963333129882812
2016-08-25,18.94466781616211
2016-08-26,18.549999237060547
2016-08-29,18.66866683959961
2016-08-30,18.531333923339844
2016-08-31,18.663333892822266
2016-09-01,18.808666229248047
2016-09-02,18.838666915893555
2016-09-06,18.87266731262207
2016-09-07,18.84866714477539
2016-09-08,18.796667098999023
2016-09-09,18.547332763671875
2016-09-12,18.615333557128906
2016-09-13,18.56133270263672
2016-09-14,18.43199920654297
2016-09-15,18.402666091918945
2016-09-16,18.178667068481445
2016-09-19,18.36400032043457
2016-09-20,18.343332290649414
2016-09-21,18.636667251586914
2016-09-22,18.9060001373291
2016-09-23,18.784666061401367
2016-09-26,18.797332763671875
2016-09-27,18.96933364868164
2016-09-28,18.79800033569336
2016-09-29,18.593332290649414
2016-09-30,18.673999786376953
2016-10-03,18.405332565307617
2016-10-04,18.291332244873047
2016-10-05,18.323999404907227
2016-10-06,18.503999710083008
2016-10-07,18.358667373657227
2016-10-10,18.51533317565918
2016-10-11,18.305999755859375
2016-10-12,18.417333602905273
2016-10-13,18.592666625976562
2016-10-14,18.6213321685791
2016-10-17,18.531333923339844
2016-10-18,18.538000106811523
2016-10-19,18.53733253479004
2016-10-20,18.2586669921875
2016-10-21,18.37066650390625
2016-10-24,18.619333267211914
2016-10-25,18.684667587280273
2016-10-26,18.477333068847656
2016-10-27,16.866666793823242
2016-10-28,17.566667556762695
2016-10-31,17.62933349609375
2016-11-01,17.615999221801758
2016-11-02,17.51333236694336
2016-11-03,17.45599937438965
2016-11-04,17.413333892822266
2016-11-07,17.30733299255371
2016-11-08,17.30533218383789
2016-11-09,17.610000610351562
2016-11-10,17.502666473388672
2016-11-11,17.519332885742188
2016-11-14,17.47599983215332
2016-11-15,17.8700008392334
2016-11-16,17.99333381652832
2016-11-17,18.06599998474121
2016-11-18,17.715999603271484
2016-11-21,18.000667572021484
2016-11-22,18.333332061767578
2016-11-23,18.364667892456055
2016-11-25,18.44066619873047
2016-11-28,18.308666229248047
2016-11-29,18.359333038330078
2016-11-30,18.299999237060547
2016-12-01,18.20400047302246
2016-12-02,18.262666702270508
2016-12-05,18.431333541870117
2016-12-06,18.511999130249023
2016-12-07,19.01333236694336
2016-12-08,18.487333297729492
2016-12-09,18.3973331451416
2016-12-12,18.45800018310547
2016-12-13,18.8353328704834
2016-12-14,18.455333709716797
2016-12-15,18.535999298095703
2016-12-16,18.6200008392334
2016-12-19,18.874000549316406
2016-12-20,19.010000228881836
2016-12-21,19.03533363342285
2016-12-22,18.865999221801758
2016-12-23,18.881332397460938
2016-12-27,18.90999984741211
2016-12-28,18.711332321166992
2016-12-29,18.775999069213867
2016-12-30,18.560667037963867
2017-01-03,18.721332550048828
2017-01-04,18.80733299255371
2017-01-05,18.854000091552734
2017-01-06,18.78533363342285
2017-01-09,18.626667022705078
2017-01-10,18.753332138061523
2017-01-11,18.755332946777344
2017-01-12,18.77199935913086
2017-01-13,18.610000610351562
2017-01-17,18.583999633789062
2017-01-18,18.720666885375977
2017-01-19,18.336666107177734
2017-01-20,18.267332077026367
2017-01-23,17.666000366210938
2017-01-24,17.83066749572754
2017-01-25,17.738000869750977
2017-01-26,17.53333282470703
2017-01-27,17.586000442504883
2017-01-30,17.459333419799805
2017-01-31,17.48466682434082
2017-02-01,16.956666946411133
2017-02-02,17.112667083740234
2017-02-03,17.32266616821289
2017-02-06,17.226667404174805
2017-02-07,17.479333877563477
2017-02-08,18.110000610351562
2017-02-09,18.318666458129883
2017-02-10,18.1200008392334
2017-02-13,17.898666381835938
2017-02-14,17.968000411987305
2017-02-15,18.041332244873047
2017-02-16,17.790000915527344
2017-02-17,17.874666213989258
2017-02-21,17.913333892822266
2017-02-22,17.87266731262207
2017-02-23,17.729333877563477
2017-02-24,17.915332794189453
2017-02-27,17.883333206176758
2017-02-28,18.11400032043457
2017-03-01,18.101333618164062
2017-03-02,18.131999969482422
2017-03-03,18.043333053588867
2017-03-06,17.923999786376953
2017-03-07,17.988000869750977
2017-03-08,18.09666633605957
2017-03-09,17.94266700744629
2017-03-10,17.975332260131836
2017-03-13,18.295333862304688
2017-03-14,18.359333038330078
2017-03-15,18.047332763671875
2017-03-16,18.137332916259766
2017-03-17,18.280000686645508
2017-03-20,18.205333709716797
2017-03-21,18.03333282470703
2017-03-22,18.093332290649414
2017-03-23,18.09666633605957
2017-03-24,18.117332458496094
2017-03-27,17.98666763305664
2017-03-28,17.980667114257812
2017-03-29,18.318666458129883
2017-03-30,18.160667419433594
2017-03-31,17.98933219909668
2017-04-03,17.246000289916992
2017-04-04,17.034000396728516
2017-04-05,17.011333465576172
2017-04-06,16.95800018310547
2017-04-07,16.87933349609375
2017-04-10,16.993999481201172
2017-04-11,16.982667922973633
2017-04-12,16.868667602539062
2017-04-13,16.799333572387695
2017-04-17,16.93000030517578
2017-04-18,17.070667266845703
2017-04-19,17.257999420166016
2017-04-20,17.53333282470703
2017-04-21,17.69066619873047
2017-04-24,17.95199966430664
2017-04-25,17.597333908081055
2017-04-26,17.67133331298828
2017-04-27,17.145999908447266
2017-04-28,16.543333053588867
2017-05-01,16.113332748413086
2017-05-02,16.38800048828125
2017-05-03,16.46266746520996
2017-05-04,16.721332550048828
2017-05-05,16.84666633605957
2017-05-08,16.92133331298828
2017-05-09,17.049999237060547
2017-05-10,17.166000366210938
2017-05-11,17.0853328704834
2017-05-12,17.03333282470703
2017-05-15,17.208667755126953
2017-05-16,16.993999481201172
2017-05-17,16.5939998626709
2017-05-18,16.652000427246094
2017-05-19,16.757333755493164
2017-05-22,16.56399917602539
2017-05-23,16.011999130249023
2017-05-24,16.000667572021484
2017-05-25,16.25666618347168
2017-05-26,16.565332412719727
2017-05-30,16.5086669921875
2017-05-31,16.1386661529541
2017-06-01,16.376667022705078
2017-06-02,16.39466667175293
2017-06-05,16.011999130249023
2017-06-06,15.694000244140625
2017-06-07,15.659333229064941
2017-06-08,15.374667167663574
2017-06-09,15.522666931152344
2017-06-12,15.64799976348877
2017-06-13,15.63599967956543
2017-06-14,15.621999740600586
2017-06-15,15.597999572753906
2017-06-16,15.425999641418457
2017-06-19,15.358667373657227
2017-06-20,15.000666618347168
2017-06-21,14.718000411987305
2017-06-22,14.675333023071289
2017-06-23,14.67199993133545
2017-06-26,14.864666938781738
2017-06-27,14.791333198547363
2017-06-28,14.468000411987305
2017-06-29,14.402667045593262
2017-06-30,14.582667350769043
2017-07-03,14.694000244140625
2017-07-05,11.918000221252441
2017-07-06,11.768667221069336
2017-07-07,11.523332595825195
2017-07-10,11.54466724395752
2017-07-11,11.606666564941406
2017-07-12,11.80666732788086
2017-07-13,12.308667182922363
2017-07-14,12.281332969665527
2017-07-17,12.366666793823242
2017-07-18,12.502667427062988
2017-07-19,12.46066665649414
2017-07-20,12.579333305358887
2017-07-21,12.545999526977539
2017-07-24,12.295332908630371
2017-07-25,12.456666946411133
2017-07-26,12.495332717895508
2017-07-27,13.420666694641113
2017-07-28,13.335332870483398
2017-07-31,13.619999885559082
2017-08-01,13.87733268737793
2017-08-02,13.977333068847656
2017-08-03,13.706666946411133
2017-08-04,13.670000076293945
2017-08-07,13.672666549682617
2017-08-08,13.538000106811523
2017-08-09,13.54466724395752
2017-08-10,13.14799976348877
2017-08-11,13.260666847229004
2017-08-14,13.22933292388916
2017-08-15,13.066666603088379
2017-08-16,13.438667297363281
2017-08-17,13.375332832336426
2017-08-18,13.194666862487793
2017-08-21,13.186667442321777
2017-08-22,13.199333190917969
2017-08-23,13.017333030700684
2017-08-24,13.095999717712402
2017-08-25,13.485333442687988
2017-08-28,13.204000473022461
2017-08-29,13.13466739654541
2017-08-30,13.206000328063965
2017-08-31,13.075332641601562
2017-09-01,13.13266658782959
2017-09-05,13.358667373657227
2017-09-06,13.485333442687988
2017-09-07,13.358667373657227
2017-09-08,13.273332595825195
2017-09-11,13.093999862670898
2017-09-12,13.284667015075684
2017-09-13,13.86733341217041
2017-09-14,13.808667182922363
2017-09-15,13.990667343139648
2017-09-18,14.005332946777344
2017-09-19,13.52733325958252
2017-09-20,13.550666809082031
2017-09-21,13.484000205993652
2017-09-22,13.97266674041748
2017-09-25,14.34333324432373
2017-09-26,14.196666717529297
2017-09-27,14.300666809082031
2017-09-28,14.35200023651123
2017-09-29,14.357999801635742
2017-10-02,14.359999656677246
2017-10-03,14.263333320617676
2017-10-04,14.144000053405762
2017-10-05,14.078666687011719
2017-10-06,14.196000099182129
2017-10-09,13.854666709899902
2017-10-10,13.9913330078125
2017-10-11,13.89466667175293
2017-10-12,13.800666809082031
2017-10-13,13.981332778930664
2017-10-16,13.934666633605957
2017-10-17,14.133999824523926
2017-10-18,14.199333190917969
2017-10-19,13.953332901000977
2017-10-20,13.726667404174805
2017-10-23,13.710000038146973
2017-10-24,13.555333137512207
2017-10-25,13.514666557312012
2017-10-26,14.266667366027832
2017-10-27,14.469332695007324
2017-10-30,14.252667427062988
2017-10-31,14.063332557678223
2017-11-01,13.837332725524902
2017-11-02,14.3013334274292
2017-11-03,14.166666984558105
2017-11-06,13.923999786376953
2017-11-07,13.87399959564209
2017-11-08,13.976667404174805
2017-11-09,14.072667121887207
2017-11-10,14.295332908630371
2017-11-13,14.277999877929688
2017-11-14,14.392666816711426
2017-11-15,14.38466739654541
2017-11-16,14.644000053405762
2017-11-17,14.699333190917969
2017-11-20,14.692000389099121
2017-11-21,14.379332542419434
2017-11-22,14.576666831970215
2017-11-24,14.417332649230957
2017-11-27,14.422666549682617
2017-11-28,15.231332778930664
2017-11-29,15.754667282104492
2017-11-30,15.747332572937012
2017-12-01,15.626667022705078
2017-12-04,16.69266700744629
2017-12-05,16.680667877197266
2017-12-06,16.3886661529541
2017-12-07,16.323999404907227
2017-12-08,16.738000869750977
2017-12-11,16.482667922973633
2017-12-12,16.457332611083984
2017-12-13,16.39466667175293
2017-12-14,16.09666633605957
2017-12-15,16.01333236694336
2017-12-18,16.392000198364258
2017-12-19,16.20199966430664
2017-12-20,16.136667251586914
2017-12-21,16.100000381469727
2017-12-22,16.166667938232422
2017-12-26,16.309999465942383
2017-12-27,16.15399932861328
2017-12-28,16.157333374023438
2017-12-29,16.035999298095703
2018-01-02,16.617332458496094
2018-01-03,16.922666549682617
2018-01-04,17.178667068481445
2018-01-05,17.351999282836914
2018-01-08,17.333332061767578
2018-01-09,17.417333602905273
2018-01-10,17.229999542236328
2018-01-11,17.316667556762695
2018-01-12,17.239999771118164
2018-01-16,17.19266700744629
2018-01-17,17.66933250427246
2018-01-18,17.755332946777344
2018-01-19,18.201332092285156
2018-01-22,18.15333366394043
2018-01-23,18.08066749572754
2018-01-24,18.39533233642578
2018-01-25,18.191999435424805
2018-01-26,18.364667892456055
2018-01-29,18.262666702270508
2018-01-30,17.884666442871094
2018-01-31,17.645999908447266
2018-02-01,17.492000579833984
2018-02-02,16.842666625976562
2018-02-05,16.432666778564453
2018-02-06,16.99333381652832
2018-02-07,16.80533218383789
2018-02-08,16.814666748046875
2018-02-09,16.655332565307617
2018-02-12,16.549999237060547
2018-02-13,16.354000091552734
2018-02-14,16.503332138061523
2018-02-15,16.819332122802734
2018-02-16,16.739999771118164
2018-02-20,16.825332641601562
2018-02-21,16.512666702270508
2018-02-22,16.49066734313965
2018-02-23,16.941999435424805
2018-02-26,16.99799919128418
2018-02-27,15.905332565307617
2018-02-28,16.279333114624023
2018-03-01,16.21733283996582
2018-03-02,16.067333221435547
2018-03-05,16.456666946411133
2018-03-06,16.78266716003418
2018-03-07,16.185333251953125
2018-03-08,16.1560001373291
2018-03-09,16.700666427612305
2018-03-12,16.607999801635742
2018-03-13,16.721332550048828
2018-03-14,16.609333038330078
2018-03-15,16.589332580566406
2018-03-16,16.743999481201172
2018-03-19,16.579999923706055
2018-03-20,16.507333755493164
2018-03-21,16.469999313354492
2018-03-22,16.077333450317383
2018-03-23,15.962667465209961
2018-03-26,16.360000610351562
2018-03-27,15.9313325881958
2018-03-28,16.181333541870117
2018-03-29,16.492000579833984
2018-04-02,15.738666534423828
2018-04-03,15.851332664489746
2018-04-04,16.135332107543945
2018-04-05,16.257999420166016
2018-04-06,15.812666893005371
2018-04-09,15.485333442687988
2018-04-10,15.779333114624023
2018-04-11,15.519332885742188
2018-04-12,15.323332786560059
2018-04-13,14.9913330078125
2018-04-16,15.118000030517578
2018-04-17,14.934000015258789
2018-04-18,15.11533260345459
2018-04-19,14.863332748413086
2018-04-20,14.76533317565918
2018-04-23,14.838666915893555
2018-04-24,14.975333213806152
2018-04-25,15.178000450134277
2018-04-26,17.15999984741211
2018-04-27,17.55266761779785
2018-04-30,17.071332931518555
2018-05-01,17.250667572021484
2018-05-02,17.299999237060547
2018-05-03,17.262666702270508
2018-05-04,17.30066680908203
2018-05-07,17.544666290283203
2018-05-08,17.715999603271484
2018-05-09,17.694000244140625
2018-05-10,17.68000030517578
2018-05-11,17.974666595458984
2018-05-14,18.190000534057617
2018-05-15,18.163333892822266
2018-05-16,18.083999633789062
2018-05-17,18.19266700744629
2018-05-18,18.139333724975586
2018-05-21,18.41200065612793
2018-05-22,17.829999923706055
2018-05-23,18.082666397094727
2018-05-24,17.909332275390625
2018-05-25,17.88599967956543
2018-05-29,17.94333267211914
2018-05-30,18.237333297729492
2018-05-31,17.96066665649414
2018-06-01,18.165332794189453
2018-06-04,18.514667510986328
2018-06-05,18.38800048828125
2018-06-06,18.608667373657227
2018-06-07,18.85066795349121
2018-06-08,18.875333786010742
2018-06-11,18.985332489013672
2018-06-12,18.985332489013672
2018-06-13,18.77666664123535
2018-06-14,18.792667388916016
2018-06-15,18.86199951171875
2018-06-18,18.80733299255371
2018-06-19,18.80066680908203
2018-06-20,18.94533348083496
2018-06-21,19.13800048828125
2018-06-22,19.077333450317383
2018-06-25,18.687999725341797
2018-06-26,18.736000061035156
2018-06-27,18.189332962036133
2018-06-28,18.417333602905273
2018-06-29,18.238000869750977
2018-07-02,18.301332473754883
2018-07-03,18.45199966430664
2018-07-05,18.648666381835938
2018-07-06,18.863332748413086
2018-07-09,19.29199981689453
2018-07-10,19.207332611083984
2018-07-11,18.889333724975586
2018-07-12,18.993999481201172
2018-07-13,19.066667556762695
2018-07-16,19.021333694458008
2018-07-17,19.299999237060547
2018-07-18,19.367332458496094
2018-07-19,19.948667526245117
2018-07-20,19.82200050354004
2018-07-23,19.968666076660156
2018-07-24,19.610000610351562
2018-07-25,19.81333351135254
2018-07-26,20.250667572021484
2018-07-27,20.029333114624023
2018-07-30,20.305999755859375
2018-07-31,20.399999618530273
2018-08-01,20.18000030517578
2018-08-02,20.591333389282227
2018-08-03,20.79199981689453
2018-08-06,21.031333923339844
2018-08-07,21.044666290283203
2018-08-08,21.202667236328125
2018-08-09,21.25200080871582
2018-08-10,21.262666702270508
2018-08-13,20.957332611083984
2018-08-14,21.551332473754883
2018-08-15,21.649999618530273
2018-08-16,21.902666091918945
2018-08-17,21.997333526611328
2018-08-20,22.007333755493164
2018-08-21,21.99799919128418
2018-08-22,21.910667419433594
2018-08-23,22.110000610351562
2018-08-24,22.044666290283203
2018-08-27,22.005332946777344
2018-08-28,22.135332107543945
2018-08-29,22.184667587280273
2018-08-30,21.968666076660156
2018-08-31,22.3613338470459
2018-09-04,22.91866683959961
2018-09-05,22.724000930786133
2018-09-06,22.979999542236328
2018-09-07,23.07466697692871
2018-09-10,23.05933380126953
2018-09-11,23.181333541870117
2018-09-12,22.930667877197266
2018-09-13,22.78733253479004
2018-09-14,22.582000732421875
2018-09-17,22.444000244140625
2018-09-18,22.698667526245117
2018-09-19,22.860666275024414
2018-09-20,22.96933364868164
2018-09-21,22.96733283996582
2018-09-24,22.8700008392334
2018-09-25,22.95400047302246
2018-09-26,23.04800033569336
2018-09-27,23.059999465942383
2018-09-28,23.154666900634766
2018-10-01,23.052000045776367
2018-10-02,22.805999755859375
2018-10-03,22.899999618530273
2018-10-04,22.62933349609375
2018-10-05,22.721332550048828
2018-10-08,22.95599937438965
2018-10-09,23.03733253479004
2018-10-10,22.43000030517578
2018-10-11,22.023332595825195
2018-10-12,22.63599967956543
2018-10-15,22.902666091918945
2018-10-16,23.15133285522461
2018-10-17,22.318666458129883
2018-10-18,22.56333351135254
2018-10-19,22.658000946044922
2018-10-22,22.988000869750977
2018-10-23,22.68866729736328
2018-10-24,21.52199935913086
2018-10-25,21.636667251586914
2018-10-26,21.738666534423828
2018-10-29,21.94533348083496
2018-10-30,22.031333923339844
2018-10-31,21.383333206176758
2018-11-01,21.374000549316406
2018-11-02,21.68199920654297
2018-11-05,21.81800079345703
2018-11-06,22.236000061035156
2018-11-07,22.808666229248047
2018-11-08,23.562667846679688
2018-11-09,23.64933204650879
2018-11-12,23.29400062561035
2018-11-13,23.834667205810547
2018-11-14,23.652000427246094
2018-11-15,23.066667556762695
2018-11-16,23.50666618347168
2018-11-19,23.615999221801758
2018-11-20,22.404666900634766
2018-11-21,23.038667678833008
2018-11-23,23.375333786010742
2018-11-26,23.39933204650879
2018-11-27,23.538667678833008
2018-11-28,23.924667358398438
2018-11-29,23.656667709350586
2018-11-30,23.118667602539062
2018-12-03,23.089332580566406
2018-12-04,23.095333099365234
2018-12-06,22.694000244140625
2018-12-07,22.09666633605957
2018-12-10,22.53733253479004
2018-12-11,22.83799934387207
2018-12-12,23.575332641601562
2018-12-13,23.637332916259766
2018-12-14,23.211332321166992
2018-12-17,22.729333877563477
2018-12-18,22.940000534057617
2018-12-19,22.69266700744629
2018-12-20,22.179332733154297
2018-12-21,22.038000106811523
2018-12-24,21.827333450317383
2018-12-26,22.963333129882812
2018-12-27,22.874666213989258
2018-12-28,22.80666732788086
2018-12-31,22.955333709716797
2019-01-02,22.74333381652832
2019-01-03,23.075332641601562
2019-01-04,22.788000106811523
2019-01-07,22.645999908447266
2019-01-08,22.404666900634766
2019-01-09,22.902666091918945
2019-01-10,22.895999908447266
2019-01-11,22.582000732421875
2019-01-14,22.74333381652832
2019-01-15,22.94333267211914
2019-01-16,22.933332443237305
2019-01-17,23.21466636657715
2019-01-18,23.433332443237305
2019-01-22,23.030000686645508
2019-01-23,23.19333267211914
2019-01-24,22.66266632080078
2019-01-25,22.496000289916992
2019-01-28,22.378000259399414
2019-01-29,22.615999221801758
2019-01-30,23.045333862304688
2019-01-31,22.977333068847656
2019-02-01,23.116666793823242
2019-02-04,23.744667053222656
2019-02-05,23.880666732788086
2019-02-06,23.57466697692871
2019-02-07,24.36400032043457
2019-02-08,24.01533317565918
2019-02-11,24.44533348083496
2019-02-12,25.232667922973633
2019-02-13,25.161333084106445
2019-02-14,25.536666870117188
2019-02-15,25.866666793823242
2019-02-19,25.63599967956543
2019-02-20,25.57200050354004
2019-02-21,25.366666793823242
2019-02-22,25.599332809448242
2019-02-25,25.01066780090332
2019-02-26,25.202667236328125
2019-02-27,24.53066635131836
2019-02-28,24.797332763671875
2019-03-01,24.73933219909668
2019-03-04,24.698667526245117
2019-03-05,24.98666763305664
2019-03-06,24.823999404907227
2019-03-07,24.62733268737793
2019-03-08,24.273332595825195
2019-03-11,24.422666549682617
2019-03-12,24.367332458496094
2019-03-13,24.488666534423828
2019-03-14,24.54400062561035
2019-03-15,24.667999267578125
2019-03-18,25.053333282470703
2019-03-19,24.94733238220215
2019-03-20,25.031999588012695
2019-03-21,25.640666961669922
2019-03-22,25.086666107177734
2019-03-25,25.72599983215332
2019-03-26,25.64533233642578
2019-03-27,25.792667388916016
2019-03-28,25.898000717163086
2019-03-29,25.886667251586914
2019-04-01,26.1026668548584
2019-04-02,26.288667678833008
2019-04-03,26.426666259765625
2019-04-04,26.538667678833008
2019-04-05,26.742000579833984
2019-04-08,26.799333572387695
2019-04-09,26.660667419433594
2019-04-10,27.000667572021484
2019-04-11,27.190000534057617
2019-04-12,27.08799934387207
2019-04-15,27.244667053222656
2019-04-16,27.232667922973633
2019-04-17,26.951332092285156
2019-04-18,26.630666732788086
2019-04-22,26.220666885375977
2019-04-23,26.37733268737793
2019-04-24,26.44733238220215
2019-04-25,25.333332061767578
2019-04-26,25.33066749572754
2019-04-29,25.0
2019-04-30,25.238000869750977
2019-05-01,24.90333366394043
2019-05-02,25.402000427246094
2019-05-03,25.05266761779785
2019-05-06,25.05066680908203
2019-05-07,24.591333389282227
2019-05-08,24.51799964904785
2019-05-09,24.492666244506836
2019-05-10,24.319332122802734
2019-05-13,23.656667709350586
2019-05-14,23.58733367919922
2019-05-15,23.559999465942383
2019-05-16,23.504667282104492
2019-05-17,23.534666061401367
2019-05-20,23.599332809448242
2019-05-21,24.176000595092773
2019-05-22,24.57466697692871
2019-05-23,24.409332275390625
2019-05-24,24.456666946411133
2019-05-28,24.6200008392334
2019-05-29,24.475332260131836
2019-05-30,24.820667266845703
2019-05-31,24.757999420166016
2019-06-03,24.947999954223633
2019-06-04,24.99333381652832
2019-06-05,25.326000213623047
2019-06-06,25.40333366394043
2019-06-07,25.483999252319336
2019-06-10,25.66866683959961
2019-06-11,25.399999618530273
2019-06-12,25.6473331451416
2019-06-13,25.83799934387207
2019-06-14,25.86400032043457
2019-06-17,25.59000015258789
2019-06-18,25.68866729736328
2019-06-19,25.266000747680664
2019-06-20,25.058000564575195
2019-06-21,25.084667205810547
2019-06-24,25.03266716003418
2019-06-25,24.964000701904297
2019-06-26,24.54599952697754
2019-06-27,24.504667282104492
2019-06-28,24.6213321685791
2019-07-01,24.95599937438965
2019-07-02,25.53933334350586
2019-07-03,25.74799919128418
2019-07-05,25.736000061035156
2019-07-08,25.751333236694336
2019-07-09,25.680667877197266
2019-07-10,25.946666717529297
2019-07-11,26.231332778930664
2019-07-12,26.788667678833008
2019-07-15,26.881999969482422
2019-07-16,27.036666870117188
2019-07-17,26.642667770385742
2019-07-18,26.87933349609375
2019-07-19,26.454666137695312
2019-07-22,26.318666458129883
2019-07-23,26.159332275390625
2019-07-24,26.433332443237305
2019-07-25,25.066667556762695
2019-07-26,25.586000442504883
2019-07-29,25.988000869750977
2019-07-30,25.55666732788086
2019-07-31,25.384000778198242
2019-08-01,24.98666763305664
2019-08-02,24.66200065612793
2019-08-05,24.2413330078125
2019-08-06,24.90399932861328
2019-08-07,25.055999755859375
2019-08-08,25.439332962036133
2019-08-09,25.220666885375977
2019-08-12,24.722667694091797
2019-08-13,24.902666091918945
2019-08-14,24.6286678314209
2019-08-15,25.028667449951172
2019-08-16,25.44266700744629
2019-08-19,25.718000411987305
2019-08-20,25.549333572387695
2019-08-21,25.600000381469727
2019-08-22,25.478666305541992
2019-08-23,25.1560001373291
2019-08-26,25.24333381652832
2019-08-27,25.128000259399414
2019-08-28,25.58133316040039
2019-08-29,25.695999145507812
2019-08-30,25.583999633789062
2019-09-03,25.590667724609375
2019-09-04,25.907333374023438
2019-09-05,26.43866729736328
2019-09-06,26.648666381835938
2019-09-09,26.841333389282227
2019-09-10,27.178667068481445
2019-09-11,26.98466682434082
2019-09-12,26.260000228881836
2019-09-13,26.05666732788086
2019-09-16,25.362667083740234
2019-09-17,26.10466766357422
2019-09-18,26.03266716003418
2019-09-19,25.995332717895508
2019-09-20,26.590667724609375
2019-09-23,26.525333404541016
2019-09-24,26.31133270263672
2019-09-25,26.318666458129883
2019-09-26,26.410667419433594
2019-09-27,26.298667907714844
2019-09-30,26.567333221435547
2019-10-01,26.711332321166992
2019-10-02,26.029333114624023
2019-10-03,25.823333740234375
2019-10-04,26.041332244873047
2019-10-07,25.93000030517578
2019-10-08,25.841999053955078
2019-10-09,26.35533332824707
2019-10-10,26.586666107177734
2019-10-11,26.75666618347168
2019-10-14,26.75933265686035
2019-10-15,26.916667938232422
2019-10-16,27.183332443237305
2019-10-17,27.14466667175293
2019-10-18,26.8799991607666
2019-10-21,26.83133316040039
2019-10-22,26.69333267211914
2019-10-23,26.70199966430664
2019-10-24,29.15333366394043
2019-10-25,29.236000061035156
2019-10-28,29.479333877563477
2019-10-29,28.956666946411133
2019-10-30,29.112667083740234
2019-10-31,29.034000396728516
2019-11-01,29.134000778198242
2019-11-04,29.099332809448242
2019-11-05,28.9146671295166
2019-11-06,29.3886661529541
2019-11-07,29.35066795349121
2019-11-08,29.281999588012695
2019-11-11,29.329999923706055
2019-11-12,29.327333450317383
2019-11-13,29.44266700744629
2019-11-14,29.54599952697754
2019-11-15,29.68199920654297
2019-11-18,29.992666244506836
2019-11-19,29.63800048828125
2019-11-20,29.246667861938477
2019-11-21,28.996000289916992
2019-11-22,29.21733283996582
2019-11-25,29.200000762939453
2019-11-26,29.485332489013672
2019-11-27,29.71066665649414
2019-11-29,29.485332489013672
2019-12-02,29.757333755493164
2019-12-03,29.242666244506836
2019-12-04,29.472667694091797
2019-12-05,29.402666091918945
2019-12-06,29.704666137695312
2019-12-09,29.315332412719727
2019-12-10,29.459999084472656
2019-12-11,29.643333435058594
2019-12-12,29.413333892822266
2019-12-13,29.42333221435547
2019-12-16,29.368000030517578
2019-12-17,29.579999923706055
2019-12-18,29.369333267211914
2019-12-19,29.510000228881836
2019-12-20,29.410667419433594
2019-12-23,29.160667419433594
2019-12-24,29.32200050354004
2019-12-26,29.272666931152344
2019-12-27,29.1473331451416
2019-12-30,29.167333602905273
2019-12-31,29.21733283996582
2020-01-02,29.167999267578125
2020-01-03,29.25
2020-01-06,28.977333068847656
2020-01-07,28.584667205810547
2020-01-08,28.793333053588867
2020-01-09,29.158000946044922
2020-01-10,29.123332977294922
2020-01-13,29.03333282470703
2020-01-14,29.233999252319336
2020-01-15,29.209999084472656
2020-01-16,29.404666900634766
2020-01-17,29.3786678314209
2020-01-21,29.373332977294922
2020-01-22,29.047332763671875
2020-01-23,29.06999969482422
2020-01-24,28.718000411987305
2020-01-27,28.45400047302246
2020-01-28,28.53733253479004
2020-01-29,28.275333404541016
2020-01-30,27.992000579833984
2020-01-31,27.073333740234375
2020-02-03,27.082000732421875
2020-02-04,27.172666549682617
2020-02-05,27.94733238220215
2020-02-06,26.54199981689453
2020-02-07,25.84600067138672
2020-02-10,26.08733367919922
2020-02-11,25.983999252319336
2020-02-12,26.1646671295166
2020-02-13,26.17333221435547
2020-02-14,26.05933380126953
2020-02-18,26.39933204650879
2020-02-19,26.143333435058594
2020-02-20,26.345333099365234
2020-02-21,26.100000381469727
2020-02-24,25.851333618164062
2020-02-25,25.156667709350586
2020-02-26,25.179332733154297
2020-02-27,24.697999954223633
2020-02-28,24.58133316040039
2020-03-02,25.22599983215332
2020-03-03,24.277999877929688
2020-03-04,25.14666748046875
2020-03-05,24.088666915893555
2020-03-06,24.538667678833008
2020-03-09,24.908666610717773
2020-03-10,26.23466682434082
2020-03-11,24.956666946411133
2020-03-12,22.019332885742188
2020-03-13,23.6200008392334
2020-03-16,19.976667404174805
2020-03-17,21.836000442504883
2020-03-18,19.58133316040039
2020-03-19,19.368667602539062
2020-03-20,17.584667205810547
2020-03-23,17.39466667175293
2020-03-24,18.475332260131836
2020-03-25,19.92799949645996
2020-03-26,21.78266716003418
2020-03-27,20.89533233642578
2020-03-30,21.21266746520996
2020-03-31,20.06999969482422
2020-04-01,19.149999618530273
2020-04-02,20.232667922973633
2020-04-03,19.691999435424805
2020-04-06,22.228666305541992
2020-04-07,22.417999267578125
2020-04-08,22.66866683959961
2020-04-09,22.82933235168457
2020-04-13,23.19466781616211
2020-04-14,23.75666618347168
2020-04-15,23.592666625976562
2020-04-16,24.511999130249023
2020-04-17,24.900667190551758
2020-04-20,24.910667419433594
2020-04-21,23.886667251586914
2020-04-22,24.55066680908203
2020-04-23,24.968666076660156
2020-04-24,25.654666900634766
2020-04-27,25.96666717529297
2020-04-28,25.633333206176758
2020-04-29,26.06800079345703
2020-04-30,25.756000518798828
2020-05-01,25.091333389282227
2020-05-04,25.880666732788086
2020-05-05,26.025333404541016
2020-05-06,26.517332077026367
2020-05-07,25.76333236694336
2020-05-08,26.833999633789062
2020-05-11,26.593332290649414
2020-05-12,26.28733253479004
2020-05-13,25.992666244506836
2020-05-14,26.573333740234375
2020-05-15,27.141332626342773
2020-05-18,27.326000213623047
2020-05-19,27.318666458129883
2020-05-20,27.140666961669922
2020-05-21,26.95199966430664
2020-05-22,26.999332427978516
2020-05-26,26.607999801635742
2020-05-27,27.685333251953125
2020-05-28,27.54199981689453
2020-05-29,27.81599998474121
2020-06-01,27.84000015258789
2020-06-02,27.982667922973633
2020-06-03,28.06333351135254
2020-06-04,27.59000015258789
2020-06-05,28.18000030517578
2020-06-08,27.98200035095215
2020-06-09,28.215999603271484
2020-06-10,27.76533317565918
2020-06-11,27.261333465576172
2020-06-12,27.356666564941406
2020-06-15,27.714000701904297
2020-06-16,28.416667938232422
2020-06-17,28.422000885009766
2020-06-18,28.395999908447266
2020-06-19,28.14533233642578
2020-06-22,28.727333068847656
2020-06-23,28.498666763305664
2020-06-24,27.594667434692383
2020-06-25,27.84000015258789
2020-06-26,27.697999954223633
2020-06-29,28.159332275390625
2020-06-30,28.1113338470459
2020-07-01,28.405332565307617
2020-07-02,28.523332595825195
2020-07-06,28.389333724975586
2020-07-07,28.14466667175293
2020-07-08,28.03266716003418
2020-07-09,27.96066665649414
2020-07-10,28.05066680908203
2020-07-13,27.986000061035156
2020-07-14,28.52666664123535
2020-07-15,28.86199951171875
2020-07-16,28.777999877929688
2020-07-17,28.78266716003418
2020-07-20,29.211332321166992
2020-07-21,29.764667510986328
2020-07-22,30.051332473754883
2020-07-23,29.856666564941406
2020-07-24,29.48933219909668
2020-07-27,30.030000686645508
2020-07-28,30.003332138061523
2020-07-29,30.384666442871094
2020-07-30,32.03466796875
2020-07-31,31.825332641601562
2020-08-03,31.586000442504883
2020-08-04,31.525333404541016
2020-08-05,31.235332489013672
2020-08-06,31.071332931518555
2020-08-07,31.011999130249023
2020-08-10,30.74333381652832
2020-08-11,30.26799964904785
2020-08-12,30.900667190551758
2020-08-13,30.756000518798828
2020-08-14,30.90333366394043
2020-08-17,31.297332763671875
2020-08-18,31.34000015258789
2020-08-19,31.070667266845703
2020-08-20,30.799333572387695
2020-08-21,30.68866729736328
2020-08-24,30.92733383178711
2020-08-25,31.062667846679688
2020-08-26,30.84666633605957
2020-08-27,30.838666915893555
2020-08-28,30.863332748413086
2020-08-31,31.04199981689453
2020-09-01,31.546667098999023
2020-09-02,32.17466735839844
2020-09-03,31.463333129882812
2020-09-04,31.400667190551758
2020-09-08,31.360666275024414
2020-09-09,31.75200080871582
2020-09-10,31.284666061401367
2020-09-11,31.643333435058594
2020-09-14,31.874666213989258
2020-09-15,31.827333450317383
2020-09-16,31.327999114990234
2020-09-17,31.159332275390625
2020-09-18,30.926666259765625
2020-09-21,30.263999938964844
2020-09-22,30.360000610351562
2020-09-23,29.908000946044922
2020-09-24,29.597999572753906
2020-09-25,29.64533233642578
2020-09-28,30.48933219909668
2020-09-29,30.221332550048828
2020-09-30,30.738666534423828
2020-10-01,30.90399932861328
2020-10-02,30.549333572387695
2020-10-05,30.632667541503906
2020-10-06,29.640666961669922
2020-10-07,29.65999984741211
2020-10-08,30.224000930786133
2020-10-09,29.958667755126953
2020-10-12,30.564666748046875
2020-10-13,31.296667098999023
2020-10-14,30.975332260131836
2020-10-15,31.299999237060547
2020-10-16,31.134000778198242
2020-10-19,30.916667938232422
2020-10-20,31.294666290283203
2020-10-21,31.066667556762695
2020-10-22,30.475332260131836
2020-10-23,31.095333099365234
2020-10-26,30.3973331451416
2020-10-27,30.014667510986328
2020-10-28,29.492666244506836
2020-10-29,29.088666915893555
2020-10-30,29.106666564941406
2020-11-02,29.430667877197266
2020-11-03,29.93666648864746
2020-11-04,30.03066635131836
2020-11-05,30.007333755493164
2020-11-06,29.900667190551758
2020-11-09,30.336000442504883
2020-11-10,30.43866729736328
2020-11-11,30.892000198364258
2020-11-12,30.455333709716797
2020-11-13,30.77666664123535
2020-11-16,30.748666763305664
2020-11-17,30.02199935913086
2020-11-18,30.302000045776367
2020-11-19,30.092666625976562
2020-11-20,29.78533363342285
2020-11-23,29.472667694091797
2020-11-24,29.93600082397461
2020-11-25,29.609333038330078
2020-11-27,29.543333053588867
2020-11-30,29.496000289916992
2020-12-01,30.237333297729492
2020-12-02,29.493999481201172
2020-12-03,29.766666412353516
2020-12-04,30.0
2020-12-07,29.908000946044922
2020-12-08,29.333332061767578
2020-12-09,29.601333618164062
2020-12-10,29.733333587646484
2020-12-11,29.862667083740234
2020-12-14,29.836666107177734
2020-12-15,29.93866729736328
2020-12-16,30.332000732421875
2020-12-17,30.121999740600586
2020-12-18,30.07666778564453
2020-12-21,30.172666549682617
2020-12-22,30.22599983215332
2020-12-23,30.528667449951172
2020-12-24,30.784000396728516
2020-12-28,30.470666885375977
2020-12-29,30.172000885009766
2020-12-30,30.1200008392334
2020-12-31,30.17133331298828
2021-01-04,30.264667510986328
2021-01-05,30.0853328704834
2021-01-06,31.011999130249023
2021-01-07,31.32666778564453
2021-01-08,31.8613338470459
2021-01-11,32.255332946777344
2021-01-12,33.026668548583984
2021-01-13,32.18733215332031
2021-01-14,31.433332443237305
2021-01-15,31.112667083740234
2021-01-19,30.929332733154297
2021-01-20,31.07933235168457
2021-01-21,31.400667190551758
2021-01-22,30.487333297729492
2021-01-25,29.996667861938477
2021-01-26,30.299999237060547
2021-01-27,28.558000564575195
2021-01-28,28.82200050354004
2021-01-29,28.364667892456055
2021-02-01,29.1026668548584
2021-02-02,29.6646671295166
2021-02-03,29.498666763305664
2021-02-04,30.12266731262207
2021-02-05,29.88599967956543
2021-02-08,30.166667938232422
2021-02-09,30.218000411987305
2021-02-10,30.431333541870117
2021-02-11,28.87733268737793
2021-02-12,28.8700008392334
2021-02-16,29.518667221069336
2021-02-17,29.83066749572754
2021-02-18,30.56800079345703
2021-02-19,30.694000244140625
2021-02-22,30.44466781616211
2021-02-23,30.264667510986328
2021-02-24,30.391332626342773
2021-02-25,29.72599983215332
2021-02-26,29.82200050354004
2021-03-01,30.082000732421875
2021-03-02,30.090667724609375
2021-03-03,30.299999237060547
2021-03-04,30.017332077026367
2021-03-05,31.05666732788086
2021-03-08,31.52666664123535
2021-03-09,30.994667053222656
2021-03-10,31.593332290649414
2021-03-11,31.623332977294922
2021-03-12,32.17599868774414
2021-03-15,32.28733444213867
2021-03-16,32.26133346557617
2021-03-17,32.198665618896484
2021-03-18,32.14533233642578
2021-03-19,32.540000915527344
2021-03-22,32.7226676940918
2021-03-23,32.35266876220703
2021-03-24,32.590667724609375
2021-03-25,33.13199996948242
2021-03-26,33.78266525268555
2021-03-29,33.86866760253906
2021-03-30,33.94200134277344
2021-03-31,33.81666564941406
2021-04-01,33.85466766357422
2021-04-05,33.94066619873047
2021-04-06,34.284000396728516
2021-04-07,34.17599868774414
2021-04-08,33.88133239746094
2021-04-09,34.44733428955078
2021-04-12,34.63800048828125
2021-04-13,34.35933303833008
2021-04-14,34.51266860961914
2021-04-15,34.79933166503906
2021-04-16,35.36800003051758
2021-04-19,35.58466720581055
2021-04-20,35.7513313293457
2021-04-21,35.55066680908203
2021-04-22,35.30533218383789
2021-04-23,35.50733184814453
2021-04-26,35.0793342590332
2021-04-27,35.5099983215332
2021-04-28,35.26333236694336
2021-04-29,36.47800064086914
2021-04-30,36.858665466308594
2021-05-03,36.99733352661133
2021-05-04,37.32533264160156
2021-05-05,37.339332580566406
2021-05-06,37.41466522216797
2021-05-07,37.487998962402344
2021-05-10,37.49800109863281
2021-05-11,37.321998596191406
2021-05-12,36.551998138427734
2021-05-13,36.961334228515625
2021-05-14,36.888668060302734
2021-05-17,36.87733459472656
2021-05-18,36.53799819946289
2021-05-19,36.16466522216797
2021-05-20,36.43466567993164
2021-05-21,36.279998779296875
2021-05-24,35.79199981689453
2021-05-25,35.6533317565918
2021-05-26,35.41466522216797
2021-05-27,35.27333450317383
2021-05-28,35.67466735839844
2021-06-01,35.84333419799805
2021-06-02,35.57400131225586
2021-06-03,35.220001220703125
2021-06-04,35.10599899291992
2021-06-07,35.02933120727539
2021-06-08,35.270668029785156
2021-06-09,35.198665618896484
2021-06-10,35.18266677856445
2021-06-11,35.650665283203125
2021-06-14,35.494667053222656
2021-06-15,35.67133331298828
2021-06-16,35.63199996948242
2021-06-17,35.83599853515625
2021-06-18,35.805999755859375
2021-06-21,36.46666717529297
2021-06-22,36.776668548583984
2021-06-23,36.65666580200195
2021-06-24,36.641334533691406
2021-06-25,37.14400100708008
2021-06-28,37.4379997253418
2021-06-29,37.66466522216797
2021-06-30,37.74733352661133
2021-07-01,38.358665466308594
2021-07-02,38.79199981689453
2021-07-06,38.67866516113281
2021-07-07,39.00666809082031
2021-07-08,38.7686653137207
2021-07-09,39.44333267211914
2021-07-12,39.433998107910156
2021-07-13,39.29999923706055
2021-07-14,39.669334411621094
2021-07-15,39.830665588378906
2021-07-16,40.086666107177734
2021-07-19,39.630001068115234
2021-07-20,40.492000579833984
2021-07-21,40.292667388916016
2021-07-22,40.60266876220703
2021-07-23,41.39466857910156
2021-07-26,41.30400085449219
2021-07-27,41.097999572753906
2021-07-28,40.63933181762695
2021-07-29,39.75466537475586
2021-07-30,40.25600051879883
2021-08-02,40.07533264160156
2021-08-03,40.83333206176758
2021-08-04,40.388668060302734
2021-08-05,40.34333419799805
2021-08-06,40.22999954223633
2021-08-09,39.90666580200195
2021-08-10,40.043331146240234
2021-08-11,40.07866668701172
2021-08-12,39.79533386230469
2021-08-13,39.60200119018555
2021-08-16,40.2599983215332
2021-08-17,39.98466873168945
2021-08-18,39.92266845703125
2021-08-19,40.141998291015625
2021-08-20,40.42733383178711
2021-08-23,40.17333221435547
2021-08-24,39.959999084472656
2021-08-25,40.47133255004883
2021-08-26,40.0186653137207
2021-08-27,39.46066665649414
2021-08-30,39.776668548583984
2021-08-31,39.60533142089844
2021-09-01,39.50266647338867
2021-09-02,38.5880012512207
2021-09-03,38.98666763305664
2021-09-07,38.71066665649414
2021-09-08,39.426666259765625
2021-09-09,39.477333068847656
2021-09-10,39.490665435791016
2021-09-13,39.158668518066406
2021-09-14,39.38999938964844
2021-09-15,40.06133270263672
2021-09-16,40.45866775512695
2021-09-17,39.95600128173828
2021-09-20,39.933998107910156
2021-09-21,40.4813346862793
2021-09-22,41.35066604614258
2021-09-23,41.755332946777344
2021-09-24,41.702667236328125
2021-09-27,41.57866668701172
2021-09-28,40.87066650390625
2021-09-29,41.733333587646484
2021-09-30,40.73733139038086
2021-10-01,40.29600143432617
2021-10-04,39.88533401489258
2021-10-05,40.507999420166016
2021-10-06,40.86199951171875
2021-10-07,40.78799819946289
2021-10-08,40.68333435058594
2021-10-11,40.347999572753906
2021-10-12,40.59466552734375
2021-10-13,40.82266616821289
2021-10-14,41.675331115722656
2021-10-15,41.93266677856445
2021-10-18,42.55533218383789
2021-10-19,42.54933166503906
2021-10-20,42.96066665649414
2021-10-21,44.21666717529297
2021-10-22,44.237998962402344
2021-10-25,44.089332580566406
2021-10-26,43.88999938964844
2021-10-27,43.39666748046875
2021-10-28,41.6533317565918
2021-10-29,41.487998962402344
2021-11-01,41.31533432006836
2021-11-02,41.40666580200195
2021-11-03,41.4379997253418
2021-11-04,42.257999420166016
2021-11-05,42.538665771484375
2021-11-08,42.34400177001953
2021-11-09,42.89666748046875
2021-11-10,43.198001861572266
2021-11-11,43.00600051879883
2021-11-12,43.26533126831055
2021-11-15,43.31733322143555
2021-11-16,43.46666717529297
2021-11-17,42.7313346862793
2021-11-18,43.063331604003906
2021-11-19,42.41133117675781
2021-11-22,42.678001403808594
2021-11-23,43.4206657409668
2021-11-24,43.10066604614258
2021-11-26,42.38199996948242
2021-11-29,42.94333267211914
2021-11-30,42.54399871826172
2021-12-01,42.44933319091797
2021-12-02,43.823333740234375
2021-12-03,43.94533157348633
2021-12-06,44.095333099365234
2021-12-07,44.85266876220703
2021-12-08,44.9813346862793
2021-12-09,44.79999923706055
2021-12-10,45.4913330078125
2021-12-13,44.784000396728516
2021-12-14,44.490665435791016
2021-12-15,45.81399917602539
2021-12-16,45.83133316040039
2021-12-17,45.07133483886719
2021-12-20,44.839332580566406
2021-12-21,44.9813346862793
2021-12-22,45.43000030517578
2021-12-23,45.2946662902832
2021-12-27,46.16266632080078
2021-12-28,46.45800018310547
2021-12-29,47.20933151245117
2021-12-30,46.78466796875
2021-12-31,47.082000732421875
2022-01-03,46.395999908447266
2022-01-04,46.590667724609375
2022-01-05,45.68866729736328
2022-01-06,46.681331634521484
2022-01-07,45.483333587646484
2022-01-10,45.005332946777344
2022-01-11,45.439998626708984
2022-01-12,45.573333740234375
2022-01-13,45.849334716796875
2022-01-14,45.257999420166016
2022-01-18,44.37799835205078
2022-01-19,43.9726676940918
2022-01-20,43.20399856567383
2022-01-21,42.39466857910156
2022-01-24,43.85133361816406
2022-01-25,43.091331481933594
2022-01-26,42.05466842651367
2022-01-27,42.31133270263672
2022-01-28,42.90133285522461
2022-01-31,43.45000076293945
2022-02-01,43.79933166503906
2022-02-02,44.827999114990234
2022-02-03,44.03200149536133
2022-02-04,43.095333099365234
2022-02-07,42.2686653137207
2022-02-08,42.47533416748047
2022-02-09,42.681331634521484
2022-02-10,43.89666748046875
2022-02-11,44.551998138427734
2022-02-14,44.069332122802734
2022-02-15,44.98400115966797
2022-02-16,45.229331970214844
2022-02-17,44.99599838256836
2022-02-18,45.13066864013672
2022-02-22,43.48066711425781
2022-02-23,42.116668701171875
2022-02-24,42.477333068847656
2022-02-25,43.64733123779297
2022-02-28,43.28266525268555
2022-03-01,43.768001556396484
2022-03-02,45.05799865722656
2022-03-03,45.612667083740234
2022-03-04,44.939334869384766
2022-03-07,44.02866744995117
2022-03-08,43.678001403808594
2022-03-09,44.97999954223633
2022-03-10,45.038665771484375
2022-03-11,45.00733184814453
2022-03-14,44.987998962402344
2022-03-15,46.38933181762695
2022-03-16,46.7239990234375
2022-03-17,46.75466537475586
2022-03-18,45.9986686706543
2022-03-21,45.698001861572266
2022-03-22,45.79999923706055
2022-03-23,45.883331298828125
2022-03-24,46.68266677856445
2022-03-25,46.89066696166992
2022-03-28,45.77000045776367
2022-03-29,46.83466720581055
2022-03-30,46.435333251953125
2022-03-31,45.66400146484375
2022-04-01,44.49533462524414
2022-04-04,45.790000915527344
2022-04-05,46.03266525268555
2022-04-06,46.74266815185547
2022-04-07,48.4553337097168
2022-04-08,49.097999572753906
2022-04-11,48.26266860961914
2022-04-12,47.836666107177734
2022-04-13,48.27333450317383
2022-04-14,47.59199905395508
2022-04-18,48.108001708984375
2022-04-19,48.68600082397461
2022-04-20,49.590667724609375
2022-04-21,48.543331146240234
2022-04-22,47.18466567993164
2022-04-25,47.56133270263672
2022-04-26,47.616668701171875
2022-04-27,47.55266571044922
2022-04-28,41.551998138427734
2022-04-29,40.436668395996094
2022-05-02,40.709999084472656
2022-05-03,40.232666015625
2022-05-04,41.87200164794922
2022-05-05,40.23666763305664
2022-05-06,40.560001373291016
2022-05-09,40.67133331298828
2022-05-10,40.78733444213867
2022-05-11,40.50199890136719
2022-05-12,41.48933410644531
2022-05-13,42.37466812133789
2022-05-16,42.58866882324219
2022-05-17,43.2226676940918
2022-05-18,39.9913330078125
2022-05-19,40.10200119018555
2022-05-20,38.17133331298828
2022-05-23,38.60733413696289
2022-05-24,40.54533386230469
2022-05-25,41.05266571044922
2022-05-26,42.61000061035156
2022-05-27,43.15599822998047
2022-05-31,42.47800064086914
2022-06-01,41.64066696166992
2022-06-02,42.27466583251953
2022-06-03,42.10733413696289
2022-06-06,42.52000045776367
2022-06-07,42.32266616821289
2022-06-08,41.65533447265625
2022-06-09,41.275333404541016
2022-06-10,40.49599838256836
2022-06-13,39.61800003051758
2022-06-14,39.77933120727539
2022-06-15,39.933998107910156
2022-06-16,39.0
2022-06-17,39.11466598510742
2022-06-21,39.823333740234375
2022-06-22,40.5880012512207
2022-06-23,41.87933349609375
2022-06-24,42.604000091552734
2022-06-27,42.7413330078125
2022-06-28,42.03466796875
2022-06-29,42.47533416748047
2022-06-30,42.117332458496094
2022-07-01,42.40533447265625
2022-07-05,43.16733169555664
2022-07-06,43.849998474121094
2022-07-07,44.108001708984375
2022-07-08,43.858665466308594
2022-07-11,43.686668395996094
2022-07-12,43.55266571044922
2022-07-13,44.477333068847656
2022-07-14,44.91866683959961
2022-07-15,45.54666519165039
2022-07-18,44.849334716796875
2022-07-19,45.95466613769531
2022-07-20,45.99733352661133
2022-07-21,45.7239990234375
2022-07-22,45.880001068115234
2022-07-25,45.68000030517578
2022-07-26,45.02333450317383
2022-07-27,45.959999084472656
2022-07-28,47.13399887084961
2022-07-29,46.90599822998047
2022-08-01,47.26599884033203
2022-08-02,47.2313346862793
2022-08-03,47.02466583251953
2022-08-04,47.12799835205078
2022-08-05,47.267333984375
2022-08-08,47.48466873168945
2022-08-09,47.801334381103516
2022-08-10,47.98866653442383
2022-08-11,47.96066665649414
2022-08-12,48.772666931152344
2022-08-15,49.19733428955078
2022-08-16,49.50600051879883
2022-08-17,49.58399963378906
2022-08-18,49.11466598510742
2022-08-19,49.10333251953125
2022-08-22,48.29199981689453
2022-08-23,48.00600051879883
2022-08-24,47.41400146484375
2022-08-25,47.582000732421875
2022-08-26,46.58599853515625
2022-08-29,46.98466873168945
2022-08-30,46.55066680908203
2022-08-31,46.474666595458984
2022-09-01,47.097999572753906
2022-09-02,46.8466682434082
2022-09-06,47.16866683959961
2022-09-07,48.29399871826172
2022-09-08,48.57600021362305
2022-09-09,48.06800079345703
2022-09-12,48.494667053222656
2022-09-13,46.378665924072266
2022-09-14,45.96200180053711
2022-09-15,45.92466735839844
2022-09-16,46.23400115966797
2022-09-19,46.35200119018555
2022-09-20,46.737998962402344
2022-09-21,46.36199951171875
2022-09-22,46.23733139038086
2022-09-23,45.88199996948242
2022-09-26,46.24800109863281
2022-09-27,46.21266555786133
2022-09-28,47.84199905395508
2022-09-29,47.45066833496094
2022-09-30,46.88999938964844
2022-10-03,47.87933349609375
2022-10-04,48.64733123779297
2022-10-05,48.805999755859375
2022-10-06,48.82733154296875
2022-10-07,47.384666442871094
2022-10-10,48.30466842651367
2022-10-11,48.72666549682617
2022-10-12,48.50400161743164
2022-10-13,49.198665618896484
2022-10-14,48.79399871826172
2022-10-17,49.08466720581055
2022-10-18,49.4739990234375
2022-10-19,49.181331634521484
2022-10-20,48.72800064086914
2022-10-21,49.60466766357422
2022-10-24,51.23066711425781
2022-10-25,51.71533203125
2022-10-26,51.830665588378906
2022-10-27,54.21466827392578
2022-10-28,55.753334045410156
2022-10-31,55.81133270263672
2022-11-01,55.599998474121094
2022-11-02,54.340667724609375
2022-11-03,54.62466812133789
2022-11-04,54.382667541503906
2022-11-07,55.3466682434082
2022-11-08,55.56733322143555
2022-11-09,55.246665954589844
2022-11-10,56.25666809082031
2022-11-11,54.37333297729492
2022-11-14,54.994667053222656
2022-11-15,55.007999420166016
2022-11-16,55.59866714477539
2022-11-17,55.332000732421875
2022-11-18,55.884666442871094
2022-11-21,56.42599868774414
2022-11-22,56.80866622924805
2022-11-23,56.72133255004883
2022-11-25,57.064666748046875
2022-11-28,56.83733367919922
2022-11-29,56.64866638183594
2022-11-30,57.63600158691406
2022-12-01,57.14533233642578
2022-12-02,57.227333068847656
2022-12-05,56.206668853759766
2022-12-06,55.310665130615234
2022-12-07,55.25266647338867
2022-12-08,55.75733184814453
2022-12-09,55.186668395996094
2022-12-12,55.62333297729492
2022-12-13,54.58399963378906
2022-12-14,54.29999923706055
2022-12-15,53.813331604003906
2022-12-16,54.11800003051758
2022-12-19,54.42866516113281
2022-12-20,54.908668518066406
2022-12-21,55.574668884277344
2022-12-22,54.91866683959961
2022-12-23,55.56999969482422
2022-12-27,56.25600051879883
2022-12-28,56.30799865722656
2022-12-29,56.24399948120117
2022-12-30,56.2686653137207
2023-01-03,56.04800033569336
2023-01-04,55.11600112915039
2023-01-05,55.61933135986328
2023-01-06,56.167999267578125
2023-01-09,55.24733352661133
2023-01-10,55.12533187866211
2023-01-11,55.03333282470703
2023-01-12,54.05666732788086
2023-01-13,54.36466598510742
2023-01-17,53.982666015625
2023-01-18,53.672000885009766
2023-01-19,52.91533279418945
2023-01-20,52.891998291015625
2023-01-23,52.959999084472656
2023-01-24,53.272666931152344
2023-01-25,53.36466598510742
2023-01-26,53.37533187866211
2023-01-27,51.41133117675781
2023-01-30,52.641998291015625
2023-01-31,52.823333740234375
2023-02-01,53.86199951171875
2023-02-02,53.71066665649414
2023-02-03,52.98933410644531
2023-02-06,53.96333312988281
2023-02-07,53.40133285522461
2023-02-08,52.490665435791016
2023-02-09,54.46666717529297
2023-02-10,55.021331787109375
2023-02-13,56.632667541503906
2023-02-14,57.400001525878906
2023-02-15,57.41533279418945
2023-02-16,57.46666717529297
2023-02-17,58.20066833496094
2023-02-21,57.34199905395508
2023-02-22,56.16733169555664
2023-02-23,56.07733154296875
2023-02-24,55.45466613769531
2023-02-27,56.39733123779297
2023-02-28,55.34000015258789
2023-03-01,54.948001861572266
2023-03-02,56.05933380126953
2023-03-03,55.86866760253906
2023-03-06,55.96266555786133
2023-03-07,55.24800109863281
2023-03-08,55.37066650390625
2023-03-09,54.8206672668457
2023-03-10,54.66133117675781
2023-03-13,54.548667907714844
2023-03-14,54.7486686706543
2023-03-15,54.55066680908203
2023-03-16,54.634666442871094
2023-03-17,53.19133377075195
2023-03-20,54.40399932861328
2023-03-21,54.641998291015625
2023-03-22,53.931331634521484
2023-03-23,53.425331115722656
2023-03-24,54.05066680908203
2023-03-27,54.60266876220703
2023-03-28,55.25666809082031
2023-03-29,55.47200012207031
2023-03-30,56.099998474121094
2023-03-31,56.59866714477539
2023-04-03,57.86333465576172
2023-04-04,57.62933349609375
2023-04-05,57.223331451416016
2023-04-06,57.408668518066406
2023-04-10,57.983333587646484
2023-04-11,58.069332122802734
2023-04-12,58.4900016784668
2023-04-13,59.1966667175293
2023-04-14,59.48466873168945
2023-04-17,59.818668365478516
2023-04-18,60.66133117675781
2023-04-19,59.942665100097656
2023-04-20,60.35733413696289
2023-04-21,60.25400161743164
2023-04-24,60.46666717529297
2023-04-25,59.85066604614258
2023-04-26,59.61333465576172
2023-04-27,61.0446662902832
2023-04-28,61.15399932861328
2023-05-01,61.973331451416016
2023-05-02,62.43466567993164
2023-05-03,62.111331939697266
2023-05-04,62.2413330078125
2023-05-05,62.718666076660156
2023-05-08,63.10933303833008
2023-05-09,63.56399917602539
2023-05-10,63.65133285522461
2023-05-11,63.88399887084961
2023-05-12,64.13999938964844
2023-05-15,63.0186653137207
2023-05-16,62.503334045410156
2023-05-17,62.628665924072266
2023-05-18,62.78666687011719
2023-05-19,63.619998931884766
2023-05-22,61.875999450683594
2023-05-23,60.79933166503906
2023-05-24,61.9293327331543
2023-05-25,62.33466720581055
2023-05-26,61.53333282470703
2023-05-30,61.87200164794922
2023-05-31,60.22066879272461
2023-06-01,59.685333251953125
2023-06-02,59.689334869384766
2023-06-05,60.14066696166992
2023-06-06,59.0620002746582
2023-06-07,58.874000549316406
2023-06-08,60.44533157348633
2023-06-09,60.465999603271484
2023-06-12,60.78533172607422
2023-06-13,61.08466720581055
2023-06-14,60.64266586303711
2023-06-15,61.83266830444336
2023-06-16,61.268001556396484
2023-06-20,61.16600036621094
2023-06-21,62.52866744995117
2023-06-22,62.16999816894531
2023-06-23,61.650665283203125
2023-06-26,62.11000061035156
2023-06-27,62.35933303833008
2023-06-28,62.468666076660156
2023-06-29,62.494667053222656
2023-06-30,63.686668395996094
2023-07-03,63.138668060302734
2023-07-05,63.189334869384766
2023-07-06,62.9553337097168
2023-07-07,62.29800033569336
2023-07-10,64.07266998291016
2023-07-11,64.50399780273438
2023-07-12,64.6153335571289
2023-07-13,63.73733139038086
2023-07-14,64.09400177001953
2023-07-17,64.59733581542969
2023-07-18,64.1606674194336
2023-07-19,64.2300033569336
2023-07-20,63.481998443603516
2023-07-21,63.7486686706543
2023-07-24,63.865333557128906
2023-07-25,64.2873306274414
2023-07-26,64.37466430664062
2023-07-27,61.307334899902344
2023-07-28,61.919334411621094
2023-07-31,61.71933364868164
2023-08-01,62.06999969482422
2023-08-02,61.23066711425781
2023-08-03,62.051998138427734
2023-08-04,61.728668212890625
2023-08-07,62.117332458496094
2023-08-08,61.9466667175293
2023-08-09,61.982666015625
2023-08-10,62.442665100097656
2023-08-11,62.90399932861328
2023-08-14,63.0099983215332
2023-08-15,63.42399978637695
2023-08-16,63.40399932861328
2023-08-17,62.111331939697266
2023-08-18,62.53333282470703
2023-08-21,63.03266525268555
2023-08-22,62.2686653137207
2023-08-23,63.14466857910156
2023-08-24,62.34266662597656
2023-08-25,62.069332122802734
2023-08-28,62.29533386230469
2023-08-29,63.108001708984375
2023-08-30,63.47666549682617
2023-08-31,62.64666748046875
2023-09-01,63.163333892822266
2023-09-05,63.03533172607422
2023-09-06,62.986000061035156
2023-09-07,63.05400085449219
2023-09-08,63.89066696166992
2023-09-11,62.83333206176758
2023-09-12,61.61800003051758
2023-09-13,61.790000915527344
2023-09-14,62.71200180053711
2023-09-15,62.013999938964844
2023-09-18,61.956668853759766
2023-09-19,61.94533157348633
2023-09-20,63.05533218383789
2023-09-21,61.76466751098633
2023-09-22,62.40133285522461
2023-09-25,62.24266815185547
2023-09-26,60.97066879272461
2023-09-27,60.94466781616211
2023-09-28,61.160667419433594
2023-09-29,60.590667724609375
2023-10-02,59.90800094604492
2023-10-03,59.30666732788086
2023-10-04,59.813331604003906
2023-10-05,60.0533332824707
2023-10-06,60.143333435058594
2023-10-09,60.97800064086914
2023-10-10,61.20866775512695
2023-10-11,61.09400177001953
2023-10-12,61.29600143432617
2023-10-13,61.763999938964844
2023-10-16,63.02000045776367
2023-10-17,63.0706672668457
2023-10-18,62.03333282470703
2023-10-19,59.89266586303711
2023-10-20,60.47066879272461
2023-10-23,58.577999114990234
2023-10-24,58.133331298828125
2023-10-25,58.327999114990234
2023-10-26,61.442665100097656
2023-10-27,61.637332916259766
2023-10-30,62.009334564208984
2023-10-31,62.02933120727539
2023-11-01,63.04399871826172
2023-11-02,63.20600128173828
2023-11-03,63.522666931152344
2023-11-06,63.7400016784668
2023-11-07,64.9739990234375
2023-11-08,64.913330078125
2023-11-09,65.20933532714844
2023-11-10,65.74800109863281
2023-11-13,66.39466857910156
2023-11-14,65.53067016601562
2023-11-15,64.88933563232422
2023-11-16,64.79933166503906
2023-11-17,64.56999969482422
2023-11-20,65.24066925048828
2023-11-21,65.57266998291016
2023-11-22,66.09733581542969
2023-11-24,65.8106689453125
2023-11-27,65.54199981689453
2023-11-28,65.16200256347656
2023-11-29,64.92933654785156
2023-11-30,65.49199676513672
2023-12-01,65.36799621582031
2023-12-04,65.5479965209961
2023-12-05,65.197998046875
2023-12-06,65.68000030517578
2023-12-07,63.580665588378906
2023-12-08,63.05866622924805
2023-12-11,64.36799621582031
2023-12-12,64.85266876220703
2023-12-13,65.5606689453125
2023-12-14,63.40800094604492
2023-12-15,63.4379997253418
2023-12-18,64.0086669921875
2023-12-19,64.28399658203125
2023-12-20,63.349998474121094
2023-12-21,63.836666107177734
2023-12-22,63.47066879272461
2023-12-26,62.80400085449219
2023-12-27,62.836666107177734
2023-12-28,62.74733352661133
2023-12-29,63.33866882324219
2024-01-02,62.9986686706543
2024-01-03,62.91400146484375
2024-01-04,62.38666534423828
2024-01-05,61.69333267211914
2024-01-08,61.862667083740234
2024-01-09,61.86000061035156
2024-01-10,62.436668395996094
2024-01-11,62.9739990234375
2024-01-12,63.53733444213867
2024-01-16,66.01667022705078
2024-01-17,66.14399719238281
2024-01-18,67.7020034790039
2024-01-19,68.54000091552734
2024-01-22,69.06266784667969
2024-01-23,68.35466766357422
2024-01-24,67.89666748046875
2024-01-25,68.26933288574219
2024-01-26,68.1673355102539
2024-01-29,68.6673355102539
2024-01-30,69.40799713134766
2024-01-31,68.20333099365234
2024-02-01,69.44999694824219
2024-02-02,69.82066345214844
2024-02-05,70.37466430664062
2024-02-06,70.1240005493164
2024-02-07,71.1346664428711
2024-02-08,68.05533599853516
2024-02-09,68.38800048828125
2024-02-12,68.4260025024414
2024-02-13,69.28399658203125
2024-02-14,69.95333099365234
2024-02-15,69.86000061035156
2024-02-16,70.06999969482422
2024-02-20,69.04199981689453
2024-02-21,69.31800079345703
2024-02-22,70.32066345214844
2024-02-23,70.53466796875
2024-02-26,70.8046646118164
2024-02-27,72.11666870117188
2024-02-28,72.86399841308594
2024-02-29,72.49466705322266
2024-03-01,72.36333465576172
2024-03-04,71.8653335571289
2024-03-05,71.97799682617188
2024-03-06,72.11000061035156
2024-03-07,72.62866973876953
2024-03-08,72.27999877929688
2024-03-11,72.4086685180664
2024-03-12,72.97333526611328
2024-03-13,73.42666625976562
2024-03-14,74.45999908447266
2024-03-15,74.21199798583984
2024-03-18,74.25533294677734
2024-03-19,75.64199829101562
2024-03-20,76.35266876220703
2024-03-21,77.52933502197266
2024-03-22,77.83533477783203
2024-03-25,75.8046646118164
2024-03-26,75.6520004272461
2024-03-27,75.70133209228516
2024-03-28,75.2586669921875
2024-04-01,75.35199737548828
2024-04-02,76.01399993896484
2024-04-03,75.52999877929688
2024-04-04,73.30867004394531
2024-04-05,74.50399780273438
2024-04-08,73.81600189208984
2024-04-09,73.04933166503906
2024-04-10,72.87333679199219
2024-04-11,72.19999694824219
2024-04-12,71.76599884033203
2024-04-15,71.28466796875
2024-04-16,72.63400268554688
2024-04-17,72.98666381835938
2024-04-18,73.40399932861328
2024-04-19,72.72933197021484
2024-04-22,72.76399993896484
2024-04-23,72.82333374023438
2024-04-24,72.84666442871094
2024-04-25,70.27532958984375
2024-04-26,69.59532928466797
2024-04-29,69.13600158691406
2024-04-30,67.55066680908203
2024-05-01,67.00733184814453
2024-05-02,67.08200073242188
2024-05-03,67.52999877929688
2024-05-06,67.73933410644531
2024-05-07,68.04733276367188
2024-05-08,68.02266693115234
2024-05-09,68.71466827392578
2024-05-10,67.95532989501953
2024-05-13,67.51667022705078
2024-05-14,67.11799621582031
2024-05-15,67.3586654663086
2024-05-16,67.0653305053711
2024-05-17,67.47066497802734
2024-05-20,66.35533142089844
2024-05-21,66.37266540527344
2024-05-22,66.09600067138672
2024-05-23,65.05799865722656
2024-05-24,65.79733276367188
2024-05-28,63.83399963378906
2024-05-29,63.86000061035156
2024-05-30,64.24266815185547
2024-05-31,64.21733093261719
2024-06-03,63.77399826049805
2024-06-04,64.6866683959961
2024-06-05,65.1240005493164
2024-06-06,65.49466705322266
2024-06-07,65.24666595458984
2024-06-10,65.00933074951172
2024-06-11,66.66867065429688
2024-06-12,66.94933319091797
2024-06-13,66.38533020019531
2024-06-14,67.15399932861328
2024-06-17,69.55000305175781
2024-06-18,70.4433364868164
2024-06-20,72.03800201416016
2024-06-21,72.11933135986328
2024-06-24,72.23466491699219
2024-06-25,70.51933288574219
2024-06-26,70.0566635131836
2024-06-27,70.49466705322266
2024-06-28,70.40399932861328
2024-07-01,67.75466918945312
2024-07-02,69.13733673095703
2024-07-03,68.03600311279297
2024-07-05,68.45466613769531
2024-07-08,68.18599700927734
2024-07-09,67.70800018310547
2024-07-10,68.5459976196289
2024-07-11,68.86599731445312
2024-07-12,69.34066772460938
2024-07-15,69.49400329589844
2024-07-16,69.56800079345703
2024-07-17,69.57533264160156
2024-07-18,68.5393295288086
2024-07-19,69.52400207519531
2024-07-22,70.47333526611328
2024-07-23,69.93399810791016
2024-07-24,70.04733276367188
2024-07-25,72.86066436767578
2024-07-26,74.02066802978516
2024-07-29,74.5459976196289
2024-07-30,76.05999755859375
2024-07-31,75.0893325805664
2024-08-01,75.55999755859375
2024-08-02,75.80133056640625
2024-08-05,73.70133209228516
2024-08-06,74.086669921875
2024-08-07,73.9366683959961
2024-08-08,74.72666931152344
2024-08-09,74.9606704711914
2024-08-12,74.73799896240234
2024-08-13,74.31466674804688
2024-08-14,75.28133392333984
2024-08-15,74.39266967773438
2024-08-16,74.6346664428711
2024-08-19,74.76667022705078
2024-08-20,75.10466766357422
2024-08-21,75.87733459472656
2024-08-22,75.1780014038086
2024-08-23,74.43800354003906
2024-08-26,74.68533325195312
2024-08-27,75.18199920654297
2024-08-28,75.913330078125
2024-08-29,75.89800262451172
2024-08-30,75.33132934570312
2024-09-03,75.7873306274414
2024-09-04,75.84866333007812
2024-09-05,75.8393325805664
2024-09-06,74.61199951171875
2024-09-09,74.9346694946289
2024-09-10,75.29533386230469
2024-09-11,74.17533111572266
2024-09-12,74.66200256347656
2024-09-13,75.03199768066406
2024-09-16,75.38133239746094
2024-09-17,75.19466400146484
2024-09-18,75.5459976196289
2024-09-19,74.37666320800781
2024-09-20,73.9366683959961
2024-09-23,74.65599822998047
2024-09-24,75.28133392333984
2024-09-25,76.18733215332031
2024-09-26,77.30799865722656
2024-09-27,76.4020004272461
2024-09-30,76.77333068847656
2024-10-01,77.46600341796875
2024-10-02,76.99466705322266
2024-10-03,76.62066650390625
2024-10-04,76.99333190917969
2024-10-07,76.7613296508789
2024-10-08,77.83533477783203
2024-10-09,78.47733306884766
2024-10-10,78.09066772460938
2024-10-11,79.16867065429688
2024-10-14,80.17266845703125
2024-10-15,79.33333587646484
2024-10-16,79.92666625976562
2024-10-17,80.28133392333984
2024-10-18,80.73066711425781
2024-10-21,81.267333984375
2024-10-22,80.3586654663086
2024-10-23,79.94999694824219
2024-10-24,79.98466491699219
2024-10-25,79.68133544921875
2024-10-28,79.80733489990234
2024-10-29,78.3933334350586
2024-10-30,77.48066711425781
2024-10-31,76.8759994506836
2024-11-01,76.4393310546875
2024-11-04,77.17066955566406
2024-11-05,77.4886703491211
2024-11-06,82.27666473388672
2024-11-07,80.96733093261719
2024-11-08,81.18000030517578
2024-11-11,81.90133666992188
2024-11-12,82.4566650390625
2024-11-13,82.58533477783203
2024-11-14,81.62666320800781
2024-11-15,80.8913345336914
2024-11-18,81.11133575439453
2024-11-19,80.0393295288086
2024-11-20,79.25800323486328
2024-11-21,80.31600189208984
2024-11-22,81.82466888427734
2024-11-25,82.58399963378906
2024-11-26,82.947998046875
2024-11-27,82.93399810791016
2024-11-29,82.88133239746094
2024-12-02,83.12133026123047
2024-12-03,83.19933319091797
2024-12-04,82.86133575439453
2024-12-05,82.32066345214844
2024-12-06,83.85199737548828
2024-12-09,83.66000366210938
2024-12-10,84.42333221435547
2024-12-11,84.60066986083984
2024-12-12,84.64800262451172
2024-12-13,84.7066650390625
2024-12-16,84.59066772460938
2024-12-17,83.0719985961914
2024-12-18,81.6760025024414
2024-12-19,80.95933532714844
2024-12-20,81.27400207519531
2024-12-23,80.48400115966797
2024-12-24,81.4433364868164
2024-12-26,80.4520034790039
2024-12-27,79.82333374023438
2024-12-30,78.66133117675781
2024-12-31,79.05332946777344
2025-01-02,79.1806640625
2025-01-03,80.28133392333984
2025-01-06,80.697998046875
2025-01-07,79.98133087158203
2025-01-08,80.3826675415039
2025-01-10,79.83999633789062
2025-01-13,80.6760025024414
2025-01-14,80.28866577148438
2025-01-15,80.26933288574219
2025-01-16,80.31466674804688
2025-01-17,81.11933135986328
2025-01-21,82.7386703491211
2025-01-22,82.75533294677734
2025-01-23,84.10800170898438
2025-01-24,83.5999984741211
2025-01-27,85.50199890136719
2025-01-28,85.22266387939453
2025-01-29,85.87200164794922
2025-01-30,87.34400177001953
2025-01-31,86.29467010498047
2025-02-03,87.73733520507812
2025-02-04,88.94599914550781
2025-02-05,89.8826675415039
2025-02-06,88.71600341796875
2025-02-07,87.78333282470703
2025-02-10,87.33466339111328
2025-02-11,88.26266479492188
2025-02-12,88.28666687011719
2025-02-13,89.04533386230469
2025-02-14,87.91999816894531
2025-02-18,86.38800048828125
2025-02-19,86.38666534423828
2025-02-20,87.49600219726562
2025-02-21,86.89399719238281
2025-02-24,87.6606674194336
2025-02-25,89.77200317382812
2025-02-26,88.69466400146484
2025-02-27,90.23066711425781
2025-02-28,91.57599639892578
2025-03-03,91.732666015625
2025-03-04,90.45133209228516
2025-03-05,89.31133270263672
2025-03-06,88.73733520507812
2025-03-07,87.93399810791016
2025-03-10,89.77200317382812
2025-03-11,88.27066802978516
2025-03-12,87.28600311279297
2025-03-13,85.96600341796875
2025-03-14,88.49400329589844
2025-03-17,89.86599731445312
2025-03-18,89.25
2025-03-19,89.3393325805664
2025-03-20,89.5433349609375
2025-03-21,89.27266693115234
2025-03-24,90.84933471679688
2025-03-25,91.69866943359375
2025-03-26,92.0653305053711
2025-03-27,94.90799713134766
2025-03-28,93.90333557128906
2025-03-31,95.50533294677734
2025-04-01,95.45333099365234
2025-04-02,94.46733093261719
2025-04-03,96.1259994506836
2025-04-04,92.65799713134766
2025-04-07,88.92266845703125
2025-04-08,87.68000030517578
2025-04-09,89.89666748046875
2025-04-10,91.55733489990234
2025-04-11,92.65266418457031
2025-04-14,94.27999877929688
2025-04-15,93.1953353881836
2025-04-16,90.95733642578125
2025-04-17,92.72666931152344
2025-04-21,91.23332977294922
2025-04-22,92.90266418457031
2025-04-23,92.03333282470703
2025-04-24,90.14466857910156
2025-04-25,89.80000305175781
2025-04-28,91.34400177001953
2025-04-29,93.28199768066406
2025-04-30,94.34666442871094
2025-05-01,93.84532928466797
2025-05-02,93.75733184814453
2025-05-05,92.47599792480469
2025-05-06,92.44266510009766
2025-05-07,91.87266540527344
2025-05-08,90.67666625976562
2025-05-09,90.62266540527344
2025-05-12,89.30733489990234
2025-05-13,88.05332946777344
2025-05-14,88.38200378417969
2025-05-15,91.34200286865234
2025-05-16,92.11066436767578
2025-05-19,92.92666625976562
2025-05-20,92.41466522216797
2025-05-21,91.36599731445312
2025-05-22,90.98600006103516
2025-05-23,91.62466430664062
2025-05-27,90.7586669921875
2025-05-28,90.50399780273438
2025-05-29,90.13733673095703
2025-05-30,91.16666412353516
2025-06-02,91.37866973876953
2025-06-03,91.4713363647461
2025-06-04,91.10600280761719
2025-06-05,91.45333099365234
2025-06-06,91.8479995727539
2025-06-09,89.87333679199219
2025-06-10,91.70999908447266
2025-06-11,90.01000213623047
2025-06-12,91.05000305175781
2025-06-13,89.91000366210938
2025-06-16,88.12000274658203
2025-06-17,88.80000305175781
2025-06-18,88.31999969482422
2025-06-20,89.69000244140625
2025-06-23,91.26000213623047
2025-06-24,89.18000030517578
2025-06-25,87.83999633789062
2025-06-26,88.2300033569336
2025-06-27,89.16000366210938
2025-06-30,90.12999725341797
2025-07-01,90.5
2025-07-02,89.31999969482422
2025-07-03,91.33000183105469
2025-07-07,92.66999816894531
2025-07-08,91.63999938964844
2025-07-09,92.58000183105469
2025-07-10,92.37999725341797
2025-07-11,91.62000274658203
2025-07-14,93.12000274658203
2025-07-15,91.19000244140625
2025-07-16,91.23999786376953
2025-07-17,91.58999633789062
2025-07-18,92.33999633789062
2025-07-21,94.1500015258789
2025-07-22,95.3499984741211
2025-07-23,95.41999816894531
2025-07-24,98.16000366210938
2025-07-25,97.66000366210938
2025-07-28,97.33000183105469
2025-07-29,98.9000015258789
2025-07-30,99.37999725341797
2025-07-31,98.31999969482422
2025-08-01,99.12000274658203
