Date,PAG.L
2015-08-24,383.33990478515625
2015-08-25,390.9071960449219
2015-08-26,388.2189025878906
2015-08-27,406.7386169433594
2015-08-28,410.0244445800781
2015-09-01,406.93780517578125
2015-09-02,408.13250732421875
2015-09-03,422.6696472167969
2015-09-04,420.8773193359375
2015-09-07,421.6739501953125
2015-09-08,421.1761474609375
2015-09-09,424.8601989746094
2015-09-10,426.6523742675781
2015-09-11,423.4662170410156
2015-09-14,421.57440185546875
2015-09-15,420.4790954589844
2015-09-16,419.7820739746094
2015-09-17,422.0722351074219
2015-09-18,421.375244140625
2015-09-21,421.2757263183594
2015-09-22,410.8209533691406
2015-09-23,407.43560791015625
2015-09-24,401.76019287109375
2015-09-25,408.2321472167969
2015-09-28,402.55670166015625
2015-09-29,393.5955810546875
2015-09-30,393.2968444824219
2015-10-01,393.0976867675781
2015-10-02,432.7260437011719
2015-10-05,438.7998046875
2015-10-06,442.8820495605469
2015-10-07,433.52264404296875
2015-10-08,438.003173828125
2015-10-09,437.3062438964844
2015-10-12,436.90802001953125
2015-10-13,429.93817138671875
2015-10-14,426.7519226074219
2015-10-15,429.739013671875
2015-10-16,430.7347717285156
2015-10-19,431.1329650878906
2015-10-20,434.51824951171875
2015-10-21,433.1243591308594
2015-10-22,430.0377502441406
2015-10-23,428.6438293457031
2015-10-26,425.8558044433594
2015-10-27,429.63946533203125
2015-10-28,424.6610107421875
2015-10-29,417.9898986816406
2015-10-30,418.1890563964844
2015-11-02,419.0850830078125
2015-11-03,419.68255615234375
2015-11-04,417.09375
2015-11-05,417.69110107421875
2015-11-06,417.69110107421875
2015-11-09,415.30157470703125
2015-11-10,409.2278137207031
2015-11-11,411.1196594238281
2015-11-12,411.5179138183594
2015-11-13,413.0114440917969
2015-11-16,413.9075622558594
2015-11-17,422.1717834472656
2015-11-18,419.58294677734375
2015-11-19,400.7644958496094
2015-11-20,401.76019287109375
2015-11-23,398.27520751953125
2015-11-24,395.48736572265625
2015-11-25,374.3787536621094
2015-11-26,361.434814453125
2015-11-27,375.1753234863281
2015-11-30,381.5477294921875
2015-12-01,384.73394775390625
2015-12-02,384.73394775390625
2015-12-03,391.9028625488281
2015-12-04,388.7165832519531
2015-12-07,388.7165832519531
2015-12-08,374.7769775390625
2015-12-09,377.66455078125
2015-12-10,371.9891357421875
2015-12-11,362.3309631347656
2015-12-14,356.555908203125
2015-12-15,342.9149475097656
2015-12-16,349.78521728515625
2015-12-17,362.1317138671875
2015-12-18,360.73785400390625
2015-12-21,358.4477233886719
2015-12-22,361.1361083984375
2015-12-23,360.8373718261719
2015-12-24,358.4477233886719
2015-12-29,359.5429992675781
2015-12-30,354.4649658203125
2015-12-31,351.97576904296875
2016-01-04,346.0015869140625
2016-01-05,347.49517822265625
2016-01-06,347.49517822265625
2016-01-07,329.6426696777344
2016-01-08,326.75457763671875
2016-01-11,329.4434509277344
2016-01-12,332.13238525390625
2016-01-13,325.2607421875
2016-01-14,315.6004638671875
2016-01-15,300.7615661621094
2016-01-18,300.6619873046875
2016-01-19,301.25958251953125
2016-01-20,291.0017395019531
2016-01-21,295.1845703125
2016-01-22,299.7657165527344
2016-01-25,307.13531494140625
2016-01-26,312.0152587890625
2016-01-27,325.6590881347656
2016-01-28,314.80377197265625
2016-01-29,314.3058166503906
2016-02-01,319.08612060546875
2016-02-02,314.7041931152344
2016-02-03,308.828369140625
2016-02-04,305.0439453125
2016-02-05,311.218505859375
2016-02-08,291.0017395019531
2016-02-09,286.5202331542969
2016-02-10,294.58697509765625
2016-02-11,287.3168640136719
2016-02-12,294.6866455078125
2016-02-15,303.8489074707031
2016-02-16,298.3714599609375
2016-02-17,302.7533874511719
2016-02-18,297.97314453125
2016-02-19,296.7779846191406
2016-02-22,302.5541687011719
2016-02-23,291.7984619140625
2016-02-24,285.9226989746094
2016-02-25,295.5828552246094
2016-02-26,307.4341735839844
2016-02-29,313.60870361328125
2016-03-01,315.0029602050781
2016-03-02,317.7914733886719
2016-03-03,324.264892578125
2016-03-04,328.4475402832031
2016-03-07,324.86236572265625
2016-03-08,321.476318359375
2016-03-09,318.687744140625
2016-03-10,316.1980895996094
2016-03-11,317.7914733886719
2016-03-14,322.0738220214844
2016-03-15,317.69189453125
2016-03-16,326.2566223144531
2016-03-17,331.43524169921875
2016-03-18,345.7762756347656
2016-03-21,332.63043212890625
2016-03-22,332.13238525390625
2016-03-23,323.8664855957031
2016-03-24,318.1898498535156
2016-03-29,316.69598388671875
2016-03-30,317.7914733886719
2016-03-31,321.3767395019531
2016-04-01,315.2021179199219
2016-04-04,310.5213928222656
2016-04-05,303.749267578125
2016-04-06,305.9403076171875
2016-04-07,296.7779846191406
2016-04-08,299.7657165527344
2016-04-11,298.9690246582031
2016-04-12,301.6579284667969
2016-04-13,313.40948486328125
2016-04-14,309.7247314453125
2016-04-15,303.64971923828125
2016-04-18,304.9443359375
2016-04-19,300.462890625
2016-04-20,302.85296630859375
2016-04-21,301.9566955566406
2016-04-22,301.15997314453125
2016-04-25,301.75750732421875
2016-04-26,308.1312561035156
2016-04-27,308.927978515625
2016-04-28,304.64556884765625
2016-04-29,295.9813232421875
2016-05-03,301.75750732421875
2016-05-04,296.9771423339844
2016-05-05,294.9853820800781
2016-05-06,295.38372802734375
2016-05-09,294.9853820800781
2016-05-10,298.570556640625
2016-05-11,303.9485168457031
2016-05-12,306.338623046875
2016-05-13,307.83245849609375
2016-05-16,308.2308044433594
2016-05-17,313.708251953125
2016-05-18,316.9947509765625
2016-05-19,319.28533935546875
2016-05-20,324.5635986328125
2016-05-23,322.57177734375
2016-05-24,298.7698059082031
2016-05-25,310.5213928222656
2016-05-26,309.6251220703125
2016-05-27,310.3222351074219
2016-05-31,307.93212890625
2016-06-01,304.64556884765625
2016-06-02,307.5336608886719
2016-06-03,305.1435546875
2016-06-06,305.7410583496094
2016-06-07,307.93212890625
2016-06-08,307.4341735839844
2016-06-09,305.7410583496094
2016-06-10,295.5828552246094
2016-06-13,289.90625
2016-06-14,274.37030029296875
2016-06-15,275.2665710449219
2016-06-16,266.6022644042969
2016-06-17,274.37030029296875
2016-06-20,295.8816833496094
2016-06-21,296.8776550292969
2016-06-22,301.9566955566406
2016-06-23,309.3263854980469
2016-06-24,260.7264709472656
2016-06-27,240.01170349121094
2016-06-28,245.98712158203125
2016-06-29,248.974853515625
2016-06-30,241.547119140625
2016-07-01,244.6349639892578
2016-07-04,234.97305297851562
2016-07-05,229.7935028076172
2016-07-06,226.50645446777344
2016-07-07,232.48289489746094
2016-07-08,241.64675903320312
2016-07-11,257.8826904296875
2016-07-12,257.8826904296875
2016-07-13,251.60745239257812
2016-07-14,258.87872314453125
2016-07-15,269.93511962890625
2016-07-18,270.6323547363281
2016-07-19,274.4174499511719
2016-07-20,274.2182922363281
2016-07-21,273.72021484375
2016-07-22,272.4253234863281
2016-07-25,272.92340087890625
2016-07-26,269.1383056640625
2016-07-27,270.1343688964844
2016-07-28,265.552490234375
2016-07-29,271.6284484863281
2016-08-01,266.4489440917969
2016-08-02,264.954833984375
2016-08-03,262.16583251953125
2016-08-04,268.9390869140625
2016-08-05,275.2143249511719
2016-08-08,280.8918762207031
2016-08-09,288.86053466796875
2016-08-10,291.4502258300781
2016-08-11,293.3427734375
2016-08-12,294.53802490234375
2016-08-15,295.2353210449219
2016-08-16,291.2510681152344
2016-08-17,295.2353210449219
2016-08-18,295.43450927734375
2016-08-19,295.3349609375
2016-08-22,300.91290283203125
2016-08-23,303.5027160644531
2016-08-24,311.4713134765625
2016-08-25,312.4673767089844
2016-08-26,310.9732666015625
2016-08-30,311.8697509765625
2016-08-31,316.05322265625
2016-09-01,320.1370849609375
2016-09-02,320.0374755859375
2016-09-05,315.4555969238281
2016-09-06,311.2720947265625
2016-09-07,321.2327880859375
2016-09-08,327.109619140625
2016-09-09,326.2131652832031
2016-09-12,317.64691162109375
2016-09-13,314.85784912109375
2016-09-14,313.4634094238281
2016-09-15,314.55914306640625
2016-09-16,315.75433349609375
2016-09-19,317.7465515136719
2016-09-20,313.5629577636719
2016-09-21,322.8265380859375
2016-09-22,312.9653625488281
2016-09-23,314.0610656738281
2016-09-26,308.5827331542969
2016-09-27,302.5067138671875
2016-09-28,311.0728759765625
2016-09-29,312.76617431640625
2016-09-30,312.26812744140625
2016-10-03,317.14892578125
2016-10-04,323.72296142578125
2016-10-05,324.818603515625
2016-10-06,325.615478515625
2016-10-07,320.43597412109375
2016-10-10,318.1448974609375
2016-10-11,317.2485046386719
2016-10-12,317.94573974609375
2016-10-13,320.1370849609375
2016-10-14,322.72686767578125
2016-10-17,316.94970703125
2016-10-18,324.420166015625
2016-10-19,326.511962890625
2016-10-20,327.6075744628906
2016-10-21,327.6075744628906
2016-10-24,331.6914978027344
2016-10-25,331.2930908203125
2016-10-26,327.6075744628906
2016-10-27,327.8067932128906
2016-10-28,332.2891540527344
2016-10-31,330.1974182128906
2016-11-01,328.8029479980469
2016-11-02,324.619384765625
2016-11-03,328.304931640625
2016-11-04,324.420166015625
2016-11-07,327.4084167480469
2016-11-08,327.90643310546875
2016-11-09,330.1974182128906
2016-11-10,335.47662353515625
2016-11-11,339.3612976074219
2016-11-14,347.4294128417969
2016-11-15,348.92352294921875
2016-11-16,344.44122314453125
2016-11-17,348.42547607421875
2016-11-18,348.8238830566406
2016-11-21,344.7400817871094
2016-11-22,360.5776062011719
2016-11-23,369.0440979003906
2016-11-24,345.13848876953125
2016-11-25,362.9681701660156
2016-11-28,364.8606872558594
2016-11-29,365.3587646484375
2016-11-30,363.9641418457031
2016-12-01,367.948486328125
2016-12-02,364.1634521484375
2016-12-05,368.8448791503906
2016-12-06,378.5068054199219
2016-12-07,383.5867614746094
2016-12-08,385.57904052734375
2016-12-09,383.1883850097656
2016-12-12,385.4793395996094
2016-12-13,388.66680908203125
2016-12-14,388.766357421875
2016-12-15,396.33648681640625
2016-12-16,408.189697265625
2016-12-19,397.53179931640625
2016-12-20,399.3247375488281
2016-12-21,403.3089904785156
2016-12-22,407.1936950683594
2016-12-23,409.58428955078125
2016-12-28,409.48468017578125
2016-12-29,408.7873840332031
2016-12-30,413.1701354980469
2017-01-03,414.3653259277344
2017-01-04,415.3614196777344
2017-01-05,409.07684326171875
2017-01-06,401.4053955078125
2017-01-09,401.8039245605469
2017-01-10,407.88128662109375
2017-01-11,407.28350830078125
2017-01-12,406.9846496582031
2017-01-13,407.28350830078125
2017-01-16,405.5898132324219
2017-01-17,407.1839294433594
2017-01-18,406.78533935546875
2017-01-19,405.490234375
2017-01-20,404.0953674316406
2017-01-23,404.4939270019531
2017-01-24,405.5898132324219
2017-01-25,406.4864501953125
2017-01-26,401.90350341796875
2017-01-27,404.5935363769531
2017-01-30,398.5162048339844
2017-01-31,402.3020935058594
2017-02-01,405.98828125
2017-02-02,406.4864501953125
2017-02-03,408.47906494140625
2017-02-06,410.37200927734375
2017-02-07,419.3386535644531
2017-02-08,422.6264343261719
2017-02-09,428.60418701171875
2017-02-10,428.2055358886719
2017-02-13,429.5008544921875
2017-02-14,435.0800476074219
2017-02-15,439.164794921875
2017-02-16,434.6814880371094
2017-02-17,430.0986328125
2017-02-20,431.8918762207031
2017-02-21,427.90673828125
2017-02-22,423.6226806640625
2017-02-23,424.3200378417969
2017-02-24,419.438232421875
2017-02-27,424.0211486816406
2017-02-28,422.5267333984375
2017-03-01,427.4085693359375
2017-03-02,418.14312744140625
2017-03-03,423.22412109375
2017-03-06,417.6448669433594
2017-03-07,417.4457092285156
2017-03-08,415.1541748046875
2017-03-09,411.0694885253906
2017-03-10,409.47528076171875
2017-03-13,412.86273193359375
2017-03-14,413.95867919921875
2017-03-15,423.0248718261719
2017-03-16,425.0174560546875
2017-03-17,421.4308776855469
2017-03-20,423.0248718261719
2017-03-21,414.3572082519531
2017-03-22,406.8850402832031
2017-03-23,409.8739013671875
2017-03-24,409.47528076171875
2017-03-27,407.98095703125
2017-03-28,410.77056884765625
2017-03-29,409.7741394042969
2017-03-30,412.56390380859375
2017-03-31,416.2500915527344
2017-04-03,419.73712158203125
2017-04-04,417.5453186035156
2017-04-05,421.9289245605469
2017-04-06,423.12457275390625
2017-04-07,426.1134033203125
2017-04-10,429.79962158203125
2017-04-11,430.8956298828125
2017-04-12,426.9104309082031
2017-04-13,430.39739990234375
2017-04-18,428.40484619140625
2017-04-19,436.574462890625
2017-04-20,449.028076171875
2017-04-21,447.6332702636719
2017-04-24,458.7917175292969
2017-04-25,455.9024658203125
2017-04-26,459.2899169921875
2017-04-27,458.4928894042969
2017-04-28,465.6661682128906
2017-05-02,465.26763916015625
2017-05-03,466.263916015625
2017-05-04,470.24908447265625
2017-05-05,467.2601623535156
2017-05-08,469.9501647949219
2017-05-09,484.1971435546875
2017-05-10,484.1971435546875
2017-05-11,481.7064514160156
2017-05-12,467.3598327636719
2017-05-15,473.636474609375
2017-05-16,469.8505554199219
2017-05-17,463.3746337890625
2017-05-18,463.6735534667969
2017-05-19,471.2453918457031
2017-05-22,470.24908447265625
2017-05-23,471.3450012207031
2017-05-24,463.773193359375
2017-05-25,462.0794372558594
2017-05-26,468.45574951171875
2017-05-30,464.9688415527344
2017-05-31,454.50762939453125
2017-06-01,456.599853515625
2017-06-02,458.9909973144531
2017-06-05,455.5040283203125
2017-06-06,449.3269958496094
2017-06-07,459.9873046875
2017-06-08,466.7621154785156
2017-06-09,464.07208251953125
2017-06-12,455.00579833984375
2017-06-13,460.58502197265625
2017-06-14,462.3782958984375
2017-06-15,451.9173583984375
2017-06-16,449.12774658203125
2017-06-19,450.1240539550781
2017-06-20,445.6406555175781
2017-06-21,440.6592712402344
2017-06-22,424.0211486816406
2017-06-23,421.2315673828125
2017-06-26,422.0545959472656
2017-06-27,417.6240539550781
2017-06-28,424.22039794921875
2017-06-29,427.4085693359375
2017-06-30,425.6152648925781
2017-07-03,415.85162353515625
2017-07-04,415.4530334472656
2017-07-05,417.1468200683594
2017-07-06,412.51055908203125
2017-07-07,411.4144592285156
2017-07-10,409.122802734375
2017-07-11,409.122802734375
2017-07-12,403.8417663574219
2017-07-13,410.816650390625
2017-07-14,412.0122375488281
2017-07-17,415.59942626953125
2017-07-18,414.1047668457031
2017-07-19,413.905517578125
2017-07-20,417.2932434082031
2017-07-21,409.0231018066406
2017-07-24,408.0267333984375
2017-07-25,406.5321350097656
2017-07-26,426.559814453125
2017-07-27,427.8550720214844
2017-07-28,426.9584045410156
2017-07-31,431.4421691894531
2017-08-01,429.54901123046875
2017-08-02,424.7662658691406
2017-08-03,427.7554931640625
2017-08-04,425.6629943847656
2017-08-07,435.7267150878906
2017-08-08,426.85870361328125
2017-08-09,424.2681579589844
2017-08-10,417.59222412109375
2017-08-11,409.5213317871094
2017-08-14,415.59942626953125
2017-08-15,413.40728759765625
2017-08-16,414.70263671875
2017-08-17,413.3075866699219
2017-08-18,415.59942626953125
2017-08-21,413.7062683105469
2017-08-22,413.2080078125
2017-08-23,411.9127197265625
2017-08-24,415.30047607421875
2017-08-25,413.5069580078125
2017-08-29,407.628173828125
2017-08-30,406.5321350097656
2017-08-31,408.0267333984375
2017-09-01,408.52496337890625
2017-09-04,405.8345947265625
2017-09-05,404.638916015625
2017-09-06,402.64617919921875
2017-09-07,402.44683837890625
2017-09-08,403.9414978027344
2017-09-11,413.10833740234375
2017-09-12,411.51416015625
2017-09-13,412.61016845703125
2017-09-14,411.2151794433594
2017-09-15,409.4217529296875
2017-09-18,411.31488037109375
2017-09-19,412.0122375488281
2017-09-20,406.6317443847656
2017-09-21,410.916259765625
2017-09-22,413.5069580078125
2017-09-25,418.1900634765625
2017-09-26,415.69903564453125
2017-09-27,425.6629943847656
2017-09-28,429.15045166015625
2017-09-29,437.81915283203125
2017-10-02,438.11810302734375
2017-10-03,438.7159118652344
2017-10-04,436.12530517578125
2017-10-05,441.5058288574219
2017-10-06,443.00042724609375
2017-10-09,440.50946044921875
2017-10-10,437.2212829589844
2017-10-11,437.1216735839844
2017-10-12,442.7015686035156
2017-10-13,450.4734802246094
2017-10-16,462.7291564941406
2017-10-17,457.3486328125
2017-10-18,463.22747802734375
2017-10-19,461.6332092285156
2017-10-20,471.995849609375
2017-10-23,460.7364196777344
2017-10-24,465.1205749511719
2017-10-25,466.81439208984375
2017-10-26,469.7040100097656
2017-10-27,463.9249572753906
2017-10-30,469.6044921875
2017-10-31,473.4903869628906
2017-11-01,476.3798828125
2017-11-02,468.4087219238281
2017-11-03,469.9033508300781
2017-11-06,471.1986083984375
2017-11-07,465.6187744140625
2017-11-08,465.6187744140625
2017-11-09,454.8576354980469
2017-11-10,458.1457824707031
2017-11-13,446.38824462890625
2017-11-14,444.0965270996094
2017-11-15,444.0965270996094
2017-11-16,450.8720397949219
2017-11-17,443.00042724609375
2017-11-20,456.1529541015625
2017-11-21,458.5443420410156
2017-11-22,459.24176025390625
2017-11-23,462.8288879394531
2017-11-24,461.6332092285156
2017-11-27,461.5335388183594
2017-11-28,476.2803039550781
2017-11-29,490.6284484863281
2017-11-30,482.05938720703125
2017-12-01,474.7856750488281
2017-12-04,476.977783203125
2017-12-05,475.78204345703125
2017-12-06,475.8817138671875
2017-12-07,476.7784423828125
2017-12-08,481.4617004394531
2017-12-11,486.1446228027344
2017-12-12,489.8314208984375
2017-12-13,486.1446228027344
2017-12-14,489.632080078125
2017-12-15,482.8565673828125
2017-12-18,490.22991943359375
2017-12-19,494.31512451171875
2017-12-20,489.1338195800781
2017-12-21,487.0414123535156
2017-12-22,490.4292297363281
2017-12-27,487.5396423339844
2017-12-28,488.6356506347656
2017-12-29,488.93463134765625
2018-01-02,487.24072265625
2018-01-03,489.2334899902344
2018-01-04,486.75189208984375
2018-01-05,483.3633728027344
2018-01-08,485.95465087890625
2018-01-09,489.5424499511719
2018-01-10,501.8009338378906
2018-01-11,508.2789611816406
2018-01-12,510.2722473144531
2018-01-15,502.7975769042969
2018-01-16,498.8110656738281
2018-01-17,484.7586364746094
2018-01-18,493.32965087890625
2018-01-19,491.3363342285156
2018-01-22,496.3194885253906
2018-01-23,502.2992858886719
2018-01-24,499.8077087402344
2018-01-25,502.7975769042969
2018-01-26,509.7739562988281
2018-01-29,507.2823791503906
2018-01-30,497.71478271484375
2018-01-31,491.5357360839844
2018-02-01,493.7283020019531
2018-02-02,489.1437683105469
2018-02-05,481.9680480957031
2018-02-06,468.4140319824219
2018-02-07,478.3802490234375
2018-02-08,469.8092346191406
2018-02-09,466.4207763671875
2018-02-12,477.1843566894531
2018-02-13,468.4140319824219
2018-02-14,469.2112731933594
2018-02-15,469.6100158691406
2018-02-16,473.39715576171875
2018-02-19,478.5795593261719
2018-02-20,479.3768615722656
2018-02-21,483.3633728027344
2018-02-22,485.3566589355469
2018-02-23,481.3701477050781
2018-02-26,483.3633728027344
2018-02-27,489.1437683105469
2018-02-28,486.1539001464844
2018-03-01,484.3600158691406
2018-03-02,477.5829772949219
2018-03-05,484.559326171875
2018-03-06,488.1471252441406
2018-03-07,492.1336364746094
2018-03-08,501.3026428222656
2018-03-09,504.2925720214844
2018-03-12,510.7706298828125
2018-03-13,498.1134338378906
2018-03-14,497.3160705566406
2018-03-15,492.73162841796875
2018-03-16,497.51544189453125
2018-03-19,488.5458068847656
2018-03-20,488.3465270996094
2018-03-21,483.1640319824219
2018-03-22,470.00860595703125
2018-03-23,475.98834228515625
2018-03-26,473.5964660644531
2018-03-27,475.5897216796875
2018-03-28,469.011962890625
2018-03-29,468.81268310546875
2018-04-03,465.6235046386719
2018-04-04,466.2214050292969
2018-04-05,476.58636474609375
2018-04-06,472.4005432128906
2018-04-09,472.20123291015625
2018-04-10,479.77545166015625
2018-04-11,481.1708068847656
2018-04-12,488.1471252441406
2018-04-13,486.1539001464844
2018-04-16,484.3600158691406
2018-04-17,482.9647521972656
2018-04-18,489.1437683105469
2018-04-19,512.7637329101562
2018-04-20,517.7469482421875
2018-04-23,522.2318115234375
2018-04-24,520.238525390625
2018-04-25,510.7706298828125
2018-04-26,509.27569580078125
2018-04-27,514.2588500976562
2018-04-30,521.2352294921875
2018-05-01,520.238525390625
2018-05-02,526.2183227539062
2018-05-03,526.7166137695312
2018-05-04,525.2216186523438
2018-05-08,538.1778564453125
2018-05-09,544.1576538085938
2018-05-10,544.65576171875
2018-05-11,546.6491088867188
2018-05-14,543.1609497070312
2018-05-15,544.1576538085938
2018-05-16,544.65576171875
2018-05-17,548.642333984375
2018-05-18,546.6491088867188
2018-05-21,550.6356811523438
2018-05-22,546.6491088867188
2018-05-23,550.6356811523438
2018-05-24,506.2857666015625
2018-05-25,509.7739562988281
2018-05-29,480.1741943359375
2018-05-30,479.1775207519531
2018-05-31,482.7653503417969
2018-06-01,481.9680480957031
2018-06-04,487.74853515625
2018-06-05,478.7789001464844
2018-06-06,485.95465087890625
2018-06-07,478.7789001464844
2018-06-08,477.5829772949219
2018-06-11,480.77215576171875
2018-06-12,481.9680480957031
2018-06-13,481.3701477050781
2018-06-14,485.75531005859375
2018-06-15,482.3667297363281
2018-06-18,482.9647521972656
2018-06-19,483.5627136230469
2018-06-20,485.95465087890625
2018-06-21,476.78564453125
2018-06-22,483.7619934082031
2018-06-25,481.1708068847656
2018-06-26,479.3768615722656
2018-06-27,477.5829772949219
2018-06-28,473.5964660644531
2018-06-29,477.9816589355469
2018-07-02,468.81268310546875
2018-07-03,508.2789611816406
2018-07-04,509.27569580078125
2018-07-05,508.8321533203125
2018-07-06,511.82232666015625
2018-07-09,521.2913818359375
2018-07-10,522.2880249023438
2018-07-11,512.3206787109375
2018-07-12,511.323974609375
2018-07-13,516.8059692382812
2018-07-16,510.8255310058594
2018-07-17,511.323974609375
2018-07-18,510.3272705078125
2018-07-19,503.84844970703125
2018-07-20,500.35992431640625
2018-07-23,501.85504150390625
2018-07-24,503.84844970703125
2018-07-25,501.85504150390625
2018-07-26,497.569091796875
2018-07-27,494.5788879394531
2018-07-30,498.1670837402344
2018-07-31,496.3729553222656
2018-08-01,494.97747802734375
2018-08-02,494.5788879394531
2018-08-03,495.1768493652344
2018-08-06,492.9841003417969
2018-08-07,493.5821228027344
2018-08-08,496.173583984375
2018-08-09,500.35992431640625
2018-08-10,498.8647766113281
2018-08-13,492.38604736328125
2018-08-14,485.40887451171875
2018-08-15,488.3990783691406
2018-08-16,487.4023132324219
2018-08-17,485.2095031738281
2018-08-20,484.6115417480469
2018-08-21,488.3990783691406
2018-08-22,488.3990783691406
2018-08-23,482.418701171875
2018-08-24,479.0298156738281
2018-08-28,471.2552490234375
2018-08-29,469.46112060546875
2018-08-30,467.4676513671875
2018-08-31,463.87945556640625
2018-09-03,464.47747802734375
2018-09-04,463.08209228515625
2018-09-05,461.4872741699219
2018-09-06,465.8728942871094
2018-09-07,462.4840393066406
2018-09-10,460.4905700683594
2018-09-11,453.9120788574219
2018-09-12,454.9088439941406
2018-09-13,448.5297546386719
2018-09-14,453.9120788574219
2018-09-17,452.716064453125
2018-09-18,474.04620361328125
2018-09-19,468.46441650390625
2018-09-20,470.258544921875
2018-09-21,467.26824951171875
2018-09-24,472.45135498046875
2018-09-25,470.8565673828125
2018-09-26,474.8435363769531
2018-09-27,470.65728759765625
2018-09-28,477.235595703125
2018-10-01,470.8565673828125
2018-10-02,464.47747802734375
2018-10-03,464.8762512207031
2018-10-04,469.8598327636719
2018-10-05,471.6539611816406
2018-10-08,457.89910888671875
2018-10-09,449.7258605957031
2018-10-10,453.5134582519531
2018-10-11,447.9317321777344
2018-10-12,437.1670227050781
2018-10-15,438.3630676269531
2018-10-16,437.7650451660156
2018-10-17,427.5984191894531
2018-10-18,429.59185791015625
2018-10-19,430.5885314941406
2018-10-22,424.608154296875
2018-10-23,419.2258605957031
2018-10-24,413.6440734863281
2018-10-25,414.0428161621094
2018-10-26,406.8663024902344
2018-10-29,421.41864013671875
2018-10-30,423.01336669921875
2018-10-31,424.2094421386719
2018-11-01,425.0068664550781
2018-11-02,425.2062072753906
2018-11-05,422.41534423828125
2018-11-06,424.608154296875
2018-11-07,429.990478515625
2018-11-08,435.77154541015625
2018-11-09,434.77484130859375
2018-11-12,421.6180114746094
2018-11-13,434.9742126464844
2018-11-14,434.1768493652344
2018-11-15,405.07220458984375
2018-11-16,398.693115234375
2018-11-19,403.6767883300781
2018-11-20,410.0558776855469
2018-11-21,443.7454833984375
2018-11-22,441.9513244628906
2018-11-23,450.9219055175781
2018-11-26,445.93829345703125
2018-11-27,433.5787658691406
2018-11-28,435.3729248046875
2018-11-29,413.04608154296875
2018-11-30,418.8271179199219
2018-12-03,418.6277770996094
2018-12-04,410.4546203613281
2018-12-05,409.8565673828125
2018-12-06,393.70947265625
2018-12-07,401.8826904296875
2018-12-10,386.7323303222656
2018-12-11,389.92193603515625
2018-12-12,396.301025390625
2018-12-13,398.8924560546875
2018-12-14,399.6898193359375
2018-12-17,386.13427734375
2018-12-18,392.91217041015625
2018-12-19,390.5198974609375
2018-12-20,388.12774658203125
2018-12-21,390.5198974609375
2018-12-24,377.9611511230469
2018-12-27,383.1440734863281
2018-12-28,392.7127685546875
2018-12-31,384.73895263671875
2019-01-02,392.7127685546875
2019-01-03,391.31732177734375
2019-01-04,404.67352294921875
2019-01-07,403.8761901855469
2019-01-08,411.65069580078125
2019-01-09,413.6440734863281
2019-01-10,407.00262451171875
2019-01-11,412.98504638671875
2019-01-14,408.996826171875
2019-01-15,406.603759765625
2019-01-16,413.78265380859375
2019-01-17,410.9909362792969
2019-01-18,423.9527587890625
2019-01-21,417.9704284667969
2019-01-22,417.9704284667969
2019-01-23,415.1785583496094
2019-01-24,414.38092041015625
2019-01-25,409.1961975097656
2019-01-28,410.5921325683594
2019-01-29,412.78564453125
2019-01-30,416.77392578125
2019-01-31,413.58331298828125
2019-02-01,411.1903076171875
2019-02-04,415.577392578125
2019-02-05,415.9762268066406
2019-02-06,416.77392578125
2019-02-07,410.7914733886719
2019-02-08,409.993896484375
2019-02-11,414.9792175292969
2019-02-12,413.9821472167969
2019-02-13,413.9821472167969
2019-02-14,409.79443359375
2019-02-15,417.57159423828125
2019-02-18,421.75927734375
2019-02-19,417.57159423828125
2019-02-20,419.1668701171875
2019-02-21,422.15802001953125
2019-02-22,422.35748291015625
2019-02-25,421.9586486816406
2019-02-26,430.1345520019531
2019-02-27,428.9381408691406
2019-02-28,433.1258239746094
2019-03-01,435.3193359375
2019-03-04,430.33404541015625
2019-03-05,435.3193359375
2019-03-06,437.3134765625
2019-03-07,435.9175720214844
2019-03-08,436.11700439453125
2019-03-11,441.7005615234375
2019-03-12,439.5069885253906
2019-03-13,433.5245666503906
2019-03-14,443.6947326660156
2019-03-15,452.070068359375
2019-03-18,450.87359619140625
2019-03-19,453.2665100097656
2019-03-20,447.2841491699219
2019-03-21,438.7093811035156
2019-03-22,431.3310546875
2019-03-25,427.1433410644531
2019-03-26,425.34869384765625
2019-03-27,433.1258239746094
2019-03-28,433.1258239746094
2019-03-29,434.52166748046875
2019-04-01,435.7181396484375
2019-04-02,435.7181396484375
2019-04-03,441.8999938964844
2019-04-04,444.6917419433594
2019-04-05,441.7005615234375
2019-04-08,444.49237060546875
2019-04-09,438.7093811035156
2019-04-10,438.31060791015625
2019-04-11,446.8853759765625
2019-04-12,458.4512634277344
2019-04-15,458.65069580078125
2019-04-16,462.4395446777344
2019-04-17,457.6536560058594
2019-04-18,456.058349609375
2019-04-23,452.4688720703125
2019-04-24,450.6741638183594
2019-04-25,445.4893798828125
2019-04-26,450.275390625
2019-04-29,457.45428466796875
2019-04-30,457.2548522949219
2019-05-01,460.84423828125
2019-05-02,461.0436096191406
2019-05-03,459.4483642578125
2019-05-07,458.85015869140625
2019-05-08,461.4424743652344
2019-05-09,458.65069580078125
2019-05-10,460.84423828125
2019-05-13,461.6418762207031
2019-05-14,459.0495300292969
2019-05-15,460.84423828125
2019-05-16,462.0408020019531
2019-05-17,461.4424743652344
2019-05-20,459.84716796875
2019-05-21,471.2137451171875
2019-05-22,457.6536560058594
2019-05-23,438.5099792480469
2019-05-24,433.1258239746094
2019-05-28,434.3222961425781
2019-05-29,434.9205017089844
2019-05-30,443.096435546875
2019-05-31,433.5245666503906
2019-06-03,431.13165283203125
2019-06-04,429.33697509765625
2019-06-05,431.72991943359375
2019-06-06,430.7328186035156
2019-06-07,434.3222961425781
2019-06-10,435.11993408203125
2019-06-11,433.3252258300781
2019-06-12,433.1258239746094
2019-06-13,441.10235595703125
2019-06-14,438.5099792480469
2019-06-17,444.2929992675781
2019-06-18,442.89703369140625
2019-06-19,447.4836120605469
2019-06-20,432.92645263671875
2019-06-21,439.10821533203125
2019-06-24,436.7152404785156
2019-06-25,427.3427734375
2019-06-26,428.5392761230469
2019-06-27,431.9293212890625
2019-06-28,437.51287841796875
2019-07-01,439.9058837890625
2019-07-02,448.87945556640625
2019-07-03,447.084716796875
2019-07-04,447.7528991699219
2019-07-05,447.95233154296875
2019-07-08,445.7583923339844
2019-07-09,441.570068359375
2019-07-10,438.3789978027344
2019-07-11,441.9690856933594
2019-07-12,443.5645446777344
2019-07-15,442.76678466796875
2019-07-16,444.3623352050781
2019-07-17,445.1600646972656
2019-07-18,446.55615234375
2019-07-19,443.1656494140625
2019-07-22,443.76397705078125
2019-07-23,450.34564208984375
2019-07-24,446.7556457519531
2019-07-25,439.9745788574219
2019-07-26,428.2073059082031
2019-07-29,426.81121826171875
2019-07-30,420.8278503417969
2019-07-31,415.841796875
2019-08-01,409.6589660644531
2019-08-02,398.09124755859375
2019-08-05,391.3100891113281
2019-08-06,390.71173095703125
2019-08-07,390.9112243652344
2019-08-08,395.4983825683594
2019-08-09,393.9028625488281
2019-08-12,386.92230224609375
2019-08-13,394.5012512207031
2019-08-14,388.11895751953125
2019-08-15,388.7173156738281
2019-08-16,396.29620361328125
2019-08-19,406.0690002441406
2019-08-20,411.6534423828125
2019-08-21,412.25177001953125
2019-08-22,419.63116455078125
2019-08-23,425.8139343261719
2019-08-27,427.8084716796875
2019-08-28,424.41790771484375
2019-08-29,434.7890319824219
2019-08-30,434.98846435546875
2019-09-02,439.1767578125
2019-09-03,434.7890319824219
2019-09-04,441.76959228515625
2019-09-05,448.7500915527344
2019-09-06,446.9551086425781
2019-09-09,450.146240234375
2019-09-10,461.1156005859375
2019-09-11,463.3095397949219
2019-09-12,462.11285400390625
2019-09-13,466.8995361328125
2019-09-16,465.702880859375
2019-09-17,465.10455322265625
2019-09-18,466.50067138671875
2019-09-19,465.10455322265625
2019-09-20,470.6889953613281
2019-09-23,466.30120849609375
2019-09-24,465.702880859375
2019-09-25,467.2984313964844
2019-09-26,470.88848876953125
2019-09-27,480.8606262207031
2019-09-30,481.0600891113281
2019-10-01,477.2706604003906
2019-10-02,467.4978332519531
2019-10-03,461.1156005859375
2019-10-04,463.9079284667969
2019-10-07,461.1156005859375
2019-10-08,459.3206481933594
2019-10-09,456.72784423828125
2019-10-10,465.702880859375
2019-10-11,489.4367370605469
2019-10-14,484.65008544921875
2019-10-15,504.59454345703125
2019-10-16,498.4117431640625
2019-10-17,499.1098327636719
2019-10-18,494.8218078613281
2019-10-21,502.6001281738281
2019-10-22,501.1042785644531
2019-10-23,503.5973205566406
2019-10-24,499.6084289550781
2019-10-25,501.1042785644531
2019-10-28,502.10150146484375
2019-10-29,508.5834655761719
2019-10-30,506.09039306640625
2019-10-31,502.10150146484375
2019-11-01,504.0959777832031
2019-11-04,507.087646484375
2019-11-05,513.5694580078125
2019-11-06,509.5806884765625
2019-11-07,510.5778503417969
2019-11-08,504.0959777832031
2019-11-11,508.0848083496094
2019-11-12,516.561279296875
2019-11-13,501.1042785644531
2019-11-14,490.23455810546875
2019-11-15,499.6084289550781
2019-11-18,500.60565185546875
2019-11-19,506.09039306640625
2019-11-20,499.1098327636719
2019-11-21,497.2151184082031
2019-11-22,495.8190002441406
2019-11-25,502.10150146484375
2019-11-26,500.60565185546875
2019-11-27,498.6112060546875
2019-11-28,501.1042785644531
2019-11-29,495.6195373535156
2019-12-02,486.2456970214844
2019-12-03,475.4755859375
2019-12-04,479.0656433105469
2019-12-05,489.4367370605469
2019-12-06,506.5890197753906
2019-12-09,518.0570068359375
2019-12-10,498.01287841796875
2019-12-11,487.64178466796875
2019-12-12,487.84124755859375
2019-12-13,533.015380859375
2019-12-16,551.962646484375
2019-12-17,538.5001831054688
2019-12-18,538.0014038085938
2019-12-19,537.0042114257812
2019-12-20,537.5029296875
2019-12-23,539.497314453125
2019-12-24,537.5029296875
2019-12-27,545.979248046875
2019-12-30,542.4889526367188
2019-12-31,537.5029296875
2020-01-02,551.962646484375
2020-01-03,539.9959716796875
2020-01-06,516.0626220703125
2020-01-07,523.043212890625
2020-01-08,525.03759765625
2020-01-09,506.2268981933594
2020-01-10,504.23193359375
2020-01-13,503.7331848144531
2020-01-14,493.9578552246094
2020-01-15,484.3818664550781
2020-01-16,484.5813293457031
2020-01-17,495.5537109375
2020-01-20,486.97540283203125
2020-01-21,492.76080322265625
2020-01-22,500.24200439453125
2020-01-23,509.2193908691406
2020-01-24,525.6779174804688
2020-01-27,520.6905517578125
2020-01-28,528.6704711914062
2020-01-29,525.6779174804688
2020-01-30,508.7206726074219
2020-01-31,506.7257080078125
2020-02-03,512.2119140625
2020-02-04,520.1917724609375
2020-02-05,523.6829223632812
2020-02-06,527.17431640625
2020-02-07,529.66796875
2020-02-10,527.6729736328125
2020-02-11,532.1616821289062
2020-02-12,535.65283203125
2020-02-13,530.6654663085938
2020-02-14,525.1793212890625
2020-02-17,533.657958984375
2020-02-18,525.1793212890625
2020-02-19,519.6930541992188
2020-02-20,514.2068481445312
2020-02-21,509.2193908691406
2020-02-24,498.147216796875
2020-02-25,491.7633056640625
2020-02-26,488.17236328125
2020-02-27,468.4219970703125
2020-02-28,453.85858154296875
2020-03-02,460.8410339355469
2020-03-03,457.05059814453125
2020-03-04,460.4420471191406
2020-03-05,443.6842041015625
2020-03-06,429.9187927246094
2020-03-09,393.21112060546875
2020-03-10,397.4006042480469
2020-03-11,405.9789733886719
2020-03-12,360.8923645019531
2020-03-13,362.2889099121094
2020-03-16,331.1671447753906
2020-03-17,307.0278625488281
2020-03-18,267.3277282714844
2020-03-19,238.00148010253906
2020-03-20,256.5548400878906
2020-03-23,257.7518005371094
2020-03-24,279.297607421875
2020-03-25,315.8058166503906
2020-03-26,348.1245422363281
2020-03-27,329.9701843261719
2020-03-30,322.98779296875
2020-03-31,331.5661315917969
2020-04-01,289.072998046875
2020-04-02,284.28509521484375
2020-04-03,285.8810729980469
2020-04-06,304.6339111328125
2020-04-07,328.773193359375
2020-04-08,327.7757568359375
2020-04-09,341.9400939941406
2020-04-14,340.3440856933594
2020-04-15,310.21990966796875
2020-04-16,313.8108215332031
2020-04-17,325.58123779296875
2020-04-20,321.9902648925781
2020-04-21,306.2298889160156
2020-04-22,313.0128173828125
2020-04-23,324.38427734375
2020-04-24,324.7832336425781
2020-04-27,326.1796875
2020-04-28,337.9500427246094
2020-04-29,348.9225158691406
2020-04-30,332.7631530761719
2020-05-01,326.1796875
2020-05-04,325.1822814941406
2020-05-05,320.394287109375
2020-05-06,323.58624267578125
2020-05-07,329.5711669921875
2020-05-11,321.1922607421875
2020-05-12,319.7957763671875
2020-05-13,316.6037902832031
2020-05-14,311.017822265625
2020-05-15,322.3892517089844
2020-05-18,325.58123779296875
2020-05-19,322.3892517089844
2020-05-20,326.7782287597656
2020-05-21,315.8058166503906
2020-05-22,324.9827575683594
2020-05-26,340.1445617675781
2020-05-27,363.6853332519531
2020-05-28,360.2939453125
2020-05-29,353.31146240234375
2020-06-01,338.5485534667969
2020-06-02,349.321533203125
2020-06-03,366.47833251953125
2020-06-04,368.6728515625
2020-06-05,388.0242004394531
2020-06-08,391.8146667480469
2020-06-09,368.47332763671875
2020-06-10,350.1195068359375
2020-06-11,330.5686950683594
2020-06-12,340.94256591796875
2020-06-15,339.5461120605469
2020-06-16,354.5084228515625
2020-06-17,354.9074401855469
2020-06-18,347.1270446777344
2020-06-19,350.718017578125
2020-06-22,351.3165283203125
2020-06-23,352.5134582519531
2020-06-24,343.9350280761719
2020-06-25,349.12200927734375
2020-06-26,345.33154296875
2020-06-29,354.9074401855469
2020-06-30,349.12200927734375
2020-07-01,345.92999267578125
2020-07-02,350.3190002441406
2020-07-03,347.3265075683594
2020-07-06,359.6954345703125
2020-07-07,344.9325256347656
2020-07-08,338.94757080078125
2020-07-09,334.35919189453125
2020-07-10,347.1270446777344
2020-07-13,348.9225158691406
2020-07-14,346.9275207519531
2020-07-15,353.31146240234375
2020-07-16,355.1069030761719
2020-07-17,358.2989501953125
2020-07-20,355.7054443359375
2020-07-21,361.889892578125
2020-07-22,364.08441162109375
2020-07-23,364.2838439941406
2020-07-24,354.1095275878906
2020-07-27,335.755615234375
2020-07-28,334.1596374511719
2020-07-29,326.1796875
2020-07-30,315.4068603515625
2020-07-31,313.41180419921875
2020-08-03,329.5711669921875
2020-08-04,337.7505798339844
2020-08-05,333.7607116699219
2020-08-06,331.3666687011719
2020-08-07,331.96514892578125
2020-08-10,335.55615234375
2020-08-11,349.321533203125
2020-08-12,350.3190002441406
2020-08-13,350.1195068359375
2020-08-14,348.32403564453125
2020-08-17,341.3416442871094
2020-08-18,338.94757080078125
2020-08-19,343.1370544433594
2020-08-20,341.14208984375
2020-08-21,343.73553466796875
2020-08-24,346.32904052734375
2020-08-25,343.1370544433594
2020-08-26,351.5159912109375
2020-08-27,358.0994567871094
2020-08-28,355.1069030761719
2020-09-01,342.33905029296875
2020-09-02,348.52349853515625
2020-09-03,347.3265075683594
2020-09-04,346.1295166015625
2020-09-07,348.7230224609375
2020-09-08,355.7054443359375
2020-09-09,351.1169738769531
2020-09-10,355.7054443359375
2020-09-11,343.3365478515625
2020-09-14,353.71044921875
2020-09-15,359.6954345703125
2020-09-16,364.6829528808594
2020-09-17,361.0919189453125
2020-09-18,356.1044006347656
2020-09-21,305.4319152832031
2020-09-22,311.21728515625
2020-09-23,318.79827880859375
2020-09-24,302.04034423828125
2020-09-25,302.6388854980469
2020-09-28,326.9776611328125
2020-09-29,314.20977783203125
2020-09-30,332.1646423339844
2020-10-01,329.1722106933594
2020-10-02,331.1671447753906
2020-10-05,336.3541259765625
2020-10-06,352.3139953613281
2020-10-07,344.1345520019531
2020-10-08,340.94256591796875
2020-10-09,342.33905029296875
2020-10-12,338.5485534667969
2020-10-13,322.1897277832031
2020-10-14,321.1922607421875
2020-10-15,325.1822814941406
2020-10-16,319.1972961425781
2020-10-19,324.9827575683594
2020-10-20,324.5837097167969
2020-10-21,320.99273681640625
2020-10-22,327.37677001953125
2020-10-23,328.37420654296875
2020-10-26,319.9952392578125
2020-10-27,316.204833984375
2020-10-28,298.2499694824219
2020-10-29,296.4544677734375
2020-10-30,294.4595031738281
2020-11-02,293.262451171875
2020-11-03,298.449462890625
2020-11-04,299.2474670410156
2020-11-05,300.6439208984375
2020-11-06,312.21484375
2020-11-09,346.32904052734375
2020-11-10,371.4658203125
2020-11-11,386.8271789550781
2020-11-12,380.84222412109375
2020-11-13,393.21112060546875
2020-11-16,404.58251953125
2020-11-17,409.5700378417969
2020-11-18,428.7218017578125
2020-11-19,425.7293395996094
2020-11-20,422.9364013671875
2020-11-23,432.5122985839844
2020-11-24,433.9088134765625
2020-11-25,418.9464416503906
2020-11-26,410.9664611816406
2020-11-27,407.7745361328125
2020-11-30,402.58758544921875
2020-12-01,426.9263916015625
2020-12-02,430.3177795410156
2020-12-03,450.2676696777344
2020-12-04,466.4270324707031
2020-12-07,448.8711853027344
2020-12-08,454.05810546875
2020-12-09,457.2500915527344
2020-12-10,444.681640625
2020-12-11,445.6791687011719
2020-12-14,443.2851867675781
2020-12-15,453.85858154296875
2020-12-16,457.05059814453125
2020-12-17,462.63653564453125
2020-12-18,468.82098388671875
2020-12-21,450.8661193847656
2020-12-22,453.6590881347656
2020-12-23,475.8034362792969
2020-12-24,488.5713195800781
2020-12-29,490.7658386230469
2020-12-30,492.36181640625
2020-12-31,487.37432861328125
2021-01-04,469.0205078125
2021-01-05,475.40447998046875
2021-01-06,488.17236328125
2021-01-07,490.9653625488281
2021-01-08,484.3818664550781
2021-01-11,476.0029602050781
2021-01-12,477.5989074707031
2021-01-13,478.59637451171875
2021-01-14,476.6014099121094
2021-01-15,480.7909240722656
2021-01-18,481.18988037109375
2021-01-19,481.18988037109375
2021-01-20,489.7682800292969
2021-01-21,488.37188720703125
2021-01-22,482.7859191894531
2021-01-25,480.1924133300781
2021-01-26,482.38690185546875
2021-01-27,475.6039733886719
2021-01-28,454.1952819824219
2021-01-29,452.5987854003906
2021-02-01,447.4102783203125
2021-02-02,452.0001525878906
2021-02-03,450.4037170410156
2021-02-04,454.39483642578125
2021-02-05,455.9913635253906
2021-02-08,450.6033020019531
2021-02-09,449.2063293457031
2021-02-10,454.5944519042969
2021-02-11,447.6098937988281
2021-02-12,441.2239990234375
2021-02-15,462.97589111328125
2021-02-16,458.7851257324219
2021-02-17,451.201904296875
2021-02-18,438.43017578125
2021-02-19,447.0111999511719
2021-02-22,443.2196044921875
2021-02-23,447.8094177246094
2021-02-24,457.787353515625
2021-02-25,449.00677490234375
2021-02-26,448.00897216796875
2021-03-01,462.177734375
2021-03-02,456.9891357421875
2021-03-03,463.1754150390625
2021-03-04,463.9736633300781
2021-03-05,459.3838195800781
2021-03-08,466.967041015625
2021-03-09,472.9538269042969
2021-03-10,471.9560241699219
2021-03-11,464.9714660644531
2021-03-12,466.5679626464844
2021-03-15,456.7895812988281
2021-03-16,458.5856018066406
2021-03-17,447.2107238769531
2021-03-18,450.00457763671875
2021-03-19,443.2196044921875
2021-03-22,443.8182373046875
2021-03-23,441.62310791015625
2021-03-24,455.39263916015625
2021-03-25,458.7851257324219
2021-03-26,462.5767517089844
2021-03-29,458.9847106933594
2021-03-30,461.5790100097656
2021-03-31,456.59002685546875
2021-04-01,462.97589111328125
2021-04-06,466.967041015625
2021-04-07,467.5657043457031
2021-04-08,475.94720458984375
2021-04-09,474.5502624511719
2021-04-12,474.74981689453125
2021-04-13,486.5237731933594
2021-04-14,476.94500732421875
2021-04-15,478.5414123535156
2021-04-16,471.15777587890625
2021-04-19,469.1622619628906
2021-04-20,452.9979553222656
2021-04-21,446.01336669921875
2021-04-22,451.201904296875
2021-04-23,452.5987854003906
2021-04-26,460.5811462402344
2021-04-27,454.79388427734375
2021-04-28,457.5877990722656
2021-04-29,458.38604736328125
2021-04-30,469.36175537109375
2021-05-04,470.7586669921875
2021-05-05,479.9383239746094
2021-05-06,483.7298889160156
2021-05-07,488.1202697753906
2021-05-10,494.1070556640625
2021-05-11,483.9294738769531
2021-05-12,486.1246337890625
2021-05-13,483.9294738769531
2021-05-14,492.11138916015625
2021-05-17,486.9228820800781
2021-05-18,482.3330383300781
2021-05-19,478.9405212402344
2021-05-20,485.7255554199219
2021-05-21,480.736572265625
2021-05-24,478.34185791015625
2021-05-25,480.9361572265625
2021-05-26,488.7189025878906
2021-05-27,483.9294738769531
2021-05-28,484.5281677246094
2021-06-01,500.8919982910156
2021-06-02,507.8764953613281
2021-06-03,507.377685546875
2021-06-04,505.8810119628906
2021-06-07,510.8699645996094
2021-06-08,568.2430419921875
2021-06-09,538.3092041015625
2021-06-10,543.7969970703125
2021-06-11,554.2739868164062
2021-06-14,543.7969970703125
2021-06-15,540.3048095703125
2021-06-16,533.3203125
2021-06-17,533.8192138671875
2021-06-18,525.8367919921875
2021-06-21,537.3114013671875
2021-06-22,543.2982177734375
2021-06-23,541.801513671875
2021-06-24,523.3424072265625
2021-06-25,527.8323974609375
2021-06-28,514.861083984375
2021-06-29,512.8655395507812
2021-06-30,508.3754577636719
2021-07-01,518.9255981445312
2021-07-02,528.9049072265625
2021-07-05,541.379150390625
2021-07-06,530.40185546875
2021-07-07,535.3916015625
2021-07-08,524.9132080078125
2021-07-09,532.397705078125
2021-07-12,538.3853149414062
2021-07-13,536.3895263671875
2021-07-14,535.890380859375
2021-07-15,522.9172973632812
2021-07-16,521.9193725585938
2021-07-19,500.9627685546875
2021-07-20,503.95654296875
2021-07-21,521.42041015625
2021-07-22,525.9111328125
2021-07-23,534.8925170898438
2021-07-26,540.3811645507812
2021-07-27,539.8822631835938
2021-07-28,553.3543701171875
2021-07-29,546.86767578125
2021-07-30,551.3583984375
2021-08-02,550.8594970703125
2021-08-03,554.8511352539062
2021-08-04,556.34814453125
2021-08-05,557.3460083007812
2021-08-06,557.3460083007812
2021-08-09,558.343994140625
2021-08-10,560.3399047851562
2021-08-11,568.8223266601562
2021-08-12,567.325439453125
2021-08-13,567.8244018554688
2021-08-16,557.3460083007812
2021-08-17,552.8552856445312
2021-08-18,561.8367309570312
2021-08-19,555.8491821289062
2021-08-20,559.3419189453125
2021-08-23,555.3502197265625
2021-08-24,560.8388061523438
2021-08-25,568.8223266601562
2021-08-26,564.3316040039062
2021-08-27,564.8304443359375
2021-08-31,560.8388061523438
2021-09-01,567.325439453125
2021-09-02,565.8284912109375
2021-09-03,559.3419189453125
2021-09-06,565.32958984375
2021-09-07,564.8304443359375
2021-09-08,556.34814453125
2021-09-09,554.8511352539062
2021-09-10,553.3543701171875
2021-09-13,567.8193969726562
2021-09-14,542.3770751953125
2021-09-15,536.3895263671875
2021-09-16,543.3749389648438
2021-09-17,549.3626098632812
2021-09-20,541.379150390625
2021-09-21,539.8822631835938
2021-09-22,553.853271484375
2021-09-23,553.853271484375
2021-09-24,549.8615112304688
2021-09-27,553.853271484375
2021-09-28,544.8718872070312
2021-09-29,544.3729248046875
2021-09-30,544.3729248046875
2021-10-01,544.3729248046875
2021-10-04,540.3811645507812
2021-10-05,550.3604736328125
2021-10-06,542.3770751953125
2021-10-07,547.3667602539062
2021-10-08,547.8656616210938
2021-10-11,551.3583984375
2021-10-12,546.86767578125
2021-10-13,535.890380859375
2021-10-14,533.8945922851562
2021-10-15,545.370849609375
2021-10-18,543.3749389648438
2021-10-19,543.3749389648438
2021-10-20,538.3853149414062
2021-10-21,529.4039306640625
2021-10-22,540.3811645507812
2021-10-25,550.3604736328125
2021-10-26,550.3604736328125
2021-10-27,552.8552856445312
2021-10-28,545.370849609375
2021-10-29,547.3667602539062
2021-11-01,553.853271484375
2021-11-02,543.8739013671875
2021-11-03,534.3936157226562
2021-11-04,533.3956909179688
2021-11-05,543.8739013671875
2021-11-08,539.8822631835938
2021-11-09,532.896728515625
2021-11-10,536.3895263671875
2021-11-11,533.8945922851562
2021-11-12,534.3936157226562
2021-11-15,533.3956909179688
2021-11-16,537.3873291015625
2021-11-17,530.40185546875
2021-11-18,534.8925170898438
2021-11-19,529.90283203125
2021-11-22,533.3956909179688
2021-11-23,531.3997192382812
2021-11-24,525.4121704101562
2021-11-25,528.9049072265625
2021-11-26,509.94415283203125
2021-11-29,517.9276733398438
2021-11-30,516.4307861328125
2021-12-01,525.9111328125
2021-12-02,528.4059448242188
2021-12-03,527.906982421875
2021-12-06,537.8863525390625
2021-12-07,540.8800659179688
2021-12-08,545.8698120117188
2021-12-09,545.8698120117188
2021-12-10,541.379150390625
2021-12-13,534.8925170898438
2021-12-14,539.8822631835938
2021-12-15,547.8656616210938
2021-12-16,551.8574829101562
2021-12-17,553.3543701171875
2021-12-20,539.8822631835938
2021-12-21,541.379150390625
2021-12-22,551.8574829101562
2021-12-23,557.3460083007812
2021-12-24,554.8511352539062
2021-12-29,562.8347778320312
2021-12-30,567.325439453125
2021-12-31,565.32958984375
2022-01-04,582.79345703125
2022-01-05,569.3212890625
2022-01-06,570.8182373046875
2022-01-07,575.807861328125
2022-01-10,580.7974243164062
2022-01-11,581.79541015625
2022-01-12,580.7974243164062
2022-01-13,581.79541015625
2022-01-14,588.7809448242188
2022-01-17,588.7809448242188
2022-01-18,589.7789916992188
2022-01-19,588.7809448242188
2022-01-20,600.2572021484375
2022-01-21,598.2613525390625
2022-01-24,594.2695922851562
2022-01-25,607.7417602539062
2022-01-26,616.2241821289062
2022-01-27,574.4867553710938
2022-01-28,571.491943359375
2022-01-31,568.497314453125
2022-02-01,574.98583984375
2022-02-02,574.98583984375
2022-02-03,576.9823608398438
2022-02-04,563.5062255859375
2022-02-07,568.497314453125
2022-02-08,573.488525390625
2022-02-09,579.9771728515625
2022-02-10,570.9929809570312
2022-02-11,578.479736328125
2022-02-14,566.5008544921875
2022-02-15,564.50439453125
2022-02-16,558.514892578125
2022-02-17,546.0369262695312
2022-02-18,549.03173828125
2022-02-21,542.5430908203125
2022-02-22,540.047607421875
2022-02-23,540.5465698242188
2022-02-24,502.11444091796875
2022-02-25,517.0879516601562
2022-02-28,504.6099853515625
2022-03-01,475.9605407714844
2022-03-02,482.34930419921875
2022-03-03,466.3774108886719
2022-03-04,442.0204162597656
2022-03-07,428.0450439453125
2022-03-08,426.4478759765625
2022-03-09,456.5947265625
2022-03-10,450.60528564453125
2022-03-11,465.3792419433594
2022-03-14,475.9605407714844
2022-03-15,465.9781494140625
2022-03-16,483.547119140625
2022-03-17,489.1372985839844
2022-03-18,501.11614990234375
2022-03-21,497.3228759765625
2022-03-22,504.11083984375
2022-03-23,498.32110595703125
2022-03-24,493.1302795410156
2022-03-25,494.32818603515625
2022-03-28,497.3228759765625
2022-03-29,511.0986022949219
2022-03-30,505.6082458496094
2022-03-31,499.1197204589844
2022-04-01,505.6082458496094
2022-04-04,500.11798095703125
2022-04-05,499.6188049316406
2022-04-06,490.1355285644531
2022-04-07,489.53662109375
2022-04-08,495.5260314941406
2022-04-11,499.6188049316406
2022-04-12,496.32464599609375
2022-04-13,496.5242614746094
2022-04-14,500.11798095703125
2022-04-19,500.6170349121094
2022-04-20,503.6117858886719
2022-04-21,507.1056213378906
2022-04-22,495.3263854980469
2022-04-25,490.3351745605469
2022-04-26,490.7344970703125
2022-04-27,488.3387145996094
2022-04-28,491.93231201171875
2022-04-29,495.1267395019531
2022-05-03,492.3316650390625
2022-05-04,492.13201904296875
2022-05-05,492.73095703125
2022-05-06,482.74859619140625
2022-05-09,471.5682678222656
2022-05-10,461.5858459472656
2022-05-11,464.5806579589844
2022-05-12,464.5806579589844
2022-05-13,473.764404296875
2022-05-16,476.1601867675781
2022-05-17,485.14434814453125
2022-05-18,479.3545837402344
2022-05-19,462.9834289550781
2022-05-20,467.3757019042969
2022-05-23,479.75384521484375
2022-05-24,477.35809326171875
2022-05-25,479.3545837402344
2022-05-26,488.53839111328125
2022-05-27,493.3299560546875
2022-05-30,497.3228759765625
2022-05-31,490.9341735839844
2022-06-01,487.9394226074219
2022-06-06,493.5295715332031
2022-06-07,498.32110595703125
2022-06-08,490.9341735839844
2022-06-09,489.1372985839844
2022-06-10,479.9534912109375
2022-06-13,469.1724853515625
2022-06-14,501.11614990234375
2022-06-15,503.1126708984375
2022-06-16,492.73095703125
2022-06-17,494.32818603515625
2022-06-20,479.1548767089844
2022-06-21,480.15313720703125
2022-06-22,479.3545837402344
2022-06-23,473.16546630859375
2022-06-24,479.55419921875
2022-06-27,486.34222412109375
2022-06-28,494.5278015136719
2022-06-29,496.125
2022-06-30,488.53839111328125
2022-07-01,488.1390686035156
2022-07-04,492.13201904296875
2022-07-05,482.149658203125
2022-07-06,485.94293212890625
2022-07-07,476.052490234375
2022-07-08,478.4486999511719
2022-07-11,485.2380676269531
2022-07-12,494.22393798828125
2022-07-13,490.82928466796875
2022-07-14,489.2317810058594
2022-07-15,496.62017822265625
2022-07-18,499.7153015136719
2022-07-19,507.7027893066406
2022-07-20,507.7027893066406
2022-07-21,516.6886596679688
2022-07-22,515.1910400390625
2022-07-25,522.6792602539062
2022-07-26,520.6823120117188
2022-07-27,526.1737670898438
2022-07-28,531.1658935546875
2022-07-29,534.1612548828125
2022-08-01,537.6557006835938
2022-08-02,537.156494140625
2022-08-03,546.6416625976562
2022-08-04,548.6385498046875
2022-08-05,553.1314086914062
2022-08-08,556.1267700195312
2022-08-09,561.6181030273438
2022-08-10,568.6071166992188
2022-08-11,572.6008911132812
2022-08-12,577.5930786132812
2022-08-15,579.58984375
2022-08-16,566.111083984375
2022-08-17,565.112548828125
2022-08-18,565.6118774414062
2022-08-19,562.6165161132812
2022-08-22,557.6243286132812
2022-08-23,558.622802734375
2022-08-24,547.1408081054688
2022-08-25,542.1487426757812
2022-08-26,542.1487426757812
2022-08-30,539.1534423828125
2022-08-31,536.1580200195312
2022-09-01,494.22393798828125
2022-09-02,502.71063232421875
2022-09-05,501.712158203125
2022-09-06,500.2145690917969
2022-09-07,492.2270812988281
2022-09-08,493.22552490234375
2022-09-09,494.8230285644531
2022-09-12,505.2066650390625
2022-09-13,498.2176208496094
2022-09-14,489.43145751953125
2022-09-15,497.21923828125
2022-09-16,499.0163879394531
2022-09-20,488.2333679199219
2022-09-21,495.2223815917969
2022-09-22,484.83868408203125
2022-09-23,470.8606262207031
2022-09-26,446.4989013671875
2022-09-27,424.9327392578125
2022-09-28,408.5584716796875
2022-09-29,386.3932800292969
2022-09-30,394.1809997558594
2022-10-03,399.17315673828125
2022-10-04,414.5491027832031
2022-10-05,408.5584716796875
2022-10-06,410.3556213378906
2022-10-07,410.7549743652344
2022-10-10,407.1606750488281
2022-10-11,401.7691345214844
2022-10-12,365.42620849609375
2022-10-13,390.7863464355469
2022-10-14,395.9782409667969
2022-10-17,417.5443420410156
2022-10-18,416.1465148925781
2022-10-19,408.7581481933594
2022-10-20,413.1512756347656
2022-10-21,407.7596740722656
2022-10-24,403.56634521484375
2022-10-25,422.5364990234375
2022-10-26,426.5302429199219
2022-10-27,430.12457275390625
2022-10-28,427.1293029785156
2022-10-31,427.32904052734375
2022-11-01,427.7283630371094
2022-11-02,431.12298583984375
2022-11-03,428.5271301269531
2022-11-04,436.1152038574219
2022-11-07,433.5193176269531
2022-11-08,432.1214904785156
2022-11-09,429.3258361816406
2022-11-10,456.0838623046875
2022-11-11,462.0743713378906
2022-11-14,457.6813049316406
2022-11-15,452.4894714355469
2022-11-16,442.704833984375
2022-11-17,437.7126770019531
2022-11-18,449.09478759765625
2022-11-21,458.0806884765625
2022-11-22,454.8857421875
2022-11-23,461.07598876953125
2022-11-24,462.8731689453125
2022-11-25,464.2709655761719
2022-11-28,452.4894714355469
2022-11-29,461.475341796875
2022-11-30,468.86376953125
2022-12-01,463.67193603515625
2022-12-02,461.874755859375
2022-12-05,463.67193603515625
2022-12-06,485.4377136230469
2022-12-07,498.81671142578125
2022-12-08,511.6965026855469
2022-12-09,509.6996154785156
2022-12-12,512.6949462890625
2022-12-13,527.1721801757812
2022-12-14,534.1612548828125
2022-12-15,539.652587890625
2022-12-16,540.6510009765625
2022-12-19,539.652587890625
2022-12-20,541.6494750976562
2022-12-21,559.1220703125
2022-12-22,551.6337280273438
2022-12-23,553.6306762695312
2022-12-28,579.58984375
2022-12-29,575.096923828125
2022-12-30,562.6165161132812
2023-01-03,581.0874633789062
2023-01-04,584.0828247070312
2023-01-05,581.5867309570312
2023-01-06,588.0765991210938
2023-01-09,583.5836791992188
2023-01-10,576.0953979492188
2023-01-11,577.0938110351562
2023-01-12,581.0874633789062
2023-01-13,566.111083984375
2023-01-16,569.1063842773438
2023-01-17,571.103271484375
2023-01-18,572.1015625
2023-01-19,565.112548828125
2023-01-20,566.111083984375
2023-01-23,577.0938110351562
2023-01-24,584.0828247070312
2023-01-25,576.5946044921875
2023-01-26,584.0828247070312
2023-01-27,590.073486328125
2023-01-30,592.569580078125
2023-01-31,600.0578002929688
2023-02-01,607.046875
2023-02-02,575.2786254882812
2023-02-03,580.771728515625
2023-02-06,582.2698364257812
2023-02-07,577.2761840820312
2023-02-08,589.760498046875
2023-02-09,595.7529296875
2023-02-10,587.2636108398438
2023-02-13,589.760498046875
2023-02-14,594.754150390625
2023-02-15,596.2523193359375
2023-02-16,595.7529296875
2023-02-17,596.2523193359375
2023-02-20,596.2523193359375
2023-02-21,593.256103515625
2023-02-22,583.2686767578125
2023-02-23,587.2636108398438
2023-02-24,582.7692260742188
2023-02-27,594.2548828125
2023-02-28,595.7529296875
2023-03-01,598.749267578125
2023-03-02,597.2510986328125
2023-03-03,597.2510986328125
2023-03-06,592.2572631835938
2023-03-07,592.2572631835938
2023-03-08,578.2747802734375
2023-03-09,572.2822875976562
2023-03-10,563.2937622070312
2023-03-13,532.33251953125
2023-03-14,541.8206176757812
2023-03-15,514.35498046875
2023-03-16,530.3348999023438
2023-03-17,511.3587951660156
2023-03-20,514.35498046875
2023-03-21,536.3274536132812
2023-03-22,526.3400268554688
2023-03-23,519.8482055664062
2023-03-24,515.3538208007812
2023-03-27,517.8505859375
2023-03-28,500.8719787597656
2023-03-29,515.8530883789062
2023-03-30,521.8456420898438
2023-03-31,519.3487548828125
2023-04-03,518.3500366210938
2023-04-04,507.3638000488281
2023-04-05,494.779541015625
2023-04-06,503.8681945800781
2023-04-11,493.5810852050781
2023-04-12,495.7782897949219
2023-04-13,496.1777648925781
2023-04-14,501.87066650390625
2023-04-17,498.3750305175781
2023-04-18,507.3638000488281
2023-04-19,504.86688232421875
2023-04-20,497.176513671875
2023-04-21,499.17401123046875
2023-04-24,494.579833984375
2023-04-25,489.1865234375
2023-04-26,494.3800354003906
2023-04-27,498.7745666503906
2023-04-28,501.87066650390625
2023-05-02,487.788330078125
2023-05-03,487.9880676269531
2023-05-04,490.5848083496094
2023-05-05,488.7870788574219
2023-05-09,493.9805908203125
2023-05-10,494.97930908203125
2023-05-11,499.3738098144531
2023-05-12,500.37255859375
2023-05-15,503.3687744140625
2023-05-16,502.8694152832031
2023-05-17,503.8681945800781
2023-05-18,514.35498046875
2023-05-19,511.8581237792969
2023-05-22,518.3500366210938
2023-05-23,526.83935546875
2023-05-24,511.3587951660156
2023-05-25,497.37628173828125
2023-05-26,482.3951110839844
2023-05-30,492.3825988769531
2023-05-31,484.7920837402344
2023-06-01,487.3888244628906
2023-06-02,492.7820739746094
2023-06-05,502.8694152832031
2023-06-06,550.3098754882812
2023-06-07,551.3086547851562
2023-06-08,556.302490234375
2023-06-09,560.2974243164062
2023-06-12,559.7980346679688
2023-06-13,570.284912109375
2023-06-14,576.2774047851562
2023-06-15,576.7767333984375
2023-06-16,570.7842407226562
2023-06-19,573.2811279296875
2023-06-20,569.7855834960938
2023-06-21,547.3136596679688
2023-06-22,531.3336791992188
2023-06-23,517.3512573242188
2023-06-26,511.8581237792969
2023-06-27,518.8494262695312
2023-06-28,523.8430786132812
2023-06-29,526.3400268554688
2023-06-30,530.3348999023438
2023-07-03,539.32373046875
2023-07-04,540.8218383789062
2023-07-05,536.3274536132812
2023-07-06,508.4666748046875
2023-07-07,495.08074951171875
2023-07-10,505.4698181152344
2023-07-11,500.97454833984375
2023-07-12,517.9566650390625
2023-07-13,520.4541015625
2023-07-14,509.9651184082031
2023-07-17,512.4625244140625
2023-07-18,519.4552001953125
2023-07-19,539.4342041015625
2023-07-20,542.9306030273438
2023-07-21,534.4393920898438
2023-07-24,550.9221801757812
2023-07-25,543.9295043945312
2023-07-26,553.9190063476562
2023-07-27,542.4310913085938
2023-07-28,538.4352416992188
2023-07-31,527.44677734375
2023-08-01,517.457275390625
2023-08-02,505.9693298339844
2023-08-03,510.9640808105469
2023-08-04,514.9599609375
2023-08-07,517.457275390625
2023-08-08,512.4625244140625
2023-08-09,525.4488525390625
2023-08-10,529.9441528320312
2023-08-11,522.4520263671875
2023-08-14,521.4530639648438
2023-08-15,523.950439453125
2023-08-16,525.9483642578125
2023-08-17,520.9535522460938
2023-08-18,514.4603881835938
2023-08-21,499.9756164550781
2023-08-22,497.6780090332031
2023-08-23,505.4698181152344
2023-08-24,507.9671936035156
2023-08-25,508.4666748046875
2023-08-29,526.9473266601562
2023-08-30,526.9473266601562
2023-08-31,525.9483642578125
2023-09-01,521.95263671875
2023-09-04,519.9546508789062
2023-09-05,515.9588623046875
2023-09-06,505.4698181152344
2023-09-07,500.4750671386719
2023-09-08,499.27630615234375
2023-09-11,501.9734802246094
2023-09-12,506.96826171875
2023-09-13,515.9588623046875
2023-09-14,519.4552001953125
2023-09-15,505.9693298339844
2023-09-18,504.47088623046875
2023-09-19,513.46142578125
2023-09-20,522.4520263671875
2023-09-21,516.4583129882812
2023-09-22,515.4593505859375
2023-09-25,499.47613525390625
2023-09-26,498.67694091796875
2023-09-27,493.48236083984375
2023-09-28,488.2878723144531
2023-09-29,491.4844970703125
2023-10-02,473.50335693359375
2023-10-03,464.9123840332031
2023-10-04,472.1048583984375
2023-10-05,474.5023193359375
2023-10-06,478.29833984375
2023-10-09,478.6979064941406
2023-10-10,489.28680419921875
2023-10-11,489.4866027832031
2023-10-12,493.8819580078125
2023-10-13,478.6979064941406
2023-10-16,485.2909851074219
2023-10-17,488.68743896484375
2023-10-18,482.0943908691406
2023-10-19,475.7010803222656
2023-10-20,471.70526123046875
2023-10-23,471.3056640625
2023-10-24,459.71783447265625
2023-10-25,459.9176025390625
2023-10-26,461.1163330078125
2023-10-27,461.3161315917969
2023-10-30,450.12786865234375
2023-10-31,443.1352233886719
2023-11-01,446.33184814453125
2023-11-02,454.323486328125
2023-11-03,462.5148620605469
2023-11-06,456.12158203125
2023-11-07,454.52325439453125
2023-11-08,458.5190734863281
2023-11-09,461.3161315917969
2023-11-10,458.3193054199219
2023-11-13,459.5180358886719
2023-11-14,481.4949645996094
2023-11-15,489.0870361328125
2023-11-16,479.2972717285156
2023-11-17,494.081787109375
2023-11-20,487.2888488769531
2023-11-21,475.5012512207031
2023-11-22,478.6979064941406
2023-11-23,481.4949645996094
2023-11-24,479.4970703125
2023-11-27,472.50439453125
2023-11-28,467.7094421386719
2023-11-29,479.8966369628906
2023-11-30,482.0943908691406
2023-12-01,484.4918518066406
2023-12-04,485.4908142089844
2023-12-05,490.4855651855469
2023-12-06,531.4425659179688
2023-12-07,553.4194946289062
2023-12-08,556.9158935546875
2023-12-11,558.9136962890625
2023-12-12,570.4017333984375
2023-12-13,590.8802490234375
2023-12-14,613.856201171875
2023-12-15,626.842529296875
2023-12-18,643.3252563476562
2023-12-19,664.8027954101562
2023-12-20,690.7754516601562
2023-12-21,691.2749633789062
2023-12-22,688.777587890625
2023-12-27,689.7764892578125
2023-12-28,687.778564453125
2023-12-29,696.7691650390625
2024-01-02,693.2728881835938
2024-01-03,695.270751953125
2024-01-04,703.7618408203125
2024-01-05,700.2655639648438
2024-01-08,716.2487182617188
2024-01-09,708.756591796875
2024-01-10,708.756591796875
2024-01-11,690.7754516601562
2024-01-12,706.2592163085938
2024-01-15,709.256103515625
2024-01-16,707.2582397460938
2024-01-17,692.7734375
2024-01-18,692.27392578125
2024-01-19,696.2696533203125
2024-01-22,713.7514038085938
2024-01-23,705.759765625
2024-01-24,705.2603149414062
2024-01-25,722.2425537109375
2024-01-26,711.2539672851562
2024-01-29,704.2612915039062
2024-01-30,700.2655639648438
2024-01-31,703.2623901367188
2024-02-01,649.5625610351562
2024-02-02,654.5592041015625
2024-02-05,649.5625610351562
2024-02-06,650.5618286132812
2024-02-07,646.5645141601562
2024-02-08,637.5706787109375
2024-02-09,638.5699462890625
2024-02-12,645.0656127929688
2024-02-13,633.5732421875
2024-02-14,636.5712280273438
2024-02-15,637.5706787109375
2024-02-16,636.5712280273438
2024-02-19,643.06689453125
2024-02-20,649.5625610351562
2024-02-21,642.5672607421875
2024-02-22,642.5672607421875
2024-02-23,644.0662231445312
2024-02-26,641.0682373046875
2024-02-27,645.0656127929688
2024-02-28,642.067626953125
2024-02-29,643.5665283203125
2024-03-01,665.0521240234375
2024-03-04,665.5517578125
2024-03-05,660.5551147460938
2024-03-06,678.0433349609375
2024-03-07,684.039306640625
2024-03-08,684.5389404296875
2024-03-11,667.0507202148438
2024-03-12,678.5430297851562
2024-03-13,674.0460205078125
2024-03-14,667.5504150390625
2024-03-15,671.0480346679688
2024-03-18,671.5477294921875
2024-03-19,660.055419921875
2024-03-20,659.5557861328125
2024-03-21,670.5484008789062
2024-03-22,664.0527954101562
2024-03-25,670.5484008789062
2024-03-26,673.0467529296875
2024-03-27,674.0460205078125
2024-03-28,690.0352783203125
2024-04-02,672.5470581054688
2024-04-03,677.0440063476562
2024-04-04,685.5382690429688
2024-04-05,668.5498046875
2024-04-08,686.53759765625
2024-04-09,689.0359497070312
2024-04-10,700.0285034179688
2024-04-11,685.5382690429688
2024-04-12,680.5416870117188
2024-04-15,680.5416870117188
2024-04-16,666.0514526367188
2024-04-17,677.543701171875
2024-04-18,685.0386352539062
2024-04-19,669.0493774414062
2024-04-22,690.0352783203125
2024-04-23,700.5281982421875
2024-04-24,706.0245361328125
2024-04-25,689.53564453125
2024-04-26,697.5302124023438
2024-04-29,714.5187377929688
2024-04-30,715.0184326171875
2024-05-01,709.5221557617188
2024-05-02,708.5228271484375
2024-05-03,706.524169921875
2024-05-07,719.5154418945312
2024-05-08,738.5026245117188
2024-05-09,714.5187377929688
2024-05-10,730.508056640625
2024-05-13,732.5066528320312
2024-05-14,718.0164184570312
2024-05-15,726.5106811523438
2024-05-16,730.0083618164062
2024-05-17,739.0022583007812
2024-05-20,748.9955444335938
2024-05-21,759.4884643554688
2024-05-22,747.49658203125
2024-05-23,742.000244140625
2024-05-24,767.9827880859375
2024-05-28,754.4918212890625
2024-05-29,743.499267578125
2024-05-30,753.4925537109375
2024-05-31,763.9854736328125
2024-06-03,778.975341796875
2024-06-04,769.4817504882812
2024-06-05,754.4918212890625
2024-06-06,755.4911499023438
2024-06-07,746.9969482421875
2024-06-10,751.9934692382812
2024-06-11,742.000244140625
2024-06-12,751.493896484375
2024-06-13,739.0022583007812
2024-06-14,742.9996337890625
2024-06-17,755.4911499023438
2024-06-18,775.4777221679688
2024-06-19,769.4817504882812
2024-06-20,754.9915161132812
2024-06-21,748.9955444335938
2024-06-24,765.984130859375
2024-06-25,755.9908447265625
2024-06-26,749.4952392578125
2024-06-27,749.994873046875
2024-06-28,734.5053100585938
2024-07-01,735.0050048828125
2024-07-02,725.01171875
2024-07-03,744.9982299804688
2024-07-04,736.6344604492188
2024-07-05,752.62646484375
2024-07-08,753.6260375976562
2024-07-09,735.1351318359375
2024-07-10,759.1232299804688
2024-07-11,748.1287231445312
2024-07-12,739.6329345703125
2024-07-15,756.1246948242188
2024-07-16,757.6240234375
2024-07-17,753.6260375976562
2024-07-18,773.6160888671875
2024-07-19,771.1173095703125
2024-07-22,779.6130981445312
2024-07-23,773.1162719726562
2024-07-24,770.1177978515625
2024-07-25,773.1162719726562
2024-07-26,796.6046142578125
2024-07-29,793.6061401367188
2024-07-30,807.0994262695312
2024-07-31,803.6011352539062
2024-08-01,789.6080932617188
2024-08-02,758.123779296875
2024-08-05,742.1316528320312
2024-08-06,738.1336669921875
2024-08-07,748.6284790039062
2024-08-08,752.126708984375
2024-08-09,759.1232299804688
2024-08-12,763.6210327148438
2024-08-13,764.6205444335938
2024-08-14,766.1197509765625
2024-08-15,776.6145629882812
2024-08-16,773.6160888671875
2024-08-19,776.6145629882812
2024-08-20,763.6210327148438
2024-08-21,778.1138305664062
2024-08-22,780.6126098632812
2024-08-23,787.609130859375
2024-08-27,783.111328125
2024-08-28,772.1168212890625
2024-08-29,772.6165771484375
2024-08-30,767.1193237304688
2024-09-02,763.6210327148438
2024-09-03,755.125244140625
2024-09-04,762.6215209960938
2024-09-05,765.6199951171875
2024-09-06,737.1341552734375
2024-09-09,740.1326904296875
2024-09-10,733.6359252929688
2024-09-11,733.1361694335938
2024-09-12,737.6339111328125
2024-09-13,742.6314086914062
2024-09-16,748.6284790039062
2024-09-17,744.6304321289062
2024-09-18,744.1307373046875
2024-09-19,759.1232299804688
2024-09-20,740.6324462890625
2024-09-23,752.62646484375
2024-09-24,750.6275024414062
2024-09-25,750.6275024414062
2024-09-26,772.6165771484375
2024-09-27,776.6145629882812
2024-09-30,777.1143798828125
2024-10-01,772.1168212890625
2024-10-02,764.6205444335938
2024-10-03,754.125732421875
2024-10-04,769.1182861328125
2024-10-07,766.6195068359375
2024-10-08,760.62255859375
2024-10-09,770.6175537109375
2024-10-10,764.6205444335938
2024-10-11,768.6185302734375
2024-10-14,770.1177978515625
2024-10-15,739.6329345703125
2024-10-16,746.1296997070312
2024-10-17,767.1193237304688
2024-10-18,762.6215209960938
2024-10-21,743.1312255859375
2024-10-22,749.6279296875
2024-10-23,736.6344604492188
2024-10-24,745.6299438476562
2024-10-25,743.6309814453125
2024-10-28,720.1426391601562
2024-10-29,693.156005859375
2024-10-30,699.6527709960938
2024-10-31,685.6597290039062
2024-11-01,690.157470703125
2024-11-04,691.156982421875
2024-11-05,680.1624145507812
2024-11-06,669.1679077148438
2024-11-07,691.65673828125
2024-11-08,685.6597290039062
2024-11-11,710.1475830078125
2024-11-12,716.6443481445312
2024-11-13,700.6522827148438
2024-11-14,711.1470336914062
2024-11-15,717.6438598632812
2024-11-18,723.14111328125
2024-11-19,724.640380859375
2024-11-20,723.14111328125
2024-11-21,732.6363525390625
2024-11-22,726.639404296875
2024-11-25,738.6334228515625
2024-11-26,726.1396484375
2024-11-27,727.13916015625
2024-11-28,749.6279296875
2024-11-29,757.124267578125
2024-12-02,747.1292114257812
2024-12-03,796.6046142578125
2024-12-04,794.1058959960938
2024-12-05,787.1093139648438
2024-12-06,803.1014404296875
2024-12-09,789.6080932617188
2024-12-10,785.610107421875
2024-12-11,778.1138305664062
2024-12-12,775.6150512695312
2024-12-13,777.1143798828125
2024-12-16,771.1173095703125
2024-12-17,744.6304321289062
2024-12-18,739.1331787109375
2024-12-19,736.6344604492188
2024-12-20,735.1351318359375
2024-12-23,728.6383666992188
2024-12-24,742.6314086914062
2024-12-27,735.1351318359375
2024-12-30,735.1351318359375
2024-12-31,743.1312255859375
2025-01-02,749.6279296875
2025-01-03,745.1301879882812
2025-01-06,751.626953125
2025-01-07,747.1292114257812
2025-01-08,699.6527709960938
2025-01-09,700.1525268554688
2025-01-10,687.65869140625
2025-01-13,694.155517578125
2025-01-14,697.1539916992188
2025-01-15,725.6398315429688
2025-01-16,727.13916015625
2025-01-17,729.637939453125
2025-01-20,733.6359252929688
2025-01-21,747.1292114257812
2025-01-22,749.128173828125
2025-01-23,762.1217651367188
2025-01-24,761.1222534179688
2025-01-27,736.6344604492188
2025-01-28,752.126708984375
2025-01-29,762.1217651367188
2025-01-30,765.6199951171875
2025-01-31,803.1014404296875
2025-02-03,790.1078491210938
2025-02-04,788.10888671875
2025-02-05,780.6126098632812
2025-02-06,767.886474609375
2025-02-07,772.8857421875
2025-02-10,784.8839721679688
2025-02-11,788.8833618164062
2025-02-12,788.8833618164062
2025-02-13,787.883544921875
2025-02-14,786.8836669921875
2025-02-17,788.8833618164062
2025-02-18,780.8845825195312
2025-02-19,771.385986328125
2025-02-20,760.8875122070312
2025-02-21,760.3875732421875
2025-02-24,750.8889770507812
2025-02-25,752.888671875
2025-02-26,755.8882446289062
2025-02-27,753.3886108398438
2025-02-28,755.8882446289062
2025-03-03,757.3880004882812
2025-03-04,727.8923950195312
2025-03-05,735.8912353515625
2025-03-06,732.3917236328125
2025-03-07,738.8907470703125
2025-03-10,714.3944091796875
2025-03-11,706.8955078125
2025-03-12,721.8932495117188
2025-03-13,712.3946533203125
2025-03-14,737.8909301757812
2025-03-17,741.8903198242188
2025-03-18,753.3886108398438
2025-03-19,761.8873901367188
2025-03-20,756.8881225585938
2025-03-21,762.3872680664062
2025-03-24,763.3871459960938
2025-03-25,771.8858642578125
2025-03-26,777.3850708007812
2025-03-27,777.885009765625
2025-03-28,772.3858032226562
2025-03-31,736.39111328125
2025-04-01,751.388916015625
2025-04-02,754.8883666992188
2025-04-03,739.890625
2025-04-04,686.3984985351562
2025-04-07,694.8972778320312
2025-04-08,724.3928833007812
2025-04-09,704.8958129882812
2025-04-10,721.8932495117188
2025-04-11,720.8934326171875
2025-04-14,754.3884887695312
2025-04-15,772.3858032226562
2025-04-16,785.3839111328125
2025-04-17,798.3819580078125
2025-04-22,796.3822631835938
2025-04-23,818.87890625
2025-04-24,821.8784790039062
2025-04-25,823.878173828125
2025-04-28,835.3765258789062
2025-04-29,836.8762817382812
2025-04-30,842.8753662109375
2025-05-01,848.87451171875
2025-05-02,857.8731689453125
2025-05-06,864.8721313476562
2025-05-07,877.8702392578125
2025-05-08,886.3689575195312
2025-05-09,888.8685913085938
2025-05-12,886.868896484375
2025-05-13,896.3674926757812
2025-05-14,899.866943359375
2025-05-15,901.8666381835938
2025-05-16,909.3655395507812
2025-05-19,896.3674926757812
2025-05-20,907.8657836914062
2025-05-21,885.3690795898438
2025-05-22,888.8685913085938
2025-05-23,898.8671264648438
2025-05-27,905.8660888671875
2025-05-28,907.3658447265625
2025-05-29,901.3667602539062
2025-05-30,903.366455078125
2025-06-02,912.8650512695312
2025-06-03,902.3665771484375
2025-06-04,908.8656616210938
2025-06-05,871.3711547851562
2025-06-06,889.8684692382812
2025-06-09,896.3674926757812
2025-06-10,900.8668212890625
2025-06-11,905.3661499023438
2025-06-12,905.8660888671875
2025-06-13,888.8685913085938
2025-06-16,900.8668212890625
2025-06-17,898.3671875
2025-06-18,905.8660888671875
2025-06-19,894.86767578125
2025-06-20,913.8648681640625
2025-06-23,903.8663940429688
2025-06-24,922.3636474609375
2025-06-25,917.8643188476562
2025-06-26,925.8630981445312
2025-06-27,937.3613891601562
2025-06-30,942.860595703125
2025-07-01,930.8623657226562
2025-07-02,919.864013671875
2025-07-03,930.0
2025-07-04,922.5
2025-07-07,931.5
2025-07-08,943.5
2025-07-09,936.5
2025-07-10,950.0
2025-07-11,937.0
2025-07-14,937.5
2025-07-15,940.5
2025-07-16,947.0
2025-07-17,950.0
2025-07-18,957.0
2025-07-21,970.0
2025-07-22,960.0
2025-07-23,954.0
2025-07-24,961.5
2025-07-25,959.5
2025-07-28,952.0
2025-07-29,875.0
2025-07-30,888.0
2025-07-31,905.5
2025-08-01,890.0
2025-08-04,914.0
2025-08-05,903.0
2025-08-06,912.5
2025-08-07,908.5
2025-08-08,910.0
2025-08-11,923.0
2025-08-12,926.5
2025-08-13,919.5
2025-08-14,918.0
2025-08-15,908.5
2025-08-18,906.0
2025-08-19,904.5
2025-08-20,914.0
2025-08-21,914.5
2025-08-22,926.5
