Date,PNDORA.CO
2015-08-24,574.4296875
2015-08-25,608.2916870117188
2015-08-26,603.803955078125
2015-08-27,620.5308837890625
2015-08-28,613.5953979492188
2015-08-31,627.0585327148438
2015-09-01,613.5953979492188
2015-09-02,615.227294921875
2015-09-03,634.81005859375
2015-09-04,624.2027587890625
2015-09-07,624.6107788085938
2015-09-08,632.3623046875
2015-09-09,638.0738525390625
2015-09-10,637.2579345703125
2015-09-11,631.5463256835938
2015-09-14,622.5708618164062
2015-09-15,625.0186767578125
2015-09-16,640.1138305664062
2015-09-17,643.7854614257812
2015-09-18,645.4174194335938
2015-09-21,648.2733154296875
2015-09-22,632.3623046875
2015-09-23,640.5218505859375
2015-09-24,624.2027587890625
2015-09-25,654.3928833007812
2015-09-28,640.5218505859375
2015-09-29,629.0984497070312
2015-09-30,635.6260986328125
2015-10-01,634.81005859375
2015-10-02,632.3623046875
2015-10-05,655.6168823242188
2015-10-06,665.0003662109375
2015-10-07,663.7763671875
2015-10-08,659.6965942382812
2015-10-09,647.04931640625
2015-10-12,659.6965942382812
2015-10-13,652.3530883789062
2015-10-14,613.5953979492188
2015-10-15,617.2671508789062
2015-10-16,619.3070068359375
2015-10-19,619.715087890625
2015-10-20,620.1229858398438
2015-10-21,622.9788208007812
2015-10-22,616.451171875
2015-10-23,635.6260986328125
2015-10-26,641.3377685546875
2015-10-27,642.1536865234375
2015-10-28,637.6659545898438
2015-10-29,642.1536865234375
2015-10-30,638.4818725585938
2015-11-02,650.3131713867188
2015-11-03,642.9696655273438
2015-11-04,643.7854614257812
2015-11-05,649.497314453125
2015-11-06,642.9696655273438
2015-11-09,648.6812744140625
2015-11-10,665.8162231445312
2015-11-11,685.3990478515625
2015-11-12,693.150634765625
2015-11-13,679.6875610351562
2015-11-16,687.031005859375
2015-11-17,683.7671508789062
2015-11-18,675.19970703125
2015-11-19,681.727294921875
2015-11-20,676.0156860351562
2015-11-23,674.7916870117188
2015-11-24,656.8408203125
2015-11-25,666.6322631835938
2015-11-26,670.7119750976562
2015-11-27,672.7518920898438
2015-11-30,682.951171875
2015-12-01,683.7671508789062
2015-12-02,697.6382446289062
2015-12-03,694.37451171875
2015-12-04,695.1905517578125
2015-12-07,697.6382446289062
2015-12-08,690.2947998046875
2015-12-09,684.1751708984375
2015-12-10,676.8316650390625
2015-12-11,655.2088623046875
2015-12-14,659.6965942382812
2015-12-15,683.3592529296875
2015-12-16,677.2395629882812
2015-12-17,696.4144287109375
2015-12-18,673.5678100585938
2015-12-21,678.0555419921875
2015-12-22,670.303955078125
2015-12-23,688.2549438476562
2015-12-28,692.7427368164062
2015-12-29,701.718017578125
2015-12-30,711.5095825195312
2016-01-04,698.454345703125
2016-01-05,696.4144287109375
2016-01-06,702.5340576171875
2016-01-07,733.9481201171875
2016-01-08,718.037109375
2016-01-11,716.4052734375
2016-01-12,721.708984375
2016-01-13,723.7488403320312
2016-01-14,693.55859375
2016-01-15,676.4236450195312
2016-01-18,699.2702026367188
2016-01-19,720.0770874023438
2016-01-20,684.1751708984375
2016-01-21,706.6138305664062
2016-01-22,718.8531494140625
2016-01-25,721.708984375
2016-01-26,727.8285522460938
2016-01-27,733.1322021484375
2016-01-28,719.2611083984375
2016-01-29,748.2273559570312
2016-02-01,771.4819946289062
2016-02-02,762.9144287109375
2016-02-03,751.8991088867188
2016-02-04,742.5156860351562
2016-02-05,711.91748046875
2016-02-08,672.3439331054688
2016-02-09,623.3868408203125
2016-02-10,652.7610473632812
2016-02-11,638.4818725585938
2016-02-12,629.0984497070312
2016-02-15,668.2640991210938
2016-02-16,666.2242431640625
2016-02-17,684.5830688476562
2016-02-18,692.334716796875
2016-02-19,683.7671508789062
2016-02-22,690.7027587890625
2016-02-23,692.7427368164062
2016-02-24,675.6076049804688
2016-02-25,702.1260986328125
2016-02-26,710.6935424804688
2016-02-29,709.0616455078125
2016-03-01,720.4849853515625
2016-03-02,719.2611083984375
2016-03-03,702.1260986328125
2016-03-04,711.5095825195312
2016-03-07,700.902099609375
2016-03-08,680.9113159179688
2016-03-09,682.13525390625
2016-03-10,669.080078125
2016-03-11,682.951171875
2016-03-14,696.822509765625
2016-03-15,692.334716796875
2016-03-16,709.877685546875
2016-03-17,687.9269409179688
2016-03-18,684.1994018554688
2016-03-21,687.5127563476562
2016-03-22,682.9569702148438
2016-03-23,703.6651611328125
2016-03-29,711.948486328125
2016-03-30,718.1609497070312
2016-03-31,710.2918701171875
2016-04-01,723.5450439453125
2016-04-04,728.5150146484375
2016-04-05,728.92919921875
2016-04-06,735.9700317382812
2016-04-07,726.030029296875
2016-04-08,719.4033813476562
2016-04-11,708.2208862304688
2016-04-12,696.2100830078125
2016-04-13,708.2208862304688
2016-04-14,709.8776245117188
2016-04-15,708.2208862304688
2016-04-18,714.4334716796875
2016-04-19,717.3325805664062
2016-04-20,698.2810668945312
2016-04-21,677.57275390625
2016-04-25,697.0385131835938
2016-04-26,704.493408203125
2016-04-27,709.04931640625
2016-04-28,705.7360229492188
2016-04-29,699.1094360351562
2016-05-02,699.1094360351562
2016-05-03,701.5942993164062
2016-05-04,696.2100830078125
2016-05-09,706.5643920898438
2016-05-10,785.6696166992188
2016-05-11,786.0838623046875
2016-05-12,785.6696166992188
2016-05-13,804.7212524414062
2016-05-17,795.195556640625
2016-05-18,800.9937744140625
2016-05-19,802.236328125
2016-05-20,817.5603637695312
2016-05-23,824.1869506835938
2016-05-24,827.9144287109375
2016-05-25,821.7019653320312
2016-05-26,826.2577514648438
2016-05-27,823.3587036132812
2016-05-30,827.5004272460938
2016-05-31,822.9444580078125
2016-06-01,827.9144287109375
2016-06-02,821.287841796875
2016-06-03,803.0645751953125
2016-06-06,799.337158203125
2016-06-07,816.31787109375
2016-06-08,806.3779907226562
2016-06-09,811.347900390625
2016-06-10,781.5280151367188
2016-06-13,767.8606567382812
2016-06-14,751.7081909179688
2016-06-15,767.0322265625
2016-06-16,755.8497924804688
2016-06-17,763.718994140625
2016-06-20,784.4271850585938
2016-06-21,786.498046875
2016-06-22,777.800537109375
2016-06-23,786.9122314453125
2016-06-24,732.6566772460938
2016-06-27,709.04931640625
2016-06-28,727.2725830078125
2016-06-29,752.122314453125
2016-06-30,751.2940673828125
2016-07-01,748.3948974609375
2016-07-04,718.1609497070312
2016-07-05,703.6651611328125
2016-07-06,692.482666015625
2016-07-07,701.18017578125
2016-07-08,706.150146484375
2016-07-11,721.06005859375
2016-07-12,714.0193481445312
2016-07-13,713.19091796875
2016-07-14,715.6759033203125
2016-07-15,706.150146484375
2016-07-18,709.4635009765625
2016-07-19,710.7058715820312
2016-07-20,724.78759765625
2016-07-21,738.4549560546875
2016-07-22,742.1824951171875
2016-07-25,707.3927001953125
2016-07-26,720.6459350585938
2016-07-27,716.5042114257812
2016-07-28,715.6759033203125
2016-07-29,717.3325805664062
2016-08-01,713.19091796875
2016-08-02,703.2510375976562
2016-08-03,697.0385131835938
2016-08-04,706.9783935546875
2016-08-05,726.030029296875
2016-08-08,717.3325805664062
2016-08-09,687.5127563476562
2016-08-10,712.7767944335938
2016-08-11,740.111572265625
2016-08-12,733.07080078125
2016-08-15,731.8283081054688
2016-08-16,714.8475952148438
2016-08-17,701.5942993164062
2016-08-18,711.1201171875
2016-08-19,721.8883666992188
2016-08-22,728.92919921875
2016-08-23,725.6157836914062
2016-08-24,722.3026123046875
2016-08-25,706.9783935546875
2016-08-26,703.6651611328125
2016-08-29,687.0985717773438
2016-08-30,695.7960205078125
2016-08-31,687.5127563476562
2016-09-01,694.9677124023438
2016-09-02,689.997802734375
2016-09-05,689.16943359375
2016-09-06,675.5020141601562
2016-09-07,675.5020141601562
2016-09-08,667.21875
2016-09-09,654.379638671875
2016-09-12,658.5213012695312
2016-09-13,661.8345336914062
2016-09-14,665.5620727539062
2016-09-15,665.9762573242188
2016-09-16,662.2488403320312
2016-09-19,668.461181640625
2016-09-20,682.1286010742188
2016-09-21,672.6028442382812
2016-09-22,666.390380859375
2016-09-23,662.6629028320312
2016-09-26,657.6929321289062
2016-09-27,662.2488403320312
2016-09-28,676.7445068359375
2016-09-29,666.8045654296875
2016-09-30,663.4911499023438
2016-10-03,656.4503784179688
2016-10-04,658.107177734375
2016-10-05,663.4911499023438
2016-10-06,664.7337036132812
2016-10-07,650.238037109375
2016-10-10,647.7529907226562
2016-10-11,658.9353637695312
2016-10-12,676.330322265625
2016-10-13,667.21875
2016-10-14,677.57275390625
2016-10-17,680.471923828125
2016-10-18,730.1716918945312
2016-10-19,747.980712890625
2016-10-20,742.1824951171875
2016-10-21,760.4055786132812
2016-10-24,752.9507446289062
2016-10-25,741.35400390625
2016-10-26,734.7274780273438
2016-10-27,738.0408325195312
2016-10-28,728.92919921875
2016-10-31,730.5858154296875
2016-11-01,687.9269409179688
2016-11-02,687.5127563476562
2016-11-03,675.9161376953125
2016-11-04,666.8045654296875
2016-11-07,678.401123046875
2016-11-08,673.0170288085938
2016-11-09,653.55126953125
2016-11-10,654.379638671875
2016-11-11,667.6328735351562
2016-11-14,661.42041015625
2016-11-15,675.9161376953125
2016-11-16,683.37109375
2016-11-17,689.16943359375
2016-11-18,687.5127563476562
2016-11-21,683.37109375
2016-11-22,677.57275390625
2016-11-23,680.0578002929688
2016-11-24,681.3002319335938
2016-11-25,681.3002319335938
2016-11-28,687.0985717773438
2016-11-29,697.8668212890625
2016-11-30,692.0685424804688
2016-12-01,685.8560791015625
2016-12-02,684.1994018554688
2016-12-05,685.8560791015625
2016-12-06,691.6543579101562
2016-12-07,689.58349609375
2016-12-08,693.7252197265625
2016-12-09,699.5234985351562
2016-12-12,694.1393432617188
2016-12-13,697.4526977539062
2016-12-14,690.826171875
2016-12-15,705.7360229492188
2016-12-16,712.362548828125
2016-12-19,747.1525268554688
2016-12-20,735.9700317382812
2016-12-21,738.4549560546875
2016-12-22,745.9099731445312
2016-12-23,742.5966186523438
2016-12-27,747.980712890625
2016-12-28,753.779052734375
2016-12-29,764.1331176757812
2016-12-30,765.3756713867188
2017-01-02,770.3456420898438
2017-01-03,751.2940673828125
2017-01-04,735.5558471679688
2017-01-05,722.3026123046875
2017-01-06,719.4033813476562
2017-01-09,723.5450439453125
2017-01-10,717.3325805664062
2017-01-11,731.4142456054688
2017-01-12,722.7167358398438
2017-01-13,743.0107421875
2017-01-16,733.07080078125
2017-01-17,728.5150146484375
2017-01-18,729.3433227539062
2017-01-19,726.030029296875
2017-01-20,723.5450439453125
2017-01-23,732.6566772460938
2017-01-24,726.8583984375
2017-01-25,733.4849243164062
2017-01-26,739.6974487304688
2017-01-27,751.2940673828125
2017-01-30,745.4957885742188
2017-01-31,746.73828125
2017-02-01,745.4957885742188
2017-02-02,747.5664672851562
2017-02-03,752.9507446289062
2017-02-06,729.3433227539062
2017-02-07,680.0578002929688
2017-02-08,682.1286010742188
2017-02-09,699.5234985351562
2017-02-10,714.4334716796875
2017-02-13,719.4033813476562
2017-02-14,709.04931640625
2017-02-15,693.3109741210938
2017-02-16,692.0685424804688
2017-02-17,684.1994018554688
2017-02-20,681.7144775390625
2017-02-21,689.58349609375
2017-02-22,694.5536499023438
2017-02-23,694.9677124023438
2017-02-24,692.8969116210938
2017-02-27,675.087890625
2017-02-28,662.6629028320312
2017-03-01,691.240234375
2017-03-02,695.7960205078125
2017-03-03,695.3819580078125
2017-03-06,687.0985717773438
2017-03-07,677.57275390625
2017-03-08,675.087890625
2017-03-09,674.6736450195312
2017-03-10,685.8560791015625
2017-03-13,692.482666015625
2017-03-14,686.6844482421875
2017-03-15,687.9269409179688
2017-03-16,678.7154541015625
2017-03-17,667.4105224609375
2017-03-20,650.2437744140625
2017-03-21,635.5892333984375
2017-03-22,627.6338500976562
2017-03-23,638.9387817382812
2017-03-24,643.1257934570312
2017-03-27,646.0568237304688
2017-03-28,650.2437744140625
2017-03-29,636.8453369140625
2017-03-30,640.6137084960938
2017-03-31,646.4754638671875
2017-04-03,637.6827392578125
2017-04-04,611.3045043945312
2017-04-05,601.255615234375
2017-04-06,616.74755859375
2017-04-07,620.9346313476562
2017-04-10,615.9102172851562
2017-04-11,620.5159301757812
2017-04-12,632.2395629882812
2017-04-18,555.6172485351562
2017-04-19,569.434326171875
2017-04-20,597.9060668945312
2017-04-21,587.857177734375
2017-04-24,590.7880249023438
2017-04-25,599.1621704101562
2017-04-26,613.8167114257812
2017-04-27,615.4915161132812
2017-04-28,618.0037231445312
2017-05-01,611.3045043945312
2017-05-02,602.51171875
2017-05-03,597.9060668945312
2017-05-04,607.5361938476562
2017-05-05,625.5403442382812
2017-05-08,612.5606079101562
2017-05-09,571.9464721679688
2017-05-10,594.5564575195312
2017-05-11,573.20263671875
2017-05-15,563.9912109375
2017-05-16,548.9180297851562
2017-05-17,538.4503784179688
2017-05-18,543.0560302734375
2017-05-19,561.8977661132812
2017-05-22,554.3610229492188
2017-05-23,545.149658203125
2017-05-24,525.0518798828125
2017-05-29,502.4421081542969
2017-05-30,519.1901245117188
2017-05-31,525.470703125
2017-06-01,515.0031127929688
2017-06-02,524.63330078125
2017-06-06,523.7958374023438
2017-06-07,533.8447265625
2017-06-08,523.3771362304688
2017-06-09,526.30810546875
2017-06-12,537.613037109375
2017-06-13,553.9423217773438
2017-06-14,550.174072265625
2017-06-15,530.0762939453125
2017-06-16,526.7267456054688
2017-06-19,539.287841796875
2017-06-20,544.3121948242188
2017-06-21,534.2633666992188
2017-06-22,527.564208984375
2017-06-23,525.470703125
2017-06-26,526.7267456054688
2017-06-27,518.3527221679688
2017-06-28,520.864990234375
2017-06-29,506.2104187011719
2017-06-30,508.7225646972656
2017-07-03,538.8690795898438
2017-07-04,540.125244140625
2017-07-05,554.7797241210938
2017-07-06,548.08056640625
2017-07-07,566.5032958984375
2017-07-10,551.43017578125
2017-07-11,558.9667358398438
2017-07-12,551.011474609375
2017-07-13,558.12939453125
2017-07-14,545.149658203125
2017-07-17,552.686279296875
2017-07-18,548.9180297851562
2017-07-19,553.523681640625
2017-07-20,592.8816528320312
2017-07-21,584.5076293945312
2017-07-24,576.9710083007812
2017-07-25,592.8816528320312
2017-07-26,597.9060668945312
2017-07-27,602.51171875
2017-07-28,606.6988525390625
2017-07-31,605.4426879882812
2017-08-01,610.8858032226562
2017-08-02,610.0484008789062
2017-08-03,604.1866455078125
2017-08-04,630.1461181640625
2017-08-07,630.1461181640625
2017-08-08,543.8934936523438
2017-08-09,562.735107421875
2017-08-10,576.9710083007812
2017-08-11,574.8775024414062
2017-08-14,552.686279296875
2017-08-15,533.00732421875
2017-08-16,529.2389526367188
2017-08-17,523.7958374023438
2017-08-18,519.6088256835938
2017-08-21,512.4909057617188
2017-08-22,530.4950561523438
2017-08-23,527.564208984375
2017-08-24,544.3121948242188
2017-08-25,545.9871215820312
2017-08-28,553.523681640625
2017-08-29,543.0560302734375
2017-08-30,543.0560302734375
2017-08-31,556.035888671875
2017-09-01,561.060302734375
2017-09-04,547.661865234375
2017-09-05,538.8690795898438
2017-09-06,530.4950561523438
2017-09-07,538.4503784179688
2017-09-08,534.2633666992188
2017-09-11,535.938232421875
2017-09-12,535.1007690429688
2017-09-13,533.00732421875
2017-09-14,533.4259643554688
2017-09-15,531.7511596679688
2017-09-18,530.0762939453125
2017-09-19,520.027587890625
2017-09-20,528.401611328125
2017-09-21,522.5397338867188
2017-09-22,534.2633666992188
2017-09-25,538.8690795898438
2017-09-26,505.37298583984375
2017-09-27,517.9340209960938
2017-09-28,514.5844116210938
2017-09-29,520.4462280273438
2017-10-02,522.9584350585938
2017-10-03,515.0031127929688
2017-10-04,515.840576171875
2017-10-05,516.677978515625
2017-10-06,515.840576171875
2017-10-09,518.7714233398438
2017-10-10,523.3771362304688
2017-10-11,526.7267456054688
2017-10-12,515.840576171875
2017-10-13,496.5802917480469
2017-10-16,486.95013427734375
2017-10-17,482.34429931640625
2017-10-18,477.3199768066406
2017-10-19,494.48675537109375
2017-10-20,486.5313720703125
2017-10-23,488.2062683105469
2017-10-24,484.8565673828125
2017-10-25,489.88104248046875
2017-10-26,489.4623107910156
2017-10-27,493.6492919921875
2017-10-30,510.8160400390625
2017-10-31,504.95428466796875
2017-11-01,502.8607482910156
2017-11-02,489.88104248046875
2017-11-03,502.0233459472656
2017-11-06,496.1614685058594
2017-11-07,478.9947814941406
2017-11-08,490.7184143066406
2017-11-09,494.48675537109375
2017-11-10,486.95013427734375
2017-11-13,489.4623107910156
2017-11-14,465.5963134765625
2017-11-15,466.4336853027344
2017-11-16,472.71417236328125
2017-11-17,479.8321533203125
2017-11-20,481.0882263183594
2017-11-21,462.6653747558594
2017-11-22,478.1573181152344
2017-11-23,475.22650146484375
2017-11-24,469.3645935058594
2017-11-27,468.1085205078125
2017-11-28,497.41766357421875
2017-11-29,509.14129638671875
2017-11-30,524.63330078125
2017-12-01,523.3771362304688
2017-12-04,521.2836303710938
2017-12-05,516.677978515625
2017-12-06,516.677978515625
2017-12-07,529.6576538085938
2017-12-08,533.00732421875
2017-12-11,536.3568725585938
2017-12-12,528.401611328125
2017-12-13,520.4462280273438
2017-12-14,523.7958374023438
2017-12-15,522.9584350585938
2017-12-18,524.2145385742188
2017-12-19,540.5438842773438
2017-12-20,543.8934936523438
2017-12-21,551.8489379882812
2017-12-22,556.035888671875
2017-12-27,562.31640625
2017-12-28,563.572509765625
2017-12-29,565.666015625
2018-01-02,559.385498046875
2018-01-03,564.2423706054688
2018-01-04,565.749755859375
2018-01-05,561.8977661132812
2018-01-08,565.247314453125
2018-01-09,570.1043090820312
2018-01-10,558.548095703125
2018-01-11,498.590087890625
2018-01-12,489.7135314941406
2018-01-15,482.6793518066406
2018-01-16,505.45672607421875
2018-01-17,524.382080078125
2018-01-18,522.0372924804688
2018-01-19,528.2340698242188
2018-01-22,515.1705322265625
2018-01-23,510.1461486816406
2018-01-24,499.4274597167969
2018-01-25,487.5362854003906
2018-01-26,483.1817932128906
2018-01-29,484.0191345214844
2018-01-30,475.14276123046875
2018-01-31,475.9801330566406
2018-02-01,481.50689697265625
2018-02-02,466.9361572265625
2018-02-05,471.4581604003906
2018-02-06,487.8712158203125
2018-02-07,497.25018310546875
2018-02-08,502.6095886230469
2018-02-09,502.4421081542969
2018-02-12,511.4859924316406
2018-02-13,507.9689025878906
2018-02-14,504.61932373046875
2018-02-15,510.9836120605469
2018-02-16,521.869873046875
2018-02-19,521.869873046875
2018-02-20,520.864990234375
2018-02-21,516.008056640625
2018-02-22,508.9737548828125
2018-02-23,510.4810791015625
2018-02-26,517.850341796875
2018-02-27,518.687744140625
2018-02-28,535.938232421875
2018-03-01,528.401611328125
2018-03-02,515.840576171875
2018-03-05,523.3771362304688
2018-03-06,513.160888671875
2018-03-07,519.860107421875
2018-03-08,524.549560546875
2018-03-09,514.5006713867188
2018-03-12,517.1802978515625
2018-03-13,505.45672607421875
2018-03-14,499.0924072265625
2018-03-15,507.6339111328125
2018-03-16,513.495849609375
2018-03-19,517.850341796875
2018-03-20,510.1461486816406
2018-03-21,508.1363525390625
2018-03-22,509.47625732421875
2018-03-23,541.632568359375
2018-03-26,542.804931640625
2018-03-27,540.4601440429688
2018-03-28,544.144775390625
2018-04-03,535.6032104492188
2018-04-04,533.7609252929688
2018-04-05,550.676513671875
2018-04-06,567.592041015625
2018-04-09,562.735107421875
2018-04-10,573.621337890625
2018-04-11,568.764404296875
2018-04-12,567.592041015625
2018-04-13,576.133544921875
2018-04-16,570.7741088867188
2018-04-17,585.010009765625
2018-04-18,586.1824951171875
2018-04-19,581.492919921875
2018-04-20,578.9806518554688
2018-04-23,581.827880859375
2018-04-24,581.157958984375
2018-04-25,582.665283203125
2018-04-26,581.827880859375
2018-04-30,575.6311645507812
2018-05-01,576.133544921875
2018-05-02,572.616455078125
2018-05-03,572.7838745117188
2018-05-04,568.596923828125
2018-05-07,577.473388671875
2018-05-08,571.9464721679688
2018-05-09,580.153076171875
2018-05-14,556.203369140625
2018-05-15,469.7832946777344
2018-05-16,451.8628845214844
2018-05-17,427.57818603515625
2018-05-18,419.53912353515625
2018-05-22,422.8887634277344
2018-05-23,433.77496337890625
2018-05-24,415.8545227050781
2018-05-25,415.3520812988281
2018-05-28,408.65289306640625
2018-05-29,401.61871337890625
2018-05-30,405.47076416015625
2018-05-31,419.70660400390625
2018-06-01,425.23345947265625
2018-06-04,418.86920166015625
2018-06-06,419.8740539550781
2018-06-07,420.54400634765625
2018-06-08,420.71148681640625
2018-06-11,420.04156494140625
2018-06-12,430.0904235839844
2018-06-13,434.6124267578125
2018-06-14,409.15533447265625
2018-06-15,404.46588134765625
2018-06-18,406.2243957519531
2018-06-19,406.97808837890625
2018-06-20,405.9731750488281
2018-06-21,405.1357727050781
2018-06-22,408.4016418457031
2018-06-25,403.209716796875
2018-06-26,392.4072265625
2018-06-27,375.742919921875
2018-06-28,371.8070983886719
2018-06-29,373.314453125
2018-07-02,368.2900085449219
2018-07-03,367.201416015625
2018-07-04,366.7826843261719
2018-07-05,351.6257019042969
2018-07-06,350.0346374511719
2018-07-09,349.1972351074219
2018-07-10,347.43865966796875
2018-07-11,370.3835144042969
2018-07-12,369.294921875
2018-07-13,367.6200866699219
2018-07-16,369.294921875
2018-07-17,374.2355651855469
2018-07-18,379.34375
2018-07-19,380.432373046875
2018-07-20,386.7966003417969
2018-07-23,379.34375
2018-07-24,391.151123046875
2018-07-25,392.6584777832031
2018-07-26,376.6640625
2018-07-27,378.5063171386719
2018-07-30,377.585205078125
2018-07-31,379.34375
2018-08-01,367.0339050292969
2018-08-02,369.294921875
2018-08-03,355.4777526855469
2018-08-06,360.0834655761719
2018-08-07,272.1560974121094
2018-08-08,286.0570068359375
2018-08-09,296.60833740234375
2018-08-10,301.2140197753906
2018-08-13,307.3270568847656
2018-08-14,306.57342529296875
2018-08-15,312.10028076171875
2018-08-16,317.96209716796875
2018-08-17,311.9327697753906
2018-08-20,320.6417541503906
2018-08-21,320.6417541503906
2018-08-22,325.3583679199219
2018-08-23,328.2740478515625
2018-08-24,334.1054992675781
2018-08-27,337.8787536621094
2018-08-28,338.736328125
2018-08-29,328.18829345703125
2018-08-30,334.53424072265625
2018-08-31,329.0458679199219
2018-09-03,327.9309997558594
2018-09-04,330.4179382324219
2018-09-05,332.9048767089844
2018-09-06,335.820556640625
2018-09-07,332.7333984375
2018-09-10,333.5909118652344
2018-09-11,323.1286926269531
2018-09-12,323.3002014160156
2018-09-13,319.44122314453125
2018-09-14,322.5284118652344
2018-09-17,323.7289733886719
2018-09-18,345.5967712402344
2018-09-19,339.5938415527344
2018-09-20,340.4513854980469
2018-09-21,342.9383239746094
2018-09-24,339.5080871582031
2018-09-25,332.3045959472656
2018-09-26,340.9659729003906
2018-09-27,340.9659729003906
2018-09-28,343.9674377441406
2018-10-01,341.56622314453125
2018-10-02,340.9659729003906
2018-10-03,342.1665344238281
2018-10-04,334.4485168457031
2018-10-05,330.67523193359375
2018-10-08,330.9324951171875
2018-10-09,323.5574645996094
2018-10-10,313.5240478515625
2018-10-11,334.4485168457031
2018-10-12,364.20587158203125
2018-10-15,360.17529296875
2018-10-16,374.2392883300781
2018-10-17,366.6927490234375
2018-10-18,365.06341552734375
2018-10-19,361.89044189453125
2018-10-22,367.0357666015625
2018-10-23,356.91656494140625
2018-10-24,360.6041259765625
2018-10-25,361.89044189453125
2018-10-26,348.2552185058594
2018-10-29,351.4281921386719
2018-10-30,347.826416015625
2018-10-31,353.4006042480469
2018-11-01,359.3177795410156
2018-11-02,361.71893310546875
2018-11-05,333.762451171875
2018-11-06,334.4485168457031
2018-11-07,314.5531005859375
2018-11-08,298.5167541503906
2018-11-09,299.6315612792969
2018-11-12,299.2885437011719
2018-11-13,298.25946044921875
2018-11-14,300.0603332519531
2018-11-15,298.4309997558594
2018-11-16,292.1707763671875
2018-11-19,294.314697265625
2018-11-20,293.1998596191406
2018-11-21,300.74639892578125
2018-11-22,298.4309997558594
2018-11-23,305.8059997558594
2018-11-26,310.5225830078125
2018-11-27,306.0632629394531
2018-11-28,310.6940612792969
2018-11-29,307.26385498046875
2018-11-30,305.3771667480469
2018-12-03,305.7202453613281
2018-12-04,306.14898681640625
2018-12-05,302.8902893066406
2018-12-06,290.4556579589844
2018-12-07,294.1431579589844
2018-12-10,285.8248291015625
2018-12-11,286.8539123535156
2018-12-12,253.8378448486328
2018-12-13,258.46868896484375
2018-12-14,253.58058166503906
2018-12-17,245.6909942626953
2018-12-18,241.06021118164062
2018-12-19,239.08778381347656
2018-12-20,226.48165893554688
2018-12-21,222.70840454101562
2018-12-27,220.13571166992188
2018-12-28,227.5107421875
2019-01-02,229.2258758544922
2019-01-03,220.65023803710938
2019-01-04,228.8828125
2019-01-07,235.82907104492188
2019-01-08,244.83346557617188
2019-01-09,240.54562377929688
2019-01-10,237.0296630859375
2019-01-11,241.83200073242188
2019-01-14,227.33921813964844
2019-01-15,220.7360076904297
2019-01-16,228.6255645751953
2019-01-17,223.13717651367188
2019-01-18,235.91482543945312
2019-01-21,232.48460388183594
2019-01-22,238.74473571777344
2019-01-23,236.3435821533203
2019-01-24,246.2055206298828
2019-01-25,241.83200073242188
2019-01-28,242.17498779296875
2019-01-29,236.3435821533203
2019-01-30,246.548583984375
2019-01-31,242.17498779296875
2019-02-01,245.77674865722656
2019-02-04,244.6619415283203
2019-02-05,287.7972106933594
2019-02-06,281.9657897949219
2019-02-07,283.3379211425781
2019-02-08,279.650390625
2019-02-11,281.27978515625
2019-02-12,286.1678466796875
2019-02-13,286.5966491699219
2019-02-14,288.65478515625
2019-02-15,287.0254211425781
2019-02-18,281.5370178222656
2019-02-19,273.990478515625
2019-02-20,282.56610107421875
2019-02-21,285.56756591796875
2019-02-22,288.3974914550781
2019-02-25,296.0298156738281
2019-02-26,297.40191650390625
2019-02-27,295.6867370605469
2019-02-28,295.1722717285156
2019-03-01,296.8873596191406
2019-03-04,295.42950439453125
2019-03-05,295.5152587890625
2019-03-06,290.1126403808594
2019-03-07,283.2521667480469
2019-03-08,281.5370178222656
2019-03-11,266.1009521484375
2019-03-12,268.0733337402344
2019-03-13,276.9062194824219
2019-03-14,277.8765869140625
2019-03-15,282.37548828125
2019-03-18,278.6705017089844
2019-03-19,283.34588623046875
2019-03-20,278.1411437988281
2019-03-21,277.8765869140625
2019-03-22,269.2315368652344
2019-03-25,271.08404541015625
2019-03-26,268.8786315917969
2019-03-27,273.73046875
2019-03-28,269.0550842285156
2019-03-29,274.87725830078125
2019-04-01,280.1701354980469
2019-04-02,264.55609130859375
2019-04-03,266.1440124511719
2019-04-04,263.8504333496094
2019-04-05,262.08612060546875
2019-04-08,253.1764373779297
2019-04-09,248.58924865722656
2019-04-10,239.4149169921875
2019-04-11,248.412841796875
2019-04-12,252.29428100585938
2019-04-15,252.20608520507812
2019-04-16,258.116455078125
2019-04-17,255.55824279785156
2019-04-23,242.41419982910156
2019-04-24,246.11924743652344
2019-04-25,246.20748901367188
2019-04-26,249.6478271484375
2019-04-29,251.94142150878906
2019-04-30,246.29571533203125
2019-05-01,247.44244384765625
2019-05-02,243.20814514160156
2019-05-03,236.76846313476562
2019-05-06,237.4741973876953
2019-05-07,248.412841796875
2019-05-08,254.3231964111328
2019-05-09,240.0324249267578
2019-05-10,244.17849731445312
2019-05-13,226.7119903564453
2019-05-14,225.2123260498047
2019-05-15,223.53623962402344
2019-05-16,222.91876220703125
2019-05-20,213.47976684570312
2019-05-21,221.41909790039062
2019-05-22,228.9173583984375
2019-05-23,222.03660583496094
2019-05-24,219.4783935546875
2019-05-27,219.56658935546875
2019-05-28,222.56590270996094
2019-05-29,219.0373077392578
2019-06-03,212.1565704345703
2019-06-04,215.59693908691406
2019-06-06,208.2751007080078
2019-06-07,203.24685668945312
2019-06-11,204.7465057373047
2019-06-12,204.21722412109375
2019-06-13,196.71897888183594
2019-06-14,194.69003295898438
2019-06-17,196.2778778076172
2019-06-18,198.65968322753906
2019-06-19,201.92364501953125
2019-06-20,202.45291137695312
2019-06-21,200.33578491210938
2019-06-24,197.5128936767578
2019-06-25,204.12901306152344
2019-06-26,203.77613830566406
2019-06-27,207.3047332763672
2019-06-28,205.98150634765625
2019-07-01,212.33297729492188
2019-07-02,210.7451171875
2019-07-03,214.3619384765625
2019-07-04,212.1565704345703
2019-07-05,216.2144317626953
2019-07-08,221.41909790039062
2019-07-09,224.77127075195312
2019-07-10,220.5369415283203
2019-07-11,224.0655517578125
2019-07-12,231.1227264404297
2019-07-15,224.94769287109375
2019-07-16,232.97525024414062
2019-07-17,233.7691650390625
2019-07-18,236.856689453125
2019-07-19,225.4770050048828
2019-07-22,226.4473419189453
2019-07-23,231.74024963378906
2019-07-24,231.38735961914062
2019-07-25,231.0345001220703
2019-07-26,236.68026733398438
2019-07-29,230.24058532714844
2019-07-30,225.829833984375
2019-07-31,229.18199157714844
2019-08-01,227.2412872314453
2019-08-02,217.89051818847656
2019-08-05,215.06764221191406
2019-08-06,217.18478393554688
2019-08-07,216.92013549804688
2019-08-08,218.15516662597656
2019-08-09,213.39154052734375
2019-08-12,204.39364624023438
2019-08-13,209.2454833984375
2019-08-14,199.80648803710938
2019-08-15,198.3068389892578
2019-08-16,199.71826171875
2019-08-19,205.62867736816406
2019-08-20,227.06484985351562
2019-08-21,265.17364501953125
2019-08-22,270.7311706542969
2019-08-23,271.26043701171875
2019-08-26,281.4051818847656
2019-08-27,280.1701354980469
2019-08-28,260.9393005371094
2019-08-29,263.49755859375
2019-08-30,254.94068908691406
2019-09-02,257.8517761230469
2019-09-03,252.20608520507812
2019-09-04,258.8221740722656
2019-09-05,264.82080078125
2019-09-06,264.64434814453125
2019-09-09,270.1136474609375
2019-09-10,277.6119384765625
2019-09-11,275.3183288574219
2019-09-12,266.8497314453125
2019-09-13,272.05438232421875
2019-09-16,265.2618408203125
2019-09-17,265.96759033203125
2019-09-18,263.1446533203125
2019-09-19,260.2336120605469
2019-09-20,256.4403991699219
2019-09-23,249.6478271484375
2019-09-24,251.41213989257812
2019-09-25,248.412841796875
2019-09-26,250.97105407714844
2019-09-27,251.85321044921875
2019-09-30,242.50242614746094
2019-10-01,238.0916748046875
2019-10-02,239.5031280517578
2019-10-03,234.56307983398438
2019-10-04,239.0620574951172
2019-10-07,240.8263702392578
2019-10-08,238.3563690185547
2019-10-09,239.7677459716797
2019-10-10,235.79812622070312
2019-10-11,243.56101989746094
2019-10-14,243.20814514160156
2019-10-15,239.15028381347656
2019-10-16,236.856689453125
2019-10-17,239.67958068847656
2019-10-18,245.5899200439453
2019-10-21,254.41143798828125
2019-10-22,254.94068908691406
2019-10-23,295.9606018066406
2019-10-24,280.5229797363281
2019-10-25,278.75872802734375
2019-10-28,282.81658935546875
2019-10-29,288.4623718261719
2019-10-30,294.1963195800781
2019-10-31,290.5794677734375
2019-11-01,291.63812255859375
2019-11-04,299.6656188964844
2019-11-05,247.0014190673828
2019-11-06,254.41143798828125
2019-11-07,259.70428466796875
2019-11-08,256.17572021484375
2019-11-11,250.61819458007812
2019-11-12,252.5588836669922
2019-11-13,249.73606872558594
2019-11-14,246.03103637695312
2019-11-15,243.47280883789062
2019-11-18,244.35494995117188
2019-11-19,243.91387939453125
2019-11-20,243.1199188232422
2019-11-21,241.44386291503906
2019-11-22,241.97314453125
2019-11-25,244.2667236328125
2019-11-26,247.88352966308594
2019-11-27,252.1178436279297
2019-11-28,253.79393005371094
2019-11-29,240.8263702392578
2019-12-02,233.06346130371094
2019-12-03,231.8284454345703
2019-12-04,232.00486755371094
2019-12-05,231.8284454345703
2019-12-06,236.327392578125
2019-12-09,233.9456024169922
2019-12-10,238.17990112304688
2019-12-11,240.1206512451172
2019-12-12,240.20883178710938
2019-12-13,242.76708984375
2019-12-16,246.73675537109375
2019-12-17,244.35494995117188
2019-12-18,244.09033203125
2019-12-19,248.3246307373047
2019-12-20,255.91111755371094
2019-12-23,255.91111755371094
2019-12-27,254.94068908691406
2019-12-30,255.64642333984375
2020-01-02,258.46929931640625
2020-01-03,258.645751953125
2020-01-06,289.52093505859375
2020-01-07,299.312744140625
2020-01-08,303.1059875488281
2020-01-09,307.34027099609375
2020-01-10,304.60565185546875
2020-01-13,300.8124084472656
2020-01-14,309.89849853515625
2020-01-15,313.1624755859375
2020-01-16,326.3946838378906
2020-01-17,321.45465087890625
2020-01-20,321.54290771484375
2020-01-21,320.6607360839844
2020-01-22,323.4836120605469
2020-01-23,324.54217529296875
2020-01-24,331.1583251953125
2020-01-27,311.4864196777344
2020-01-28,313.25067138671875
2020-01-29,315.89715576171875
2020-01-30,314.2210388183594
2020-01-31,308.2224426269531
2020-02-03,308.13421630859375
2020-02-04,300.45953369140625
2020-02-05,311.662841796875
2020-02-06,328.6000671386719
2020-02-07,318.8081970214844
2020-02-10,309.89849853515625
2020-02-11,308.5752868652344
2020-02-12,307.7813720703125
2020-02-13,299.842041015625
2020-02-14,300.8124084472656
2020-02-17,304.34100341796875
2020-02-18,298.5188293457031
2020-02-19,295.5195007324219
2020-02-20,295.9606018066406
2020-02-21,293.31414794921875
2020-02-24,274.43621826171875
2020-02-25,276.72979736328125
2020-02-26,281.4933776855469
2020-02-27,276.9062194824219
2020-02-28,267.90826416015625
2020-03-02,259.968994140625
2020-03-03,269.7607727050781
2020-03-04,270.9076232910156
2020-03-05,259.175048828125
2020-03-06,259.70428466796875
2020-03-09,235.88633728027344
2020-03-10,223.53623962402344
2020-03-11,215.06764221191406
2020-03-12,194.18373107910156
2020-03-13,186.12327575683594
2020-03-16,178.79556274414062
2020-03-17,185.9400634765625
2020-03-18,190.15350341796875
2020-03-19,183.1005859375
2020-03-20,186.48965454101562
2020-03-23,180.764892578125
2020-03-24,198.12234497070312
2020-03-25,196.01564025878906
2020-03-26,204.9920654296875
2020-03-27,199.67947387695312
2020-03-30,196.5652313232422
2020-03-31,202.33578491210938
2020-04-01,191.89381408691406
2020-04-02,196.10723876953125
2020-04-03,188.77955627441406
2020-04-06,197.023193359375
2020-04-07,204.25929260253906
2020-04-08,205.3584442138672
2020-04-14,211.03741455078125
2020-04-15,195.55764770507812
2020-04-16,197.84756469726562
2020-04-17,209.66346740722656
2020-04-20,213.4188995361328
2020-04-21,209.38868713378906
2020-04-22,204.25929260253906
2020-04-23,209.66346740722656
2020-04-24,208.93069458007812
2020-04-27,214.79286193847656
2020-04-28,221.3877716064453
2020-04-29,227.2499237060547
2020-04-30,221.57095336914062
2020-05-01,218.9146728515625
2020-05-04,207.1903533935547
2020-05-05,224.41043090820312
2020-05-06,226.42555236816406
2020-05-07,249.14138793945312
2020-05-11,254.6371307373047
2020-05-12,254.4539794921875
2020-05-13,240.43975830078125
2020-05-14,245.4775390625
2020-05-15,255.736328125
2020-05-18,265.1706848144531
2020-05-19,268.9261779785156
2020-05-20,267.82696533203125
2020-05-25,275.5210266113281
2020-05-26,288.5276794433594
2020-05-27,297.3209228515625
2020-05-28,309.5032043457031
2020-05-29,305.65618896484375
2020-06-02,321.5938720703125
2020-06-03,335.1501159667969
2020-06-04,327.8224182128906
2020-06-08,325.0745544433594
2020-06-09,322.7846374511719
2020-06-10,313.8998107910156
2020-06-11,312.3426818847656
2020-06-12,310.8771667480469
2020-06-15,315.8233337402344
2020-06-16,318.75445556640625
2020-06-17,339.7299499511719
2020-06-18,332.4938049316406
2020-06-19,335.4248962402344
2020-06-22,333.0434265136719
2020-06-23,349.4390869140625
2020-06-24,339.0887756347656
2020-06-25,326.1737060546875
2020-06-26,326.54010009765625
2020-06-29,327.1812744140625
2020-06-30,330.0207214355469
2020-07-01,339.7299499511719
2020-07-02,349.80548095703125
2020-07-03,348.6147155761719
2020-07-06,344.9508972167969
2020-07-07,347.97357177734375
2020-07-08,345.8668518066406
2020-07-09,361.6213684082031
2020-07-10,360.88861083984375
2020-07-13,361.98779296875
2020-07-14,359.6978759765625
2020-07-15,367.4835510253906
2020-07-16,370.87255859375
2020-07-17,378.2002868652344
2020-07-20,378.01708984375
2020-07-21,373.52886962890625
2020-07-22,372.7961120605469
2020-07-23,374.9944152832031
2020-07-24,366.7507629394531
2020-07-27,371.0557861328125
2020-07-28,371.2389831542969
2020-07-29,381.4061584472656
2020-07-30,368.3995056152344
2020-07-31,366.4759826660156
2020-08-03,368.3995056152344
2020-08-04,374.9944152832031
2020-08-05,376.6431579589844
2020-08-06,376.0935363769531
2020-08-07,378.2919006347656
2020-08-10,375.9103698730469
2020-08-11,396.3363037109375
2020-08-12,400.09173583984375
2020-08-13,399.2673645019531
2020-08-14,412.1824645996094
2020-08-17,402.1984558105469
2020-08-18,371.9717712402344
2020-08-19,365.74322509765625
2020-08-20,356.308837890625
2020-08-21,366.7507629394531
2020-08-24,371.880126953125
2020-08-25,380.21539306640625
2020-08-26,416.12103271484375
2020-08-27,415.0218811035156
2020-08-28,410.99169921875
2020-08-31,417.3117980957031
2020-09-01,414.1975402832031
2020-09-02,423.44873046875
2020-09-03,432.33355712890625
2020-09-04,425.9218444824219
2020-09-07,429.49407958984375
2020-09-08,430.0436706542969
2020-09-09,455.873779296875
2020-09-10,457.9804992675781
2020-09-11,457.430908203125
2020-09-14,450.4696044921875
2020-09-15,457.9804992675781
2020-09-16,448.82086181640625
2020-09-17,447.4469299316406
2020-09-18,434.7150573730469
2020-09-21,421.8916015625
2020-09-22,426.8377990722656
2020-09-23,432.150390625
2020-09-24,417.6781921386719
2020-09-25,415.5715026855469
2020-09-28,426.6546325683594
2020-09-29,422.2580261230469
2020-09-30,419.2353515625
2020-10-01,441.85955810546875
2020-10-02,443.7830810546875
2020-10-05,448.82086181640625
2020-10-06,455.4158020019531
2020-10-07,450.3780212402344
2020-10-08,446.25616455078125
2020-10-09,523.013671875
2020-10-12,509.45751953125
2020-10-13,531.0741577148438
2020-10-14,520.0825805664062
2020-10-15,505.6104736328125
2020-10-16,507.4423828125
2020-10-19,495.90130615234375
2020-10-20,488.7567443847656
2020-10-21,484.9097595214844
2020-10-22,476.2997131347656
2020-10-23,489.12310791015625
2020-10-26,475.2005310058594
2020-10-27,478.3148193359375
2020-10-28,461.4611511230469
2020-10-29,468.0560302734375
2020-10-30,463.659423828125
2020-11-02,468.0560302734375
2020-11-03,481.4290466308594
2020-11-04,484.9097595214844
2020-11-05,498.6491394042969
2020-11-06,493.1534118652344
2020-11-09,528.6926879882812
2020-11-10,530.7078247070312
2020-11-11,551.4085083007812
2020-11-12,546.4622802734375
2020-11-13,545.9127807617188
2020-11-16,550.4926147460938
2020-11-17,552.1412963867188
2020-11-18,560.0186157226562
2020-11-19,558.7362670898438
2020-11-20,554.5227661132812
2020-11-23,562.2168579101562
2020-11-24,570.8268432617188
2020-11-25,588.7797241210938
2020-11-26,591.1612548828125
2020-11-27,594.641845703125
2020-11-30,572.4755859375
2020-12-01,572.6588134765625
2020-12-02,572.4755859375
2020-12-03,574.8571166992188
2020-12-04,555.4387817382812
2020-12-07,572.109130859375
2020-12-08,559.652099609375
2020-12-09,582.0016479492188
2020-12-10,563.4992065429688
2020-12-11,549.5765991210938
2020-12-14,566.4302978515625
2020-12-15,558.7362670898438
2020-12-16,560.3848876953125
2020-12-17,574.6739501953125
2020-12-18,598.12255859375
2020-12-21,591.1612548828125
2020-12-22,596.840087890625
2020-12-23,602.885498046875
2020-12-28,597.3897705078125
2020-12-29,602.885498046875
2020-12-30,623.7694702148438
2021-01-04,590.7947998046875
2021-01-05,577.7882080078125
2021-01-06,577.0553588867188
2021-01-07,579.070556640625
2021-01-08,584.1998901367188
2021-01-11,586.7645263671875
2021-01-12,559.2857666015625
2021-01-13,557.4537963867188
2021-01-14,564.4152221679688
2021-01-15,561.4840698242188
2021-01-18,563.8656005859375
2021-01-19,560.7512817382812
2021-01-20,566.7966918945312
2021-01-21,571.5596313476562
2021-01-22,577.0553588867188
2021-01-25,573.941162109375
2021-01-26,567.8958129882812
2021-01-27,540.7833862304688
2021-01-28,557.6370239257812
2021-01-29,543.3480224609375
2021-02-01,541.51611328125
2021-02-02,554.1564331054688
2021-02-03,565.6974487304688
2021-02-04,537.3026733398438
2021-02-05,574.3074951171875
2021-02-08,592.626708984375
2021-02-09,564.23193359375
2021-02-10,547.9278564453125
2021-02-11,570.8268432617188
2021-02-12,560.9345092773438
2021-02-15,573.57470703125
2021-02-16,567.7125854492188
2021-02-17,560.0186157226562
2021-02-18,564.0487060546875
2021-02-19,585.8486328125
2021-02-22,560.7512817382812
2021-02-23,561.4840698242188
2021-02-24,571.0100708007812
2021-02-25,562.7664184570312
2021-02-26,549.210205078125
2021-03-01,566.2470092773438
2021-03-02,551.9580688476562
2021-03-03,548.6605834960938
2021-03-04,542.2488403320312
2021-03-05,553.2404174804688
2021-03-08,551.77490234375
2021-03-09,591.7107543945312
2021-03-10,591.8939819335938
2021-03-11,612.9610595703125
2021-03-12,598.855224609375
2021-03-15,595.7410888671875
2021-03-16,617.357666015625
2021-03-17,604.9005737304688
2021-03-18,629.8147583007812
2021-03-19,621.2047119140625
2021-03-22,614.243408203125
2021-03-23,607.0989379882812
2021-03-24,596.2905883789062
2021-03-25,600.6871948242188
2021-03-26,610.3964233398438
2021-03-29,621.387939453125
2021-03-30,621.387939453125
2021-03-31,622.4871215820312
2021-04-06,653.8129272460938
2021-04-07,649.0498657226562
2021-04-08,654.7288818359375
2021-04-09,630.18115234375
2021-04-12,624.5021362304688
2021-04-13,629.8147583007812
2021-04-14,627.2500610351562
2021-04-15,640.989501953125
2021-04-16,653.8129272460938
2021-04-19,646.6683959960938
2021-04-20,639.1575317382812
2021-04-21,632.0130615234375
2021-04-22,644.4701538085938
2021-04-23,640.0735473632812
2021-04-26,643.3710327148438
2021-04-27,642.2718505859375
2021-04-28,643.0045776367188
2021-04-29,643.0045776367188
2021-05-03,649.9658203125
2021-05-04,688.6194458007812
2021-05-05,680.5589599609375
2021-05-06,693.5656127929688
2021-05-07,714.6328125
2021-05-10,710.9689331054688
2021-05-11,683.306884765625
2021-05-12,680.9254150390625
2021-05-17,693.9320068359375
2021-05-18,694.115234375
2021-05-19,704.55712890625
2021-05-20,711.5184326171875
2021-05-21,728.005859375
2021-05-25,728.9216918945312
2021-05-26,747.2409057617188
2021-05-27,738.0813598632812
2021-05-28,756.7669067382812
2021-05-31,754.3854370117188
2021-06-01,761.713134765625
2021-06-02,763.9114379882812
2021-06-03,752.5535278320312
2021-06-04,749.9888305664062
2021-06-07,755.6677856445312
2021-06-08,741.5619506835938
2021-06-09,750.355224609375
2021-06-10,754.0191040039062
2021-06-11,767.2088623046875
2021-06-14,776.0021362304688
2021-06-15,771.0559692382812
2021-06-16,774.7197875976562
2021-06-17,767.2088623046875
2021-06-18,744.309814453125
2021-06-21,748.8896484375
2021-06-22,771.9718627929688
2021-06-23,783.6962280273438
2021-06-24,793.4053955078125
2021-06-25,796.885986328125
2021-06-28,781.68115234375
2021-06-29,778.9331665039062
2021-06-30,772.1550903320312
2021-07-01,787.7264404296875
2021-07-02,786.99365234375
2021-07-05,787.3600463867188
2021-07-06,782.413818359375
2021-07-07,791.9398193359375
2021-07-08,774.9028930664062
2021-07-09,785.7113037109375
2021-07-12,790.8406982421875
2021-07-13,795.4204711914062
2021-07-14,799.2675170898438
2021-07-15,787.7264404296875
2021-07-16,769.4071655273438
2021-07-19,747.6072998046875
2021-07-20,755.4845581054688
2021-07-21,768.6744995117188
2021-07-22,772.1550903320312
2021-07-23,767.5752563476562
2021-07-26,772.5215454101562
2021-07-27,747.7905883789062
2021-07-28,753.1030883789062
2021-07-29,748.8896484375
2021-07-30,743.76025390625
2021-08-02,754.568603515625
2021-08-03,755.3013916015625
2021-08-04,746.5081787109375
2021-08-05,752.370361328125
2021-08-06,718.1134033203125
2021-08-09,747.2409057617188
2021-08-10,748.5233154296875
2021-08-11,738.997314453125
2021-08-12,727.639404296875
2021-08-13,743.76025390625
2021-08-16,745.0426025390625
2021-08-17,769.4071655273438
2021-08-18,742.8442993164062
2021-08-19,719.7620849609375
2021-08-20,730.5704956054688
2021-08-23,732.768798828125
2021-08-24,707.1218872070312
2021-08-25,699.7941284179688
2021-08-26,697.2294311523438
2021-08-27,697.2294311523438
2021-08-30,694.6648559570312
2021-08-31,690.6345825195312
2021-09-01,726.5402221679688
2021-09-02,710.9689331054688
2021-09-03,710.4193115234375
2021-09-06,719.2125854492188
2021-09-07,736.9821166992188
2021-09-08,712.9840698242188
2021-09-09,723.609130859375
2021-09-10,732.768798828125
2021-09-13,733.3182983398438
2021-09-14,783.1466064453125
2021-09-15,767.39208984375
2021-09-16,776.1853637695312
2021-09-17,768.1248168945312
2021-09-20,741.5619506835938
2021-09-21,747.9736938476562
2021-09-22,760.2474975585938
2021-09-23,779.4827270507812
2021-09-24,760.614013671875
2021-09-27,740.096435546875
2021-09-28,722.1436157226562
2021-09-29,723.426025390625
2021-09-30,714.4495239257812
2021-10-01,725.4410400390625
2021-10-04,723.609130859375
2021-10-05,733.8679809570312
2021-10-06,726.5402221679688
2021-10-07,741.3787841796875
2021-10-08,745.5922241210938
2021-10-11,752.1870727539062
2021-10-12,766.8424682617188
2021-10-13,784.7952880859375
2021-10-14,778.3836669921875
2021-10-15,791.3902587890625
2021-10-18,793.5885620117188
2021-10-19,792.4893798828125
2021-10-20,797.0692138671875
2021-10-21,805.4960327148438
2021-10-22,813.373291015625
2021-10-25,813.5565795898438
2021-10-26,817.5867309570312
2021-10-27,804.946533203125
2021-10-28,816.304443359375
2021-10-29,823.08251953125
2021-11-01,775.2693481445312
2021-11-02,759.3316650390625
2021-11-03,804.2136840820312
2021-11-04,833.5244750976562
2021-11-05,834.9900512695312
2021-11-08,836.4555053710938
2021-11-09,842.6840209960938
2021-11-10,819.7850952148438
2021-11-11,839.0202026367188
2021-11-12,858.4385986328125
2021-11-15,864.48388671875
2021-11-16,861.5528564453125
2021-11-17,850.378173828125
2021-11-18,847.4470825195312
2021-11-19,834.4404296875
2021-11-22,837.9210815429688
2021-11-23,822.532958984375
2021-11-24,804.2136840820312
2021-11-25,802.3818359375
2021-11-26,760.2474975585938
2021-11-29,772.1550903320312
2021-11-30,745.5922241210938
2021-12-01,761.3467407226562
2021-12-02,764.8273315429688
2021-12-03,773.2543334960938
2021-12-06,786.0776977539062
2021-12-07,813.5565795898438
2021-12-08,795.6036987304688
2021-12-09,792.3062744140625
2021-12-10,787.1769409179688
2021-12-13,773.071044921875
2021-12-14,740.8292236328125
2021-12-15,737.3486328125
2021-12-16,718.84619140625
2021-12-17,704.007568359375
2021-12-20,703.8244018554688
2021-12-21,710.2361450195312
2021-12-22,725.9906616210938
2021-12-23,735.33349609375
2021-12-27,742.111572265625
2021-12-28,752.0039672851562
2021-12-29,752.9198608398438
2021-12-30,746.8746337890625
2022-01-03,743.0274658203125
2022-01-04,773.2543334960938
2022-01-05,769.4071655273438
2022-01-06,756.2173461914062
2022-01-07,740.096435546875
2022-01-10,707.3051147460938
2022-01-11,716.8310546875
2022-01-12,724.15869140625
2022-01-13,720.6781005859375
2022-01-14,698.695068359375
2022-01-17,707.3051147460938
2022-01-18,697.9623413085938
2022-01-19,720.6781005859375
2022-01-20,714.9990234375
2022-01-21,691.550537109375
2022-01-24,657.6599731445312
2022-01-25,645.202880859375
2022-01-26,649.5994873046875
2022-01-27,643.9205322265625
2022-01-28,642.4550170898438
2022-01-31,653.9961547851562
2022-02-01,671.7657470703125
2022-02-02,681.1085815429688
2022-02-03,649.233154296875
2022-02-04,617.5408935546875
2022-02-07,626.8836669921875
2022-02-08,629.0819702148438
2022-02-09,678.7271118164062
2022-02-10,668.2850952148438
2022-02-11,674.1472778320312
2022-02-14,657.476806640625
2022-02-15,671.2161865234375
2022-02-16,663.15576171875
2022-02-17,665.5372314453125
2022-02-18,637.1424560546875
2022-02-21,637.6920776367188
2022-02-22,650.1491088867188
2022-02-23,656.1944580078125
2022-02-24,614.4266357421875
2022-02-25,629.4483642578125
2022-02-28,627.9827880859375
2022-03-01,614.0602416992188
2022-03-02,605.4501953125
2022-03-03,581.8184814453125
2022-03-04,549.0269775390625
2022-03-07,524.8456420898438
2022-03-08,513.121337890625
2022-03-09,548.8438110351562
2022-03-10,527.7767333984375
2022-03-11,537.5747680664062
2022-03-14,556.7940673828125
2022-03-15,555.8519287109375
2022-03-16,600.6968994140625
2022-03-17,599.7548217773438
2022-03-18,610.6834716796875
2022-03-21,603.5232543945312
2022-03-22,602.204345703125
2022-03-23,590.71044921875
2022-03-24,592.40625
2022-03-25,593.159912109375
2022-03-28,603.3348999023438
2022-03-29,625.192138671875
2022-03-30,618.4088134765625
2022-03-31,610.1181640625
2022-04-01,612.567626953125
2022-04-04,613.3213500976562
2022-04-05,617.8435668945312
2022-04-06,581.2892456054688
2022-04-07,580.5355834960938
2022-04-08,583.5503540039062
2022-04-11,582.985107421875
2022-04-12,592.0294189453125
2022-04-13,597.3053588867188
2022-04-19,606.1613159179688
2022-04-20,634.9901733398438
2022-04-21,636.8744506835938
2022-04-22,623.6846923828125
2022-04-25,598.4359130859375
2022-04-26,581.8544921875
2022-04-27,576.013427734375
2022-04-28,586.5651245117188
2022-04-29,592.5947265625
2022-05-02,591.464111328125
2022-05-03,583.9271240234375
2022-05-04,571.6796264648438
2022-05-05,530.7915649414062
2022-05-06,508.3690185546875
2022-05-09,485.9465026855469
2022-05-10,490.091796875
2022-05-11,508.557373046875
2022-05-12,509.1226501464844
2022-05-16,518.1669921875
2022-05-17,537.009521484375
2022-05-18,517.9786376953125
2022-05-19,484.0622253417969
2022-05-20,481.4242858886719
2022-05-23,487.4538879394531
2022-05-24,468.42303466796875
2022-05-25,476.33685302734375
2022-05-30,523.63134765625
2022-05-31,527.21142578125
2022-06-01,522.8776245117188
2022-06-02,521.935546875
2022-06-03,522.8776245117188
2022-06-07,513.6448364257812
2022-06-08,504.03521728515625
2022-06-09,499.32464599609375
2022-06-10,481.61273193359375
2022-06-13,466.63299560546875
2022-06-14,454.5738525390625
2022-06-15,465.8793029785156
2022-06-16,437.14459228515625
2022-06-17,436.485107421875
2022-06-20,441.0072937011719
2022-06-21,438.5577392578125
2022-06-22,431.9629211425781
2022-06-23,429.13653564453125
2022-06-24,442.51470947265625
2022-06-27,441.7609558105469
2022-06-28,448.16741943359375
2022-06-29,438.9346008300781
2022-06-30,420.6574401855469
2022-07-01,425.3680419921875
2022-07-04,421.4111328125
2022-07-05,409.8230285644531
2022-07-06,431.3976135253906
2022-07-07,440.1593933105469
2022-07-08,449.2979431152344
2022-07-11,455.0448913574219
2022-07-12,463.4297790527344
2022-07-13,454.7622375488281
2022-07-14,440.7246398925781
2022-07-15,451.9358825683594
2022-07-18,463.05291748046875
2022-07-19,475.5831298828125
2022-07-20,473.8872985839844
2022-07-21,483.3085632324219
2022-07-22,487.2654724121094
2022-07-25,479.1632080078125
2022-07-26,457.6828308105469
2022-07-27,465.4082336425781
2022-07-28,477.4673767089844
2022-07-29,506.4847106933594
2022-08-01,503.09307861328125
2022-08-02,485.1927795410156
2022-08-03,495.5561218261719
2022-08-04,503.4700012207031
2022-08-05,488.9612731933594
2022-08-08,497.06353759765625
2022-08-09,461.35711669921875
2022-08-10,494.04876708984375
2022-08-11,496.8751525878906
2022-08-12,491.4107971191406
2022-08-15,503.09307861328125
2022-08-16,472.1914978027344
2022-08-17,459.378662109375
2022-08-18,449.4863586425781
2022-08-19,457.40020751953125
2022-08-22,443.7394104003906
2022-08-23,443.7394104003906
2022-08-24,446.8484191894531
2022-08-25,442.79730224609375
2022-08-26,419.5268859863281
2022-08-29,413.1204528808594
2022-08-30,423.95489501953125
2022-08-31,421.22271728515625
2022-09-01,406.24298095703125
2022-09-02,414.4394226074219
2022-09-05,404.7355651855469
2022-09-06,408.88092041015625
2022-09-07,401.9092102050781
2022-09-08,399.9307556152344
2022-09-09,408.78668212890625
2022-09-12,420.1863708496094
2022-09-13,409.72882080078125
2022-09-14,400.11920166015625
2022-09-15,393.33587646484375
2022-09-16,382.6899108886719
2022-09-19,394.6548767089844
2022-09-20,367.615966796875
2022-09-21,372.5150146484375
2022-09-22,361.5863952636719
2022-09-23,353.2015075683594
2022-09-26,356.7815856933594
2022-09-27,359.51373291015625
2022-09-28,358.1947326660156
2022-09-29,336.6201477050781
2022-09-30,338.31597900390625
2022-10-03,345.4761047363281
2022-10-04,367.615966796875
2022-10-05,357.3468322753906
2022-10-06,356.5931701660156
2022-10-07,344.3455505371094
2022-10-10,351.7883605957031
2022-10-11,350.65777587890625
2022-10-12,346.7950744628906
2022-10-13,353.8609924316406
2022-10-14,359.60797119140625
2022-10-17,367.42755126953125
2022-10-18,377.31982421875
2022-10-19,367.1449279785156
2022-10-20,371.85552978515625
2022-10-21,361.30377197265625
2022-10-24,369.406005859375
2022-10-25,380.8056640625
2022-10-26,392.7706298828125
2022-10-27,386.92950439453125
2022-10-28,380.9941101074219
2022-10-31,374.1166076660156
2022-11-01,380.61724853515625
2022-11-02,377.2256164550781
2022-11-03,370.34814453125
2022-11-04,386.5526123046875
2022-11-07,392.205322265625
2022-11-08,433.94134521484375
2022-11-09,445.6236877441406
2022-11-10,470.4956970214844
2022-11-11,493.2950134277344
2022-11-14,498.38250732421875
2022-11-15,488.20758056640625
2022-11-16,476.33685302734375
2022-11-17,469.17669677734375
2022-11-18,478.2210998535156
2022-11-21,466.9156494140625
2022-11-22,456.5522766113281
2022-11-23,461.2629089355469
2022-11-24,463.52398681640625
2022-11-25,465.50244140625
2022-11-28,474.0757751464844
2022-11-29,474.64105224609375
2022-11-30,497.06353759765625
2022-12-01,500.0783386230469
2022-12-02,511.0069580078125
2022-12-05,505.91949462890625
2022-12-06,509.68798828125
2022-12-07,503.09307861328125
2022-12-08,505.1658020019531
2022-12-09,502.52783203125
2022-12-12,487.4538879394531
2022-12-13,497.4403991699219
2022-12-14,494.04876708984375
2022-12-15,469.8362121582031
2022-12-16,461.6397399902344
2022-12-19,464.2776794433594
2022-12-20,463.71240234375
2022-12-21,468.6114501953125
2022-12-22,448.3558349609375
2022-12-23,448.92108154296875
2022-12-27,457.6828308105469
2022-12-28,456.646484375
2022-12-29,463.1471252441406
2022-12-30,459.8497314453125
2023-01-02,474.0757751464844
2023-01-03,475.206298828125
2023-01-04,461.6397399902344
2023-01-05,479.5400695800781
2023-01-06,494.614013671875
2023-01-09,505.7310791015625
2023-01-10,507.8036804199219
2023-01-11,524.0082397460938
2023-01-12,527.0230712890625
2023-01-13,531.3567504882812
2023-01-16,541.34326171875
2023-01-17,542.4738159179688
2023-01-18,537.1979370117188
2023-01-19,520.804931640625
2023-01-20,524.573486328125
2023-01-23,540.0242919921875
2023-01-24,543.6043701171875
2023-01-25,530.4146728515625
2023-01-26,536.0673828125
2023-01-27,544.1696166992188
2023-01-30,542.6622314453125
2023-01-31,533.240966796875
2023-02-01,540.7779541015625
2023-02-02,572.2449340820312
2023-02-03,569.9838256835938
2023-02-06,555.8519287109375
2023-02-07,551.141357421875
2023-02-08,609.7413330078125
2023-02-09,617.08984375
2023-02-10,584.3040771484375
2023-02-13,588.826171875
2023-02-14,596.9284057617188
2023-02-15,607.8569946289062
2023-02-16,631.5985717773438
2023-02-17,622.36572265625
2023-02-20,621.8004760742188
2023-02-21,611.6255493164062
2023-02-22,616.7130126953125
2023-02-23,609.9297485351562
2023-02-24,601.0737915039062
2023-02-27,620.2930908203125
2023-02-28,628.772216796875
2023-03-01,621.6119995117188
2023-03-02,616.147705078125
2023-03-03,626.3226318359375
2023-03-06,635.1785888671875
2023-03-07,631.9754028320312
2023-03-08,619.727783203125
2023-03-09,627.2648315429688
2023-03-10,606.5380249023438
2023-03-13,589.0146484375
2023-03-14,603.900146484375
2023-03-15,571.8679809570312
2023-03-16,579.4049682617188
2023-03-17,564.3153076171875
2023-03-20,579.4049682617188
2023-03-21,588.1105346679688
2023-03-22,593.914306640625
2023-03-23,599.1376342773438
2023-03-24,583.8544921875
2023-03-27,593.52734375
2023-03-28,591.7862548828125
2023-03-29,605.7151489257812
2023-03-30,623.31982421875
2023-03-31,633.9600219726562
2023-04-03,620.031005859375
2023-04-04,622.1590576171875
2023-04-05,608.423583984375
2023-04-11,599.1376342773438
2023-04-12,576.3096923828125
2023-04-13,584.241455078125
2023-04-14,602.23291015625
2023-04-17,598.1703491210938
2023-04-18,615.194580078125
2023-04-19,620.8048706054688
2023-04-20,615.3880615234375
2023-04-21,613.84033203125
2023-04-24,625.25439453125
2023-04-25,615.7749633789062
2023-04-26,597.7833862304688
2023-04-27,601.0722045898438
2023-04-28,603.7805786132812
2023-05-01,620.2244873046875
2023-05-02,609.390869140625
2023-05-03,606.489013671875
2023-05-04,581.3395385742188
2023-05-08,593.1404418945312
2023-05-09,583.6610717773438
2023-05-10,583.2741088867188
2023-05-11,591.979736328125
2023-05-12,593.914306640625
2023-05-15,594.881591796875
2023-05-16,576.696533203125
2023-05-17,577.6638793945312
2023-05-22,578.6311645507812
2023-05-23,558.1246948242188
2023-05-24,543.808837890625
2023-05-25,544.5826416015625
2023-05-26,550.1929321289062
2023-05-30,550.1929321289062
2023-05-31,536.8443603515625
2023-06-01,532.78173828125
2023-06-02,546.5172119140625
2023-06-06,549.612548828125
2023-06-07,556.383544921875
2023-06-08,528.5256958007812
2023-06-09,533.9425048828125
2023-06-12,539.552734375
2023-06-13,556.7704467773438
2023-06-14,565.8629760742188
2023-06-15,553.481689453125
2023-06-16,565.2825927734375
2023-06-19,558.5115966796875
2023-06-20,547.0975952148438
2023-06-21,561.8003540039062
2023-06-22,561.6068725585938
2023-06-23,557.350830078125
2023-06-26,566.6367797851562
2023-06-27,572.4404907226562
2023-06-28,572.0535888671875
2023-06-29,583.4675903320312
2023-06-30,589.2713012695312
2023-07-03,591.5927734375
2023-07-04,613.0665893554688
2023-07-05,608.0366821289062
2023-07-06,592.36669921875
2023-07-07,602.03955078125
2023-07-10,606.6824951171875
2023-07-11,626.802001953125
2023-07-12,650.0169677734375
2023-07-13,642.4720458984375
2023-07-14,646.921630859375
2023-07-17,636.4749145507812
2023-07-18,642.66552734375
2023-07-19,635.1206665039062
2023-07-20,635.7011108398438
2023-07-21,642.4720458984375
2023-07-24,641.5048217773438
2023-07-25,641.1178588867188
2023-07-26,630.8646850585938
2023-07-27,647.6953735351562
2023-07-28,659.496337890625
2023-07-31,656.2075805664062
2023-08-01,651.9515380859375
2023-08-02,638.4094848632812
2023-08-03,638.4094848632812
2023-08-04,641.6983032226562
2023-08-07,643.8262939453125
2023-08-08,636.6683959960938
2023-08-09,641.1178588867188
2023-08-10,655.4337158203125
2023-08-11,643.8262939453125
2023-08-14,650.4038696289062
2023-08-15,667.62158203125
2023-08-16,677.8748168945312
2023-08-17,680.5831909179688
2023-08-18,676.907470703125
2023-08-21,680.7766723632812
2023-08-22,674.5860595703125
2023-08-23,670.7169189453125
2023-08-24,667.8150634765625
2023-08-25,671.6841430664062
2023-08-28,684.645751953125
2023-08-29,690.6430053710938
2023-08-30,692.190673828125
2023-08-31,690.4495239257812
2023-09-01,691.4168090820312
2023-09-04,702.2504272460938
2023-09-05,703.6046752929688
2023-09-06,690.4495239257812
2023-09-07,686.7738647460938
2023-09-08,700.3158569335938
2023-09-11,709.98876953125
2023-09-12,710.569091796875
2023-09-13,701.863525390625
2023-09-14,712.1167602539062
2023-09-15,720.241943359375
2023-09-18,713.4708862304688
2023-09-19,706.1195678710938
2023-09-20,695.2859497070312
2023-09-21,684.4522705078125
2023-09-22,686.0
2023-09-25,696.4467163085938
2023-09-26,688.7084350585938
2023-09-27,687.9345703125
2023-09-28,702.8307495117188
2023-09-29,707.667236328125
2023-10-02,697.8009033203125
2023-10-03,686.7738647460938
2023-10-04,684.0654907226562
2023-10-05,765.8978881835938
2023-10-06,792.5950317382812
2023-10-09,789.11279296875
2023-10-10,791.04736328125
2023-10-11,793.1754150390625
2023-10-12,786.7913818359375
2023-10-13,789.8865966796875
2023-10-16,798.5922241210938
2023-10-17,799.3660888671875
2023-10-18,795.8837890625
2023-10-19,787.9520263671875
2023-10-20,768.9932250976562
2023-10-23,771.5081176757812
2023-10-24,784.2763671875
2023-10-25,786.7913818359375
2023-10-26,767.0586547851562
2023-10-27,766.4783325195312
2023-10-30,761.2549438476562
2023-10-31,772.0885620117188
2023-11-01,787.5651245117188
2023-11-02,804.9763793945312
2023-11-03,786.597900390625
2023-11-06,791.2408447265625
2023-11-07,781.37451171875
2023-11-08,851.7930297851562
2023-11-09,856.049072265625
2023-11-10,832.6406860351562
2023-11-13,855.2752075195312
2023-11-14,883.3265991210938
2023-11-15,891.8387451171875
2023-11-16,879.4573974609375
2023-11-17,891.2583618164062
2023-11-20,891.2583618164062
2023-11-21,875.5883178710938
2023-11-22,879.2639770507812
2023-11-23,880.6182250976562
2023-11-24,881.58544921875
2023-11-27,874.4275512695312
2023-11-28,876.362060546875
2023-11-29,881.58544921875
2023-11-30,893.9667358398438
2023-12-01,901.1246337890625
2023-12-04,889.7106323242188
2023-12-05,888.5499267578125
2023-12-06,885.8414916992188
2023-12-07,896.481689453125
2023-12-08,906.9283447265625
2023-12-11,901.318115234375
2023-12-12,904.4134521484375
2023-12-13,901.8985595703125
2023-12-14,889.3237915039062
2023-12-15,888.3565063476562
2023-12-18,892.8059692382812
2023-12-19,909.443359375
2023-12-20,919.696533203125
2023-12-21,911.1844482421875
2023-12-22,900.1573486328125
2023-12-27,900.1573486328125
2023-12-28,897.0621337890625
2023-12-29,902.6723022460938
2024-01-02,905.3806762695312
2024-01-03,891.645263671875
2024-01-04,899.1900634765625
2024-01-05,915.827392578125
2024-01-08,947.7478637695312
2024-01-09,944.6525268554688
2024-01-10,965.5459594726562
2024-01-11,953.358154296875
2024-01-12,946.0067749023438
2024-01-15,945.2329711914062
2024-01-16,954.325439453125
2024-01-17,952.9712524414062
2024-01-18,937.6881103515625
2024-01-19,927.2413940429688
2024-01-22,942.3310546875
2024-01-23,940.9768676757812
2024-01-24,956.64697265625
2024-01-25,971.15625
2024-01-26,959.7423095703125
2024-01-29,979.378173828125
2024-01-30,984.6982421875
2024-01-31,975.9927368164062
2024-02-01,966.900146484375
2024-02-02,983.2473754882812
2024-02-05,982.763671875
2024-02-06,995.8220825195312
2024-02-07,991.952880859375
2024-02-08,1042.735595703125
2024-02-09,1053.8592529296875
2024-02-12,1062.081298828125
2024-02-13,1051.9246826171875
2024-02-14,1067.885009765625
2024-02-15,1071.754150390625
2024-02-16,1096.903564453125
2024-02-19,1107.06005859375
2024-02-20,1104.158203125
2024-02-21,1095.936279296875
2024-02-22,1105.12548828125
2024-02-23,1113.8311767578125
2024-02-26,1114.79833984375
2024-02-27,1115.765625
2024-02-28,1111.896484375
2024-02-29,1076.590576171875
2024-03-01,1109.478271484375
2024-03-04,1100.2890625
2024-03-05,1089.165283203125
2024-03-06,1077.557861328125
2024-03-07,1098.3544921875
2024-03-08,1119.634765625
2024-03-11,1103.674560546875
2024-03-12,1123.5040283203125
2024-03-13,1124.9549560546875
2024-03-14,1140.9150390625
2024-03-15,1125.6898193359375
2024-03-18,1121.7607421875
2024-03-19,1128.6365966796875
2024-03-20,1122.7430419921875
2024-03-21,1142.879638671875
2024-03-22,1102.1151123046875
2024-03-25,1104.0797119140625
2024-03-26,1120.287353515625
2024-03-27,1094.748046875
2024-04-02,1078.54052734375
2024-04-03,1089.836669921875
2024-04-04,1078.54052734375
2024-04-05,1076.575927734375
2024-04-08,1070.191162109375
2024-04-09,1055.45703125
2024-04-10,1073.629150390625
2024-04-11,1077.5582275390625
2024-04-12,1044.6519775390625
2024-04-15,1060.8594970703125
2024-04-16,1048.0899658203125
2024-04-17,1059.3861083984375
2024-04-18,1055.45703125
2024-04-19,1062.8240966796875
2024-04-22,1083.451904296875
2024-04-23,1079.5228271484375
2024-04-24,1075.5936279296875
2024-04-25,1058.89501953125
2024-04-26,1080.505126953125
2024-04-29,1066.753173828125
2024-04-30,1050.545654296875
2024-05-01,1063.315185546875
2024-05-02,1129.1278076171875
2024-05-03,1099.659423828125
2024-05-06,1094.748046875
2024-05-07,1092.2923583984375
2024-05-08,1111.44677734375
2024-05-13,1141.40625
2024-05-14,1109.973388671875
2024-05-15,1127.1632080078125
2024-05-16,1143.370849609375
2024-05-17,1148.7733154296875
2024-05-21,1127.6544189453125
2024-05-22,1093.765869140625
2024-05-23,1119.796142578125
2024-05-24,1119.796142578125
2024-05-27,1118.32275390625
2024-05-28,1093.765869140625
2024-05-29,1096.712646484375
2024-05-30,1095.2392578125
2024-05-31,1104.0797119140625
2024-06-03,1085.41650390625
2024-06-04,1078.54052734375
2024-06-06,1075.1025390625
2024-06-07,1098.67724609375
2024-06-10,1096.2215576171875
2024-06-11,1072.15576171875
2024-06-12,1081.978515625
2024-06-13,1060.8594970703125
2024-06-14,1033.846923828125
2024-06-17,1030.9000244140625
2024-06-18,1031.88232421875
2024-06-19,1034.3380126953125
2024-06-20,1058.40380859375
2024-06-21,1045.63427734375
2024-06-24,1048.0899658203125
2024-06-25,1042.6873779296875
2024-06-26,1048.5810546875
2024-06-27,1038.26708984375
2024-06-28,1032.37353515625
2024-07-01,991.1178588867188
2024-07-02,981.4915161132812
2024-07-03,979.7234497070312
2024-07-04,964.5963134765625
2024-07-05,977.365966796875
2024-07-08,995.5380859375
2024-07-09,1001.9228515625
2024-07-10,1000.9406127929688
2024-07-11,1009.7811279296875
2024-07-12,1038.75830078125
2024-07-15,1035.8114013671875
2024-07-16,1053.9835205078125
2024-07-17,1041.705078125
2024-07-18,1033.846923828125
2024-07-19,1034.8292236328125
2024-07-22,1057.4215087890625
2024-07-23,1047.5987548828125
2024-07-24,1052.01904296875
2024-07-25,1032.37353515625
2024-07-26,1040.231689453125
2024-07-29,1056.4393310546875
2024-07-30,1068.7177734375
2024-07-31,1061.841796875
2024-08-01,1057.4215087890625
2024-08-02,993.0823974609375
2024-08-05,958.7026977539062
2024-08-06,979.134033203125
2024-08-07,989.6444091796875
2024-08-08,996.5203247070312
2024-08-09,1006.8342895507812
2024-08-12,1022.5507202148438
2024-08-13,1059.877197265625
2024-08-14,1041.705078125
2024-08-15,1043.1785888671875
2024-08-16,1048.5810546875
2024-08-19,1074.1202392578125
2024-08-20,1094.748046875
2024-08-21,1099.1683349609375
2024-08-22,1113.411376953125
2024-08-23,1123.234130859375
2024-08-26,1127.1632080078125
2024-08-27,1136.0037841796875
2024-08-28,1138.45947265625
2024-08-29,1150.2467041015625
2024-08-30,1160.069580078125
2024-09-02,1153.6846923828125
2024-09-03,1158.10498046875
2024-09-04,1152.2113037109375
2024-09-05,1136.9859619140625
2024-09-06,1126.180908203125
2024-09-09,1132.5657958984375
2024-09-10,1117.8316650390625
2024-09-11,1137.4771728515625
2024-09-12,1163.016357421875
2024-09-13,1182.1707763671875
2024-09-16,1169.401123046875
2024-09-17,1145.3353271484375
2024-09-18,1125.6898193359375
2024-09-19,1153.6846923828125
2024-09-20,1125.19873046875
2024-09-23,1124.2164306640625
2024-09-24,1141.40625
2024-09-25,1099.1683349609375
2024-09-26,1084.4342041015625
2024-09-27,1080.013916015625
2024-09-30,1082.9608154296875
2024-10-01,1049.5633544921875
2024-10-02,1044.6519775390625
2024-10-03,1031.88232421875
2024-10-04,1036.3026123046875
2024-10-07,1025.9886474609375
2024-10-08,1048.0899658203125
2024-10-09,1040.7227783203125
2024-10-10,1052.01904296875
2024-10-11,1058.40380859375
2024-10-14,1045.63427734375
2024-10-15,1044.1607666015625
2024-10-16,1044.1607666015625
2024-10-17,1062.3328857421875
2024-10-18,1054.4747314453125
2024-10-21,1030.9000244140625
2024-10-22,1012.23681640625
2024-10-23,1006.3431396484375
2024-10-24,1029.4266357421875
2024-10-25,1022.0595703125
2024-10-28,1029.917724609375
2024-10-29,1048.0899658203125
2024-10-30,1036.793701171875
2024-10-31,1015.6747436523438
2024-11-01,1040.7227783203125
2024-11-04,1042.1962890625
2024-11-05,1040.7227783203125
2024-11-06,1023.0418701171875
2024-11-07,1035.3203125
2024-11-08,1045.63427734375
2024-11-11,1057.4215087890625
2024-11-12,1075.1025390625
2024-11-13,1072.6468505859375
2024-11-14,1077.5582275390625
2024-11-15,1065.7708740234375
2024-11-18,1075.5936279296875
2024-11-19,1049.5633544921875
2024-11-20,1060.8594970703125
2024-11-21,1066.753173828125
2024-11-22,1100.150634765625
2024-11-25,1103.588623046875
2024-11-26,1097.2037353515625
2024-11-27,1087.8721923828125
2024-11-28,1097.6949462890625
2024-11-29,1116.358154296875
2024-12-02,1143.370849609375
2024-12-03,1165.4720458984375
2024-12-04,1166.454345703125
2024-12-05,1156.631591796875
2024-12-06,1193.4669189453125
2024-12-09,1234.72265625
2024-12-10,1240.1251220703125
2024-12-11,1253.8770751953125
2024-12-12,1243.5631103515625
2024-12-13,1252.403564453125
2024-12-16,1257.31494140625
2024-12-17,1235.704833984375
2024-12-18,1248.4744873046875
2024-12-19,1241.107421875
2024-12-20,1251.9124755859375
2024-12-23,1271.5579833984375
2024-12-27,1304.9554443359375
2024-12-30,1293.6593017578125
2025-01-02,1296.6060791015625
2025-01-03,1294.6414794921875
2025-01-06,1290.2213134765625
2025-01-07,1281.8719482421875
2025-01-08,1287.765625
2025-01-09,1296.6060791015625
2025-01-10,1308.3934326171875
2025-01-13,1247.0010986328125
2025-01-14,1219.0062255859375
2025-01-15,1227.35546875
2025-01-16,1245.5277099609375
2025-01-17,1259.279541015625
2025-01-20,1257.80615234375
2025-01-21,1280.3985595703125
2025-01-22,1297.58837890625
2025-01-23,1318.2161865234375
2025-01-24,1305.446533203125
2025-01-27,1337.37060546875
2025-01-28,1330.0035400390625
2025-01-29,1353.0870361328125
2025-01-30,1375.188232421875
2025-01-31,1356.0338134765625
2025-02-03,1355.542724609375
2025-02-04,1349.6490478515625
2025-02-05,1317.72509765625
2025-02-06,1323.1275634765625
2025-02-07,1296.114990234375
2025-02-10,1308.3934326171875
2025-02-11,1299.061767578125
2025-02-12,1303.97314453125
2025-02-13,1296.114990234375
2025-02-14,1238.6517333984375
2025-02-17,1235.2137451171875
2025-02-18,1233.7403564453125
2025-02-19,1224.8997802734375
2025-02-20,1217.53271484375
2025-02-21,1254.8592529296875
2025-02-24,1219.9884033203125
2025-02-25,1241.5985107421875
2025-02-26,1245.5277099609375
2025-02-27,1218.02392578125
2025-02-28,1245.0364990234375
2025-03-03,1222.444091796875
2025-03-04,1192.975830078125
2025-03-05,1176.277099609375
2025-03-06,1147.791015625
2025-03-07,1140.9151611328125
2025-03-10,1127.6544189453125
2025-03-11,1106.535400390625
2025-03-12,1108.5
2025-03-13,1111.0
2025-03-14,1103.5
2025-03-17,1104.5
2025-03-18,1075.0
2025-03-19,1117.5
2025-03-20,1133.0
2025-03-21,1115.5
2025-03-24,1133.0
2025-03-25,1108.5
2025-03-26,1109.5
2025-03-27,1089.0
2025-03-28,1067.5
2025-03-31,1054.0
2025-04-01,1061.0
2025-04-02,1062.5
2025-04-03,949.0
2025-04-04,873.4000244140625
2025-04-07,904.2000122070312
2025-04-08,921.2000122070312
2025-04-09,883.7999877929688
2025-04-10,949.5999755859375
2025-04-11,932.2000122070312
2025-04-14,949.2000122070312
2025-04-15,954.7999877929688
2025-04-16,921.2000122070312
2025-04-22,938.4000244140625
2025-04-23,983.2000122070312
2025-04-24,959.2000122070312
2025-04-25,964.0
2025-04-28,977.4000244140625
2025-04-29,976.5999755859375
2025-04-30,972.2000122070312
2025-05-01,984.4000244140625
2025-05-02,1004.0
2025-05-05,1004.0
2025-05-06,982.0
2025-05-07,998.7999877929688
2025-05-08,1006.5
2025-05-09,1032.5
2025-05-12,1112.0
2025-05-13,1136.5
2025-05-14,1155.0
2025-05-15,1155.5
2025-05-16,1197.0
2025-05-19,1211.0
2025-05-20,1212.5
2025-05-21,1212.5
2025-05-22,1192.0
2025-05-23,1185.5
2025-05-26,1202.5
2025-05-27,1218.5
2025-05-28,1196.5
2025-06-02,1178.5
2025-06-03,1199.5
2025-06-04,1219.5
2025-06-06,1186.0
2025-06-10,1183.5
2025-06-11,1194.0
2025-06-12,1178.0
2025-06-13,1149.0
2025-06-16,1199.5
2025-06-17,1172.5
2025-06-18,1174.0
2025-06-19,1152.0
2025-06-20,1167.5
2025-06-23,1105.5
2025-06-24,1135.0
2025-06-25,1103.0
2025-06-26,1082.5
2025-06-27,1111.0
2025-06-30,1112.0
2025-07-01,1108.0
2025-07-02,1106.5
2025-07-03,1104.0
2025-07-04,1085.5
2025-07-07,1064.5
2025-07-08,1066.0
2025-07-09,1076.5
2025-07-10,1069.5
2025-07-11,1054.0
2025-07-14,1039.0
2025-07-15,1020.0
2025-07-16,1037.0
2025-07-17,1046.0
2025-07-18,1049.5
2025-07-21,1037.0
2025-07-22,1039.0
2025-07-23,1050.0
2025-07-24,1064.5
2025-07-25,1057.0
2025-07-28,1076.5
2025-07-29,1069.0
2025-07-30,1075.0
2025-07-31,1085.5
2025-08-01,1074.5
2025-08-04,1084.5
2025-08-05,1073.0
2025-08-06,1036.5
2025-08-07,1037.5
2025-08-08,1032.5
2025-08-11,1029.0
2025-08-12,1014.0
2025-08-13,1037.0
2025-08-14,1035.0
2025-08-15,844.5999755859375
2025-08-18,842.5999755859375
2025-08-19,875.0
2025-08-20,896.2000122070312
2025-08-21,889.4000244140625
2025-08-22,912.0
