Date,QUESS.NS
2016-07-12,463.73712158203125
2016-07-13,431.1068420410156
2016-07-14,449.5420227050781
2016-07-15,452.9986572265625
2016-07-18,462.6771240234375
2016-07-19,456.31695556640625
2016-07-20,457.4691467285156
2016-07-21,449.7264099121094
2016-07-22,445.0254211425781
2016-07-25,444.2419128417969
2016-07-26,451.56988525390625
2016-07-27,482.7714538574219
2016-07-28,483.73931884765625
2016-07-29,470.2816467285156
2016-08-01,546.5111083984375
2016-08-02,555.3600463867188
2016-08-03,542.2709350585938
2016-08-04,573.4725952148438
2016-08-05,572.6890869140625
2016-08-08,515.3095092773438
2016-08-09,493.6942138671875
2016-08-10,507.244140625
2016-08-11,490.6985778808594
2016-08-12,488.34814453125
2016-08-16,478.7157287597656
2016-08-17,484.5228271484375
2016-08-18,501.25274658203125
2016-08-19,500.05450439453125
2016-08-22,524.8959350585938
2016-08-23,510.1938171386719
2016-08-24,506.82940673828125
2016-08-25,499.4091491699219
2016-08-26,499.31707763671875
2016-08-29,490.00726318359375
2016-08-30,505.86151123046875
2016-08-31,507.70501708984375
2016-09-01,502.58929443359375
2016-09-02,494.5699768066406
2016-09-06,509.1798400878906
2016-09-07,500.10052490234375
2016-09-08,501.25274658203125
2016-09-09,497.88836669921875
2016-09-12,479.31488037109375
2016-09-14,489.8690185546875
2016-09-15,505.90765380859375
2016-09-16,505.5849609375
2016-09-19,501.8058166503906
2016-09-20,494.06298828125
2016-09-21,502.0362854003906
2016-09-22,503.7414855957031
2016-09-23,519.5034790039062
2016-09-26,506.59881591796875
2016-09-27,511.7147216796875
2016-09-28,505.4006042480469
2016-09-29,513.235595703125
2016-09-30,515.3555908203125
2016-10-03,537.3857421875
2016-10-04,546.9258422851562
2016-10-05,559.646240234375
2016-10-06,568.0341796875
2016-10-07,580.2014770507812
2016-10-10,568.587158203125
2016-10-13,546.5572509765625
2016-10-14,544.8518676757812
2016-10-17,554.3460693359375
2016-10-18,558.2174072265625
2016-10-19,548.21630859375
2016-10-20,581.2153930664062
2016-10-21,577.0674438476562
2016-10-24,557.295654296875
2016-10-25,547.3406372070312
2016-10-26,541.07275390625
2016-10-27,541.1649169921875
2016-10-28,550.4285888671875
2016-11-01,562.5957641601562
2016-11-02,547.75537109375
2016-11-03,539.3675537109375
2016-11-04,512.2216796875
2016-11-07,522.8218994140625
2016-11-08,526.9237060546875
2016-11-09,525.6333618164062
2016-11-10,544.8981323242188
2016-11-11,537.2013549804688
2016-11-15,547.70947265625
2016-11-16,544.4832763671875
2016-11-17,549.7371826171875
2016-11-18,546.5111083984375
2016-11-21,532.822998046875
2016-11-22,549.8294677734375
2016-11-23,555.0374755859375
2016-11-24,567.8959350585938
2016-11-25,562.0888671875
2016-11-28,566.6975708007812
2016-11-29,624.90673828125
2016-11-30,608.6377563476562
2016-12-01,593.4747314453125
2016-12-02,574.3944091796875
2016-12-05,590.755615234375
2016-12-06,584.6258544921875
2016-12-07,590.663330078125
2016-12-08,601.4940185546875
2016-12-09,605.595947265625
2016-12-12,606.7020263671875
2016-12-13,602.6002197265625
2016-12-14,611.7256469726562
2016-12-15,617.30224609375
2016-12-16,619.053466796875
2016-12-19,617.30224609375
2016-12-20,609.69775390625
2016-12-21,595.6868896484375
2016-12-22,584.118896484375
2016-12-23,581.5379638671875
2016-12-26,568.6333618164062
2016-12-27,589.9259643554688
2016-12-28,591.7694702148438
2016-12-29,597.9451904296875
2016-12-30,605.6419677734375
2017-01-02,605.1351318359375
2017-01-03,612.0941772460938
2017-01-04,617.0258178710938
2017-01-05,616.9796142578125
2017-01-06,615.9195556640625
2017-01-09,614.6751708984375
2017-01-10,602.36962890625
2017-01-11,622.87890625
2017-01-12,625.2294311523438
2017-01-13,624.5379638671875
2017-01-16,612.55517578125
2017-01-17,615.3665161132812
2017-01-18,622.2797241210938
2017-01-19,615.4588012695312
2017-01-20,616.8875122070312
2017-01-23,618.1317138671875
2017-01-24,630.8521118164062
2017-01-25,673.760009765625
2017-01-27,655.6473999023438
2017-01-30,631.036376953125
2017-01-31,624.67626953125
2017-02-01,624.491943359375
2017-02-02,623.5241088867188
2017-02-03,620.4361572265625
2017-02-06,624.5379638671875
2017-02-07,629.5616455078125
2017-02-08,626.4737548828125
2017-02-09,622.7868041992188
2017-02-10,606.1029052734375
2017-02-13,598.6827392578125
2017-02-14,608.0846557617188
2017-02-15,601.3096923828125
2017-02-16,597.3461303710938
2017-02-17,603.706298828125
2017-02-20,598.0375366210938
2017-02-21,604.02880859375
2017-02-22,603.1993408203125
2017-02-23,594.7191162109375
2017-02-27,598.728759765625
2017-02-28,601.8167114257812
2017-03-01,600.1114501953125
2017-03-02,587.1146850585938
2017-03-03,588.5433959960938
2017-03-06,588.9581298828125
2017-03-07,590.5712890625
2017-03-08,588.5894165039062
2017-03-09,589.004150390625
2017-03-10,613.430908203125
2017-03-14,626.2432861328125
2017-03-15,626.8424682617188
2017-03-16,635.23046875
2017-03-17,630.5756225585938
2017-03-20,632.0964965820312
2017-03-21,638.1339721679688
2017-03-22,634.6773681640625
2017-03-23,635.2764892578125
2017-03-24,637.1661987304688
2017-03-27,636.705322265625
2017-03-28,634.6312866210938
2017-03-29,634.815673828125
2017-03-30,635.7374267578125
2017-03-31,636.3827514648438
2017-04-03,651.4534301757812
2017-04-05,663.6206665039062
2017-04-06,672.6077880859375
2017-04-07,666.4780883789062
2017-04-10,666.3399047851562
2017-04-11,683.6688232421875
2017-04-12,703.0718994140625
2017-04-13,692.3795776367188
2017-04-17,699.661376953125
2017-04-18,690.5360107421875
2017-04-19,687.4020385742188
2017-04-20,701.551025390625
2017-04-21,721.3688354492188
2017-04-24,718.281005859375
2017-04-25,735.33349609375
2017-04-26,731.5543212890625
2017-04-27,729.8028564453125
2017-04-28,732.2918090820312
2017-05-02,727.4525146484375
2017-05-03,729.2499389648438
2017-05-04,741.0484619140625
2017-05-05,752.5703735351562
2017-05-08,761.2349243164062
2017-05-09,781.329345703125
2017-05-10,810.2265014648438
2017-05-11,790.731201171875
2017-05-12,768.3785400390625
2017-05-15,775.7987670898438
2017-05-16,783.1728515625
2017-05-17,759.5296020507812
2017-05-18,767.1340942382812
2017-05-19,770.2682495117188
2017-05-22,755.98095703125
2017-05-23,723.1663208007812
2017-05-24,755.8887329101562
2017-05-25,775.107421875
2017-05-26,782.2510986328125
2017-05-29,775.3839721679688
2017-05-30,796.8148193359375
2017-05-31,824.4676513671875
2017-06-01,842.3497314453125
2017-06-02,855.6692504882812
2017-06-05,843.501953125
2017-06-06,831.795654296875
2017-06-07,828.9842529296875
2017-06-08,834.6069946289062
2017-06-09,825.527587890625
2017-06-12,824.8362426757812
2017-06-13,820.7345581054688
2017-06-14,815.7570190429688
2017-06-15,826.49560546875
2017-06-16,836.2201538085938
2017-06-19,823.8684692382812
2017-06-20,830.1364135742188
2017-06-21,826.9564208984375
2017-06-22,819.7666015625
2017-06-23,825.7581176757812
2017-06-27,828.5233764648438
2017-06-28,826.1268310546875
2017-06-29,837.141845703125
2017-06-30,855.0239868164062
2017-07-03,861.5223999023438
2017-07-04,870.46337890625
2017-07-05,845.6220703125
2017-07-06,815.4345092773438
2017-07-07,822.6242065429688
2017-07-10,829.4912109375
2017-07-11,837.0496826171875
2017-07-12,846.8663940429688
2017-07-13,852.3969116210938
2017-07-14,867.2373046875
2017-07-17,880.4645385742188
2017-07-18,862.674560546875
2017-07-19,850.4613037109375
2017-07-20,850.4151000976562
2017-07-21,846.2211303710938
2017-07-24,823.8684692382812
2017-07-25,826.9564208984375
2017-07-26,805.84814453125
2017-07-27,817.1397094726562
2017-07-28,826.5875854492188
2017-07-31,826.4494018554688
2017-08-01,822.1172485351562
2017-08-02,828.2008666992188
2017-08-03,826.4032592773438
2017-08-04,827.69384765625
2017-08-07,826.49560546875
2017-08-08,827.5555419921875
2017-08-09,824.559814453125
2017-08-10,821.8405151367188
2017-08-11,798.2435302734375
2017-08-14,828.6616821289062
2017-08-16,824.8362426757812
2017-08-17,827.5093994140625
2017-08-18,824.0067138671875
2017-08-21,808.5673217773438
2017-08-22,801.654052734375
2017-08-23,746.8555297851562
2017-08-24,762.6175537109375
2017-08-28,759.2070922851562
2017-08-29,774.0474243164062
2017-08-30,778.840576171875
2017-08-31,781.14501953125
2017-09-01,777.5040283203125
2017-09-04,779.3475341796875
2017-09-05,770.8673706054688
2017-09-06,764.6454467773438
2017-09-07,766.1202392578125
2017-09-08,766.0741577148438
2017-09-11,746.625
2017-09-12,768.2404174804688
2017-09-13,776.4439697265625
2017-09-14,775.153564453125
2017-09-15,771.0517578125
2017-09-18,773.81689453125
2017-09-19,778.3336181640625
2017-09-20,783.08056640625
2017-09-21,783.4492797851562
2017-09-22,757.8705444335938
2017-09-25,769.0238037109375
2017-09-26,762.0645141601562
2017-09-27,749.5746459960938
2017-09-28,761.1887817382812
2017-09-29,770.4986572265625
2017-10-03,762.986328125
2017-10-04,766.857666015625
2017-10-05,763.308837890625
2017-10-06,768.2863159179688
2017-10-09,763.0784912109375
2017-10-10,766.8116455078125
2017-10-11,758.193115234375
2017-10-12,765.060302734375
2017-10-13,765.8438110351562
2017-10-16,769.945556640625
2017-10-17,765.9819946289062
2017-10-18,764.368896484375
2017-10-19,772.1116943359375
2017-10-23,765.2445678710938
2017-10-24,769.8533325195312
2017-10-25,782.9424438476562
2017-10-26,798.2897338867188
2017-10-27,799.21142578125
2017-10-30,791.8833618164062
2017-10-31,782.1127319335938
2017-11-01,776.3978271484375
2017-11-02,775.7525634765625
2017-11-03,769.6229858398438
2017-11-06,764.6915893554688
2017-11-07,749.1598510742188
2017-11-08,737.7301025390625
2017-11-09,757.6400756835938
2017-11-10,761.7880859375
2017-11-13,765.060302734375
2017-11-14,756.3496704101562
2017-11-15,745.3807373046875
2017-11-16,753.077392578125
2017-11-17,754.5521240234375
2017-11-20,797.5062255859375
2017-11-21,837.6027221679688
2017-11-22,842.8567504882812
2017-11-23,790.8694458007812
2017-11-24,852.1204223632812
2017-11-27,842.8567504882812
2017-11-28,849.8160400390625
2017-11-29,859.6327514648438
2017-11-30,867.5138549804688
2017-12-01,851.1986694335938
2017-12-04,865.762451171875
2017-12-05,870.8782348632812
2017-12-06,865.5780639648438
2017-12-07,877.1923828125
2017-12-08,901.019775390625
2017-12-11,980.1989135742188
2017-12-12,968.99951171875
2017-12-13,932.1292114257812
2017-12-14,942.7294311523438
2017-12-15,957.2008666992188
2017-12-18,955.0809326171875
2017-12-19,969.0916137695312
2017-12-20,990.8451538085938
2017-12-21,995.6383056640625
2017-12-22,989.9235229492188
2017-12-26,1004.0725708007812
2017-12-27,1001.4453735351562
2017-12-28,1043.615966796875
2017-12-29,1063.8487548828125
2018-01-01,1064.3095703125
2018-01-02,1086.339599609375
2018-01-03,1068.6416015625
2018-01-04,1043.7540283203125
2018-01-05,1042.41748046875
2018-01-08,1035.089599609375
2018-01-09,1000.3392944335938
2018-01-10,978.2171630859375
2018-01-11,972.4099731445312
2018-01-12,986.2362670898438
2018-01-15,1002.27490234375
2018-01-16,965.8194580078125
2018-01-17,971.2578735351562
2018-01-18,958.9984741210938
2018-01-19,969.6907958984375
2018-01-22,991.1217651367188
2018-01-23,974.668212890625
2018-01-24,1017.115234375
2018-01-25,1025.7799072265625
2018-01-29,984.5773315429688
2018-01-30,961.3027954101562
2018-01-31,907.24169921875
2018-02-01,939.5032348632812
2018-02-02,921.8975830078125
2018-02-05,900.5127563476562
2018-02-06,864.4720458984375
2018-02-07,880.9254150390625
2018-02-08,888.1611938476562
2018-02-09,861.9371337890625
2018-02-12,875.8557739257812
2018-02-14,882.261962890625
2018-02-15,893.96826171875
2018-02-16,888.3455810546875
2018-02-19,910.1912231445312
2018-02-20,907.9329223632812
2018-02-21,902.6788940429688
2018-02-22,885.7186279296875
2018-02-23,911.896484375
2018-02-26,922.404541015625
2018-02-27,922.1280517578125
2018-02-28,953.4217529296875
2018-03-01,930.884765625
2018-03-05,913.8321533203125
2018-03-06,897.4710083007812
2018-03-07,880.740966796875
2018-03-08,890.1430053710938
2018-03-09,911.343505859375
2018-03-12,946.4624633789062
2018-03-13,945.9556274414062
2018-03-14,936.553466796875
2018-03-15,937.6597290039062
2018-03-16,950.2877197265625
2018-03-19,964.1602172851562
2018-03-20,964.02197265625
2018-03-21,949.27392578125
2018-03-22,949.9651489257812
2018-03-23,968.9074096679688
2018-03-26,973.3316650390625
2018-03-27,967.6630249023438
2018-03-28,947.5686645507812
2018-04-02,939.6876220703125
2018-04-03,927.6585693359375
2018-04-04,935.585693359375
2018-04-05,974.8065795898438
2018-04-06,983.83984375
2018-04-09,977.387451171875
2018-04-10,954.4356689453125
2018-04-11,963.6531982421875
2018-04-12,954.3435668945312
2018-04-13,959.920166015625
2018-04-16,964.2064208984375
2018-04-17,973.1936645507812
2018-04-18,975.0369873046875
2018-04-19,981.1666259765625
2018-04-20,971.4421997070312
2018-04-23,980.2450561523438
2018-04-24,981.8579711914062
2018-04-25,1028.1302490234375
2018-04-26,1070.76171875
2018-04-27,1071.7293701171875
2018-04-30,1071.3148193359375
2018-05-02,1050.529052734375
2018-05-03,1075.4627685546875
2018-05-04,1076.10791015625
2018-05-07,1095.8797607421875
2018-05-08,1136.7135009765625
2018-05-09,1128.0028076171875
2018-05-10,1123.4404296875
2018-05-11,1096.847412109375
2018-05-14,1073.5269775390625
2018-05-15,1099.474365234375
2018-05-16,1098.9215087890625
2018-05-17,1081.2698974609375
2018-05-18,1068.3651123046875
2018-05-21,1019.9729614257812
2018-05-22,1029.6512451171875
2018-05-23,1032.0479736328125
2018-05-24,986.8817138671875
2018-05-25,1040.5740966796875
2018-05-28,1065.96875
2018-05-29,1063.5718994140625
2018-05-30,1086.155029296875
2018-05-31,1081.6383056640625
2018-06-01,1081.2237548828125
2018-06-04,1068.6878662109375
2018-06-05,1057.488525390625
2018-06-06,1007.2523803710938
2018-06-07,1043.9385986328125
2018-06-08,1065.1392822265625
2018-06-11,1104.544189453125
2018-06-12,1171.2796630859375
2018-06-13,1157.0384521484375
2018-06-14,1136.7135009765625
2018-06-15,1118.6473388671875
2018-06-18,1101.318115234375
2018-06-19,1058.732666015625
2018-06-20,1016.2396240234375
2018-06-21,1015.5944213867188
2018-06-22,1008.7273559570312
2018-06-25,996.928955078125
2018-06-26,982.4111328125
2018-06-27,997.48193359375
2018-06-28,995.9609375
2018-06-29,1051.819580078125
2018-07-02,1013.9352416992188
2018-07-03,991.7208251953125
2018-07-04,996.8826293945312
2018-07-05,1019.5579223632812
2018-07-06,1016.6084594726562
2018-07-09,1008.5890502929688
2018-07-10,1009.5108032226562
2018-07-11,1001.0768432617188
2018-07-12,986.8355712890625
2018-07-13,986.5592041015625
2018-07-16,959.59765625
2018-07-17,985.591064453125
2018-07-18,989.3703002929688
2018-07-19,996.974853515625
2018-07-20,993.7948608398438
2018-07-23,1010.98583984375
2018-07-24,1011.2161254882812
2018-07-25,1014.2578735351562
2018-07-26,1039.836669921875
2018-07-27,986.78955078125
2018-07-30,944.480712890625
2018-07-31,896.272705078125
2018-08-01,935.6778564453125
2018-08-02,925.5384521484375
2018-08-03,905.7206420898438
2018-08-06,906.0894165039062
2018-08-07,898.3466186523438
2018-08-08,940.7476196289062
2018-08-09,946.4163818359375
2018-08-10,946.8311157226562
2018-08-13,948.4903564453125
2018-08-14,940.8397827148438
2018-08-16,935.77001953125
2018-08-17,955.5879516601562
2018-08-20,980.5676879882812
2018-08-21,1002.5975952148438
2018-08-23,999.509765625
2018-08-24,990.8912353515625
2018-08-27,1003.4733276367188
2018-08-28,984.7615356445312
2018-08-29,967.9855346679688
2018-08-30,931.1613159179688
2018-08-31,900.60498046875
2018-09-03,898.0241088867188
2018-09-04,865.8545532226562
2018-09-05,854.3787231445312
2018-09-06,844.2394409179688
2018-09-07,874.7034912109375
2018-09-10,859.40234375
2018-09-11,853.6412963867188
2018-09-12,847.834228515625
2018-09-14,848.7100219726562
2018-09-17,841.47412109375
2018-09-18,819.582275390625
2018-09-19,816.7709350585938
2018-09-21,820.4579467773438
2018-09-24,822.5780639648438
2018-09-25,830.4129638671875
2018-09-26,828.9842529296875
2018-09-27,820.5501098632812
2018-09-28,819.0753784179688
2018-10-01,819.9509887695312
2018-10-03,801.1932373046875
2018-10-04,750.1277465820312
2018-10-05,733.9970092773438
2018-10-08,688.09326171875
2018-10-09,665.3258056640625
2018-10-10,720.4010620117188
2018-10-11,695.513427734375
2018-10-12,727.1298217773438
2018-10-15,717.1748046875
2018-10-16,698.3248901367188
2018-10-17,689.7986450195312
2018-10-19,677.447021484375
2018-10-22,676.43310546875
2018-10-23,671.271240234375
2018-10-24,672.6539306640625
2018-10-25,661.5927124023438
2018-10-26,632.3269653320312
2018-10-29,635.3688354492188
2018-10-30,649.287353515625
2018-10-31,668.4598388671875
2018-11-01,698.831787109375
2018-11-02,692.9786376953125
2018-11-05,698.924072265625
2018-11-06,689.9369506835938
2018-11-07,715.8383178710938
2018-11-09,722.1524047851562
2018-11-12,729.15771484375
2018-11-13,715.14697265625
2018-11-14,708.1876831054688
2018-11-15,705.5607299804688
2018-11-16,707.1277465820312
2018-11-19,703.8553466796875
2018-11-20,702.011962890625
2018-11-21,692.4716186523438
2018-11-22,687.6324462890625
2018-11-26,681.272216796875
2018-11-27,675.419189453125
2018-11-28,670.8103637695312
2018-11-29,669.7964477539062
2018-11-30,669.1513061523438
2018-12-03,665.694580078125
2018-12-04,642.9732666015625
2018-12-05,626.151123046875
2018-12-06,596.9313354492188
2018-12-07,572.6429443359375
2018-12-10,557.6182861328125
2018-12-11,620.8970336914062
2018-12-12,634.216552734375
2018-12-13,632.1885986328125
2018-12-14,637.903564453125
2018-12-17,634.3087158203125
2018-12-18,630.4833984375
2018-12-19,618.7770385742188
2018-12-20,626.4276733398438
2018-12-21,598.6827392578125
2018-12-24,582.2293701171875
2018-12-26,594.0277099609375
2018-12-27,587.8980712890625
2018-12-28,585.3632202148438
2018-12-31,608.6377563476562
2019-01-01,645.6463623046875
2019-01-02,654.5874633789062
2019-01-03,663.4363403320312
2019-01-04,669.3356323242188
2019-01-07,675.9261474609375
2019-01-08,674.3130493164062
2019-01-09,660.8093872070312
2019-01-10,673.6217041015625
2019-01-11,666.70849609375
2019-01-14,663.9432373046875
2019-01-15,641.5445556640625
2019-01-16,629.930419921875
2019-01-17,629.699951171875
2019-01-18,624.5841064453125
2019-01-21,600.3418579101562
2019-01-22,602.2776489257812
2019-01-23,594.6730346679688
2019-01-24,595.5948486328125
2019-01-25,592.0459594726562
2019-01-28,591.723388671875
2019-01-29,589.6956176757812
2019-01-30,593.9356689453125
2019-01-31,578.6344604492188
2019-02-01,581.630126953125
2019-02-04,581.5379638671875
2019-02-05,581.0771484375
2019-02-06,584.2571411132812
2019-02-07,593.4747314453125
2019-02-08,596.839111328125
2019-02-11,587.1146850585938
2019-02-12,611.8638305664062
2019-02-14,598.9131469726562
2019-02-15,594.8114013671875
2019-02-18,582.321533203125
2019-02-19,590.1104125976562
2019-02-20,610.3890991210938
2019-02-21,627.1188354492188
2019-02-22,630.1146850585938
2019-02-25,633.0643310546875
2019-02-26,640.6227416992188
2019-02-27,650.0707397460938
2019-02-28,659.9796752929688
2019-03-01,662.3762817382812
2019-03-05,680.0280151367188
2019-03-06,700.4450073242188
2019-03-07,703.7171630859375
2019-03-08,706.528564453125
2019-03-11,719.5715942382812
2019-03-12,728.4203491210938
2019-03-13,721.6914672851562
2019-03-14,719.4332275390625
2019-03-15,733.0291137695312
2019-03-18,741.73974609375
2019-03-19,742.753662109375
2019-03-20,722.4749145507812
2019-03-22,734.918701171875
2019-03-25,735.9788208007812
2019-03-26,723.6271362304688
2019-03-27,696.9884033203125
2019-03-28,688.1394653320312
2019-04-01,687.2637939453125
2019-04-02,681.18017578125
2019-04-03,661.039794921875
2019-04-04,656.7074584960938
2019-04-05,654.6795654296875
2019-04-08,666.3399047851562
2019-04-09,664.4502563476562
2019-04-10,657.2144165039062
2019-04-11,652.282958984375
2019-04-12,650.2551879882812
2019-04-15,665.5563354492188
2019-04-16,664.6806640625
2019-04-18,657.90576171875
2019-04-22,639.8853759765625
2019-04-23,629.3772583007812
2019-04-24,636.8896484375
2019-04-25,648.964599609375
2019-04-26,657.44482421875
2019-04-30,644.217529296875
2019-05-02,644.6322631835938
2019-05-03,623.8005981445312
2019-05-06,626.56591796875
2019-05-07,609.5133666992188
2019-05-08,603.4298095703125
2019-05-09,608.683837890625
2019-05-10,605.4114990234375
2019-05-13,600.8488159179688
2019-05-14,606.8402709960938
2019-05-15,597.1156616210938
2019-05-16,603.6141357421875
2019-05-17,618.73095703125
2019-05-20,661.6387939453125
2019-05-21,636.0139770507812
2019-05-22,617.6709594726562
2019-05-23,605.9185180664062
2019-05-24,606.0106811523438
2019-05-27,615.6431274414062
2019-05-28,621.9571533203125
2019-05-29,612.5089721679688
2019-05-30,611.6334228515625
2019-05-31,599.2818603515625
2019-06-03,601.40185546875
2019-06-04,598.9131469726562
2019-06-06,575.27001953125
2019-06-07,538.8143920898438
2019-06-10,533.9752807617188
2019-06-11,559.2313842773438
2019-06-12,566.97412109375
2019-06-13,573.2882690429688
2019-06-14,565.8219604492188
2019-06-17,545.1284790039062
2019-06-18,541.30322265625
2019-06-19,529.0438232421875
2019-06-20,552.2720947265625
2019-06-21,556.74267578125
2019-06-24,543.653564453125
2019-06-25,516.6000366210938
2019-06-26,520.0105590820312
2019-06-27,524.7114868164062
2019-06-28,533.2378540039062
2019-07-01,510.977294921875
2019-07-02,476.549560546875
2019-07-03,478.0705261230469
2019-07-04,415.5290832519531
2019-07-05,409.86029052734375
2019-07-08,391.7937927246094
2019-07-09,394.8817138671875
2019-07-10,395.158203125
2019-07-11,405.5740661621094
2019-07-12,443.3662414550781
2019-07-15,464.4284362792969
2019-07-16,443.8731689453125
2019-07-17,435.2547607421875
2019-07-18,439.2644348144531
2019-07-19,424.2857971191406
2019-07-22,411.79595947265625
2019-07-23,420.6909484863281
2019-07-24,417.2804870605469
2019-07-25,410.9202575683594
2019-07-26,414.0542907714844
2019-07-29,396.3104248046875
2019-07-30,369.210693359375
2019-07-31,404.421875
2019-08-01,419.077880859375
2019-08-02,396.35650634765625
2019-08-05,385.8023376464844
2019-08-06,406.0350036621094
2019-08-07,425.7145690917969
2019-08-08,425.06927490234375
2019-08-09,428.7563171386719
2019-08-13,422.6727600097656
2019-08-14,420.6448669433594
2019-08-16,415.2525939941406
2019-08-19,424.1475524902344
2019-08-20,423.2719421386719
2019-08-21,413.54730224609375
2019-08-22,414.69952392578125
2019-08-23,415.4830017089844
2019-08-26,411.0124816894531
2019-08-27,431.7981872558594
2019-08-28,427.6963195800781
2019-08-29,426.4980773925781
2019-08-30,437.88177490234375
2019-09-03,432.8121032714844
2019-09-04,432.8121032714844
2019-09-05,422.6727600097656
2019-09-06,416.63525390625
2019-09-09,419.4465637207031
2019-09-11,424.23974609375
2019-09-12,426.9589538574219
2019-09-13,423.6406555175781
2019-09-16,426.9589538574219
2019-09-17,427.0511169433594
2019-09-18,422.44232177734375
2019-09-19,412.072509765625
2019-09-20,446.1315002441406
2019-09-23,430.1390075683594
2019-09-24,413.54730224609375
2019-09-25,417.83349609375
2019-09-26,420.091796875
2019-09-27,427.8346252441406
2019-09-30,432.8121032714844
2019-10-01,419.4465637207031
2019-10-03,428.61810302734375
2019-10-04,432.904296875
2019-10-07,429.9546203613281
2019-10-09,433.27294921875
2019-10-10,435.7616882324219
2019-10-11,432.2129211425781
2019-10-14,433.4112243652344
2019-10-15,433.27294921875
2019-10-16,429.1250305175781
2019-10-17,426.2215270996094
2019-10-18,434.517333984375
2019-10-22,435.7616882324219
2019-10-23,429.7242431640625
2019-10-24,426.6824035644531
2019-10-25,434.3330078125
2019-10-27,433.8260498046875
2019-10-29,431.9825439453125
2019-10-30,436.9599609375
2019-10-31,478.2087097167969
2019-11-01,459.6813659667969
2019-11-04,456.5013427734375
2019-11-05,470.6042785644531
2019-11-06,470.23553466796875
2019-11-07,476.3191223144531
2019-11-08,485.7210998535156
2019-11-11,488.4402770996094
2019-11-13,502.2205505371094
2019-11-14,523.14453125
2019-11-15,507.6589660644531
2019-11-18,511.8068542480469
2019-11-19,500.9762268066406
2019-11-20,486.7811279296875
2019-11-21,479.7757568359375
2019-11-22,488.34814453125
2019-11-25,490.1916198730469
2019-11-26,493.27960205078125
2019-11-27,485.9515380859375
2019-11-28,484.43060302734375
2019-11-29,479.31488037109375
2019-12-02,479.2226867675781
2019-12-03,479.637451171875
2019-12-04,464.6127624511719
2019-12-05,449.1733093261719
2019-12-06,439.863525390625
2019-12-09,415.2525939941406
2019-12-10,420.737060546875
2019-12-11,423.6866760253906
2019-12-12,441.0157775878906
2019-12-13,439.81744384765625
2019-12-16,442.3984069824219
2019-12-17,454.47344970703125
2019-12-18,467.1476135253906
2019-12-19,468.48419189453125
2019-12-20,471.3876953125
2019-12-23,475.5816955566406
2019-12-24,461.11016845703125
2019-12-26,442.90533447265625
2019-12-27,432.9503479003906
2019-12-30,443.5966796875
2019-12-31,446.7306213378906
2020-01-01,445.0715026855469
2020-01-02,463.82928466796875
2020-01-03,484.1080017089844
2020-01-06,475.25909423828125
2020-01-07,471.6181640625
2020-01-08,485.8132629394531
2020-01-09,494.9847412109375
2020-01-10,503.1883850097656
2020-01-13,523.14453125
2020-01-14,518.443603515625
2020-01-15,513.6043090820312
2020-01-16,521.8079833984375
2020-01-17,520.7479858398438
2020-01-20,522.0845336914062
2020-01-21,529.5046997070312
2020-01-22,527.8915405273438
2020-01-23,536.3717651367188
2020-01-24,571.4447021484375
2020-01-27,558.954833984375
2020-01-28,550.1060180664062
2020-01-29,571.5368041992188
2020-01-30,571.8134155273438
2020-01-31,576.5604248046875
2020-02-03,576.0074462890625
2020-02-04,575.177734375
2020-02-05,563.4254150390625
2020-02-06,568.5411376953125
2020-02-07,564.1627807617188
2020-02-10,553.7008666992188
2020-02-11,532.7769165039062
2020-02-12,534.7125854492188
2020-02-13,543.9301147460938
2020-02-14,544.5293579101562
2020-02-17,542.9623413085938
2020-02-18,534.4821166992188
2020-02-19,510.608642578125
2020-02-20,501.5753173828125
2020-02-24,494.1091003417969
2020-02-25,493.187255859375
2020-02-26,494.1091003417969
2020-02-27,496.69000244140625
2020-02-28,473.9686584472656
2020-03-02,463.5988464355469
2020-03-03,473.9686584472656
2020-03-04,464.3363037109375
2020-03-05,461.24835205078125
2020-03-06,462.0318908691406
2020-03-09,458.06829833984375
2020-03-11,437.5591735839844
2020-03-12,408.1549987792969
2020-03-13,410.6899108886719
2020-03-16,382.7605895996094
2020-03-17,351.1442565917969
2020-03-18,280.9522399902344
2020-03-19,252.8846893310547
2020-03-20,227.6284637451172
2020-03-23,204.90708923339844
2020-03-24,194.67556762695312
2020-03-25,204.07749938964844
2020-03-26,209.1471710205078
2020-03-27,198.86956787109375
2020-03-30,191.0346221923828
2020-03-31,196.47300720214844
2020-04-01,195.91993713378906
2020-04-03,202.0035400390625
2020-04-07,197.80955505371094
2020-04-08,192.1868438720703
2020-04-09,192.55552673339844
2020-04-13,197.164306640625
2020-04-15,188.91458129882812
2020-04-16,187.67022705078125
2020-04-17,194.26077270507812
2020-04-20,203.9392547607422
2020-04-21,193.7538299560547
2020-04-22,191.4033203125
2020-04-23,192.647705078125
2020-04-24,188.3154296875
2020-04-27,186.79452514648438
2020-04-28,185.68841552734375
2020-04-29,186.7023468017578
2020-04-30,190.94244384765625
2020-05-04,187.76235961914062
2020-05-05,183.153564453125
2020-05-06,177.66909790039062
2020-05-07,170.57156372070312
2020-05-08,168.22109985351562
2020-05-11,162.87484741210938
2020-05-12,157.48260498046875
2020-05-13,165.2714385986328
2020-05-14,160.47833251953125
2020-05-15,159.41827392578125
2020-05-18,156.0077667236328
2020-05-19,153.19642639160156
2020-05-20,160.8470001220703
2020-05-21,168.86630249023438
2020-05-22,177.11605834960938
2020-05-26,185.96495056152344
2020-05-27,185.96495056152344
2020-05-28,193.66163635253906
2020-05-29,203.34011840820312
2020-06-01,213.47947692871094
2020-06-02,224.12579345703125
2020-06-03,235.3251495361328
2020-06-04,247.0775909423828
2020-06-05,259.4291687011719
2020-06-08,258.13873291015625
2020-06-09,246.34019470214844
2020-06-10,246.7550048828125
2020-06-11,245.46449279785156
2020-06-12,249.6124267578125
2020-06-15,240.67138671875
2020-06-16,252.70030212402344
2020-06-17,265.3284606933594
2020-06-18,278.5556640625
2020-06-19,292.4742431640625
2020-06-22,307.0840759277344
2020-06-23,322.431396484375
2020-06-24,320.403564453125
2020-06-25,331.326416015625
2020-06-26,347.8719787597656
2020-06-29,354.8773193359375
2020-06-30,337.1334533691406
2020-07-01,322.5235595703125
2020-07-02,333.4464416503906
2020-07-03,319.3896179199219
2020-07-06,315.5181884765625
2020-07-07,322.93841552734375
2020-07-08,312.4303894042969
2020-07-09,315.84088134765625
2020-07-10,314.2277526855469
2020-07-13,306.991943359375
2020-07-14,293.4881591796875
2020-07-15,302.9361572265625
2020-07-16,304.91796875
2020-07-17,303.2127380371094
2020-07-20,318.32958984375
2020-07-21,316.34783935546875
2020-07-22,306.3928527832031
2020-07-23,310.1259460449219
2020-07-24,313.95123291015625
2020-07-27,313.5825500488281
2020-07-28,320.2652893066406
2020-07-29,317.22344970703125
2020-07-30,322.2009582519531
2020-07-31,338.2856750488281
2020-08-03,334.0456237792969
2020-08-04,325.4270935058594
2020-08-05,324.09051513671875
2020-08-06,336.30389404296875
2020-08-07,340.6822814941406
2020-08-10,337.73260498046875
2020-08-11,340.31353759765625
2020-08-12,339.530029296875
2020-08-13,339.1152648925781
2020-08-14,338.88482666015625
2020-08-17,346.4432373046875
2020-08-18,345.8441467285156
2020-08-19,345.56756591796875
2020-08-20,338.2856750488281
2020-08-21,342.249267578125
2020-08-24,340.9587707519531
2020-08-25,341.6961975097656
2020-08-26,348.33282470703125
2020-08-27,357.55047607421875
2020-08-28,357.55047607421875
2020-08-31,336.02734375
2020-09-01,339.6222839355469
2020-09-02,349.3467712402344
2020-09-03,353.6790466308594
2020-09-04,352.20428466796875
2020-09-07,350.63726806640625
2020-09-08,348.47113037109375
2020-09-09,352.9877624511719
2020-09-10,351.1903076171875
2020-09-11,344.3232116699219
2020-09-14,378.7508850097656
2020-09-15,404.007080078125
2020-09-16,408.33941650390625
2020-09-17,399.260009765625
2020-09-18,393.1763916015625
2020-09-21,376.4004821777344
2020-09-22,358.14959716796875
2020-09-23,365.2010803222656
2020-09-24,342.7101135253906
2020-09-25,350.2225036621094
2020-09-28,356.9973449707031
2020-09-29,371.83770751953125
2020-09-30,380.31793212890625
2020-10-01,378.24395751953125
2020-10-05,370.5011901855469
2020-10-06,382.576171875
2020-10-07,381.9310302734375
2020-10-08,381.9770202636719
2020-10-09,376.5386962890625
2020-10-12,377.1378479003906
2020-10-13,376.861328125
2020-10-14,377.69085693359375
2020-10-15,377.82916259765625
2020-10-16,386.5858459472656
2020-10-19,380.9170227050781
2020-10-20,378.6126708984375
2020-10-21,382.576171875
2020-10-22,381.9310302734375
2020-10-23,390.9642028808594
2020-10-26,378.10565185546875
2020-10-27,379.67266845703125
2020-10-28,375.75518798828125
2020-10-29,372.25250244140625
2020-10-30,377.27606201171875
2020-11-02,372.8516540527344
2020-11-03,371.5151062011719
2020-11-04,374.9256286621094
2020-11-05,381.3779296875
2020-11-06,376.815185546875
2020-11-09,375.9395446777344
2020-11-10,373.3125
2020-11-11,368.7958984375
2020-11-12,376.9535217285156
2020-11-13,373.128173828125
2020-11-14,375.84735107421875
2020-11-17,375.2021484375
2020-11-18,375.156005859375
2020-11-19,375.2942810058594
2020-11-20,428.34161376953125
2020-11-23,436.63739013671875
2020-11-24,424.3779296875
2020-11-25,433.9643249511719
2020-11-26,438.619140625
2020-11-27,461.6170654296875
2020-12-01,478.2087097167969
2020-12-02,471.8025817871094
2020-12-03,467.23980712890625
2020-12-04,458.8978576660156
2020-12-07,461.709228515625
2020-12-08,456.36309814453125
2020-12-09,455.4413146972656
2020-12-10,443.5044860839844
2020-12-11,456.2248229980469
2020-12-14,451.56988525390625
2020-12-15,444.7488708496094
2020-12-16,448.8045959472656
2020-12-17,448.8045959472656
2020-12-18,440.0018005371094
2020-12-21,421.7509765625
2020-12-22,413.59344482421875
2020-12-23,431.7059631347656
2020-12-24,430.41552734375
2020-12-28,458.2526550292969
2020-12-29,493.7865295410156
2020-12-30,500.05450439453125
2020-12-31,504.01806640625
2021-01-01,495.7221374511719
2021-01-04,490.5142822265625
2021-01-05,482.7714538574219
2021-01-06,484.4766845703125
2021-01-07,490.8368225097656
2021-01-08,485.35235595703125
2021-01-11,484.3384704589844
2021-01-12,494.1551818847656
2021-01-13,522.5914916992188
2021-01-14,574.762939453125
2021-01-15,558.6782836914062
2021-01-18,543.4692993164062
2021-01-19,528.905517578125
2021-01-20,519.3652954101562
2021-01-21,520.1487426757812
2021-01-22,510.1016845703125
2021-01-25,495.5378112792969
2021-01-27,504.80157470703125
2021-01-28,510.5163879394531
2021-01-29,534.7125854492188
2021-02-01,556.3739013671875
2021-02-02,557.157470703125
2021-02-03,554.6226806640625
2021-02-04,585.4093627929688
2021-02-05,635.23046875
2021-02-08,651.130859375
2021-02-09,644.4019165039062
2021-02-10,651.6377563476562
2021-02-11,651.96044921875
2021-02-12,625.0911254882812
2021-02-15,632.0042724609375
2021-02-16,663.8971557617188
2021-02-17,660.3945922851562
2021-02-18,649.3795166015625
2021-02-19,645.738525390625
2021-02-22,663.4363403320312
2021-02-23,666.2476806640625
2021-02-24,680.6270751953125
2021-02-25,720.9080200195312
2021-02-26,692.056884765625
2021-03-01,692.3333740234375
2021-03-02,680.765380859375
2021-03-03,678.1383666992188
2021-03-04,667.8145751953125
2021-03-05,654.3569946289062
2021-03-08,670.3494262695312
2021-03-09,661.777099609375
2021-03-10,670.7642211914062
2021-03-12,658.2744750976562
2021-03-15,646.6602783203125
2021-03-16,640.3001098632812
2021-03-17,628.3172607421875
2021-03-18,629.1468505859375
2021-03-19,663.4822998046875
2021-03-22,641.8209838867188
2021-03-23,629.469482421875
2021-03-24,640.4844360351562
2021-03-25,632.4652099609375
2021-03-26,633.9398803710938
2021-03-30,640.2540283203125
2021-03-31,644.1254272460938
2021-04-01,635.7835693359375
2021-04-05,602.646240234375
2021-04-06,590.0181884765625
2021-04-07,605.964599609375
2021-04-08,608.130615234375
2021-04-09,597.9913330078125
2021-04-12,558.7244873046875
2021-04-13,546.4650268554688
2021-04-15,542.1327514648438
2021-04-16,534.4821166992188
2021-04-19,510.37823486328125
2021-04-20,499.31707763671875
2021-04-22,500.9762268066406
2021-04-23,520.517578125
2021-04-26,551.4885864257812
2021-04-27,562.1809692382812
2021-04-28,572.504638671875
2021-04-29,571.8134155273438
2021-04-30,579.1412963867188
2021-05-03,570.6611328125
2021-05-04,571.5368041992188
2021-05-05,572.9656372070312
2021-05-06,584.118896484375
2021-05-07,588.1284790039062
2021-05-10,599.8810424804688
2021-05-11,596.2003784179688
2021-05-12,599.3218994140625
2021-05-14,592.4732666015625
2021-05-17,587.7212524414062
2021-05-18,591.7744750976562
2021-05-19,577.9375610351562
2021-05-20,594.3367919921875
2021-05-21,613.7645874023438
2021-05-24,602.0707397460938
2021-05-25,602.4899291992188
2021-05-26,614.0906372070312
2021-05-27,634.4035034179688
2021-05-28,638.8294067382812
2021-05-31,636.4999389648438
2021-06-01,642.0440673828125
2021-06-02,648.9392700195312
2021-06-03,667.2022094726562
2021-06-04,652.5732421875
2021-06-07,670.7429809570312
2021-06-08,708.107421875
2021-06-09,716.6798095703125
2021-06-10,797.884521484375
2021-06-11,778.130859375
2021-06-14,755.4419555664062
2021-06-15,754.8828125
2021-06-16,779.71484375
2021-06-17,781.2523193359375
2021-06-18,809.9511108398438
2021-06-21,790.2439575195312
2021-06-22,766.9027709960938
2021-06-23,755.208984375
2021-06-24,771.3287353515625
2021-06-25,769.8380126953125
2021-06-28,783.581787109375
2021-06-29,769.60498046875
2021-06-30,762.1506958007812
2021-07-01,764.0609741210938
2021-07-02,749.3388061523438
2021-07-05,753.4385986328125
2021-07-06,745.5650634765625
2021-07-07,753.1590576171875
2021-07-08,751.94775390625
2021-07-09,757.631591796875
2021-07-12,753.2523193359375
2021-07-13,750.2240600585938
2021-07-14,707.1756591796875
2021-07-15,692.6398315429688
2021-07-16,722.084228515625
2021-07-19,736.2005615234375
2021-07-20,714.2571411132812
2021-07-22,732.4268798828125
2021-07-23,744.7264404296875
2021-07-26,742.6299438476562
2021-07-27,748.8263549804688
2021-07-28,741.74462890625
2021-07-29,762.8961791992188
2021-07-30,810.0443115234375
2021-08-02,821.5984497070312
2021-08-03,820.5267944335938
2021-08-04,828.8197021484375
2021-08-05,796.3937377929688
2021-08-06,816.986083984375
2021-08-09,801.5650634765625
2021-08-10,791.40869140625
2021-08-11,765.9244995117188
2021-08-12,804.406982421875
2021-08-13,800.1209106445312
2021-08-16,789.778076171875
2021-08-17,770.676513671875
2021-08-18,768.4402465820312
2021-08-20,766.1573486328125
2021-08-23,759.1690673828125
2021-08-24,766.017578125
2021-08-25,775.6149291992188
2021-08-26,773.1923217773438
2021-08-27,782.0443115234375
2021-08-30,786.9827270507812
2021-08-31,789.0792236328125
2021-09-01,790.8496704101562
2021-09-02,784.699951171875
2021-09-03,784.9794311523438
2021-09-06,779.2489624023438
2021-09-07,774.5900268554688
2021-09-08,803.2890014648438
2021-09-09,810.463623046875
2021-09-13,787.9144897460938
2021-09-14,806.5967407226562
2021-09-15,845.6848754882812
2021-09-16,885.7515258789062
2021-09-17,905.8781127929688
2021-09-20,876.8530883789062
2021-09-21,895.3489990234375
2021-09-22,894.1842041015625
2021-09-23,869.3522338867188
2021-09-24,853.1858520507812
2021-09-27,870.5169677734375
2021-09-28,856.8663330078125
2021-09-29,844.659912109375
2021-09-30,853.6982421875
2021-10-01,861.2457275390625
2021-10-04,884.1210327148438
2021-10-05,863.621826171875
2021-10-06,852.0678100585938
2021-10-07,861.1525268554688
2021-10-08,866.37060546875
2021-10-11,859.4287109375
2021-10-12,844.2406616210938
2021-10-13,846.2907104492188
2021-10-14,863.4820556640625
2021-10-18,875.2689819335938
2021-10-19,848.340576171875
2021-10-20,816.194091796875
2021-10-21,835.3887329101562
2021-10-22,830.1242065429688
2021-10-25,877.7848510742188
2021-10-26,871.9146728515625
2021-10-27,852.393798828125
2021-10-28,820.4802856445312
2021-10-29,807.2490234375
2021-11-01,827.4686279296875
2021-11-02,848.7133178710938
2021-11-03,827.4686279296875
2021-11-04,820.759765625
2021-11-08,819.8280639648438
2021-11-09,817.7781372070312
2021-11-10,832.8263549804688
2021-11-11,875.548583984375
2021-11-12,875.2689819335938
2021-11-15,868.74658203125
2021-11-16,852.0678100585938
2021-11-17,879.1826171875
2021-11-18,848.014404296875
2021-11-22,856.5311279296875
2021-11-23,841.3695678710938
2021-11-24,824.991455078125
2021-11-25,831.1682739257812
2021-11-26,813.0120239257812
2021-11-29,842.3055419921875
2021-11-30,836.3626098632812
2021-12-01,806.3203125
2021-12-02,798.7395629882812
2021-12-03,807.16259765625
2021-12-06,804.1210327148438
2021-12-07,777.7755126953125
2021-12-08,786.3389282226562
2021-12-09,781.144775390625
2021-12-10,776.6524658203125
2021-12-13,761.11669921875
2021-12-14,800.2838134765625
2021-12-15,785.0286865234375
2021-12-16,783.9524536132812
2021-12-17,778.4306030273438
2021-12-20,735.6134643554688
2021-12-21,743.9429321289062
2021-12-22,744.364013671875
2021-12-23,753.67626953125
2021-12-24,749.0903930664062
2021-12-27,741.5095825195312
2021-12-28,751.8043823242188
2021-12-29,772.9088745117188
2021-12-30,797.5697021484375
2021-12-31,801.4536743164062
2022-01-03,803.9805908203125
2022-01-04,825.7401123046875
2022-01-05,811.7484741210938
2022-01-06,780.3491821289062
2022-01-07,767.0595092773438
2022-01-10,765.3748779296875
2022-01-11,741.7435913085938
2022-01-12,760.4146118164062
2022-01-13,753.9569702148438
2022-01-14,746.84423828125
2022-01-17,753.2550659179688
2022-01-18,760.2742309570312
2022-01-19,761.3973999023438
2022-01-20,754.5653686523438
2022-01-21,751.8980712890625
2022-01-24,716.755126953125
2022-01-25,692.5155639648438
2022-01-27,677.30712890625
2022-01-28,672.76806640625
2022-01-31,678.1026611328125
2022-02-01,673.9378662109375
2022-02-02,678.9918212890625
2022-02-03,694.9019775390625
2022-02-04,680.4891357421875
2022-02-07,684.1392822265625
2022-02-08,678.5238647460938
2022-02-09,683.34375
2022-02-10,617.3162841796875
2022-02-11,600.1893920898438
2022-02-14,545.439453125
2022-02-15,535.7531127929688
2022-02-16,541.929931640625
2022-02-17,561.20947265625
2022-02-18,606.6939697265625
2022-02-21,572.3465576171875
2022-02-22,580.7228393554688
2022-02-23,590.5964965820312
2022-02-24,564.9530639648438
2022-02-25,578.1959228515625
2022-02-28,593.1702270507812
2022-03-02,589.4266357421875
2022-03-03,568.2286376953125
2022-03-04,545.6267700195312
2022-03-07,519.2345581054688
2022-03-08,513.9935302734375
2022-03-09,499.48712158203125
2022-03-10,498.1768493652344
2022-03-11,500.8442687988281
2022-03-14,529.1550903320312
2022-03-15,538.5139770507812
2022-03-16,541.8831787109375
2022-03-17,528.40625
2022-03-21,531.1204223632812
2022-03-22,535.0511474609375
2022-03-23,528.9210205078125
2022-03-24,541.7427978515625
2022-03-25,548.8556518554688
2022-03-28,561.7709350585938
2022-03-29,576.5580444335938
2022-03-30,613.8067626953125
2022-03-31,616.8015747070312
2022-04-01,621.2002563476562
2022-04-04,653.5822143554688
2022-04-05,646.0482788085938
2022-04-06,638.795166015625
2022-04-07,652.973876953125
2022-04-08,658.1681518554688
2022-04-11,655.5008544921875
2022-04-12,643.7085571289062
2022-04-13,637.9528198242188
2022-04-18,616.7547607421875
2022-04-19,605.3836669921875
2022-04-20,593.4042358398438
2022-04-21,614.69580078125
2022-04-22,619.515625
2022-04-25,629.4829711914062
2022-04-26,642.0707397460938
2022-04-27,653.254638671875
2022-04-28,661.8648681640625
2022-04-29,663.5963134765625
2022-05-02,643.1470336914062
2022-05-04,640.01171875
2022-05-05,619.0009765625
2022-05-06,639.3566284179688
2022-05-09,635.9406127929688
2022-05-10,612.73046875
2022-05-11,587.2741088867188
2022-05-12,548.2940673828125
2022-05-13,571.2234497070312
2022-05-16,576.370849609375
2022-05-17,578.6170654296875
2022-05-18,592.5618896484375
2022-05-19,583.95166015625
2022-05-20,613.4791870117188
2022-05-23,600.7041015625
2022-05-24,622.1361694335938
2022-05-25,605.5241088867188
2022-05-26,612.028564453125
2022-05-27,625.1778564453125
2022-05-30,643.5213623046875
2022-05-31,658.9168701171875
2022-06-01,659.5720825195312
2022-06-02,648.7156982421875
2022-06-03,642.6790771484375
2022-06-06,648.9963989257812
2022-06-07,635.1451416015625
2022-06-08,634.3964233398438
2022-06-09,628.9830322265625
2022-06-10,617.5914916992188
2022-06-13,618.7683715820312
2022-06-14,589.8187866210938
2022-06-15,596.4088745117188
2022-06-16,578.1447143554688
2022-06-17,578.4271850585938
2022-06-20,589.15966796875
2022-06-21,599.7039184570312
2022-06-22,582.61669921875
2022-06-23,574.7555541992188
2022-06-24,573.9553833007812
2022-06-27,593.160888671875
2022-06-28,571.9782104492188
2022-06-29,565.7176513671875
2022-06-30,577.7211303710938
2022-07-01,564.3524780273438
2022-07-04,572.3078002929688
2022-07-05,564.7290649414062
2022-07-06,556.0677490234375
2022-07-07,554.6555786132812
2022-07-08,543.6876831054688
2022-07-11,541.8518676757812
2022-07-12,530.0836791992188
2022-07-13,546.08837890625
2022-07-14,534.7438354492188
2022-07-15,553.7141723632812
2022-07-18,565.1527709960938
2022-07-19,553.6199951171875
2022-07-20,550.0894775390625
2022-07-21,557.62109375
2022-07-22,549.712890625
2022-07-25,541.239990234375
2022-07-26,523.7289428710938
2022-07-27,522.646240234375
2022-07-28,535.4969482421875
2022-07-29,555.6441650390625
2022-08-01,557.1033325195312
2022-08-02,554.890869140625
2022-08-03,543.122802734375
2022-08-04,545.6646728515625
2022-08-05,535.1204833984375
2022-08-08,536.6268310546875
2022-08-10,536.0619506835938
2022-08-11,550.8427124023438
2022-08-12,552.1135864257812
2022-08-16,542.7462158203125
2022-08-17,545.0527954101562
2022-08-18,543.169921875
2022-08-19,543.2639770507812
2022-08-22,538.8392333984375
2022-08-23,536.5796508789062
2022-08-24,537.3799438476562
2022-08-25,539.5924072265625
2022-08-26,540.4396362304688
2022-08-29,538.8862915039062
2022-08-30,538.6038208007812
2022-09-01,538.462646484375
2022-09-02,535.7794189453125
2022-09-05,532.296142578125
2022-09-06,531.260498046875
2022-09-07,548.347900390625
2022-09-08,561.2928466796875
2022-09-09,592.925537109375
2022-09-12,594.0552368164062
2022-09-13,605.5409545898438
2022-09-14,590.1953735351562
2022-09-15,597.2562866210938
2022-09-16,573.719970703125
2022-09-19,563.4110107421875
2022-09-20,596.9266967773438
2022-09-21,588.45361328125
2022-09-22,611.7545166015625
2022-09-23,590.6189575195312
2022-09-26,577.109130859375
2022-09-27,588.8772583007812
2022-09-28,590.4307250976562
2022-09-29,590.52490234375
2022-09-30,607.470947265625
2022-10-03,593.3492431640625
2022-10-04,596.3148193359375
2022-10-06,590.3836669921875
2022-10-07,590.52490234375
2022-10-10,581.3927001953125
2022-10-11,571.1780395507812
2022-10-12,562.7050170898438
2022-10-13,551.5016479492188
2022-10-14,542.60498046875
2022-10-17,546.79443359375
2022-10-18,540.7221069335938
2022-10-19,540.5338134765625
2022-10-20,530.3190307617188
2022-10-21,527.3064575195312
2022-10-24,534.508544921875
2022-10-25,531.0252075195312
2022-10-27,527.071044921875
2022-10-28,517.421142578125
2022-10-31,520.433837890625
2022-11-01,515.4912109375
2022-11-02,517.6565551757812
2022-11-03,514.8320922851562
2022-11-04,513.04345703125
2022-11-07,514.973388671875
2022-11-09,514.973388671875
2022-11-10,464.0409240722656
2022-11-11,454.81475830078125
2022-11-14,446.5770568847656
2022-11-15,452.0374755859375
2022-11-16,451.6608581542969
2022-11-17,441.7516174316406
2022-11-18,432.7519226074219
2022-11-21,410.3005065917969
2022-11-22,417.2896728515625
2022-11-23,409.9654541015625
2022-11-24,405.5613098144531
2022-11-25,404.84326171875
2022-11-28,409.6781921386719
2022-11-29,418.821533203125
2022-11-30,418.96514892578125
2022-12-01,422.69903564453125
2022-12-02,420.5927429199219
2022-12-05,420.1618957519531
2022-12-06,430.0232849121094
2022-12-07,435.43267822265625
2022-12-08,434.9539489746094
2022-12-09,428.9701232910156
2022-12-12,420.066162109375
2022-12-13,428.539306640625
2022-12-14,430.7892150878906
2022-12-15,431.74664306640625
2022-12-16,419.8746643066406
2022-12-19,418.1034851074219
2022-12-20,422.1246032714844
2022-12-21,416.1407470703125
2022-12-22,400.43914794921875
2022-12-23,384.3066711425781
2022-12-26,393.6893615722656
2022-12-27,395.4127197265625
2022-12-28,393.1148986816406
2022-12-29,393.49786376953125
2022-12-30,394.3116760253906
2023-01-02,394.74249267578125
2023-01-03,391.6788024902344
2023-01-04,385.6470642089844
2023-01-05,384.64178466796875
2023-01-06,385.5034484863281
2023-01-09,385.8385314941406
2023-01-10,385.4076843261719
2023-01-11,377.8441162109375
2023-01-12,380.7642517089844
2023-01-13,379.6153564453125
2023-01-16,379.0408935546875
2023-01-17,380.52490234375
2023-01-18,370.4241638183594
2023-01-19,362.0467529296875
2023-01-20,362.908447265625
2023-01-23,359.98834228515625
2023-01-24,367.0253601074219
2023-01-25,364.9668884277344
2023-01-27,340.84002685546875
2023-01-30,341.8931884765625
2023-01-31,341.84527587890625
2023-02-01,348.6429443359375
2023-02-02,353.5257873535156
2023-02-03,350.9886169433594
2023-02-06,364.2009582519531
2023-02-07,366.8817443847656
2023-02-08,372.9612731933594
2023-02-09,372.8656005859375
2023-02-10,378.2270812988281
2023-02-13,365.6849365234375
2023-02-14,359.79681396484375
2023-02-15,355.0576477050781
2023-02-16,357.9777526855469
2023-02-17,361.4722900390625
2023-02-20,357.451171875
2023-02-21,365.54132080078125
2023-02-22,362.09466552734375
2023-02-23,361.8074035644531
2023-02-24,352.8077087402344
2023-02-27,349.1695556640625
2023-02-28,338.44647216796875
2023-03-01,332.89349365234375
2023-03-02,348.4035949707031
2023-03-03,348.8822937011719
2023-03-06,353.3821716308594
2023-03-08,352.2332763671875
2023-03-09,349.9354553222656
2023-03-10,346.6323547363281
2023-03-13,344.04736328125
2023-03-14,342.99420166015625
2023-03-15,335.71783447265625
2023-03-16,331.69671630859375
2023-03-17,332.7498474121094
2023-03-20,331.8403015136719
2023-03-21,334.76043701171875
2023-03-22,336.1487121582031
2023-03-23,338.7815856933594
2023-03-24,330.78717041015625
2023-03-27,329.92547607421875
2023-03-28,328.7287292480469
2023-03-29,342.276123046875
2023-03-31,353.9087219238281
2023-04-03,357.7384033203125
2023-04-05,362.2861022949219
2023-04-06,362.3340148925781
2023-04-10,358.9351806640625
2023-04-11,345.8664855957031
2023-04-12,352.08966064453125
2023-04-13,353.62152099609375
2023-04-17,349.1695556640625
2023-04-18,355.0097351074219
2023-04-19,353.09490966796875
2023-04-20,356.7809753417969
2023-04-21,352.8077087402344
2023-04-24,353.86090087890625
2023-04-25,353.238525390625
2023-04-26,352.1853942871094
2023-04-27,346.1536560058594
2023-04-28,347.49407958984375
2023-05-02,349.2652587890625
2023-05-03,344.9090270996094
2023-05-04,349.98333740234375
2023-05-05,347.7333984375
2023-05-08,350.1269836425781
2023-05-09,348.69085693359375
2023-05-10,352.9034423828125
2023-05-11,372.48260498046875
2023-05-12,359.6053771972656
2023-05-15,362.09466552734375
2023-05-16,370.95074462890625
2023-05-17,379.8547058105469
2023-05-18,374.54107666015625
2023-05-19,366.9295959472656
2023-05-22,362.4297180175781
2023-05-23,361.32867431640625
2023-05-24,367.216796875
2023-05-25,365.4455871582031
2023-05-26,377.55694580078125
2023-05-29,394.8861389160156
2023-05-30,393.8329772949219
2023-05-31,388.471435546875
2023-06-01,395.5563049316406
2023-06-02,397.4233093261719
2023-06-05,410.82708740234375
2023-06-06,400.3434143066406
2023-06-07,410.53985595703125
2023-06-08,411.0185852050781
2023-06-09,410.9707336425781
2023-06-12,413.6514587402344
2023-06-13,413.6036376953125
2023-06-14,413.6036376953125
2023-06-15,406.9017028808594
2023-06-16,409.055908203125
2023-06-19,415.2790832519531
2023-06-20,416.332275390625
2023-06-21,417.52899169921875
2023-06-22,414.7046203613281
2023-06-23,408.6729431152344
2023-06-26,408.33782958984375
2023-06-27,406.087890625
2023-06-28,425.9063720703125
2023-06-30,430.7413635253906
2023-07-03,425.5234375
2023-07-04,418.3428039550781
2023-07-05,424.6138610839844
2023-07-06,418.821533203125
2023-07-07,415.7577819824219
2023-07-10,413.9386901855469
2023-07-11,416.8109436035156
2023-07-12,418.821533203125
2023-07-13,417.3374938964844
2023-07-14,426.7201843261719
2023-07-17,425.5234375
2023-07-18,425.619140625
2023-07-19,424.32666015625
2023-07-20,419.92254638671875
2023-07-21,412.6940612792969
2023-07-24,411.3058166503906
2023-07-25,408.0984802246094
2023-07-26,416.18865966796875
2023-07-27,411.3536376953125
2023-07-28,409.6303405761719
2023-07-31,410.53985595703125
2023-08-01,409.1516418457031
2023-08-02,410.6835021972656
2023-08-03,405.5134582519531
2023-08-04,406.9017028808594
2023-08-07,405.99212646484375
2023-08-08,401.2050476074219
2023-08-09,400.9178466796875
2023-08-10,397.7583923339844
2023-08-11,397.3275451660156
2023-08-14,394.0244445800781
2023-08-16,390.00335693359375
2023-08-17,388.7586669921875
2023-08-18,385.5513610839844
2023-08-21,382.96630859375
2023-08-22,384.64178466796875
2023-08-23,402.88055419921875
2023-08-24,409.91754150390625
2023-08-25,407.9548645019531
2023-08-28,408.5771789550781
2023-08-29,408.96014404296875
2023-08-30,412.3589782714844
2023-08-31,408.72076416015625
2023-09-01,408.2899475097656
2023-09-04,409.29522705078125
2023-09-05,402.30609130859375
2023-09-06,408.1942138671875
2023-09-07,406.1357727050781
2023-09-08,408.625
2023-09-11,408.91229248046875
2023-09-12,407.9548645019531
2023-09-13,410.77923583984375
2023-09-14,424.27880859375
2023-09-15,432.7997741699219
2023-09-18,422.8426513671875
2023-09-20,404.93902587890625
2023-09-21,405.7049255371094
2023-09-22,404.84326171875
2023-09-25,403.0720520019531
2023-09-26,402.64117431640625
2023-09-27,407.7154846191406
2023-09-28,407.6676025390625
2023-09-29,400.3434143066406
2023-10-03,405.99212646484375
2023-10-04,403.6943359375
2023-10-05,405.4655456542969
2023-10-06,405.60919189453125
2023-10-09,404.268798828125
2023-10-10,403.3114013671875
2023-10-11,407.9548645019531
2023-10-12,413.22064208984375
2023-10-13,410.77923583984375
2023-10-16,408.2899475097656
2023-10-17,406.4229736328125
2023-10-18,421.310791015625
2023-10-19,413.1727600097656
2023-10-20,410.7313537597656
2023-10-23,401.3965759277344
2023-10-25,402.4975891113281
2023-10-26,393.880859375
2023-10-27,401.3008117675781
2023-10-30,402.59332275390625
2023-10-31,404.74749755859375
2023-11-01,402.1624755859375
2023-11-02,402.8326721191406
2023-11-03,404.3166809082031
2023-11-06,408.8165283203125
2023-11-07,419.1565856933594
2023-11-08,422.507568359375
2023-11-09,428.6350402832031
2023-11-10,445.0068359375
2023-11-13,471.09637451171875
2023-11-15,478.8514709472656
2023-11-16,476.84088134765625
2023-11-17,467.8411865234375
2023-11-20,469.3251953125
2023-11-21,470.4262390136719
2023-11-22,469.2773132324219
2023-11-23,474.16015625
2023-11-24,472.81976318359375
2023-11-28,472.8676452636719
2023-11-29,478.7557373046875
2023-11-30,477.5111083984375
2023-12-01,471.814453125
2023-12-04,471.57513427734375
2023-12-05,472.341064453125
2023-12-06,473.2506103515625
2023-12-07,469.3251953125
2023-12-08,464.6817321777344
2023-12-11,465.49554443359375
2023-12-12,461.474365234375
2023-12-13,461.3786315917969
2023-12-14,469.70819091796875
2023-12-15,473.6814270019531
2023-12-18,491.2979431152344
2023-12-19,497.856201171875
2023-12-20,471.6230163574219
2023-12-21,473.6814270019531
2023-12-22,492.8298034667969
2023-12-26,489.0479736328125
2023-12-27,482.15460205078125
2023-12-28,500.8720703125
2023-12-29,500.68060302734375
2024-01-01,496.2764587402344
2024-01-02,485.2661437988281
2024-01-03,491.4893798828125
2024-01-04,491.0106506347656
2024-01-05,484.3087463378906
2024-01-08,479.7610168457031
2024-01-09,487.4682312011719
2024-01-10,490.1968688964844
2024-01-11,492.6861572265625
2024-01-12,497.6168518066406
2024-01-15,497.1860046386719
2024-01-16,487.2767333984375
2024-01-17,487.6118469238281
2024-01-18,485.4097595214844
2024-01-19,469.0858459472656
2024-01-23,473.20269775390625
2024-01-24,454.6288757324219
2024-01-25,463.2456359863281
2024-01-29,468.84649658203125
2024-01-30,471.814453125
2024-01-31,482.7768859863281
2024-02-01,485.64910888671875
2024-02-02,472.8676452636719
2024-02-05,481.96307373046875
2024-02-06,475.5962829589844
2024-02-07,478.2770080566406
2024-02-08,476.2664489746094
2024-02-09,472.19744873046875
2024-02-12,462.78631591796875
2024-02-13,462.0141296386719
2024-02-14,473.6935729980469
2024-02-15,475.7688293457031
2024-02-16,483.9734191894531
2024-02-19,521.8109741210938
2024-02-20,507.380615234375
2024-02-21,516.357421875
2024-02-22,518.8670043945312
2024-02-23,510.8072509765625
2024-02-26,515.536865234375
2024-02-27,517.2260131835938
2024-02-28,503.5679016113281
2024-02-29,496.2320251464844
2024-03-01,489.81317138671875
2024-03-04,488.0757141113281
2024-03-05,498.0660095214844
2024-03-06,487.44830322265625
2024-03-07,487.7861328125
2024-03-11,471.3287048339844
2024-03-12,475.5758361816406
2024-03-13,462.9311218261719
2024-03-14,486.7726135253906
2024-03-15,482.91162109375
2024-03-18,483.05645751953125
2024-03-19,477.3614807128906
2024-03-20,478.0854187011719
2024-03-21,482.9599304199219
2024-03-22,482.8634033203125
2024-03-26,483.1529541015625
2024-03-27,497.77642822265625
2024-03-28,502.3130798339844
2024-04-01,502.6509094238281
2024-04-02,522.5831909179688
2024-04-03,538.46142578125
2024-04-04,568.0944213867188
2024-04-05,565.7778930664062
2024-04-08,557.2354125976562
2024-04-09,553.5675048828125
2024-04-10,556.8976440429688
2024-04-12,590.0054931640625
2024-04-15,575.671630859375
2024-04-16,573.1619873046875
2024-04-18,604.2428588867188
2024-04-19,606.0768432617188
2024-04-22,607.9107666015625
2024-04-23,603.9050903320312
2024-04-24,610.1791381835938
2024-04-25,604.6289672851562
2024-04-26,616.5497436523438
2024-04-29,612.5922241210938
2024-04-30,601.7332763671875
2024-05-02,613.8953247070312
2024-05-03,608.152099609375
2024-05-06,605.7872314453125
2024-05-07,607.1386108398438
2024-05-08,604.9185791015625
2024-05-09,605.9320068359375
2024-05-10,619.2041625976562
2024-05-13,628.8565673828125
2024-05-14,614.4744262695312
2024-05-15,615.0535888671875
2024-05-16,613.17138671875
2024-05-17,608.8278198242188
2024-05-21,592.5634155273438
2024-05-22,583.9727172851562
2024-05-23,580.7874755859375
2024-05-24,592.2738037109375
2024-05-27,583.0557250976562
2024-05-28,573.6445922851562
2024-05-29,578.3260498046875
2024-05-30,551.4439697265625
2024-05-31,547.87255859375
2024-06-03,544.88037109375
2024-06-04,519.1082763671875
2024-06-05,529.4364013671875
2024-06-06,564.3300170898438
2024-06-07,565.681396484375
2024-06-10,586.5306396484375
2024-06-11,588.9920043945312
2024-06-12,589.7642211914062
2024-06-13,597.7757568359375
2024-06-14,598.1135864257812
2024-06-18,599.5131225585938
2024-06-19,587.8819580078125
2024-06-20,581.9456787109375
2024-06-21,582.18701171875
2024-06-24,582.9109497070312
2024-06-25,587.3027954101562
2024-06-26,581.463134765625
2024-06-27,582.5730590820312
2024-06-28,581.0287475585938
2024-07-01,612.7852172851562
2024-07-02,618.190673828125
2024-07-03,616.6945190429688
2024-07-04,617.1771850585938
2024-07-05,609.5516967773438
2024-07-08,603.3740844726562
2024-07-09,603.8567504882812
2024-07-10,608.5864868164062
2024-07-11,601.2506103515625
2024-07-12,603.6637573242188
2024-07-15,599.1270141601562
2024-07-16,603.8567504882812
2024-07-18,591.6947021484375
2024-07-19,577.8916625976562
2024-07-22,592.9976806640625
2024-07-23,623.306396484375
2024-07-24,662.5436401367188
2024-07-25,687.4468994140625
2024-07-26,686.4334106445312
2024-07-29,690.101318359375
2024-07-30,696.1340942382812
2024-07-31,690.4391479492188
2024-08-01,677.1187744140625
2024-08-02,667.9489135742188
2024-08-05,637.73681640625
2024-08-06,632.4762573242188
2024-08-07,651.39501953125
2024-08-08,652.8428344726562
2024-08-09,682.2345581054688
2024-08-12,685.6611938476562
2024-08-13,665.2462768554688
2024-08-14,659.6961059570312
2024-08-16,674.1265258789062
2024-08-19,682.95849609375
2024-08-20,691.8387451171875
2024-08-21,700.86376953125
2024-08-22,704.6282348632812
2024-08-23,706.2691650390625
2024-08-26,754.0969848632812
2024-08-27,773.9810180664062
2024-08-28,764.0390014648438
2024-08-29,755.8344116210938
2024-08-30,755.1587524414062
2024-09-02,744.734130859375
2024-09-03,803.614013671875
2024-09-04,790.0040893554688
2024-09-05,794.2994384765625
2024-09-06,777.5753173828125
2024-09-09,784.6732788085938
2024-09-10,801.7377319335938
2024-09-11,767.0740966796875
2024-09-12,780.9784545898438
2024-09-13,794.1049194335938
2024-09-16,775.0471801757812
2024-09-17,793.521484375
2024-09-18,817.732666015625
2024-09-19,819.3856201171875
2024-09-20,840.4365844726562
2024-09-23,829.1575317382812
2024-09-24,805.7243041992188
2024-09-25,792.3060913085938
2024-09-26,776.9432373046875
2024-09-27,763.4764404296875
2024-09-30,753.2183227539062
2024-10-01,751.1278076171875
2024-10-03,735.4732666015625
2024-10-04,725.1178588867188
2024-10-07,712.526123046875
2024-10-08,729.153076171875
2024-10-09,729.0557861328125
2024-10-10,707.42138671875
2024-10-11,706.9837646484375
2024-10-14,696.53125
2024-10-15,710.7273559570312
2024-10-16,712.3316040039062
2024-10-17,710.6300659179688
2024-10-18,733.0910034179688
2024-10-21,703.2403564453125
2024-10-22,677.7651977539062
2024-10-23,689.8221435546875
2024-10-24,692.6905517578125
2024-10-25,668.7711181640625
2024-10-28,677.5706787109375
2024-10-29,645.8726196289062
2024-10-30,680.1473999023438
2024-10-31,702.9972534179688
2024-11-01,712.4775390625
2024-11-04,688.947021484375
2024-11-05,698.7676391601562
2024-11-06,701.6846923828125
2024-11-07,696.822998046875
2024-11-08,691.134765625
2024-11-11,680.5849609375
2024-11-12,655.8876953125
2024-11-13,618.3555908203125
2024-11-14,619.5224609375
2024-11-18,627.3010864257812
2024-11-19,637.8023071289062
2024-11-21,622.9742431640625
2024-11-22,626.474609375
2024-11-25,630.120849609375
2024-11-26,633.5725708007812
2024-11-27,672.61181640625
2024-11-28,684.911865234375
2024-11-29,685.4466552734375
2024-12-02,688.947021484375
2024-12-03,698.7676391601562
2024-12-04,682.9672241210938
2024-12-05,686.8565673828125
2024-12-06,681.6058959960938
2024-12-09,677.66796875
2024-12-10,674.8967895507812
2024-12-11,670.4241333007812
2024-12-12,658.6588745117188
2024-12-13,658.1727294921875
2024-12-16,651.51220703125
2024-12-17,699.739990234375
2024-12-18,709.3660278320312
2024-12-19,700.614990234375
2024-12-20,672.2715454101562
2024-12-23,647.91455078125
2024-12-24,641.740234375
2024-12-26,640.7192993164062
2024-12-27,641.8861083984375
2024-12-30,646.3588256835938
2024-12-31,643.6362915039062
2025-01-01,645.726806640625
2025-01-02,649.6160888671875
2025-01-03,670.2781982421875
2025-01-06,631.1904296875
2025-01-07,636.1493530273438
2025-01-08,626.426025390625
2025-01-09,619.2793579101562
2025-01-10,606.3959350585938
2025-01-13,586.1227416992188
2025-01-14,608.2919921875
2025-01-15,621.0781860351562
2025-01-16,629.0999145507812
2025-01-17,639.0663452148438
2025-01-20,632.9892578125
2025-01-21,623.168701171875
2025-01-22,601.7286987304688
2025-01-23,592.734619140625
2025-01-24,590.984375
2025-01-27,567.3567504882812
2025-01-28,567.1622924804688
2025-01-29,575.3784790039062
2025-01-30,569.593017578125
2025-01-31,579.31640625
2025-02-01,597.9365844726562
2025-02-03,605.3749389648438
2025-02-04,596.5753784179688
2025-02-05,629.1484985351562
2025-02-06,636.0521240234375
2025-02-07,630.3778076171875
2025-02-10,614.235595703125
2025-02-11,596.5770263671875
2025-02-12,606.9472045898438
2025-02-13,597.6531982421875
2025-02-14,595.3541259765625
2025-02-17,581.1685180664062
2025-02-18,582.9295043945312
2025-02-19,596.8215942382812
2025-02-20,599.511962890625
2025-02-21,602.5447998046875
2025-02-24,603.572021484375
2025-02-25,603.9143676757812
2025-02-27,594.7671508789062
2025-02-28,584.2991943359375
2025-03-03,571.3364868164062
2025-03-04,575.1029663085938
2025-03-05,613.6486206054688
2025-03-06,621.8175659179688
2025-03-07,631.5029296875
2025-03-10,611.8388061523438
2025-03-11,611.2517700195312
2025-03-12,599.0717163085938
2025-03-13,596.9683837890625
2025-03-17,596.8704833984375
2025-03-18,596.8704833984375
2025-03-19,622.9915771484375
2025-03-20,622.8448486328125
2025-03-21,668.2386474609375
2025-03-24,669.2169799804688
2025-03-25,649.74853515625
2025-03-26,647.0092163085938
2025-03-27,645.8352661132812
2025-03-28,637.079345703125
2025-04-01,645.8352661132812
2025-04-02,670.9290161132812
2025-04-03,662.2220458984375
2025-04-04,635.1226806640625
2025-04-07,616.2412109375
2025-04-08,623.9209594726562
2025-04-09,573.2930908203125
2025-04-11,591.7833251953125
2025-04-15,291.7337951660156
2025-04-16,306.26177978515625
2025-04-17,321.57244873046875
2025-04-21,337.6168212890625
2025-04-22,354.4927673339844
2025-04-23,353.7100830078125
2025-04-24,341.67681884765625
2025-04-25,342.55731201171875
2025-04-28,329.5946044921875
2025-04-29,323.3822937011719
2025-04-30,323.82257080078125
2025-05-02,331.99151611328125
2025-05-05,338.8397216796875
2025-05-06,335.6601867675781
2025-05-07,334.975341796875
2025-05-08,327.63800048828125
2025-05-09,322.0616149902344
2025-05-12,347.3021545410156
2025-05-13,355.5199890136719
2025-05-14,360.26483154296875
2025-05-15,349.6011962890625
2025-05-16,356.9874572753906
2025-05-19,365.1564025878906
2025-05-20,331.01318359375
2025-05-21,332.33392333984375
2025-05-22,324.50738525390625
2025-05-23,324.16497802734375
2025-05-26,321.71917724609375
2025-05-27,323.8714599609375
2025-05-28,316.14276123046875
2025-05-29,315.11553955078125
2025-05-30,306.9466247558594
2025-06-02,306.9955139160156
2025-06-03,307.6314392089844
2025-06-04,310.41961669921875
2025-06-05,308.8543395996094
2025-06-06,308.16949462890625
2025-06-09,308.12060546875
2025-06-10,313.55023193359375
2025-06-11,309.1478271484375
2025-06-12,302.98443603515625
2025-06-13,305.3323974609375
2025-06-16,305.13671875
2025-06-17,300.6853942871094
2025-06-18,300.9788818359375
2025-06-19,296.3318786621094
2025-06-20,291.9783935546875
2025-06-23,294.228515625
2025-06-24,295.3046569824219
2025-06-25,292.7121276855469
2025-06-26,293.44586181640625
2025-06-27,298.5330810546875
2025-06-30,295.50030517578125
2025-07-01,293.6415100097656
2025-07-02,304.0605773925781
2025-07-03,307.3868713378906
2025-07-04,303.2779235839844
2025-07-07,298.82659912109375
2025-07-08,298.0928649902344
2025-07-09,301.0278015136719
2025-07-10,298.82659912109375
2025-07-11,303.9627685546875
2025-07-14,298.63092041015625
2025-07-15,300.7832336425781
2025-07-16,305.4791259765625
2025-07-17,311.2023010253906
2025-07-18,306.1150207519531
2025-07-21,303.2779235839844
2025-07-22,306.359619140625
2025-07-23,303.1311950683594
2025-07-24,302.69091796875
2025-07-25,295.6470642089844
2025-07-28,287.52703857421875
2025-07-29,292.8588562011719
2025-07-30,291.34246826171875
2025-07-31,288.21185302734375
2025-08-01,284.2986145019531
2025-08-04,283.8094482421875
2025-08-05,278.3797607421875
2025-08-06,275.3470153808594
2025-08-07,270.70001220703125
2025-08-08,267.20001220703125
2025-08-11,269.20001220703125
2025-08-12,275.3999938964844
2025-08-13,267.95001220703125
2025-08-14,265.95001220703125
2025-08-18,266.6499938964844
2025-08-19,270.75
2025-08-20,270.3999938964844
2025-08-21,271.6000061035156
