Date,RAJESHEXPO.NS
2015-08-21,558.4216918945312
2015-08-24,464.2989807128906
2015-08-25,503.2701110839844
2015-08-26,498.7317199707031
2015-08-27,510.5217590332031
2015-08-28,510.3243713378906
2015-08-31,499.71832275390625
2015-09-01,473.9677734375
2015-09-02,481.614013671875
2015-09-03,486.3004150390625
2015-09-04,463.85498046875
2015-09-07,453.1502990722656
2015-09-08,455.6661376953125
2015-09-09,468.1467590332031
2015-09-10,453.9889221191406
2015-09-11,453.8902587890625
2015-09-14,444.66546630859375
2015-09-15,418.81622314453125
2015-09-16,377.97052001953125
2015-09-18,396.17352294921875
2015-09-21,413.5872497558594
2015-09-22,424.7359619140625
2015-09-23,453.6120300292969
2015-09-24,483.0320129394531
2015-09-28,544.4925537109375
2015-09-29,549.0416259765625
2015-09-30,556.3595581054688
2015-10-01,548.4482421875
2015-10-05,574.7532348632812
2015-10-06,619.3529663085938
2015-10-07,627.80810546875
2015-10-08,640.9606323242188
2015-10-09,633.0987548828125
2015-10-12,635.4226684570312
2015-10-13,620.0946044921875
2015-10-14,626.9675903320312
2015-10-15,627.9564208984375
2015-10-16,620.5396728515625
2015-10-19,617.5728759765625
2015-10-20,624.149169921875
2015-10-21,637.4004516601562
2015-10-23,638.5377197265625
2015-10-26,633.1482543945312
2015-10-27,627.3136596679688
2015-10-28,628.89599609375
2015-10-29,630.3298950195312
2015-10-30,637.6970825195312
2015-11-02,634.2359619140625
2015-11-03,633.296630859375
2015-11-04,639.328857421875
2015-11-05,629.588134765625
2015-11-06,635.8677368164062
2015-11-09,681.5552978515625
2015-11-10,681.1597290039062
2015-11-13,690.1092529296875
2015-11-16,679.7752685546875
2015-11-17,665.0404663085938
2015-11-18,666.5733032226562
2015-11-19,675.671142578125
2015-11-20,670.67724609375
2015-11-23,681.6541748046875
2015-11-24,683.7308349609375
2015-11-26,681.9013671875
2015-11-27,673.1495361328125
2015-11-30,697.1800537109375
2015-12-01,698.4655151367188
2015-12-02,703.9540405273438
2015-12-03,680.8135986328125
2015-12-04,676.3140869140625
2015-12-07,677.7479248046875
2015-12-08,663.95263671875
2015-12-09,676.5613403320312
2015-12-10,677.2039794921875
2015-12-11,673.8912353515625
2015-12-14,676.0668334960938
2015-12-15,673.7922973632812
2015-12-16,674.138427734375
2015-12-17,673.5450439453125
2015-12-18,676.4129028320312
2015-12-21,669.7871704101562
2015-12-22,671.5672607421875
2015-12-23,671.864013671875
2015-12-24,669.5894165039062
2015-12-28,667.9083251953125
2015-12-29,669.5400390625
2015-12-30,673.9901123046875
2015-12-31,674.4844970703125
2016-01-01,671.0233764648438
2016-01-04,673.2979125976562
2016-01-05,697.1800537109375
2016-01-06,698.267822265625
2016-01-07,696.8338623046875
2016-01-08,696.784423828125
2016-01-11,701.7784423828125
2016-01-12,702.223388671875
2016-01-13,703.0145263671875
2016-01-14,703.06396484375
2016-01-15,702.371826171875
2016-01-18,700.9378051757812
2016-01-19,703.1134643554688
2016-01-20,704.1023559570312
2016-01-21,703.0145263671875
2016-01-22,706.6240234375
2016-01-25,711.8652954101562
2016-01-27,714.6837158203125
2016-01-28,715.128662109375
2016-01-29,716.1176147460938
2016-02-01,720.8643188476562
2016-02-02,721.1115112304688
2016-02-03,717.5020141601562
2016-02-04,718.1448974609375
2016-02-05,719.0348510742188
2016-02-08,718.8865356445312
2016-02-09,716.1176147460938
2016-02-10,713.6947631835938
2016-02-11,689.2687377929688
2016-02-12,702.421142578125
2016-02-15,712.4091796875
2016-02-16,711.964111328125
2016-02-17,715.0792236328125
2016-02-18,716.809814453125
2016-02-19,715.8208618164062
2016-02-22,708.7008056640625
2016-02-23,701.9761962890625
2016-02-24,696.784423828125
2016-02-25,701.3828735351562
2016-02-26,699.2566528320312
2016-02-29,700.0972900390625
2016-03-01,697.4766845703125
2016-03-02,695.94384765625
2016-03-03,691.147705078125
2016-03-04,691.147705078125
2016-03-08,687.73583984375
2016-03-09,674.682373046875
2016-03-10,680.2695922851562
2016-03-11,658.414794921875
2016-03-14,651.9373779296875
2016-03-15,641.7022094726562
2016-03-16,563.3314208984375
2016-03-17,570.1053466796875
2016-03-18,595.2237548828125
2016-03-21,603.3326416015625
2016-03-22,604.4698486328125
2016-03-23,595.81689453125
2016-03-28,589.7846069335938
2016-03-29,584.882080078125
2016-03-30,598.3020629882812
2016-03-31,615.138916015625
2016-04-01,615.2874755859375
2016-04-04,617.5159301757812
2016-04-05,628.4103393554688
2016-04-06,618.0606079101562
2016-04-07,594.0928955078125
2016-04-08,585.9219970703125
2016-04-11,599.7379760742188
2016-04-12,587.5562744140625
2016-04-13,589.1408081054688
2016-04-18,589.6856079101562
2016-04-20,582.4556274414062
2016-04-21,581.2176513671875
2016-04-22,566.9063720703125
2016-04-25,545.26611328125
2016-04-26,560.7163696289062
2016-04-27,567.5005493164062
2016-04-28,573.29443359375
2016-04-29,586.3677978515625
2016-05-02,587.1104736328125
2016-05-03,592.755859375
2016-05-04,565.9159545898438
2016-05-05,562.5980834960938
2016-05-06,560.6668090820312
2016-05-09,565.6683959960938
2016-05-10,559.824951171875
2016-05-11,555.4671630859375
2016-05-12,577.6027221679688
2016-05-13,567.5501098632812
2016-05-16,554.6253662109375
2016-05-17,563.8361206054688
2016-05-18,558.1412963867188
2016-05-19,553.8330688476562
2016-05-20,546.5535278320312
2016-05-23,552.4464721679688
2016-05-24,549.2771606445312
2016-05-25,551.4560546875
2016-05-26,550.3665771484375
2016-05-27,547.3458251953125
2016-05-30,554.7738647460938
2016-05-31,568.144287109375
2016-06-01,558.5374145507812
2016-06-02,547.9400634765625
2016-06-03,518.92138671875
2016-06-06,482.72210693359375
2016-06-07,495.79541015625
2016-06-08,489.9025573730469
2016-06-09,486.53515625
2016-06-10,485.49530029296875
2016-06-13,471.7286376953125
2016-06-14,469.3516845703125
2016-06-15,467.3708801269531
2016-06-16,454.5946960449219
2016-06-17,447.36474609375
2016-06-20,462.6664733886719
2016-06-21,469.2030944824219
2016-06-22,454.4461364746094
2016-06-23,451.1777648925781
2016-06-24,422.0599365234375
2016-06-27,428.6461486816406
2016-06-28,429.63653564453125
2016-06-29,426.3682556152344
2016-06-30,428.2004699707031
2016-07-01,439.5405578613281
2016-07-04,443.89837646484375
2016-07-05,444.8392028808594
2016-07-07,446.86956787109375
2016-07-08,449.0484313964844
2016-07-11,450.979736328125
2016-07-12,453.950927734375
2016-07-13,445.2353820800781
2016-07-14,457.02117919921875
2016-07-15,442.06610107421875
2016-07-18,442.0165710449219
2016-07-19,433.2515563964844
2016-07-20,425.8730163574219
2016-07-21,431.22119140625
2016-07-22,430.8250427246094
2016-07-25,433.6971740722656
2016-07-26,434.09332275390625
2016-07-27,431.4687805175781
2016-07-28,435.0343017578125
2016-07-29,435.2323303222656
2016-08-01,436.51983642578125
2016-08-02,433.548583984375
2016-08-03,427.11102294921875
2016-08-04,428.0519104003906
2016-08-05,422.55517578125
2016-08-08,427.30908203125
2016-08-09,435.7770080566406
2016-08-10,446.820068359375
2016-08-11,449.1474914550781
2016-08-12,450.7816467285156
2016-08-16,430.329833984375
2016-08-17,426.5167541503906
2016-08-18,425.8730163574219
2016-08-19,429.141357421875
2016-08-22,430.1812438964844
2016-08-23,427.2100830078125
2016-08-24,432.65728759765625
2016-08-25,436.2722473144531
2016-08-26,438.30255126953125
2016-08-29,443.7002868652344
2016-08-30,447.958984375
2016-08-31,435.2323303222656
2016-09-01,431.518310546875
2016-09-02,428.29949951171875
2016-09-06,440.4814758300781
2016-09-07,442.26416015625
2016-09-08,442.4622802734375
2016-09-09,443.79931640625
2016-09-12,444.9382629394531
2016-09-14,449.69219970703125
2016-09-15,451.7225341796875
2016-09-16,458.7544250488281
2016-09-19,465.1920471191406
2016-09-20,464.1520690917969
2016-09-21,467.5194396972656
2016-09-22,469.45111083984375
2016-09-23,466.2811584472656
2016-09-26,466.3801574707031
2016-09-27,467.46990966796875
2016-09-28,474.8995056152344
2016-09-29,451.07525634765625
2016-09-30,452.51165771484375
2016-10-03,464.7456970214844
2016-10-04,465.24102783203125
2016-10-05,464.39898681640625
2016-10-06,468.3119201660156
2016-10-07,476.53399658203125
2016-10-10,486.19244384765625
2016-10-13,480.8927001953125
2016-10-14,487.7279052734375
2016-10-17,481.5365905761719
2016-10-18,488.1736755371094
2016-10-19,482.1309509277344
2016-10-20,488.6689758300781
2016-10-21,485.6971740722656
2016-10-24,485.6971740722656
2016-10-25,483.3197021484375
2016-10-26,477.47503662109375
2016-10-27,476.5835266113281
2016-10-28,473.859375
2016-11-01,465.4391784667969
2016-11-02,454.54241943359375
2016-11-03,452.51165771484375
2016-11-04,446.1221923828125
2016-11-07,454.9386901855469
2016-11-08,463.16070556640625
2016-11-09,454.4433898925781
2016-11-10,463.7055969238281
2016-11-11,439.1879577636719
2016-11-15,432.7984619140625
2016-11-16,438.29638671875
2016-11-17,439.5346374511719
2016-11-18,443.1007995605469
2016-11-21,438.0487365722656
2016-11-22,444.8343811035156
2016-11-23,448.49969482421875
2016-11-24,441.7635498046875
2016-11-25,451.8677673339844
2016-11-28,453.4527282714844
2016-11-29,455.38446044921875
2016-11-30,461.5758056640625
2016-12-01,454.49285888671875
2016-12-02,448.9454650878906
2016-12-05,446.51849365234375
2016-12-06,441.2186279296875
2016-12-07,443.7943115234375
2016-12-08,450.5799560546875
2016-12-09,448.7473449707031
2016-12-12,446.5679931640625
2016-12-13,447.5090637207031
2016-12-14,446.3203125
2016-12-15,444.339111328125
2016-12-16,434.9282531738281
2016-12-19,436.6618957519531
2016-12-20,435.076904296875
2016-12-21,442.5064697265625
2016-12-22,439.5346374511719
2016-12-23,437.4543762207031
2016-12-26,438.1477966308594
2016-12-27,443.1007995605469
2016-12-28,447.0137634277344
2016-12-29,453.40325927734375
2016-12-30,456.87042236328125
2017-01-02,461.8234558105469
2017-01-03,472.0267028808594
2017-01-04,482.42816162109375
2017-01-05,502.8348083496094
2017-01-06,500.0115051269531
2017-01-09,491.1950988769531
2017-01-10,500.60589599609375
2017-01-11,503.23101806640625
2017-01-12,495.80145263671875
2017-01-13,495.20703125
2017-01-16,495.20703125
2017-01-17,489.3128967285156
2017-01-18,491.59130859375
2017-01-19,490.3034973144531
2017-01-20,482.42816162109375
2017-01-23,485.10284423828125
2017-01-24,492.6810302734375
2017-01-25,494.1173400878906
2017-01-27,497.93121337890625
2017-01-30,492.87908935546875
2017-01-31,493.57257080078125
2017-02-01,494.364990234375
2017-02-02,494.364990234375
2017-02-03,491.24456787109375
2017-02-06,497.23785400390625
2017-02-07,497.0396728515625
2017-02-08,493.47344970703125
2017-02-09,492.7304992675781
2017-02-10,491.29412841796875
2017-02-13,495.90045166015625
2017-02-14,491.7894592285156
2017-02-15,490.9969482421875
2017-02-16,492.7800598144531
2017-02-17,493.5230407714844
2017-02-20,493.4239501953125
2017-02-21,494.6126403808594
2017-02-22,510.4129333496094
2017-02-23,507.1934509277344
2017-02-27,522.696533203125
2017-02-28,524.2320556640625
2017-03-01,524.8758544921875
2017-03-02,527.4019775390625
2017-03-03,524.3805541992188
2017-03-06,528.1944580078125
2017-03-07,528.887939453125
2017-03-08,528.3428955078125
2017-03-09,528.9869384765625
2017-03-10,534.1876220703125
2017-03-14,545.8273315429688
2017-03-15,554.59423828125
2017-03-16,555.2876586914062
2017-03-17,555.0895385742188
2017-03-20,554.59423828125
2017-03-21,554.8914184570312
2017-03-22,555.2380981445312
2017-03-23,554.4951171875
2017-03-24,554.7924194335938
2017-03-27,561.974365234375
2017-03-28,578.1708374023438
2017-03-29,579.6568603515625
2017-03-30,596.3485107421875
2017-03-31,600.2615356445312
2017-04-03,591.6431884765625
2017-04-05,598.4288330078125
2017-04-06,600.3605346679688
2017-04-07,596.7943725585938
2017-04-10,592.1385498046875
2017-04-11,596.0018920898438
2017-04-12,591.048828125
2017-04-13,581.6380615234375
2017-04-17,597.5372924804688
2017-04-18,598.4783935546875
2017-04-19,596.9925537109375
2017-04-20,597.9830932617188
2017-04-21,598.9736938476562
2017-04-24,599.9146728515625
2017-04-25,600.5091552734375
2017-04-26,601.499755859375
2017-04-27,602.1436767578125
2017-04-28,609.4246215820312
2017-05-02,612.1984252929688
2017-05-03,612.1488647460938
2017-05-04,612.6442260742188
2017-05-05,612.0993041992188
2017-05-08,617.8449096679688
2017-05-09,619.5784301757812
2017-05-10,620.3213500976562
2017-05-11,624.878173828125
2017-05-12,625.3734741210938
2017-05-15,636.369384765625
2017-05-16,636.7159423828125
2017-05-17,636.3197631835938
2017-05-18,632.2582397460938
2017-05-19,628.9892578125
2017-05-22,640.0841064453125
2017-05-23,641.8671875
2017-05-24,642.709228515625
2017-05-25,641.6195678710938
2017-05-26,645.9781494140625
2017-05-29,643.7989501953125
2017-05-30,644.6408081054688
2017-05-31,644.6408081054688
2017-06-01,645.6810913085938
2017-06-02,646.5726318359375
2017-06-05,642.263427734375
2017-06-06,642.4119873046875
2017-06-07,637.607666015625
2017-06-08,634.3385620117188
2017-06-09,635.031982421875
2017-06-12,637.3103637695312
2017-06-13,641.4215087890625
2017-06-14,653.3087768554688
2017-06-15,660.5897216796875
2017-06-16,681.6897583007812
2017-06-19,685.7513427734375
2017-06-20,679.4114379882812
2017-06-21,683.3738403320312
2017-06-22,682.7794799804688
2017-06-23,684.3644409179688
2017-06-27,685.9494018554688
2017-06-28,674.2601318359375
2017-06-29,667.4249877929688
2017-06-30,682.9776611328125
2017-07-03,670.7434692382812
2017-07-04,668.2174682617188
2017-07-05,672.179931640625
2017-07-06,659.7477416992188
2017-07-07,654.2993774414062
2017-07-10,657.32080078125
2017-07-11,652.36767578125
2017-07-12,656.1319580078125
2017-07-13,654.596435546875
2017-07-14,652.9124755859375
2017-07-17,666.2362670898438
2017-07-18,672.576171875
2017-07-19,673.4181518554688
2017-07-20,673.4677124023438
2017-07-21,673.02197265625
2017-07-24,694.419189453125
2017-07-25,697.6386108398438
2017-07-26,709.6746215820312
2017-07-27,702.2451171875
2017-07-28,693.2799072265625
2017-07-31,704.5234375
2017-08-01,714.6771850585938
2017-08-02,722.4039916992188
2017-08-03,722.701171875
2017-08-04,733.20166015625
2017-08-07,732.4091796875
2017-08-08,731.3689575195312
2017-08-09,711.6558227539062
2017-08-10,707.3466186523438
2017-08-11,702.3936157226562
2017-08-14,702.6907348632812
2017-08-16,712.1015625
2017-08-17,713.0426025390625
2017-08-18,712.6959838867188
2017-08-21,713.5875244140625
2017-08-22,712.3988037109375
2017-08-23,712.5473022460938
2017-08-24,713.1417846679688
2017-08-28,736.2230224609375
2017-08-29,724.4841918945312
2017-08-30,732.2606201171875
2017-08-31,737.0154418945312
2017-09-01,734.9847412109375
2017-09-04,733.7960205078125
2017-09-05,751.5280151367188
2017-09-06,746.921630859375
2017-09-07,753.2119750976562
2017-09-08,742.5133666992188
2017-09-11,741.621826171875
2017-09-12,743.9498291015625
2017-09-13,743.9993286132812
2017-09-14,746.921630859375
2017-09-15,748.3085327148438
2017-09-18,746.475830078125
2017-09-19,747.763671875
2017-09-20,747.763671875
2017-09-21,729.559326171875
2017-09-22,745.6306762695312
2017-09-25,755.0552368164062
2017-09-26,779.8070678710938
2017-09-27,783.9241333007812
2017-09-28,808.1799926757812
2017-09-29,812.8922729492188
2017-10-03,815.32275390625
2017-10-04,798.6066284179688
2017-10-05,791.9597778320312
2017-10-06,805.054931640625
2017-10-09,807.8822631835938
2017-10-10,819.2413940429688
2017-10-11,811.0072631835938
2017-10-12,815.273193359375
2017-10-13,811.404052734375
2017-10-16,818.794921875
2017-10-17,814.6778564453125
2017-10-18,809.8167724609375
2017-10-19,812.743408203125
2017-10-23,816.9100341796875
2017-10-24,799.25146484375
2017-10-25,803.5172729492188
2017-10-26,785.8587036132812
2017-10-27,786.8507080078125
2017-10-30,783.4777221679688
2017-10-31,776.0371704101562
2017-11-01,765.2238159179688
2017-11-02,769.5393676757812
2017-11-03,771.0769653320312
2017-11-06,773.606689453125
2017-11-07,775.49169921875
2017-11-08,768.0015869140625
2017-11-09,780.2039184570312
2017-11-10,777.4261474609375
2017-11-13,770.8289184570312
2017-11-14,771.9698486328125
2017-11-15,753.5670776367188
2017-11-16,748.6564331054688
2017-11-17,753.3191528320312
2017-11-20,756.444091796875
2017-11-21,754.4104614257812
2017-11-22,749.6981201171875
2017-11-23,756.5432739257812
2017-11-24,760.11474609375
2017-11-27,753.3191528320312
2017-11-28,766.8607177734375
2017-11-29,766.0670776367188
2017-11-30,757.7337646484375
2017-12-01,751.8806762695312
2017-12-04,762.8925170898438
2017-12-05,761.255615234375
2017-12-06,761.007568359375
2017-12-07,796.8704833984375
2017-12-08,806.6422119140625
2017-12-11,798.6066284179688
2017-12-12,801.5827026367188
2017-12-13,804.5589599609375
2017-12-14,803.6660766601562
2017-12-15,802.3764038085938
2017-12-18,798.110595703125
2017-12-19,812.991455078125
2017-12-20,795.6799926757812
2017-12-21,803.4676513671875
2017-12-22,804.211669921875
2017-12-26,798.8546142578125
2017-12-27,802.0292358398438
2017-12-28,795.9776611328125
2017-12-29,797.614501953125
2018-01-01,798.3089599609375
2018-01-02,809.7672119140625
2018-01-03,803.3189086914062
2018-01-04,841.01708984375
2018-01-05,814.0330810546875
2018-01-08,813.8345947265625
2018-01-09,820.8782958984375
2018-01-10,820.5806274414062
2018-01-11,811.8009643554688
2018-01-12,811.7513427734375
2018-01-15,837.89208984375
2018-01-16,845.3821411132812
2018-01-17,841.2650756835938
2018-01-18,824.3009643554688
2018-01-19,815.4219970703125
2018-01-22,814.7275390625
2018-01-23,814.7771606445312
2018-01-24,814.181884765625
2018-01-25,813.5370483398438
2018-01-29,812.396240234375
2018-01-30,812.79296875
2018-01-31,814.9259643554688
2018-02-01,814.0827026367188
2018-02-02,813.5370483398438
2018-02-05,810.8584594726562
2018-02-06,793.894287109375
2018-02-07,809.4200439453125
2018-02-08,804.3109130859375
2018-02-09,805.9973754882812
2018-02-12,808.6262817382812
2018-02-14,812.6937866210938
2018-02-15,794.5888061523438
2018-02-16,796.6720581054688
2018-02-19,779.1622314453125
2018-02-20,789.3309326171875
2018-02-21,792.7037963867188
2018-02-22,791.1165161132812
2018-02-23,794.9855346679688
2018-02-26,795.084716796875
2018-02-27,787.3467407226562
2018-02-28,830.8980102539062
2018-03-01,790.3228759765625
2018-03-05,786.4042358398438
2018-03-06,787.8427734375
2018-03-07,797.31689453125
2018-03-08,807.4359130859375
2018-03-09,798.7554321289062
2018-03-12,799.0034790039062
2018-03-13,790.9181518554688
2018-03-14,771.5234375
2018-03-15,753.0711059570312
2018-03-16,762.99169921875
2018-03-19,742.2081298828125
2018-03-20,736.5534057617188
2018-03-21,720.8292236328125
2018-03-22,722.9125366210938
2018-03-23,712.6943969726562
2018-03-26,711.15673828125
2018-03-27,717.803466796875
2018-03-28,733.7260131835938
2018-04-02,733.2796020507812
2018-04-03,724.8966674804688
2018-04-04,700.0457153320312
2018-04-05,698.7063598632812
2018-04-06,691.9107666015625
2018-04-09,695.1845703125
2018-04-10,686.90087890625
2018-04-11,693.6468505859375
2018-04-12,694.5892944335938
2018-04-13,689.2817993164062
2018-04-16,690.62109375
2018-04-17,693.9445190429688
2018-04-18,691.1170654296875
2018-04-19,692.4067993164062
2018-04-20,686.6528930664062
2018-04-23,692.952392578125
2018-04-24,685.3135986328125
2018-04-25,685.2639770507812
2018-04-26,693.6964721679688
2018-04-27,694.886962890625
2018-04-30,676.5338745117188
2018-05-02,679.9068603515625
2018-05-03,682.287841796875
2018-05-04,690.7698974609375
2018-05-07,658.5279541015625
2018-05-08,643.1015625
2018-05-09,637.744384765625
2018-05-10,635.3634643554688
2018-05-11,641.9110717773438
2018-05-14,633.8754272460938
2018-05-15,624.7484130859375
2018-05-16,618.4984741210938
2018-05-17,628.2701416015625
2018-05-18,628.5182495117188
2018-05-21,626.9805908203125
2018-05-22,617.8536987304688
2018-05-23,635.31396484375
2018-05-24,623.4091796875
2018-05-25,603.6176147460938
2018-05-28,612.00048828125
2018-05-29,621.1273803710938
2018-05-30,610.1651611328125
2018-05-31,599.0541381835938
2018-06-01,599.5501098632812
2018-06-04,583.08203125
2018-06-05,585.066162109375
2018-06-06,588.3399658203125
2018-06-07,590.4232788085938
2018-06-08,591.4649047851562
2018-06-11,593.3497314453125
2018-06-12,594.0442504882812
2018-06-13,594.4906616210938
2018-06-14,595.2347412109375
2018-06-15,596.2764282226562
2018-06-18,596.7228393554688
2018-06-19,597.0700073242188
2018-06-20,597.417236328125
2018-06-21,598.0125732421875
2018-06-22,598.2108764648438
2018-06-25,595.8298950195312
2018-06-26,595.5323486328125
2018-06-27,594.9371337890625
2018-06-28,596.6236572265625
2018-06-29,596.7228393554688
2018-07-02,591.2168579101562
2018-07-03,581.792236328125
2018-07-04,576.2366943359375
2018-07-05,570.3837280273438
2018-07-06,568.3995361328125
2018-07-09,568.8955688476562
2018-07-10,568.498779296875
2018-07-11,568.9451904296875
2018-07-12,564.2825317382812
2018-07-13,562.0999755859375
2018-07-16,561.9511108398438
2018-07-17,559.2726440429688
2018-07-18,561.4055786132812
2018-07-19,559.91748046875
2018-07-20,560.6615600585938
2018-07-23,561.7031860351562
2018-07-24,559.2230224609375
2018-07-25,564.2825317382812
2018-07-26,561.0582885742188
2018-07-27,565.6714477539062
2018-07-30,571.2269287109375
2018-07-31,563.04248046875
2018-08-01,575.1455688476562
2018-08-02,568.6475830078125
2018-08-03,599.5501098632812
2018-08-06,627.2285766601562
2018-08-07,639.5301513671875
2018-08-08,655.3533935546875
2018-08-09,638.0419921875
2018-08-10,634.8179321289062
2018-08-13,650.2939453125
2018-08-14,665.0260009765625
2018-08-16,636.7522583007812
2018-08-17,618.8456420898438
2018-08-20,626.7821655273438
2018-08-21,627.3277587890625
2018-08-23,635.2146606445312
2018-08-24,644.1431274414062
2018-08-27,661.5538330078125
2018-08-28,663.2898559570312
2018-08-29,659.9168701171875
2018-08-30,666.4148559570312
2018-08-31,658.1311645507812
2018-09-03,657.4368286132812
2018-09-04,664.7284545898438
2018-09-05,668.3989868164062
2018-09-06,669.2421875
2018-09-07,672.02001953125
2018-09-10,672.3175659179688
2018-09-11,680.2045288085938
2018-09-12,696.5238037109375
2018-09-14,702.97216796875
2018-09-17,715.1248779296875
2018-09-18,718.6963500976562
2018-09-19,722.8190307617188
2018-09-21,752.6219482421875
2018-09-24,752.8702392578125
2018-09-25,765.4371948242188
2018-09-26,746.661376953125
2018-09-27,718.0008544921875
2018-09-28,671.4091186523438
2018-10-01,650.894775390625
2018-10-03,657.2527465820312
2018-10-04,666.6903686523438
2018-10-05,678.0650634765625
2018-10-08,684.7210693359375
2018-10-09,658.2958984375
2018-10-10,662.716552734375
2018-10-11,636.1423950195312
2018-10-12,603.9056396484375
2018-10-15,564.8141479492188
2018-10-16,552.6943359375
2018-10-17,554.33349609375
2018-10-19,556.7177734375
2018-10-22,557.5125122070312
2018-10-23,559.0025634765625
2018-10-24,559.9463500976562
2018-10-25,561.6351928710938
2018-10-26,563.0756225585938
2018-10-29,564.4168090820312
2018-10-30,564.86376953125
2018-10-31,565.509521484375
2018-11-01,565.9566650390625
2018-11-02,566.3042602539062
2018-11-05,567.2977294921875
2018-11-06,567.1984252929688
2018-11-07,568.5891723632812
2018-11-09,570.079345703125
2018-11-12,560.3933715820312
2018-11-13,560.6914672851562
2018-11-14,557.313720703125
2018-11-15,556.3699951171875
2018-11-16,563.4234008789062
2018-11-19,566.0062866210938
2018-11-20,566.1552734375
2018-11-21,566.9500732421875
2018-11-22,567.0989990234375
2018-11-26,567.1488037109375
2018-11-27,567.1984252929688
2018-11-28,567.3473510742188
2018-11-29,567.5460815429688
2018-11-30,567.1488037109375
2018-12-03,567.1488037109375
2018-12-04,567.0989990234375
2018-12-05,566.9996948242188
2018-12-06,566.6520385742188
2018-12-07,566.900390625
2018-12-10,566.5030517578125
2018-12-11,566.453369140625
2018-12-12,566.1055908203125
2018-12-13,567.8441162109375
2018-12-14,567.0989990234375
2018-12-17,566.900390625
2018-12-18,565.60888671875
2018-12-19,566.0062866210938
2018-12-20,566.4036865234375
2018-12-21,563.0756225585938
2018-12-24,566.5526123046875
2018-12-26,568.3408813476562
2018-12-27,568.9368896484375
2018-12-28,566.5526123046875
2018-12-31,567.2479858398438
2019-01-01,568.3905639648438
2019-01-02,568.6885375976562
2019-01-03,570.7747802734375
2019-01-04,570.6754150390625
2019-01-07,572.51318359375
2019-01-08,567.4963989257812
2019-01-09,567.1488037109375
2019-01-10,565.6585693359375
2019-01-11,566.2049560546875
2019-01-14,569.532958984375
2019-01-15,574.2020874023438
2019-01-16,586.619873046875
2019-01-17,589.6995239257812
2019-01-18,576.3379516601562
2019-01-21,576.3379516601562
2019-01-22,580.4110107421875
2019-01-23,578.5234985351562
2019-01-24,570.2283325195312
2019-01-25,580.7090454101562
2019-01-28,581.1064453125
2019-01-29,594.6666870117188
2019-01-30,612.3497314453125
2019-01-31,603.1109008789062
2019-02-01,614.5352783203125
2019-02-04,593.7725830078125
2019-02-05,571.370849609375
2019-02-06,570.2780151367188
2019-02-07,571.7681274414062
2019-02-08,566.453369140625
2019-02-11,565.7579345703125
2019-02-12,566.0062866210938
2019-02-14,557.0157470703125
2019-02-15,563.77099609375
2019-02-18,555.873291015625
2019-02-19,554.2838134765625
2019-02-20,561.7841796875
2019-02-21,556.4196166992188
2019-02-22,561.0391845703125
2019-02-25,553.1910400390625
2019-02-26,561.883544921875
2019-02-27,563.2246704101562
2019-02-28,576.2882080078125
2019-03-01,564.7645263671875
2019-03-05,569.334228515625
2019-03-06,566.1552734375
2019-03-07,567.9434204101562
2019-03-08,577.828125
2019-03-11,589.6002197265625
2019-03-12,599.2861328125
2019-03-13,609.9655151367188
2019-03-14,612.4490966796875
2019-03-15,625.66162109375
2019-03-18,627.15185546875
2019-03-19,631.7216796875
2019-03-20,642.1029663085938
2019-03-22,648.907958984375
2019-03-25,649.0569458007812
2019-03-26,650.7954711914062
2019-03-27,662.9152221679688
2019-03-28,666.8394165039062
2019-04-01,664.7034301757812
2019-04-02,676.8233032226562
2019-04-03,683.0322265625
2019-04-04,667.9320678710938
2019-04-05,675.4821166992188
2019-04-08,665.7962036132812
2019-04-09,665.100830078125
2019-04-10,654.8685302734375
2019-04-11,665.4485473632812
2019-04-12,662.0708618164062
2019-04-15,668.5281982421875
2019-04-16,660.6800537109375
2019-04-18,660.4317016601562
2019-04-22,695.4501342773438
2019-04-23,718.1002807617188
2019-04-24,710.5999145507812
2019-04-25,709.0103759765625
2019-04-26,671.8561401367188
2019-04-30,670.1672973632812
2019-05-02,671.5084228515625
2019-05-03,668.577880859375
2019-05-06,669.9188842773438
2019-05-07,684.8701782226562
2019-05-08,684.5223388671875
2019-05-09,664.6040649414062
2019-05-10,665.2994995117188
2019-05-13,663.6107177734375
2019-05-14,670.6640625
2019-05-15,672.7005615234375
2019-05-16,667.0380249023438
2019-05-17,666.8394165039062
2019-05-20,664.2067260742188
2019-05-21,653.1300048828125
2019-05-22,654.719482421875
2019-05-23,652.9810180664062
2019-05-24,656.3089599609375
2019-05-27,656.557373046875
2019-05-28,646.4244384765625
2019-05-29,654.9678344726562
2019-05-30,655.0671997070312
2019-05-31,653.2293090820312
2019-06-03,654.3221435546875
2019-06-04,652.1365966796875
2019-06-06,652.4346313476562
2019-06-07,652.385009765625
2019-06-10,654.2723999023438
2019-06-11,652.3352661132812
2019-06-12,652.8817138671875
2019-06-13,664.9021606445312
2019-06-14,676.922607421875
2019-06-17,679.9030151367188
2019-06-18,683.57861328125
2019-06-19,693.3142700195312
2019-06-20,718.8453369140625
2019-06-21,719.1929931640625
2019-06-24,720.4844970703125
2019-06-25,705.7321166992188
2019-06-26,712.2390747070312
2019-06-27,712.437744140625
2019-06-28,717.6532592773438
2019-07-01,707.4706420898438
2019-07-02,712.785400390625
2019-07-03,712.6861572265625
2019-07-04,713.2324829101562
2019-07-05,721.925048828125
2019-07-08,689.4398193359375
2019-07-09,687.1549682617188
2019-07-10,689.04248046875
2019-07-11,690.1849365234375
2019-07-12,687.60205078125
2019-07-15,680.1513061523438
2019-07-16,680.0022583007812
2019-07-17,680.2506103515625
2019-07-18,681.2937622070312
2019-07-19,680.8466796875
2019-07-22,680.4493408203125
2019-07-23,684.919677734375
2019-07-24,681.4426879882812
2019-07-25,706.67578125
2019-07-26,709.4077758789062
2019-07-29,711.24560546875
2019-07-30,691.6254272460938
2019-07-31,684.572021484375
2019-08-01,680.6480102539062
2019-08-02,680.200927734375
2019-08-05,680.598388671875
2019-08-06,681.0950317382812
2019-08-07,692.5691528320312
2019-08-08,681.8897705078125
2019-08-09,681.9891357421875
2019-08-13,694.1089477539062
2019-08-14,677.5187377929688
2019-08-16,654.12353515625
2019-08-19,692.4697875976562
2019-08-20,722.4713745117188
2019-08-21,719.0936889648438
2019-08-22,722.17333984375
2019-08-23,721.5275268554688
2019-08-26,710.6992797851562
2019-08-27,688.0987548828125
2019-08-28,690.4332885742188
2019-08-29,697.5363159179688
2019-08-30,701.5597534179688
2019-09-03,681.840087890625
2019-09-04,672.1541137695312
2019-09-05,673.74365234375
2019-09-06,669.7698974609375
2019-09-09,669.5216064453125
2019-09-11,667.9818115234375
2019-09-12,661.7728881835938
2019-09-13,668.5281982421875
2019-09-16,670.2666625976562
2019-09-17,669.1738891601562
2019-09-18,670.7633666992188
2019-09-19,669.9188842773438
2019-09-20,657.9303588867188
2019-09-23,668.3768310546875
2019-09-24,667.4317016601562
2019-09-25,662.3079223632812
2019-09-26,669.3219604492188
2019-09-27,670.6154174804688
2019-09-30,663.4520874023438
2019-10-01,670.2174682617188
2019-10-03,664.397216796875
2019-10-04,665.2926635742188
2019-10-07,667.282470703125
2019-10-09,669.52099609375
2019-10-10,669.8692016601562
2019-10-11,670.8641357421875
2019-10-14,669.123046875
2019-10-15,670.9636840820312
2019-10-16,667.630615234375
2019-10-17,668.8743286132812
2019-10-18,669.9686889648438
2019-10-22,668.9738159179688
2019-10-23,667.4317016601562
2019-10-24,670.3169555664062
2019-10-25,668.0286865234375
2019-10-27,670.3169555664062
2019-10-29,672.4559936523438
2019-10-30,670.7645874023438
2019-10-31,674.9930419921875
2019-11-01,675.24169921875
2019-11-04,671.6102905273438
2019-11-05,671.013427734375
2019-11-06,665.5911254882812
2019-11-07,672.0580444335938
2019-11-08,671.4610595703125
2019-11-11,673.7991333007812
2019-11-13,679.5198364257812
2019-11-14,678.6243286132812
2019-11-15,697.0300903320312
2019-11-18,711.7049560546875
2019-11-19,702.6016235351562
2019-11-20,694.9407958984375
2019-11-21,704.0939331054688
2019-11-22,699.0697021484375
2019-11-25,688.2251586914062
2019-11-26,659.9699096679688
2019-11-27,657.9801025390625
2019-11-28,659.3729248046875
2019-11-29,670.7149047851562
2019-12-02,666.5362548828125
2019-12-03,670.3169555664062
2019-12-04,670.6651000976562
2019-12-05,671.5108642578125
2019-12-06,671.2620849609375
2019-12-09,672.7544555664062
2019-12-10,673.251953125
2019-12-11,674.1472778320312
2019-12-12,665.7404174804688
2019-12-13,680.7136840820312
2019-12-16,680.2659912109375
2019-12-17,687.6282348632812
2019-12-18,689.7175903320312
2019-12-19,692.3540649414062
2019-12-20,680.11669921875
2019-12-23,683.9968872070312
2019-12-24,673.9483642578125
2019-12-26,676.0873413085938
2019-12-27,673.2021484375
2019-12-30,673.9981079101562
2019-12-31,665.9393310546875
2020-01-01,674.7442016601562
2020-01-02,683.3999633789062
2020-01-03,689.6678466796875
2020-01-06,685.5389404296875
2020-01-07,674.4955444335938
2020-01-08,675.6396484375
2020-01-09,680.11669921875
2020-01-10,697.0300903320312
2020-01-13,706.4320068359375
2020-01-14,697.6270141601562
2020-01-15,702.7507934570312
2020-01-16,698.1742553710938
2020-01-17,708.4217529296875
2020-01-20,705.7853393554688
2020-01-21,709.9638671875
2020-01-22,710.4613037109375
2020-01-23,711.1080322265625
2020-01-24,711.5059814453125
2020-01-27,711.804443359375
2020-01-28,712.0034790039062
2020-01-29,719.564697265625
2020-01-30,721.00732421875
2020-01-31,716.5302734375
2020-02-03,719.116943359375
2020-02-04,714.0927734375
2020-02-05,716.4307250976562
2020-02-06,705.8350219726562
2020-02-07,698.92041015625
2020-02-10,711.008544921875
2020-02-11,749.760009765625
2020-02-12,719.0175170898438
2020-02-13,711.2572021484375
2020-02-14,701.5072021484375
2020-02-17,712.0034790039062
2020-02-18,708.123291015625
2020-02-19,700.4127807617188
2020-02-20,660.716064453125
2020-02-24,651.8117065429688
2020-02-25,651.4635009765625
2020-02-26,636.2415161132812
2020-02-27,654.7964477539062
2020-02-28,654.8461303710938
2020-03-02,663.4520874023438
2020-03-03,672.2569580078125
2020-03-04,676.4852905273438
2020-03-05,675.8883666992188
2020-03-06,677.1817626953125
2020-03-09,668.5758666992188
2020-03-11,681.8577880859375
2020-03-12,662.15869140625
2020-03-13,603.4096069335938
2020-03-16,606.8419799804688
2020-03-17,595.4503784179688
2020-03-18,605.74755859375
2020-03-19,583.0637817382812
2020-03-20,582.7653198242188
2020-03-23,546.8493041992188
2020-03-24,537.2981567382812
2020-03-25,587.6901245117188
2020-03-26,586.6455078125
2020-03-27,575.0050659179688
2020-03-30,537.8951416015625
2020-03-31,544.8594360351562
2020-04-01,559.0368041992188
2020-04-03,628.829345703125
2020-04-07,618.8306274414062
2020-04-08,620.322998046875
2020-04-09,611.0206298828125
2020-04-13,590.6748657226562
2020-04-15,559.6835327148438
2020-04-16,542.0736694335938
2020-04-17,544.4614868164062
2020-04-20,549.7841796875
2020-04-21,533.2191162109375
2020-04-22,530.035400390625
2020-04-23,529.6871948242188
2020-04-24,527.5978393554688
2020-04-27,520.3848266601562
2020-04-28,592.8635864257812
2020-04-29,611.5678100585938
2020-04-30,615.6469116210938
2020-05-04,550.032958984375
2020-05-05,550.1323852539062
2020-05-06,546.9984741210938
2020-05-07,538.9397583007812
2020-05-08,525.110595703125
2020-05-11,536.5022583007812
2020-05-12,526.8019409179688
2020-05-13,533.1693115234375
2020-05-14,518.8923950195312
2020-05-15,520.5838012695312
2020-05-18,503.1729736328125
2020-05-19,511.231689453125
2020-05-20,506.10791015625
2020-05-21,505.908935546875
2020-05-22,505.16278076171875
2020-05-26,505.4114990234375
2020-05-27,503.91912841796875
2020-05-28,503.6206970214844
2020-05-29,485.2149353027344
2020-06-01,486.4088134765625
2020-06-02,480.8871154785156
2020-06-03,480.9866027832031
2020-06-04,476.7582702636719
2020-06-05,483.3245849609375
2020-06-08,484.81695556640625
2020-06-09,476.45977783203125
2020-06-10,480.190673828125
2020-06-11,475.7135925292969
2020-06-12,477.90240478515625
2020-06-15,475.2658996582031
2020-06-16,466.6102294921875
2020-06-17,469.8934020996094
2020-06-18,469.3462219238281
2020-06-19,465.51580810546875
2020-06-22,472.9278869628906
2020-06-23,483.4241027832031
2020-06-24,483.4241027832031
2020-06-25,476.45977783203125
2020-06-26,474.27099609375
2020-06-29,481.48406982421875
2020-06-30,463.6255187988281
2020-07-01,464.81939697265625
2020-07-02,466.9086608886719
2020-07-03,481.2850646972656
2020-07-06,478.4495849609375
2020-07-07,482.27996826171875
2020-07-08,481.4342956542969
2020-07-09,476.9075012207031
2020-07-10,471.3857727050781
2020-07-13,469.6944274902344
2020-07-14,465.0184020996094
2020-07-15,465.3665771484375
2020-07-16,468.2518310546875
2020-07-17,465.31683349609375
2020-07-20,463.77471923828125
2020-07-21,460.0935974121094
2020-07-22,470.0923767089844
2020-07-23,469.6944274902344
2020-07-24,466.5604553222656
2020-07-27,467.4061279296875
2020-07-28,460.7900085449219
2020-07-29,460.74029541015625
2020-07-30,456.8103942871094
2020-07-31,454.3231506347656
2020-08-03,439.747802734375
2020-08-04,476.111572265625
2020-08-05,468.1025695800781
2020-08-06,469.6446838378906
2020-08-07,456.21343994140625
2020-08-10,460.6905212402344
2020-08-11,459.9443664550781
2020-08-12,460.6905212402344
2020-08-13,462.4316101074219
2020-08-14,458.4519958496094
2020-08-17,460.0438537597656
2020-08-18,462.182861328125
2020-08-19,461.33721923828125
2020-08-20,464.71990966796875
2020-08-21,467.8538513183594
2020-08-24,473.1268615722656
2020-08-25,472.9776306152344
2020-08-26,471.23651123046875
2020-08-27,471.4355163574219
2020-08-28,462.58087158203125
2020-08-31,444.1751403808594
2020-09-01,446.1152038574219
2020-09-02,448.90093994140625
2020-09-03,448.1547546386719
2020-09-04,442.0858154296875
2020-09-07,450.0450439453125
2020-09-08,447.90606689453125
2020-09-09,445.51824951171875
2020-09-10,448.4532165527344
2020-09-11,449.3486328125
2020-09-14,450.3932800292969
2020-09-15,458.0540466308594
2020-09-16,453.7759704589844
2020-09-17,457.55657958984375
2020-09-18,506.754638671875
2020-09-21,481.48406982421875
2020-09-22,469.5949401855469
2020-09-23,474.7684326171875
2020-09-24,443.428955078125
2020-09-25,450.59222412109375
2020-09-28,460.4418029785156
2020-09-29,450.59222412109375
2020-09-30,444.7720642089844
2020-10-01,454.5718688964844
2020-10-05,479.3450012207031
2020-10-06,469.2964782714844
2020-10-07,451.9353942871094
2020-10-08,452.3830871582031
2020-10-09,449.2989196777344
2020-10-12,447.65728759765625
2020-10-13,445.51824951171875
2020-10-14,443.67767333984375
2020-10-15,442.6827697753906
2020-10-16,443.826904296875
2020-10-19,443.826904296875
2020-10-20,447.3587951660156
2020-10-21,448.0054931640625
2020-10-22,457.0093994140625
2020-10-23,454.0744323730469
2020-10-26,448.1050109863281
2020-10-27,452.0845947265625
2020-10-28,452.4825744628906
2020-10-29,452.8307800292969
2020-10-30,459.29766845703125
2020-11-02,440.2452392578125
2020-11-03,444.224853515625
2020-11-04,440.89190673828125
2020-11-05,449.4480895996094
2020-11-06,450.59222412109375
2020-11-09,452.1343688964844
2020-11-10,447.15985107421875
2020-11-11,449.149658203125
2020-11-12,455.2185363769531
2020-11-13,453.97491455078125
2020-11-14,458.3525085449219
2020-11-17,463.1280517578125
2020-11-18,457.6063537597656
2020-11-19,454.2734375
2020-11-20,449.0003967285156
2020-11-23,450.6917724609375
2020-11-24,449.99530029296875
2020-11-25,446.0654602050781
2020-11-26,447.2593078613281
2020-11-27,448.1050109863281
2020-12-01,451.1394958496094
2020-12-02,455.0195617675781
2020-12-03,470.44061279296875
2020-12-04,480.190673828125
2020-12-07,490.2392272949219
2020-12-08,479.4444885253906
2020-12-09,480.588623046875
2020-12-10,469.6944274902344
2020-12-11,474.27099609375
2020-12-14,479.2455139160156
2020-12-15,471.4355163574219
2020-12-16,473.7735595703125
2020-12-17,483.27490234375
2020-12-18,488.19964599609375
2020-12-21,471.4355163574219
2020-12-22,474.42022705078125
2020-12-23,485.9853515625
2020-12-24,485.78594970703125
2020-12-28,486.1349182128906
2020-12-29,484.7391357421875
2020-12-30,485.3373107910156
2020-12-31,489.0760498046875
2021-01-01,483.5925598144531
2021-01-04,482.54571533203125
2021-01-05,482.6454162597656
2021-01-06,477.610595703125
2021-01-07,480.80096435546875
2021-01-08,482.8946838378906
2021-01-11,483.4429931640625
2021-01-12,481.6982727050781
2021-01-13,482.39617919921875
2021-01-14,482.7451477050781
2021-01-15,479.85382080078125
2021-01-18,482.19677734375
2021-01-19,482.6952819824219
2021-01-20,483.74212646484375
2021-01-21,477.6604309082031
2021-01-22,483.8916931152344
2021-01-25,477.4610290527344
2021-01-27,480.6015625
2021-01-28,476.7631530761719
2021-01-29,476.1151123046875
2021-02-01,475.3175354003906
2021-02-02,476.06524658203125
2021-02-03,475.76617431640625
2021-02-04,476.6634521484375
2021-02-05,477.1619567871094
2021-02-08,476.5637512207031
2021-02-09,481.4989013671875
2021-02-10,481.59857177734375
2021-02-11,483.2436218261719
2021-02-12,480.65142822265625
2021-02-15,476.06524658203125
2021-02-16,477.95953369140625
2021-02-17,481.897705078125
2021-02-18,497.3012390136719
2021-02-19,508.6670227050781
2021-02-22,492.715087890625
2021-02-23,486.0850524902344
2021-02-24,490.1727294921875
2021-02-25,500.0429992675781
2021-02-26,507.0219421386719
2021-03-01,503.7817077636719
2021-03-02,514.4495849609375
2021-03-03,524.0706176757812
2021-03-04,515.5961303710938
2021-03-05,502.1865234375
2021-03-08,501.388916015625
2021-03-09,510.6610107421875
2021-03-10,511.9072570800781
2021-03-12,519.6339721679688
2021-03-15,517.2909545898438
2021-03-16,514.5492553710938
2021-03-17,516.0946044921875
2021-03-18,514.0009155273438
2021-03-19,476.46405029296875
2021-03-22,473.7223205566406
2021-03-23,472.1769714355469
2021-03-24,473.7223205566406
2021-03-25,471.47906494140625
2021-03-26,474.1709899902344
2021-03-30,476.16497802734375
2021-03-31,477.361328125
2021-04-01,490.8706359863281
2021-04-05,480.65142822265625
2021-04-06,479.4051818847656
2021-04-07,478.7571716308594
2021-04-08,503.5823059082031
2021-04-09,515.1474609375
2021-04-12,492.7649230957031
2021-04-13,491.1697082519531
2021-04-15,497.9493103027344
2021-04-16,499.9931335449219
2021-04-19,490.8207702636719
2021-04-20,493.6622314453125
2021-04-22,497.10186767578125
2021-04-23,504.5294494628906
2021-04-26,513.50244140625
2021-04-27,519.733642578125
2021-04-28,530.551025390625
2021-04-29,526.9120483398438
2021-04-30,519.9330444335938
2021-05-03,515.4963989257812
2021-05-04,512.40576171875
2021-05-05,505.5264587402344
2021-05-06,500.9402770996094
2021-05-07,508.6171569824219
2021-05-10,516.9918823242188
2021-05-11,513.4525756835938
2021-05-12,515.1474609375
2021-05-14,513.00390625
2021-05-17,512.206298828125
2021-05-18,514.7486572265625
2021-05-19,511.8074951171875
2021-05-20,513.3529052734375
2021-05-21,514.898193359375
2021-05-24,515.346923828125
2021-05-25,515.7456665039062
2021-05-26,516.9420776367188
2021-05-27,515.945068359375
2021-05-28,516.1942749023438
2021-05-31,516.2940063476562
2021-06-01,519.3847045898438
2021-06-02,523.4225463867188
2021-06-03,522.6748046875
2021-06-04,536.7822875976562
2021-06-07,568.5863647460938
2021-06-08,554.9774780273438
2021-06-09,545.6056518554688
2021-06-10,554.7282104492188
2021-06-11,560.3114013671875
2021-06-14,607.1701049804688
2021-06-15,586.5322875976562
2021-06-16,589.1245727539062
2021-06-17,583.74072265625
2021-06-18,603.0325317382812
2021-06-21,584.588134765625
2021-06-22,581.9960327148438
2021-06-23,583.491455078125
2021-06-24,567.8386840820312
2021-06-25,565.4957885742188
2021-06-28,570.0819091796875
2021-06-29,569.3341674804688
2021-06-30,562.9035034179688
2021-07-01,563.2026977539062
2021-07-02,570.6302490234375
2021-07-05,573.6710815429688
2021-07-06,574.6182250976562
2021-07-07,575.316162109375
2021-07-08,574.319091796875
2021-07-09,578.5065307617188
2021-07-12,575.11669921875
2021-07-13,574.4188842773438
2021-07-14,579.0548706054688
2021-07-15,574.1696166992188
2021-07-16,574.1197509765625
2021-07-19,574.0200805664062
2021-07-20,575.0170288085938
2021-07-22,573.3719482421875
2021-07-23,578.7557983398438
2021-07-26,587.3798217773438
2021-07-27,593.9100952148438
2021-07-28,611.4073486328125
2021-07-29,615.4950561523438
2021-07-30,618.0872192382812
2021-08-02,612.4043579101562
2021-08-03,607.0205078125
2021-08-04,607.3695678710938
2021-08-05,607.1203002929688
2021-08-06,607.6187744140625
2021-08-09,608.6157836914062
2021-08-10,621.8758544921875
2021-08-11,609.2139892578125
2021-08-12,606.671630859375
2021-08-13,607.5191040039062
2021-08-16,607.6686401367188
2021-08-17,608.815185546875
2021-08-18,605.5250854492188
2021-08-20,611.4572143554688
2021-08-23,607.5689697265625
2021-08-24,592.663818359375
2021-08-25,591.8662719726562
2021-08-26,591.068603515625
2021-08-27,587.6788940429688
2021-08-30,581.9461669921875
2021-08-31,584.3888549804688
2021-09-01,582.0458374023438
2021-09-02,576.5125122070312
2021-09-03,580.7996215820312
2021-09-06,595.2061767578125
2021-09-07,607.8680419921875
2021-09-08,609.2638549804688
2021-09-09,610.0614624023438
2021-09-13,604.8770751953125
2021-09-14,605.0764770507812
2021-09-15,611.4572143554688
2021-09-16,611.9058837890625
2021-09-17,579.90234375
2021-09-20,578.6561279296875
2021-09-21,578.4566650390625
2021-09-22,578.2074584960938
2021-09-23,577.459716796875
2021-09-24,588.2770385742188
2021-09-27,593.5112915039062
2021-09-28,589.5731811523438
2021-09-29,584.83740234375
2021-09-30,585.2362060546875
2021-10-01,584.2890625
2021-10-04,598.047607421875
2021-10-05,605.82421875
2021-10-06,608.1671142578125
2021-10-07,613.99951171875
2021-10-08,615.1460571289062
2021-10-11,606.2229614257812
2021-10-12,604.478271484375
2021-10-13,635.3850708007812
2021-10-14,644.6571044921875
2021-10-18,633.2914428710938
2021-10-19,629.7520751953125
2021-10-20,632.79296875
2021-10-21,632.4938354492188
2021-10-22,633.5905151367188
2021-10-25,634.4878540039062
2021-10-26,636.431884765625
2021-10-27,634.7869262695312
2021-10-28,634.8367309570312
2021-10-29,636.332275390625
2021-11-01,636.7809448242188
2021-11-02,638.7250366210938
2021-11-03,638.3262329101562
2021-11-04,636.382080078125
2021-11-08,638.9743041992188
2021-11-09,639.073974609375
2021-11-10,640.170654296875
2021-11-11,638.5256958007812
2021-11-12,645.006103515625
2021-11-15,666.84033203125
2021-11-16,684.7861938476562
2021-11-17,739.0227661132812
2021-11-18,717.138671875
2021-11-22,711.7550048828125
2021-11-23,725.2144165039062
2021-11-24,737.02880859375
2021-11-25,714.048095703125
2021-11-26,703.280517578125
2021-11-29,705.224609375
2021-11-30,763.1002197265625
2021-12-01,757.068359375
2021-12-02,777.9554443359375
2021-12-03,744.8052978515625
2021-12-06,755.174072265625
2021-12-07,753.27978515625
2021-12-08,750.9866943359375
2021-12-09,763.548828125
2021-12-10,754.2269287109375
2021-12-13,747.0485229492188
2021-12-14,750.3884887695312
2021-12-15,754.281982421875
2021-12-16,757.0772705078125
2021-12-17,742.9510498046875
2021-12-20,740.2056274414062
2021-12-21,745.0474853515625
2021-12-22,744.5982055664062
2021-12-23,747.2437744140625
2021-12-24,744.1989135742188
2021-12-27,743.350341796875
2021-12-28,747.3436279296875
2021-12-29,747.1439819335938
2021-12-30,732.867919921875
2021-12-31,736.2123413085938
2022-01-03,851.119140625
2022-01-04,807.242919921875
2022-01-05,806.8934936523438
2022-01-06,831.1028442382812
2022-01-07,820.6703491210938
2022-01-10,818.3742065429688
2022-01-11,831.3524169921875
2022-01-12,855.5117797851562
2022-01-13,838.5902099609375
2022-01-14,848.9228515625
2022-01-17,949.3540649414062
2022-01-18,914.8120727539062
2022-01-19,924.1963500976562
2022-01-20,884.263427734375
2022-01-21,842.9329223632812
2022-01-24,820.3209838867188
2022-01-25,842.9828491210938
2022-01-27,799.25634765625
2022-01-28,798.2081298828125
2022-01-31,841.1858520507812
2022-02-01,825.2626953125
2022-02-02,831.4522094726562
2022-02-03,814.7802734375
2022-02-04,808.6904907226562
2022-02-07,798.80712890625
2022-02-08,831.8016357421875
2022-02-09,862.599853515625
2022-02-10,866.7928466796875
2022-02-11,882.8158569335938
2022-02-14,817.9249877929688
2022-02-15,819.2227783203125
2022-02-16,817.2261352539062
2022-02-17,823.1162719726562
2022-02-18,810.1380615234375
2022-02-21,787.5760498046875
2022-02-22,814.880126953125
2022-02-23,782.1351318359375
2022-02-24,720.5386962890625
2022-02-25,700.8218383789062
2022-02-28,700.6221923828125
2022-03-02,682.8021240234375
2022-03-03,706.6619873046875
2022-03-04,722.5353393554688
2022-03-07,698.7254028320312
2022-03-08,694.4825439453125
2022-03-09,709.0081176757812
2022-03-10,724.6317749023438
2022-03-11,708.6087646484375
2022-03-14,708.908203125
2022-03-15,692.5357666015625
2022-03-16,712.701904296875
2022-03-17,727.4271240234375
2022-03-21,713.8499145507812
2022-03-22,712.3025512695312
2022-03-23,703.317626953125
2022-03-24,706.4124145507812
2022-03-25,683.6506958007812
2022-03-28,660.3898315429688
2022-03-29,670.722412109375
2022-03-30,671.8704833984375
2022-03-31,689.9401245117188
2022-04-01,687.3944091796875
2022-04-04,680.6058349609375
2022-04-05,661.4879150390625
2022-04-06,648.1104736328125
2022-04-07,648.809326171875
2022-04-08,647.1121215820312
2022-04-11,646.0139770507812
2022-04-12,641.2719116210938
2022-04-13,640.3235473632812
2022-04-18,646.5131225585938
2022-04-19,638.5764770507812
2022-04-20,637.6281127929688
2022-04-21,637.7279052734375
2022-04-22,645.4149780273438
2022-04-25,629.2920532226562
2022-04-26,628.7429809570312
2022-04-27,617.3621826171875
2022-04-28,627.1456909179688
2022-04-29,627.9942626953125
2022-05-02,620.606689453125
2022-05-04,598.2442626953125
2022-05-05,604.9330444335938
2022-05-06,587.46240234375
2022-05-09,576.53076171875
2022-05-10,580.5240478515625
2022-05-11,573.8353271484375
2022-05-12,592.4540405273438
2022-05-13,587.562255859375
2022-05-16,591.4556884765625
2022-05-17,599.841552734375
2022-05-18,580.773681640625
2022-05-19,573.136474609375
2022-05-20,571.7887573242188
2022-05-23,564.3512573242188
2022-05-24,548.6776123046875
2022-05-25,545.7326049804688
2022-05-26,563.7522583007812
2022-05-27,552.121826171875
2022-05-30,550.0752563476562
2022-05-31,540.740966796875
2022-06-01,550.0752563476562
2022-06-02,547.729248046875
2022-06-03,541.5895385742188
2022-06-06,527.5132446289062
2022-06-07,522.9708251953125
2022-06-08,530.2586059570312
2022-06-09,527.613037109375
2022-06-10,521.82275390625
2022-06-13,547.4296875
2022-06-14,535.599609375
2022-06-15,545.782470703125
2022-06-16,530.2086181640625
2022-06-17,563.1033325195312
2022-06-20,549.8756103515625
2022-06-21,576.4808959960938
2022-06-22,561.85546875
2022-06-23,561.5559692382812
2022-06-24,572.787109375
2022-06-27,572.7371826171875
2022-06-28,588.9099731445312
2022-06-29,617.6117553710938
2022-06-30,624.3504028320312
2022-07-01,620.2073364257812
2022-07-04,613.4187622070312
2022-07-05,594.2509765625
2022-07-06,588.4607543945312
2022-07-07,609.3756103515625
2022-07-08,591.9548950195312
2022-07-11,605.5320434570312
2022-07-12,613.91796875
2022-07-13,589.1596069335938
2022-07-14,595.0496215820312
2022-07-15,588.8600463867188
2022-07-18,587.01318359375
2022-07-19,585.615478515625
2022-07-20,588.3109741210938
2022-07-21,580.9733276367188
2022-07-22,581.77197265625
2022-07-25,579.1763916015625
2022-07-26,594.2011108398438
2022-07-27,591.305908203125
2022-07-28,588.1612548828125
2022-07-29,592.3042602539062
2022-08-01,606.6801147460938
2022-08-02,619.508544921875
2022-08-03,618.210693359375
2022-08-04,624.1507568359375
2022-08-05,617.9611206054688
2022-08-08,608.127685546875
2022-08-10,579.7254028320312
2022-08-11,609.1759033203125
2022-08-12,604.6834716796875
2022-08-16,615.814697265625
2022-08-17,609.7249755859375
2022-08-18,599.9913330078125
2022-08-19,595.448974609375
2022-08-22,601.7384033203125
2022-08-23,605.6818237304688
2022-08-24,595.548828125
2022-08-25,596.3973999023438
2022-08-26,596.1478271484375
2022-08-29,583.9683227539062
2022-08-30,588.1112670898438
2022-09-01,579.3759765625
2022-09-02,584.2178955078125
2022-09-05,579.0764770507812
2022-09-06,579.4259643554688
2022-09-07,578.27783203125
2022-09-08,578.5274047851562
2022-09-09,578.377685546875
2022-09-12,578.8768310546875
2022-09-13,578.5274047851562
2022-09-14,566.0484008789062
2022-09-15,559.7589721679688
2022-09-16,577.928466796875
2022-09-19,586.264404296875
2022-09-20,595.5986938476562
2022-09-21,594.8499755859375
2022-09-22,587.8499755859375
2022-09-23,584.6500244140625
2022-09-26,608.8499755859375
2022-09-27,598.8499755859375
2022-09-28,582.7999877929688
2022-09-29,579.2999877929688
2022-09-30,578.7999877929688
2022-10-03,566.2000122070312
2022-10-04,567.9500122070312
2022-10-06,604.0499877929688
2022-10-07,606.5999755859375
2022-10-10,601.9500122070312
2022-10-11,625.9000244140625
2022-10-12,648.5999755859375
2022-10-13,672.7000122070312
2022-10-14,694.2000122070312
2022-10-17,682.25
2022-10-18,687.0499877929688
2022-10-19,694.0499877929688
2022-10-20,698.25
2022-10-21,679.4500122070312
2022-10-24,670.0
2022-10-25,651.0
2022-10-27,654.7000122070312
2022-10-28,660.5999755859375
2022-10-31,691.5999755859375
2022-11-01,685.2999877929688
2022-11-02,694.5499877929688
2022-11-03,718.5999755859375
2022-11-04,747.6500244140625
2022-11-07,762.7999877929688
2022-11-09,740.6500244140625
2022-11-10,734.8499755859375
2022-11-11,777.5499877929688
2022-11-14,758.8499755859375
2022-11-15,751.3499755859375
2022-11-16,746.0499877929688
2022-11-17,729.4000244140625
2022-11-18,757.25
2022-11-21,732.3499755859375
2022-11-22,726.2000122070312
2022-11-23,716.0
2022-11-24,672.4000244140625
2022-11-25,722.0499877929688
2022-11-28,713.7999877929688
2022-11-29,744.2999877929688
2022-11-30,760.0
2022-12-01,745.9000244140625
2022-12-02,727.2999877929688
2022-12-05,735.5
2022-12-06,728.75
2022-12-07,696.3499755859375
2022-12-08,722.9500122070312
2022-12-09,716.9000244140625
2022-12-12,710.7000122070312
2022-12-13,709.0
2022-12-14,741.9500122070312
2022-12-15,770.25
2022-12-16,802.8499755859375
2022-12-19,785.5999755859375
2022-12-20,774.8499755859375
2022-12-21,742.75
2022-12-22,698.2000122070312
2022-12-23,636.0999755859375
2022-12-26,673.75
2022-12-27,687.4000244140625
2022-12-28,711.75
2022-12-29,711.2000122070312
2022-12-30,731.7000122070312
2023-01-02,714.6500244140625
2023-01-03,749.0499877929688
2023-01-04,776.5499877929688
2023-01-05,754.4500122070312
2023-01-06,796.5499877929688
2023-01-09,822.9500122070312
2023-01-10,801.9500122070312
2023-01-11,822.2999877929688
2023-01-12,815.0499877929688
2023-01-13,802.1500244140625
2023-01-16,808.8499755859375
2023-01-17,821.25
2023-01-18,832.25
2023-01-19,849.4000244140625
2023-01-20,875.4500122070312
2023-01-23,834.2000122070312
2023-01-24,856.9000244140625
2023-01-25,849.7000122070312
2023-01-27,841.7999877929688
2023-01-30,836.2000122070312
2023-01-31,874.0
2023-02-01,848.4500122070312
2023-02-02,898.3499755859375
2023-02-03,946.8499755859375
2023-02-06,910.1500244140625
2023-02-07,850.2000122070312
2023-02-08,851.4000244140625
2023-02-09,862.3499755859375
2023-02-10,855.2000122070312
2023-02-13,808.25
2023-02-14,785.5999755859375
2023-02-15,773.0
2023-02-16,763.7000122070312
2023-02-17,763.75
2023-02-20,737.5999755859375
2023-02-21,719.6500244140625
2023-02-22,705.6500244140625
2023-02-23,689.2999877929688
2023-02-24,693.6500244140625
2023-02-27,659.8499755859375
2023-02-28,657.5499877929688
2023-03-01,656.9000244140625
2023-03-02,627.0
2023-03-03,628.9000244140625
2023-03-06,625.0
2023-03-08,623.75
2023-03-09,620.9500122070312
2023-03-10,625.5499877929688
2023-03-13,615.1500244140625
2023-03-14,607.6500244140625
2023-03-15,608.6500244140625
2023-03-16,592.7000122070312
2023-03-17,625.0499877929688
2023-03-20,645.5499877929688
2023-03-21,648.2999877929688
2023-03-22,647.5
2023-03-23,652.6500244140625
2023-03-24,623.9000244140625
2023-03-27,605.1500244140625
2023-03-28,602.5
2023-03-29,606.5
2023-03-31,610.0999755859375
2023-04-03,608.5
2023-04-05,623.4500122070312
2023-04-06,626.9500122070312
2023-04-10,624.9500122070312
2023-04-11,619.0499877929688
2023-04-12,598.25
2023-04-13,585.4000244140625
2023-04-17,571.3499755859375
2023-04-18,564.2999877929688
2023-04-19,558.7999877929688
2023-04-20,560.5
2023-04-21,557.75
2023-04-24,551.25
2023-04-25,546.3499755859375
2023-04-26,553.9000244140625
2023-04-27,559.4000244140625
2023-04-28,557.9500122070312
2023-05-02,552.7999877929688
2023-05-03,545.9000244140625
2023-05-04,581.5999755859375
2023-05-05,594.7000122070312
2023-05-08,590.5999755859375
2023-05-09,589.0999755859375
2023-05-10,602.75
2023-05-11,614.6500244140625
2023-05-12,606.7999877929688
2023-05-15,596.6500244140625
2023-05-16,592.2000122070312
2023-05-17,582.3499755859375
2023-05-18,572.5999755859375
2023-05-19,579.9000244140625
2023-05-22,572.9500122070312
2023-05-23,582.8499755859375
2023-05-24,556.7000122070312
2023-05-25,561.5999755859375
2023-05-26,572.0499877929688
2023-05-29,560.25
2023-05-30,555.7999877929688
2023-05-31,555.4000244140625
2023-06-01,552.5499877929688
2023-06-02,578.9000244140625
2023-06-05,604.0499877929688
2023-06-06,602.8499755859375
2023-06-07,585.5499877929688
2023-06-08,575.25
2023-06-09,570.5999755859375
2023-06-12,598.25
2023-06-13,577.3499755859375
2023-06-14,565.5
2023-06-15,606.0999755859375
2023-06-16,620.5499877929688
2023-06-19,566.4000244140625
2023-06-20,564.2999877929688
2023-06-21,555.25
2023-06-22,572.9500122070312
2023-06-23,544.6500244140625
2023-06-26,547.5499877929688
2023-06-27,544.4000244140625
2023-06-28,542.3499755859375
2023-06-30,547.4000244140625
2023-07-03,543.5499877929688
2023-07-04,528.25
2023-07-05,529.25
2023-07-06,529.2999877929688
2023-07-07,526.7000122070312
2023-07-10,522.1500244140625
2023-07-11,532.3499755859375
2023-07-12,526.7999877929688
2023-07-13,521.0999755859375
2023-07-14,525.3499755859375
2023-07-17,520.1500244140625
2023-07-18,509.45001220703125
2023-07-19,520.2000122070312
2023-07-20,516.1500244140625
2023-07-21,514.5499877929688
2023-07-24,515.3499755859375
2023-07-25,513.2000122070312
2023-07-26,512.0999755859375
2023-07-27,506.6000061035156
2023-07-28,511.75
2023-07-31,519.0999755859375
2023-08-01,516.4000244140625
2023-08-02,511.1000061035156
2023-08-03,513.0999755859375
2023-08-04,509.0
2023-08-07,516.75
2023-08-08,521.75
2023-08-09,524.4000244140625
2023-08-10,522.8499755859375
2023-08-11,526.8499755859375
2023-08-14,520.0499877929688
2023-08-16,525.9000244140625
2023-08-17,544.5
2023-08-18,547.7999877929688
2023-08-21,530.5499877929688
2023-08-22,520.75
2023-08-23,517.5
2023-08-24,515.75
2023-08-25,514.1500244140625
2023-08-28,505.20001220703125
2023-08-29,487.3500061035156
2023-08-30,493.1499938964844
2023-08-31,499.04998779296875
2023-09-01,500.04998779296875
2023-09-04,511.04998779296875
2023-09-05,512.8499755859375
2023-09-06,513.0
2023-09-07,515.6500244140625
2023-09-08,518.1500244140625
2023-09-11,522.7000122070312
2023-09-12,508.95001220703125
2023-09-13,506.95001220703125
2023-09-14,513.9500122070312
2023-09-15,528.8499755859375
2023-09-18,526.2999877929688
2023-09-20,514.2000122070312
2023-09-21,508.6499938964844
2023-09-22,510.75
2023-09-25,504.20001220703125
2023-09-26,507.1000061035156
2023-09-27,505.70001220703125
2023-09-28,503.5
2023-09-29,502.1000061035156
2023-10-03,498.0
2023-10-04,500.75
2023-10-05,498.0
2023-10-06,496.95001220703125
2023-10-09,478.20001220703125
2023-10-10,469.25
2023-10-11,464.04998779296875
2023-10-12,455.70001220703125
2023-10-13,445.6000061035156
2023-10-16,454.70001220703125
2023-10-17,456.70001220703125
2023-10-18,448.3500061035156
2023-10-19,447.70001220703125
2023-10-20,436.95001220703125
2023-10-23,431.70001220703125
2023-10-25,418.79998779296875
2023-10-26,444.5
2023-10-27,453.0
2023-10-30,440.25
2023-10-31,448.6499938964844
2023-11-01,438.79998779296875
2023-11-02,440.75
2023-11-03,437.75
2023-11-06,434.25
2023-11-07,438.8999938964844
2023-11-08,436.1000061035156
2023-11-09,429.95001220703125
2023-11-10,434.6000061035156
2023-11-13,438.70001220703125
2023-11-15,403.3999938964844
2023-11-16,392.6499938964844
2023-11-17,377.8999938964844
2023-11-20,351.95001220703125
2023-11-21,357.79998779296875
2023-11-22,347.20001220703125
2023-11-23,355.0
2023-11-24,353.54998779296875
2023-11-28,345.8999938964844
2023-11-29,343.1499938964844
2023-11-30,353.1000061035156
2023-12-01,355.1000061035156
2023-12-04,360.6499938964844
2023-12-05,355.8500061035156
2023-12-06,347.29998779296875
2023-12-07,354.5
2023-12-08,357.70001220703125
2023-12-11,357.6499938964844
2023-12-12,354.3999938964844
2023-12-13,351.79998779296875
2023-12-14,350.3999938964844
2023-12-15,366.1000061035156
2023-12-18,388.45001220703125
2023-12-19,384.8999938964844
2023-12-20,355.6000061035156
2023-12-21,347.79998779296875
2023-12-22,359.1499938964844
2023-12-26,361.0
2023-12-27,360.79998779296875
2023-12-28,364.20001220703125
2023-12-29,366.54998779296875
2024-01-01,377.5
2024-01-02,372.8999938964844
2024-01-03,372.6000061035156
2024-01-04,371.3500061035156
2024-01-05,374.45001220703125
2024-01-08,370.3999938964844
2024-01-09,374.54998779296875
2024-01-10,369.6000061035156
2024-01-11,370.25
2024-01-12,370.54998779296875
2024-01-15,369.54998779296875
2024-01-16,366.79998779296875
2024-01-17,359.79998779296875
2024-01-18,355.3500061035156
2024-01-19,362.04998779296875
2024-01-23,355.79998779296875
2024-01-24,355.3500061035156
2024-01-25,351.3500061035156
2024-01-29,351.54998779296875
2024-01-30,355.0
2024-01-31,365.6000061035156
2024-02-01,357.70001220703125
2024-02-02,353.0
2024-02-05,350.25
2024-02-06,350.45001220703125
2024-02-07,350.25
2024-02-08,348.3999938964844
2024-02-09,349.5
2024-02-12,342.6000061035156
2024-02-13,333.8500061035156
2024-02-14,336.8500061035156
2024-02-15,311.45001220703125
2024-02-16,303.8999938964844
2024-02-19,344.25
2024-02-20,345.75
2024-02-21,332.70001220703125
2024-02-22,334.3999938964844
2024-02-23,331.6000061035156
2024-02-26,329.6499938964844
2024-02-27,324.25
2024-02-28,313.1000061035156
2024-02-29,308.45001220703125
2024-03-01,311.95001220703125
2024-03-04,313.29998779296875
2024-03-05,325.70001220703125
2024-03-06,329.6499938964844
2024-03-07,317.70001220703125
2024-03-11,311.25
2024-03-12,305.0
2024-03-13,286.8999938964844
2024-03-14,281.20001220703125
2024-03-15,289.29998779296875
2024-03-18,293.1000061035156
2024-03-19,287.8500061035156
2024-03-20,283.45001220703125
2024-03-21,286.54998779296875
2024-03-22,284.75
2024-03-26,279.45001220703125
2024-03-27,269.29998779296875
2024-03-28,263.54998779296875
2024-04-01,289.0
2024-04-02,291.3500061035156
2024-04-03,293.70001220703125
2024-04-04,308.04998779296875
2024-04-05,307.45001220703125
2024-04-08,304.3999938964844
2024-04-09,306.95001220703125
2024-04-10,304.1000061035156
2024-04-12,298.3999938964844
2024-04-15,291.5
2024-04-16,290.1499938964844
2024-04-18,292.25
2024-04-19,286.3500061035156
2024-04-22,292.6499938964844
2024-04-23,295.6499938964844
2024-04-24,317.25
2024-04-25,319.3500061035156
2024-04-26,318.8500061035156
2024-04-29,321.1499938964844
2024-04-30,317.3500061035156
2024-05-02,312.8500061035156
2024-05-03,309.6000061035156
2024-05-06,301.25
2024-05-07,300.70001220703125
2024-05-08,296.70001220703125
2024-05-09,292.54998779296875
2024-05-10,304.3500061035156
2024-05-13,297.0
2024-05-14,299.20001220703125
2024-05-15,301.70001220703125
2024-05-16,300.6499938964844
2024-05-17,303.3500061035156
2024-05-21,299.95001220703125
2024-05-22,301.25
2024-05-23,302.45001220703125
2024-05-24,302.75
2024-05-27,301.70001220703125
2024-05-28,301.3500061035156
2024-05-29,300.0
2024-05-30,299.3500061035156
2024-05-31,296.5
2024-06-03,288.3500061035156
2024-06-04,269.1499938964844
2024-06-05,277.70001220703125
2024-06-06,270.3999938964844
2024-06-07,279.54998779296875
2024-06-10,282.1499938964844
2024-06-11,284.6000061035156
2024-06-12,285.70001220703125
2024-06-13,287.25
2024-06-14,290.8999938964844
2024-06-18,287.3500061035156
2024-06-19,287.3500061035156
2024-06-20,289.79998779296875
2024-06-21,288.70001220703125
2024-06-24,286.3999938964844
2024-06-25,286.29998779296875
2024-06-26,285.8999938964844
2024-06-27,280.6499938964844
2024-06-28,282.1000061035156
2024-07-01,285.75
2024-07-02,284.25
2024-07-03,287.75
2024-07-04,288.45001220703125
2024-07-05,287.1000061035156
2024-07-08,284.70001220703125
2024-07-09,286.3999938964844
2024-07-10,315.3500061035156
2024-07-11,314.75
2024-07-12,311.1499938964844
2024-07-15,306.1000061035156
2024-07-16,309.5
2024-07-18,309.95001220703125
2024-07-19,300.8999938964844
2024-07-22,297.6499938964844
2024-07-23,316.04998779296875
2024-07-24,318.1499938964844
2024-07-25,316.5
2024-07-26,313.54998779296875
2024-07-29,315.3500061035156
2024-07-30,315.70001220703125
2024-07-31,314.6499938964844
2024-08-01,308.45001220703125
2024-08-02,304.70001220703125
2024-08-05,293.6499938964844
2024-08-06,289.79998779296875
2024-08-07,295.29998779296875
2024-08-08,296.1000061035156
2024-08-09,294.6499938964844
2024-08-12,295.45001220703125
2024-08-13,294.6000061035156
2024-08-14,295.6000061035156
2024-08-16,289.5
2024-08-19,293.3999938964844
2024-08-20,294.04998779296875
2024-08-21,293.95001220703125
2024-08-22,298.29998779296875
2024-08-23,300.0
2024-08-26,292.6499938964844
2024-08-27,295.45001220703125
2024-08-28,293.25
2024-08-29,295.1499938964844
2024-08-30,292.95001220703125
2024-09-02,292.3500061035156
2024-09-03,293.6499938964844
2024-09-04,293.20001220703125
2024-09-05,296.6499938964844
2024-09-06,292.54998779296875
2024-09-09,290.1000061035156
2024-09-10,293.20001220703125
2024-09-11,289.8500061035156
2024-09-12,290.25
2024-09-13,295.8999938964844
2024-09-16,296.1499938964844
2024-09-17,293.1000061035156
2024-09-18,290.25
2024-09-19,289.75
2024-09-20,283.6000061035156
2024-09-23,289.6000061035156
2024-09-24,292.8999938964844
2024-09-25,288.3999938964844
2024-09-26,287.70001220703125
2024-09-27,288.04998779296875
2024-09-30,290.29998779296875
2024-10-01,289.8500061035156
2024-10-03,283.45001220703125
2024-10-04,281.45001220703125
2024-10-07,271.25
2024-10-08,275.1000061035156
2024-10-09,277.8999938964844
2024-10-10,276.8500061035156
2024-10-11,291.45001220703125
2024-10-14,290.70001220703125
2024-10-15,284.70001220703125
2024-10-16,280.75
2024-10-17,280.8999938964844
2024-10-18,279.79998779296875
2024-10-21,273.3500061035156
2024-10-22,264.20001220703125
2024-10-23,242.6999969482422
2024-10-24,248.85000610351562
2024-10-25,238.35000610351562
2024-10-28,242.5
2024-10-29,244.75
2024-10-30,251.3000030517578
2024-10-31,257.70001220703125
2024-11-01,262.04998779296875
2024-11-04,254.35000610351562
2024-11-05,259.1000061035156
2024-11-06,262.3999938964844
2024-11-07,264.79998779296875
2024-11-08,259.3999938964844
2024-11-11,252.64999389648438
2024-11-12,246.85000610351562
2024-11-13,234.10000610351562
2024-11-14,235.5
2024-11-18,238.6999969482422
2024-11-19,237.1999969482422
2024-11-21,232.75
2024-11-22,234.14999389648438
2024-11-25,235.0
2024-11-26,229.9499969482422
2024-11-27,236.1999969482422
2024-11-28,236.10000610351562
2024-11-29,237.75
2024-12-02,234.52000427246094
2024-12-03,235.6699981689453
2024-12-04,232.58999633789062
2024-12-05,235.72000122070312
2024-12-06,235.99000549316406
2024-12-09,247.39999389648438
2024-12-10,242.35000610351562
2024-12-11,239.80999755859375
2024-12-12,236.9199981689453
2024-12-13,237.6199951171875
2024-12-16,240.2899932861328
2024-12-17,236.5800018310547
2024-12-18,233.49000549316406
2024-12-19,231.60000610351562
2024-12-20,235.97999572753906
2024-12-23,230.33999633789062
2024-12-24,228.91000366210938
2024-12-26,235.80999755859375
2024-12-27,234.5500030517578
2024-12-30,229.7100067138672
2024-12-31,230.6199951171875
2025-01-01,232.74000549316406
2025-01-02,231.89999389648438
2025-01-03,232.67999267578125
2025-01-06,223.02000427246094
2025-01-07,227.0800018310547
2025-01-08,224.47999572753906
2025-01-09,222.2100067138672
2025-01-10,217.4600067138672
2025-01-13,204.42999267578125
2025-01-14,214.35000610351562
2025-01-15,211.1999969482422
2025-01-16,211.33999633789062
2025-01-17,209.25999450683594
2025-01-20,209.5800018310547
2025-01-21,206.33999633789062
2025-01-22,201.82000732421875
2025-01-23,200.4600067138672
2025-01-24,197.14999389648438
2025-01-27,191.44000244140625
2025-01-28,187.0500030517578
2025-01-29,189.13999938964844
2025-01-30,185.58999633789062
2025-01-31,186.7899932861328
2025-02-01,185.57000732421875
2025-02-03,184.0
2025-02-04,186.8300018310547
2025-02-05,185.3800048828125
2025-02-06,193.52999877929688
2025-02-07,181.3699951171875
2025-02-10,179.14999389648438
2025-02-11,172.5
2025-02-12,167.6999969482422
2025-02-13,165.02000427246094
2025-02-14,158.64999389648438
2025-02-17,156.39999389648438
2025-02-18,159.3300018310547
2025-02-19,164.5800018310547
2025-02-20,185.8800048828125
2025-02-21,185.22000122070312
2025-02-24,174.50999450683594
2025-02-25,169.55999755859375
2025-02-27,164.8800048828125
2025-02-28,159.22000122070312
2025-03-03,157.9199981689453
2025-03-04,160.1300048828125
2025-03-05,163.27999877929688
2025-03-06,163.80999755859375
2025-03-07,160.9600067138672
2025-03-10,158.13999938964844
2025-03-11,159.14999389648438
2025-03-12,158.5
2025-03-13,156.1199951171875
2025-03-17,151.72999572753906
2025-03-18,151.72999572753906
2025-03-19,158.64999389648438
2025-03-20,187.5800018310547
2025-03-21,187.22000122070312
2025-03-24,212.42999267578125
2025-03-25,202.30999755859375
2025-03-26,190.85000610351562
2025-03-27,195.52000427246094
2025-03-28,185.55999755859375
2025-04-01,194.3000030517578
2025-04-02,194.32000732421875
2025-04-03,200.7100067138672
2025-04-04,192.33999633789062
2025-04-07,180.72999572753906
2025-04-08,184.5800018310547
2025-04-09,182.17999267578125
2025-04-11,187.6300048828125
2025-04-15,191.58999633789062
2025-04-16,192.69000244140625
2025-04-17,193.6999969482422
2025-04-21,197.63999938964844
2025-04-22,198.99000549316406
2025-04-23,199.72999572753906
2025-04-24,197.66000366210938
2025-04-25,187.3699951171875
2025-04-28,188.3300018310547
2025-04-29,187.9499969482422
2025-04-30,181.36000061035156
2025-05-02,180.75999450683594
2025-05-05,191.17999267578125
2025-05-06,187.72000122070312
2025-05-07,185.05999755859375
2025-05-08,181.52000427246094
2025-05-09,181.3300018310547
2025-05-12,189.3800048828125
2025-05-13,192.83999633789062
2025-05-14,194.0800018310547
2025-05-15,198.9199981689453
2025-05-16,203.07000732421875
2025-05-19,202.6300048828125
2025-05-20,196.77000427246094
2025-05-21,198.2899932861328
2025-05-22,195.7899932861328
2025-05-23,200.5800018310547
2025-05-26,196.63999938964844
2025-05-27,198.14999389648438
2025-05-28,201.3800048828125
2025-05-29,200.30999755859375
2025-05-30,200.99000549316406
2025-06-02,201.32000732421875
2025-06-03,197.4600067138672
2025-06-04,203.8300018310547
2025-06-05,199.10000610351562
2025-06-06,199.38999938964844
2025-06-09,202.5399932861328
2025-06-10,202.6300048828125
2025-06-11,205.7100067138672
2025-06-12,200.6300048828125
2025-06-13,193.07000732421875
2025-06-16,194.72000122070312
2025-06-17,192.3800048828125
2025-06-18,192.47999572753906
2025-06-19,187.27000427246094
2025-06-20,183.1199951171875
2025-06-23,184.4600067138672
2025-06-24,185.11000061035156
2025-06-25,196.97999572753906
2025-06-26,203.30999755859375
2025-06-27,198.22000122070312
2025-06-30,201.30999755859375
2025-07-01,202.38999938964844
2025-07-02,203.5
2025-07-03,201.4499969482422
2025-07-04,202.58999633789062
2025-07-07,202.5399932861328
2025-07-08,202.5500030517578
2025-07-09,203.0
2025-07-10,206.80999755859375
2025-07-11,202.3300018310547
2025-07-14,201.6300048828125
2025-07-15,205.10000610351562
2025-07-16,206.89999389648438
2025-07-17,207.02000427246094
2025-07-18,203.67999267578125
2025-07-21,200.97999572753906
2025-07-22,199.2100067138672
2025-07-23,199.0399932861328
2025-07-24,201.35000610351562
2025-07-25,195.38999938964844
2025-07-28,196.11000061035156
2025-07-29,194.97000122070312
2025-07-30,192.58999633789062
2025-07-31,188.47000122070312
2025-08-01,180.5800018310547
2025-08-04,187.47000122070312
2025-08-05,189.11000061035156
2025-08-06,180.7899932861328
2025-08-07,180.1999969482422
2025-08-08,176.9600067138672
2025-08-11,176.49000549316406
2025-08-12,178.63999938964844
2025-08-13,179.00999450683594
2025-08-14,176.14999389648438
2025-08-18,178.3300018310547
2025-08-19,182.94000244140625
2025-08-20,184.9199981689453
2025-08-21,189.5399932861328
