Date,ROST
2015-08-03,48.07716751098633
2015-08-04,48.222225189208984
2015-08-05,48.784324645996094
2015-08-06,48.566741943359375
2015-08-07,48.11343002319336
2015-08-10,48.71178436279297
2015-08-11,48.79338836669922
2015-08-12,48.55767059326172
2015-08-13,48.62113571166992
2015-08-14,48.702728271484375
2015-08-17,49.40986633300781
2015-08-18,51.25027084350586
2015-08-19,50.497806549072266
2015-08-20,50.08983612060547
2015-08-21,45.33015441894531
2015-08-24,43.816139221191406
2015-08-25,42.809810638427734
2015-08-26,44.3600959777832
2015-08-27,45.04005432128906
2015-08-28,44.78620147705078
2015-08-31,44.07905197143555
2015-09-01,43.03645324707031
2015-09-02,44.03437805175781
2015-09-03,44.06165313720703
2015-09-04,44.025291442871094
2015-09-08,45.234073638916016
2015-09-09,44.8796272277832
2015-09-10,45.297706604003906
2015-09-11,45.49765396118164
2015-09-14,44.95233917236328
2015-09-15,44.915992736816406
2015-09-16,45.215904235839844
2015-09-17,45.888465881347656
2015-09-18,44.64331817626953
2015-09-21,44.93415451049805
2015-09-22,44.46154022216797
2015-09-23,44.62514114379883
2015-09-24,44.42520523071289
2015-09-25,44.60696029663086
2015-09-28,43.1618766784668
2015-09-29,43.225502014160156
2015-09-30,44.05255889892578
2015-10-01,43.49816131591797
2015-10-02,44.28887176513672
2015-10-05,44.67058563232422
2015-10-06,43.343650817871094
2015-10-07,43.76172637939453
2015-10-08,44.55244064331055
2015-10-09,44.57061004638672
2015-10-12,45.92482376098633
2015-10-13,44.94324493408203
2015-10-14,44.079833984375
2015-10-15,44.8432731628418
2015-10-16,45.71577453613281
2015-10-19,45.797584533691406
2015-10-20,45.75214767456055
2015-10-21,45.606719970703125
2015-10-22,46.38833999633789
2015-10-23,45.13410949707031
2015-10-26,45.33406448364258
2015-10-27,44.752384185791016
2015-10-28,45.761226654052734
2015-10-29,45.606719970703125
2015-10-30,45.97026443481445
2015-11-02,46.04296875
2015-11-03,47.0245475769043
2015-11-04,46.91548156738281
2015-11-05,46.842769622802734
2015-11-06,45.806663513183594
2015-11-09,44.64331817626953
2015-11-10,45.38860321044922
2015-11-11,44.0980110168457
2015-11-12,43.725372314453125
2015-11-13,40.72612762451172
2015-11-16,41.59862518310547
2015-11-17,42.08942413330078
2015-11-18,42.18939208984375
2015-11-19,41.989437103271484
2015-11-20,46.206565856933594
2015-11-23,46.47013473510742
2015-11-24,47.64255905151367
2015-11-25,47.93341064453125
2015-11-27,47.8607063293457
2015-11-30,47.269935607910156
2015-12-01,48.25151062011719
2015-12-02,48.64231872558594
2015-12-03,47.724361419677734
2015-12-04,49.22397994995117
2015-12-07,49.021785736083984
2015-12-08,49.6229362487793
2015-12-09,49.222171783447266
2015-12-10,49.322364807128906
2015-12-11,48.78496551513672
2015-12-14,49.55917739868164
2015-12-15,49.258609771728516
2015-12-16,50.0328254699707
2015-12-17,49.05821228027344
2015-12-18,48.22935485839844
2015-12-21,49.012672424316406
2015-12-22,49.46809387207031
2015-12-23,49.495426177978516
2015-12-24,49.486324310302734
2015-12-28,49.54096984863281
2015-12-29,50.04193878173828
2015-12-30,49.68670654296875
2015-12-31,49.012672424316406
2016-01-04,49.52275085449219
2016-01-05,49.85063934326172
2016-01-06,49.085548400878906
2016-01-07,48.96712875366211
2016-01-08,47.45513153076172
2016-01-11,47.90143585205078
2016-01-12,49.595611572265625
2016-01-13,47.53709411621094
2016-01-14,48.110923767089844
2016-01-15,47.6281852722168
2016-01-19,47.892337799072266
2016-01-20,47.52799606323242
2016-01-21,47.573524475097656
2016-01-22,49.313255310058594
2016-01-25,48.83961868286133
2016-01-26,49.486324310302734
2016-01-27,48.9853401184082
2016-01-28,49.14019775390625
2016-01-29,51.24423599243164
2016-02-01,51.69967269897461
2016-02-02,51.48106002807617
2016-02-03,50.187652587890625
2016-02-04,49.6229362487793
2016-02-05,48.56636047363281
2016-02-08,48.57546615600586
2016-02-09,49.668487548828125
2016-02-10,49.040000915527344
2016-02-11,47.87411880493164
2016-02-12,48.9580192565918
2016-02-16,50.096588134765625
2016-02-17,50.16034698486328
2016-02-18,49.93263626098633
2016-02-19,49.814208984375
2016-02-22,50.488243103027344
2016-02-23,50.415382385253906
2016-02-24,51.23513412475586
2016-02-25,51.499290466308594
2016-02-26,51.27157211303711
2016-02-29,50.078365325927734
2016-03-01,51.2169303894043
2016-03-02,52.59230041503906
2016-03-03,52.6924934387207
2016-03-04,52.30082321166992
2016-03-07,52.401031494140625
2016-03-08,52.2643928527832
2016-03-09,51.53571701049805
2016-03-10,52.23418426513672
2016-03-11,52.91895294189453
2016-03-14,53.11068344116211
2016-03-15,53.07416534423828
2016-03-16,53.03765106201172
2016-03-17,53.43937301635742
2016-03-18,54.14241409301758
2016-03-21,53.348060607910156
2016-03-22,53.06502914428711
2016-03-23,53.119808197021484
2016-03-24,52.416778564453125
2016-03-28,52.581146240234375
2016-03-29,53.03765106201172
2016-03-30,53.265899658203125
2016-03-31,52.86417007446289
2016-04-01,53.53981399536133
2016-04-04,53.5489387512207
2016-04-05,52.86417007446289
2016-04-06,53.402854919433594
2016-04-07,51.76852798461914
2016-04-08,51.61332321166992
2016-04-11,51.17508316040039
2016-04-12,51.50375747680664
2016-04-13,51.99679183959961
2016-04-14,52.02418899536133
2016-04-15,51.99679183959961
2016-04-18,52.74547576904297
2016-04-19,52.52635192871094
2016-04-20,52.398529052734375
2016-04-21,52.270694732666016
2016-04-22,51.74114990234375
2016-04-25,52.04244613647461
2016-04-26,52.59025573730469
2016-04-27,53.14720153808594
2016-04-28,52.44417190551758
2016-04-29,51.8415641784668
2016-05-02,52.581146240234375
2016-05-03,52.31635665893555
2016-05-04,52.62678527832031
2016-05-05,51.55854034423828
2016-05-06,52.10635757446289
2016-05-09,53.101566314697266
2016-05-10,52.55373764038086
2016-05-11,49.705101013183594
2016-05-12,50.29856872558594
2016-05-13,49.59553146362305
2016-05-16,50.89202880859375
2016-05-17,49.778141021728516
2016-05-18,49.58640670776367
2016-05-19,50.69116973876953
2016-05-20,47.92470169067383
2016-05-23,47.842529296875
2016-05-24,48.71903991699219
2016-05-25,48.76469039916992
2016-05-26,49.19381332397461
2016-05-27,49.23033142089844
2016-05-31,48.75556564331055
2016-06-01,48.66426467895508
2016-06-02,49.02033615112305
2016-06-03,48.59470748901367
2016-06-06,47.908206939697266
2016-06-07,48.677085876464844
2016-06-08,48.924224853515625
2016-06-09,49.629024505615234
2016-06-10,49.0889778137207
2016-06-13,49.0066032409668
2016-06-14,49.326969146728516
2016-06-15,49.72055435180664
2016-06-16,49.821258544921875
2016-06-17,49.65648651123047
2016-06-20,49.6107177734375
2016-06-21,50.2056884765625
2016-06-22,49.821258544921875
2016-06-23,49.491737365722656
2016-06-24,49.81208419799805
2016-06-27,50.114139556884766
2016-06-28,50.654197692871094
2016-06-29,51.04777908325195
2016-06-30,51.88988494873047
2016-07-01,51.578670501708984
2016-07-05,51.587825775146484
2016-07-06,51.981422424316406
2016-07-07,51.7708854675293
2016-07-08,53.262882232666016
2016-07-11,53.14389419555664
2016-07-12,52.99742889404297
2016-07-13,53.12557601928711
2016-07-14,53.107261657714844
2016-07-15,53.262882232666016
2016-07-18,53.95852279663086
2016-07-19,54.19649887084961
2016-07-20,54.29719543457031
2016-07-21,54.20565414428711
2016-07-22,54.892154693603516
2016-07-25,55.95393371582031
2016-07-26,56.73196792602539
2016-07-27,56.19192123413086
2016-07-28,56.136993408203125
2016-07-29,56.59466552734375
2016-08-01,56.3658332824707
2016-08-02,55.54202651977539
2016-08-03,56.12785339355469
2016-08-04,56.283451080322266
2016-08-05,56.61296463012695
2016-08-08,56.3017578125
2016-08-09,55.65188217163086
2016-08-10,55.889862060546875
2016-08-11,56.71365737915039
2016-08-12,57.77544021606445
2016-08-15,57.86697769165039
2016-08-16,56.63127517700195
2016-08-17,57.02486801147461
2016-08-18,57.555763244628906
2016-08-19,59.551185607910156
2016-08-22,58.992801666259766
2016-08-23,58.85552215576172
2016-08-24,58.461936950683594
2016-08-25,58.04088592529297
2016-08-26,57.90357971191406
2016-08-29,57.76628494262695
2016-08-30,57.02486801147461
2016-08-31,57.093666076660156
2016-09-01,57.22209167480469
2016-09-02,57.54314041137695
2016-09-06,57.56149673461914
2016-09-07,57.66239547729492
2016-09-08,57.533973693847656
2016-09-09,55.75437545776367
2016-09-12,56.60749053955078
2016-09-13,56.11213684082031
2016-09-14,56.23139190673828
2016-09-15,56.82765579223633
2016-09-16,56.809295654296875
2016-09-19,57.35969924926758
2016-09-20,57.70827102661133
2016-09-21,58.111881256103516
2016-09-22,58.689788818359375
2016-09-23,58.94664764404297
2016-09-26,58.48797607421875
2016-09-27,59.06589889526367
2016-09-28,58.18526840209961
2016-09-29,58.111881256103516
2016-09-30,58.983333587646484
2016-10-03,58.919124603271484
2016-10-04,58.94664764404297
2016-10-05,59.148460388183594
2016-10-06,59.047542572021484
2016-10-07,58.964996337890625
2016-10-10,58.8915901184082
2016-10-11,58.47880935668945
2016-10-12,59.53371810913086
2016-10-13,59.45114517211914
2016-10-14,59.313575744628906
2016-10-17,59.06589889526367
2016-10-18,58.29534149169922
2016-10-19,58.121070861816406
2016-10-20,58.16691970825195
2016-10-21,58.157737731933594
2016-10-24,58.148582458496094
2016-10-25,57.91007995605469
2016-10-26,58.249481201171875
2016-10-27,57.157875061035156
2016-10-28,57.13035583496094
2016-10-31,57.368858337402344
2016-11-01,56.97441864013672
2016-11-02,56.97441864013672
2016-11-03,56.21303939819336
2016-11-04,56.32311248779297
2016-11-07,57.41471862792969
2016-11-08,57.65321731567383
2016-11-09,57.66239547729492
2016-11-10,58.01097106933594
2016-11-11,58.37789535522461
2016-11-14,58.341209411621094
2016-11-15,57.87338638305664
2016-11-16,58.5797119140625
2016-11-17,60.111637115478516
2016-11-18,62.377410888671875
2016-11-21,62.31318664550781
2016-11-22,63.239662170410156
2016-11-23,63.5240364074707
2016-11-25,63.33142852783203
2016-11-28,62.70761489868164
2016-11-29,62.90026092529297
2016-11-30,62.00128936767578
2016-12-01,61.80868911743164
2016-12-02,61.790313720703125
2016-12-05,61.721370697021484
2016-12-06,61.82249069213867
2016-12-07,62.74165725708008
2016-12-08,62.22690963745117
2016-12-09,62.153385162353516
2016-12-12,61.94196319580078
2016-12-13,62.7508430480957
2016-12-14,61.98792266845703
2016-12-15,61.8316764831543
2016-12-16,63.90895462036133
2016-12-19,62.879512786865234
2016-12-20,62.89789962768555
2016-12-21,62.5026741027832
2016-12-22,61.68461227416992
2016-12-23,61.68461227416992
2016-12-27,61.721370697021484
2016-12-28,61.14229965209961
2016-12-29,61.004425048828125
2016-12-30,60.29668426513672
2017-01-03,60.305877685546875
2017-01-04,61.16987991333008
2017-01-05,60.379425048828125
2017-01-06,60.03013229370117
2017-01-09,60.158809661865234
2017-01-10,61.37207794189453
2017-01-11,61.16987991333008
2017-01-12,61.20663833618164
2017-01-13,61.5191764831543
2017-01-17,61.69380569458008
2017-01-18,61.491600036621094
2017-01-19,60.62759017944336
2017-01-20,60.664344787597656
2017-01-23,59.84629821777344
2017-01-24,60.76544952392578
2017-01-25,60.62759017944336
2017-01-26,60.26911544799805
2017-01-27,60.04850387573242
2017-01-30,60.103660583496094
2017-01-31,60.76544952392578
2017-02-01,60.554046630859375
2017-02-02,60.33344268798828
2017-02-03,60.62759017944336
2017-02-06,60.97686767578125
2017-02-07,60.99522399902344
2017-02-08,62.1993293762207
2017-02-09,62.65892028808594
2017-02-10,63.22879409790039
2017-02-13,62.548614501953125
2017-02-14,63.14606857299805
2017-02-15,63.34828186035156
2017-02-16,62.74165725708008
2017-02-17,63.008209228515625
2017-02-21,63.24716567993164
2017-02-22,63.458595275878906
2017-02-23,62.17177200317383
2017-02-24,63.430992126464844
2017-02-27,63.559715270996094
2017-02-28,63.03578567504883
2017-03-01,61.3996696472168
2017-03-02,62.3280143737793
2017-03-03,61.64783477783203
2017-03-06,61.951148986816406
2017-03-07,61.46401596069336
2017-03-08,61.464019775390625
2017-03-09,61.40872573852539
2017-03-10,61.69435501098633
2017-03-13,61.685123443603516
2017-03-14,61.98917770385742
2017-03-15,62.2287483215332
2017-03-16,62.01683807373047
2017-03-17,62.33009719848633
2017-03-20,61.233673095703125
2017-03-21,60.597930908203125
2017-03-22,61.1323356628418
2017-03-23,60.597930908203125
2017-03-24,60.92042541503906
2017-03-27,60.201744079589844
2017-03-28,60.597930908203125
2017-03-29,60.86512756347656
2017-03-30,61.37186813354492
2017-03-31,60.690086364746094
2017-04-03,60.05433654785156
2017-04-04,58.65385437011719
2017-04-05,57.61273193359375
2017-04-06,58.46038055419922
2017-04-07,58.12868118286133
2017-04-10,58.506446838378906
2017-04-11,58.884212493896484
2017-04-12,58.71836853027344
2017-04-13,58.230037689208984
2017-04-17,58.30373764038086
2017-04-18,58.423526763916016
2017-04-19,58.71836853027344
2017-04-20,59.57522964477539
2017-04-21,59.79634094238281
2017-04-24,59.94376754760742
2017-04-25,59.65814971923828
2017-04-26,59.93455505371094
2017-04-27,60.38603210449219
2017-04-28,59.88848114013672
2017-05-01,59.04084777832031
2017-05-02,59.63050079345703
2017-05-03,60.017478942871094
2017-05-04,59.49230194091797
2017-05-05,59.6120719909668
2017-05-08,59.54758071899414
2017-05-09,60.091190338134766
2017-05-10,60.855918884277344
2017-05-11,60.100399017333984
2017-05-12,58.497230529785156
2017-05-15,57.4468879699707
2017-05-16,56.663734436035156
2017-05-17,56.682151794433594
2017-05-18,56.267547607421875
2017-05-19,57.30868148803711
2017-05-22,57.539005279541016
2017-05-23,57.14282989501953
2017-05-24,57.07834243774414
2017-05-25,58.0457649230957
2017-05-26,58.52486801147461
2017-05-30,58.44194412231445
2017-05-31,58.89341354370117
2017-06-01,58.67228317260742
2017-06-02,58.8754997253418
2017-06-05,58.487548828125
2017-06-06,57.12050247192383
2017-06-07,57.36989212036133
2017-06-08,56.64019012451172
2017-06-09,57.23134994506836
2017-06-12,57.13897705078125
2017-06-13,57.35143280029297
2017-06-14,56.436981201171875
2017-06-15,56.26148223876953
2017-06-16,55.49482727050781
2017-06-19,56.021324157714844
2017-06-20,53.314937591552734
2017-06-21,52.55751037597656
2017-06-22,51.69850540161133
2017-06-23,51.994075775146484
2017-06-26,52.37277603149414
2017-06-27,52.21574783325195
2017-06-28,53.37036895751953
2017-06-29,52.92698287963867
2017-06-30,53.324153900146484
2017-07-03,53.786006927490234
2017-07-05,53.010128021240234
2017-07-06,51.98482131958008
2017-07-07,51.85551071166992
2017-07-10,50.617794036865234
2017-07-11,50.19288635253906
2017-07-12,49.99891662597656
2017-07-13,50.266788482666016
2017-07-14,50.58082962036133
2017-07-17,50.55311584472656
2017-07-18,50.18365478515625
2017-07-19,50.266788482666016
2017-07-20,50.47922134399414
2017-07-21,50.16517639160156
2017-07-24,49.01980209350586
2017-07-25,49.906551361083984
2017-07-26,49.84189224243164
2017-07-27,50.913352966308594
2017-07-28,50.682437896728516
2017-07-31,51.09809494018555
2017-08-01,51.35672378540039
2017-08-02,51.40290832519531
2017-08-03,50.682437896728516
2017-08-04,51.596885681152344
2017-08-07,51.17198944091797
2017-08-08,51.652305603027344
2017-08-09,51.763145446777344
2017-08-10,50.617794036865234
2017-08-11,51.31977462768555
2017-08-14,50.590065002441406
2017-08-15,48.98286056518555
2017-08-16,50.22058868408203
2017-08-17,49.259971618652344
2017-08-18,54.51572036743164
2017-08-21,54.09082794189453
2017-08-22,54.6727409362793
2017-08-23,54.42335891723633
2017-08-24,53.878379821777344
2017-08-25,54.848262786865234
2017-08-28,54.51572036743164
2017-08-29,54.210906982421875
2017-08-30,53.97075653076172
2017-08-31,53.989219665527344
2017-09-01,54.42335891723633
2017-09-05,54.488014221191406
2017-09-06,54.784393310546875
2017-09-07,54.228675842285156
2017-09-08,54.200889587402344
2017-09-11,54.89553451538086
2017-09-12,56.19221115112305
2017-09-13,56.877586364746094
2017-09-14,56.12736511230469
2017-09-15,56.229244232177734
2017-09-18,56.321876525878906
2017-09-19,56.636783599853516
2017-09-20,56.423744201660156
2017-09-21,56.414493560791016
2017-09-22,56.39596939086914
2017-09-25,58.22057342529297
2017-09-26,59.08194351196289
2017-09-27,60.054439544677734
2017-09-28,60.01738739013672
2017-09-29,59.80435562133789
2017-10-02,59.915504455566406
2017-10-03,60.11927795410156
2017-10-04,60.4156494140625
2017-10-05,60.693511962890625
2017-10-06,61.119564056396484
2017-10-09,60.47124099731445
2017-10-10,60.054439544677734
2017-10-11,59.78583908081055
2017-10-12,58.60957717895508
2017-10-13,58.46137619018555
2017-10-16,58.26688766479492
2017-10-17,58.572532653808594
2017-10-18,58.64662170410156
2017-10-19,58.71145248413086
2017-10-20,59.48945617675781
2017-10-23,59.56354904174805
2017-10-24,59.591339111328125
2017-10-25,59.12825012207031
2017-10-26,59.52650833129883
2017-10-27,59.10972595214844
2017-10-30,58.73924255371094
2017-10-31,58.804080963134766
2017-11-01,58.79481506347656
2017-11-02,59.609859466552734
2017-11-03,59.3968391418457
2017-11-06,59.406105041503906
2017-11-07,60.00813293457031
2017-11-08,59.15602493286133
2017-11-09,59.80435562133789
2017-11-10,60.90653991699219
2017-11-13,60.11927795410156
2017-11-14,59.71175003051758
2017-11-15,59.84141540527344
2017-11-16,60.841705322265625
2017-11-17,66.91753387451172
2017-11-20,67.37136840820312
2017-11-21,67.3065185546875
2017-11-22,66.96385955810547
2017-11-24,66.05616760253906
2017-11-27,66.06543731689453
2017-11-28,67.43620300292969
2017-11-29,70.3444595336914
2017-11-30,70.56723022460938
2017-12-01,70.28878021240234
2017-12-04,72.40495300292969
2017-12-05,71.48607635498047
2017-12-06,71.27259826660156
2017-12-07,71.18907928466797
2017-12-08,71.36541748046875
2017-12-11,71.2447509765625
2017-12-12,70.91990661621094
2017-12-13,71.43968200683594
2017-12-14,70.0845947265625
2017-12-15,70.50223541259766
2017-12-18,71.98728942871094
2017-12-19,72.8968734741211
2017-12-20,73.8899917602539
2017-12-21,74.38189697265625
2017-12-22,74.66036224365234
2017-12-26,75.14297485351562
2017-12-27,74.92951202392578
2017-12-28,74.81813049316406
2017-12-29,74.4839859008789
2018-01-02,74.71603393554688
2018-01-03,74.6696548461914
2018-01-04,75.0965805053711
2018-01-05,76.0804214477539
2018-01-08,75.38430786132812
2018-01-09,74.72531127929688
2018-01-10,74.88311004638672
2018-01-11,76.62802124023438
2018-01-12,77.57475280761719
2018-01-16,75.0594711303711
2018-01-17,75.45856475830078
2018-01-18,75.78341674804688
2018-01-19,77.7418212890625
2018-01-22,78.41006469726562
2018-01-23,78.50288391113281
2018-01-24,78.51216125488281
2018-01-25,78.3265151977539
2018-01-26,79.31964874267578
2018-01-29,78.49361419677734
2018-01-30,77.3984146118164
2018-01-31,76.4702377319336
2018-02-01,76.10823822021484
2018-02-02,73.39806365966797
2018-02-05,71.37471008300781
2018-02-06,72.70195770263672
2018-02-07,72.38638305664062
2018-02-08,69.66687774658203
2018-02-09,71.76451873779297
2018-02-12,71.79236602783203
2018-02-13,72.22859954833984
2018-02-14,73.25885009765625
2018-02-15,74.81813049316406
2018-02-16,74.40974426269531
2018-02-20,72.37711334228516
2018-02-21,72.2843017578125
2018-02-22,72.85975646972656
2018-02-23,73.2031478881836
2018-02-26,74.20555114746094
2018-02-27,71.96873474121094
2018-02-28,72.47919464111328
2018-03-01,72.3492660522461
2018-03-02,72.78549194335938
2018-03-05,72.37711334228516
2018-03-06,74.72531127929688
2018-03-07,69.98248291015625
2018-03-08,69.8154067993164
2018-03-09,71.47681427001953
2018-03-12,70.93846130371094
2018-03-13,71.467529296875
2018-03-14,71.63459014892578
2018-03-15,71.30045318603516
2018-03-16,71.44474029541016
2018-03-19,71.71468353271484
2018-03-20,71.96601104736328
2018-03-21,72.05911254882812
2018-03-22,69.85294342041016
2018-03-23,69.66675567626953
2018-03-26,71.97532653808594
2018-03-27,71.60298156738281
2018-03-28,70.89551544189453
2018-03-29,72.58970642089844
2018-04-02,70.53246307373047
2018-04-03,70.9327621459961
2018-04-04,73.19476318359375
2018-04-05,74.2559814453125
2018-04-06,72.09632110595703
2018-04-09,71.62161254882812
2018-04-10,72.72005462646484
2018-04-11,71.95671844482422
2018-04-12,72.74797058105469
2018-04-13,70.90481567382812
2018-04-16,72.22666931152344
2018-04-17,73.32510375976562
2018-04-18,73.43679809570312
2018-04-19,73.30647277832031
2018-04-20,71.97532653808594
2018-04-23,72.7386474609375
2018-04-24,72.34768676757812
2018-04-25,72.8782730102539
2018-04-26,74.86105346679688
2018-04-27,76.0339584350586
2018-04-30,75.2613296508789
2018-05-01,73.89293670654297
2018-05-02,74.20011138916016
2018-05-03,74.81451416015625
2018-05-04,75.13099670410156
2018-05-07,73.94879150390625
2018-05-08,75.25200653076172
2018-05-09,76.19219207763672
2018-05-10,75.68950653076172
2018-05-11,76.2760009765625
2018-05-14,76.94622039794922
2018-05-15,77.048583984375
2018-05-16,77.60714721679688
2018-05-17,77.66300201416016
2018-05-18,76.76934051513672
2018-05-21,76.26667785644531
2018-05-22,76.64832305908203
2018-05-23,76.89967346191406
2018-05-24,77.22547912597656
2018-05-25,71.99395751953125
2018-05-29,71.9008560180664
2018-05-30,73.44612121582031
2018-05-31,73.427490234375
2018-06-01,75.13099670410156
2018-06-04,77.3930435180664
2018-06-05,78.09117889404297
2018-06-06,78.65901184082031
2018-06-07,79.20824432373047
2018-06-08,79.9063949584961
2018-06-11,79.85504913330078
2018-06-12,79.99507904052734
2018-06-13,79.04308319091797
2018-06-14,78.86573028564453
2018-06-15,79.46308135986328
2018-06-18,79.28572082519531
2018-06-19,79.28572082519531
2018-06-20,80.8350601196289
2018-06-21,80.84439086914062
2018-06-22,80.24706268310547
2018-06-25,79.57506561279297
2018-06-26,79.72439575195312
2018-06-27,79.21107482910156
2018-06-28,79.42574310302734
2018-06-29,79.09907531738281
2018-07-02,78.93108367919922
2018-07-03,79.48175811767578
2018-07-05,79.43507385253906
2018-07-06,80.56437683105469
2018-07-09,80.5363998413086
2018-07-10,80.1910629272461
2018-07-11,79.1084213256836
2018-07-12,79.16441345214844
2018-07-13,79.48175811767578
2018-07-16,79.46308135986328
2018-07-17,80.6297378540039
2018-07-18,81.21770477294922
2018-07-19,81.60970306396484
2018-07-20,80.81640625
2018-07-23,81.69371032714844
2018-07-24,80.72306060791016
2018-07-25,81.62837982177734
2018-07-26,82.17903137207031
2018-07-27,80.20040130615234
2018-07-30,80.95638275146484
2018-07-31,81.60037994384766
2018-08-01,80.66706085205078
2018-08-02,83.49502563476562
2018-08-03,83.11235809326172
2018-08-06,83.70968627929688
2018-08-07,84.69902038574219
2018-08-08,85.7070083618164
2018-08-09,86.02433013916016
2018-08-10,85.49234771728516
2018-08-13,84.94171142578125
2018-08-14,86.65898132324219
2018-08-15,85.09098815917969
2018-08-16,85.62300109863281
2018-08-17,85.74433898925781
2018-08-20,86.16433715820312
2018-08-21,86.69630432128906
2018-08-22,87.18165588378906
2018-08-23,88.6936264038086
2018-08-24,88.74962615966797
2018-08-27,87.97498321533203
2018-08-28,88.3016357421875
2018-08-29,89.65493774414062
2018-08-30,88.58161926269531
2018-08-31,89.39362335205078
2018-09-04,91.17627716064453
2018-09-05,90.96159362792969
2018-09-06,90.85893249511719
2018-09-07,90.11229705810547
2018-09-10,91.38157653808594
2018-09-11,91.89493560791016
2018-09-12,90.99219512939453
2018-09-13,90.83317565917969
2018-09-14,90.54318237304688
2018-09-17,90.00997924804688
2018-09-18,90.68351745605469
2018-09-19,90.69285583496094
2018-09-20,90.2064208984375
2018-09-21,91.19800567626953
2018-09-24,91.01093292236328
2018-09-25,91.21672821044922
2018-09-26,92.76959228515625
2018-09-27,93.04087829589844
2018-09-28,92.7041015625
2018-10-01,92.21768188476562
2018-10-02,90.10353088378906
2018-10-03,90.49642944335938
2018-10-04,88.99032592773438
2018-10-05,88.5225830078125
2018-10-08,89.69192504882812
2018-10-09,90.87996673583984
2018-10-10,88.8874282836914
2018-10-11,88.23258972167969
2018-10-12,89.68258666992188
2018-10-15,90.39351654052734
2018-10-16,91.97444915771484
2018-10-17,90.70220947265625
2018-10-18,89.73870849609375
2018-10-19,88.57870483398438
2018-10-22,90.43092346191406
2018-10-23,89.94448852539062
2018-10-24,89.25225830078125
2018-10-25,90.17835998535156
2018-10-26,90.487060546875
2018-10-29,91.93701934814453
2018-10-30,93.3402099609375
2018-10-31,92.61055755615234
2018-11-01,92.06797790527344
2018-11-02,93.57408905029297
2018-11-05,94.72468566894531
2018-11-06,94.93049621582031
2018-11-07,96.11852264404297
2018-11-08,96.6611099243164
2018-11-09,96.1279067993164
2018-11-12,95.20179748535156
2018-11-13,93.7798843383789
2018-11-14,91.58154296875
2018-11-15,90.25321197509766
2018-11-16,89.13064575195312
2018-11-19,85.30461883544922
2018-11-20,77.30642700195312
2018-11-21,76.3615951538086
2018-11-23,75.17357635498047
2018-11-26,75.706787109375
2018-11-27,77.39061737060547
2018-11-28,80.85181427001953
2018-11-29,80.39346313476562
2018-11-30,81.94631958007812
2018-12-03,79.28024291992188
2018-12-04,76.48320770263672
2018-12-06,76.52545166015625
2018-12-07,73.48616790771484
2018-12-10,75.05272674560547
2018-12-11,75.55924987792969
2018-12-12,75.88756561279297
2018-12-13,75.81250762939453
2018-12-14,74.30226135253906
2018-12-17,73.42990112304688
2018-12-18,74.00209045410156
2018-12-19,73.6081314086914
2018-12-20,72.3792953491211
2018-12-21,72.2104263305664
2018-12-24,71.57257080078125
2018-12-26,76.722412109375
2018-12-27,76.76931762695312
2018-12-28,76.52545166015625
2018-12-31,78.0450668334961
2019-01-02,78.5891342163086
2019-01-03,77.93250274658203
2019-01-04,80.0524673461914
2019-01-07,83.4200439453125
2019-01-08,85.86832427978516
2019-01-09,84.74266815185547
2019-01-10,85.10853576660156
2019-01-11,85.55877685546875
2019-01-14,85.01470184326172
2019-01-15,85.2210922241211
2019-01-16,84.65824890136719
2019-01-17,85.17414855957031
2019-01-18,87.24726867675781
2019-01-22,85.95274353027344
2019-01-23,85.84017944335938
2019-01-24,85.54939270019531
2019-01-25,86.7782211303711
2019-01-28,85.86832427978516
2019-01-29,85.80268096923828
2019-01-30,86.57186126708984
2019-01-31,86.41239166259766
2019-02-01,86.04657745361328
2019-02-04,86.61875915527344
2019-02-05,87.41607666015625
2019-02-06,86.9189224243164
2019-02-07,86.853271484375
2019-02-08,87.19097137451172
2019-02-11,88.29784393310547
2019-02-12,88.8888168334961
2019-02-13,88.7762451171875
2019-02-14,87.5099105834961
2019-02-15,88.18528747558594
2019-02-19,87.86634826660156
2019-02-20,88.14777374267578
2019-02-21,87.73501586914062
2019-02-22,88.52297973632812
2019-02-25,88.0445785522461
2019-02-26,88.49483489990234
2019-02-27,88.9075698852539
2019-02-28,88.95448303222656
2019-03-01,88.98263549804688
2019-03-04,87.80070495605469
2019-03-05,88.33537292480469
2019-03-06,88.57927703857422
2019-03-07,86.68441772460938
2019-03-08,83.5419692993164
2019-03-11,85.11788940429688
2019-03-12,85.5118637084961
2019-03-13,85.07101440429688
2019-03-14,83.71082305908203
2019-03-15,84.57158660888672
2019-03-18,85.72867584228516
2019-03-19,86.2837142944336
2019-03-20,86.08616638183594
2019-03-21,86.0767593383789
2019-03-22,84.2235107421875
2019-03-25,84.47752380371094
2019-03-26,85.51232147216797
2019-03-27,86.22728729248047
2019-03-28,86.46247100830078
2019-03-29,87.5819320678711
2019-04-01,88.67318725585938
2019-04-02,88.20282745361328
2019-04-03,89.35050964355469
2019-04-04,91.70233154296875
2019-04-05,92.57720947265625
2019-04-08,92.82179260253906
2019-04-09,91.76818084716797
2019-04-10,92.51134490966797
2019-04-11,91.84344482421875
2019-04-12,91.59886169433594
2019-04-15,92.20088195800781
2019-04-16,93.01934051513672
2019-04-17,93.9977035522461
2019-04-18,94.07298278808594
2019-04-22,91.98454284667969
2019-04-23,92.059814453125
2019-04-24,92.71830749511719
2019-04-25,92.21031188964844
2019-04-26,92.70893096923828
2019-04-29,92.44548797607422
2019-04-30,91.8716812133789
2019-05-01,90.1971664428711
2019-05-02,90.64871978759766
2019-05-03,91.37307739257812
2019-05-06,91.61767578125
2019-05-07,90.08426666259766
2019-05-08,91.09085845947266
2019-05-09,91.26020050048828
2019-05-10,91.71173858642578
2019-05-13,87.91117858886719
2019-05-14,88.8613052368164
2019-05-15,88.89894104003906
2019-05-16,90.1971664428711
2019-05-17,91.43893432617188
2019-05-20,90.9403305053711
2019-05-21,91.6270751953125
2019-05-22,88.92718505859375
2019-05-23,88.90836334228516
2019-05-24,87.28089141845703
2019-05-28,85.91683959960938
2019-05-29,84.94789123535156
2019-05-30,87.39379119873047
2019-05-31,87.47843170166016
2019-06-03,86.58474731445312
2019-06-04,89.03064727783203
2019-06-05,89.35990142822266
2019-06-06,90.4605712890625
2019-06-07,93.28276824951172
2019-06-10,92.42919158935547
2019-06-11,92.87248229980469
2019-06-12,92.72157287597656
2019-06-13,94.82479095458984
2019-06-14,95.23038482666016
2019-06-17,95.67366027832031
2019-06-18,96.77713775634766
2019-06-19,97.50334930419922
2019-06-20,98.62572479248047
2019-06-21,98.05040740966797
2019-06-24,97.00350189208984
2019-06-25,95.73965454101562
2019-06-26,96.5790786743164
2019-06-27,94.82479095458984
2019-06-28,93.48552703857422
2019-07-01,93.353515625
2019-07-02,92.59896850585938
2019-07-03,94.31550598144531
2019-07-05,95.1454849243164
2019-07-08,95.8056869506836
2019-07-09,96.18295288085938
2019-07-10,96.77713775634766
2019-07-11,97.05064392089844
2019-07-12,99.99330139160156
2019-07-15,100.30455017089844
2019-07-16,100.73836517333984
2019-07-17,101.19110870361328
2019-07-18,100.95530700683594
2019-07-19,100.54977416992188
2019-07-22,99.9178466796875
2019-07-23,100.07819366455078
2019-07-24,99.92727661132812
2019-07-25,99.52172088623047
2019-07-26,100.75727081298828
2019-07-29,100.45545196533203
2019-07-30,100.29511260986328
2019-07-31,100.00273132324219
2019-08-01,97.68258666992188
2019-08-02,97.60710906982422
2019-08-05,95.46617126464844
2019-08-06,97.50334930419922
2019-08-07,98.00323486328125
2019-08-08,100.95530700683594
2019-08-09,99.50285339355469
2019-08-12,97.40904235839844
2019-08-13,100.3894271850586
2019-08-14,96.36213684082031
2019-08-15,95.64534759521484
2019-08-16,97.31474304199219
2019-08-19,98.17300415039062
2019-08-20,98.26731872558594
2019-08-21,99.69146728515625
2019-08-22,101.29485321044922
2019-08-23,97.09780883789062
2019-08-26,98.61628723144531
2019-08-27,96.74886322021484
2019-08-28,98.61628723144531
2019-08-29,101.02133178710938
2019-08-30,99.9838638305664
2019-09-03,99.05013275146484
2019-09-04,99.94613647460938
2019-09-05,103.14344024658203
2019-09-06,102.97367095947266
2019-09-09,102.32291412353516
2019-09-10,102.01165771484375
2019-09-11,102.39452362060547
2019-09-12,103.38719177246094
2019-09-13,103.16975402832031
2019-09-16,101.71385192871094
2019-09-17,102.23383331298828
2019-09-18,102.77268981933594
2019-09-19,102.67814636230469
2019-09-20,99.02897644042969
2019-09-23,101.1844482421875
2019-09-24,101.76112365722656
2019-09-25,102.32835388183594
2019-09-26,101.95967102050781
2019-09-27,103.09412384033203
2019-09-30,103.85042572021484
2019-10-01,103.33045959472656
2019-10-02,101.65711975097656
2019-10-03,101.08991241455078
2019-10-04,102.98065185546875
2019-10-07,102.23383331298828
2019-10-08,101.98804473876953
2019-10-09,103.20755004882812
2019-10-10,104.94706726074219
2019-10-11,106.31785583496094
2019-10-14,105.3157730102539
2019-10-15,105.82627868652344
2019-10-16,106.1287841796875
2019-10-17,106.85673522949219
2019-10-18,107.89666748046875
2019-10-21,104.918701171875
2019-10-22,105.78844451904297
2019-10-23,103.88823699951172
2019-10-24,104.40821075439453
2019-10-25,104.64453887939453
2019-10-28,103.41552734375
2019-10-29,102.87669372558594
2019-10-30,104.29475402832031
2019-10-31,103.68025970458984
2019-11-01,104.92815399169922
2019-11-04,105.6655502319336
2019-11-05,105.93971252441406
2019-11-06,106.1287841796875
2019-11-07,106.8945541381836
2019-11-08,105.71282196044922
2019-11-11,106.05315399169922
2019-11-12,104.90924835205078
2019-11-13,105.30632781982422
2019-11-14,106.6771011352539
2019-11-15,107.17817687988281
2019-11-18,106.0626220703125
2019-11-19,106.28005981445312
2019-11-20,104.40821075439453
2019-11-21,105.68445587158203
2019-11-22,105.42920684814453
2019-11-25,107.14035034179688
2019-11-26,109.03112030029297
2019-11-27,109.97651672363281
2019-11-29,109.80634307861328
2019-12-02,109.6645278930664
2019-12-03,108.0290298461914
2019-12-04,107.91556549072266
2019-12-05,107.53182983398438
2019-12-06,107.92977905273438
2019-12-09,109.0194091796875
2019-12-10,108.91519165039062
2019-12-11,108.82044982910156
2019-12-12,110.3364486694336
2019-12-13,109.42684173583984
2019-12-16,108.38458251953125
2019-12-17,107.83504486083984
2019-12-18,107.53182983398438
2019-12-19,109.11416625976562
2019-12-20,109.18049621582031
2019-12-23,108.20455932617188
2019-12-24,109.07624053955078
2019-12-26,109.25629425048828
2019-12-27,108.9246597290039
2019-12-30,110.38380432128906
2019-12-31,110.30801391601562
2020-01-02,110.69648742675781
2020-01-03,110.72490692138672
2020-01-06,111.2649917602539
2020-01-07,112.56306457519531
2020-01-08,112.89469909667969
2020-01-09,115.71824645996094
2020-01-10,114.38227081298828
2020-01-13,113.671630859375
2020-01-14,112.71466827392578
2020-01-15,111.58712768554688
2020-01-16,111.85245513916016
2020-01-17,111.50187683105469
2020-01-21,111.6155776977539
2020-01-22,111.24603271484375
2020-01-23,112.00405883789062
2020-01-24,109.68266296386719
2020-01-27,108.82044982910156
2020-01-28,108.46985626220703
2020-01-29,108.27088928222656
2020-01-30,108.18560791015625
2020-01-31,106.30008697509766
2020-02-03,107.85399627685547
2020-02-04,110.24169158935547
2020-02-05,112.50621032714844
2020-02-06,111.98509216308594
2020-02-07,111.2649917602539
2020-02-10,112.05140686035156
2020-02-11,113.41580963134766
2020-02-12,113.75691223144531
2020-02-13,114.26856994628906
2020-02-14,115.38661193847656
2020-02-18,116.05934143066406
2020-02-19,116.4857177734375
2020-02-20,117.3100357055664
2020-02-21,116.76996612548828
2020-02-24,115.23502349853516
2020-02-25,110.62068939208984
2020-02-26,112.94207000732422
2020-02-27,106.06322479248047
2020-02-28,103.0691146850586
2020-03-02,106.10112762451172
2020-03-03,103.48601531982422
2020-03-04,103.80815124511719
2020-03-05,96.351318359375
2020-03-06,97.12828063964844
2020-03-09,89.83252716064453
2020-03-10,96.5029296875
2020-03-11,93.3856430053711
2020-03-12,86.55416107177734
2020-03-13,87.95648193359375
2020-03-16,70.26444244384766
2020-03-17,66.11109161376953
2020-03-18,56.99659729003906
2020-03-19,61.77720260620117
2020-03-20,60.73173904418945
2020-03-23,59.80032730102539
2020-03-24,68.03096771240234
2020-03-25,77.25951385498047
2020-03-26,81.35581970214844
2020-03-27,78.45704650878906
2020-03-30,80.66200256347656
2020-03-31,82.65789794921875
2020-04-01,77.06942749023438
2020-04-02,75.46321868896484
2020-04-03,71.04376983642578
2020-04-06,82.85749816894531
2020-04-07,80.60497283935547
2020-04-08,84.634765625
2020-04-09,84.34014129638672
2020-04-13,82.68640899658203
2020-04-14,86.45955657958984
2020-04-15,84.16905975341797
2020-04-16,82.86698913574219
2020-04-17,87.1723861694336
2020-04-20,82.22069549560547
2020-04-21,78.599609375
2020-04-22,79.71160888671875
2020-04-23,78.5330810546875
2020-04-24,81.25126647949219
2020-04-27,86.3265151977539
2020-04-28,87.95172882080078
2020-04-29,92.23811340332031
2020-04-30,86.83023071289062
2020-05-01,84.5492172241211
2020-05-04,84.00747680664062
2020-05-05,84.36863708496094
2020-05-06,84.45417785644531
2020-05-07,85.39511108398438
2020-05-08,86.92527770996094
2020-05-11,86.25047302246094
2020-05-12,82.32524871826172
2020-05-13,79.56903839111328
2020-05-14,80.32935333251953
2020-05-15,81.0802001953125
2020-05-18,86.13640594482422
2020-05-19,85.43309783935547
2020-05-20,86.38353729248047
2020-05-21,92.06703186035156
2020-05-22,89.22526550292969
2020-05-26,89.90956115722656
2020-05-27,91.70586395263672
2020-05-28,93.3976058959961
2020-05-29,92.152587890625
2020-06-01,92.38067626953125
2020-06-02,93.91084289550781
2020-06-03,95.1749038696289
2020-06-04,94.05339813232422
2020-06-05,97.39889526367188
2020-06-08,97.66500091552734
2020-06-09,96.5530014038086
2020-06-10,95.0798568725586
2020-06-11,89.69098663330078
2020-06-12,87.89472198486328
2020-06-15,86.80171966552734
2020-06-16,92.77985382080078
2020-06-17,91.88643646240234
2020-06-18,87.79965209960938
2020-06-19,88.68356323242188
2020-06-22,86.1839370727539
2020-06-23,86.92527770996094
2020-06-24,82.73391723632812
2020-06-25,80.09176635742188
2020-06-26,79.5975570678711
2020-06-29,81.01366424560547
2020-06-30,81.01366424560547
2020-07-01,82.86698913574219
2020-07-02,84.18806457519531
2020-07-06,85.67072296142578
2020-07-07,82.09715270996094
2020-07-08,81.7549819946289
2020-07-09,80.51945495605469
2020-07-10,82.48683166503906
2020-07-13,80.61448669433594
2020-07-14,76.19503784179688
2020-07-15,79.51202392578125
2020-07-16,80.36737823486328
2020-07-17,81.53639221191406
2020-07-20,80.58598327636719
2020-07-21,82.22069549560547
2020-07-22,84.37814331054688
2020-07-23,83.38970184326172
2020-07-24,81.88807678222656
2020-07-27,80.89962768554688
2020-07-28,81.62193298339844
2020-07-29,84.04550170898438
2020-07-30,84.53971862792969
2020-07-31,85.22401428222656
2020-08-03,83.52276611328125
2020-08-04,83.99798583984375
2020-08-05,84.2831039428711
2020-08-06,82.65789794921875
2020-08-07,85.00542449951172
2020-08-10,87.92321014404297
2020-08-11,88.95916748046875
2020-08-12,89.4058609008789
2020-08-13,88.4554443359375
2020-08-14,89.39635467529297
2020-08-17,92.31413269042969
2020-08-18,89.62447357177734
2020-08-19,85.7847671508789
2020-08-20,83.12360382080078
2020-08-21,82.8954849243164
2020-08-24,84.8818588256836
2020-08-25,86.72569274902344
2020-08-26,85.40460968017578
2020-08-27,86.35502624511719
2020-08-28,89.17777252197266
2020-08-31,86.5641098022461
2020-09-01,86.74468231201172
2020-09-02,89.87158203125
2020-09-03,89.1397476196289
2020-09-04,88.69303894042969
2020-09-08,88.94965362548828
2020-09-09,88.83562469482422
2020-09-10,86.21244812011719
2020-09-11,85.74675750732422
2020-09-14,89.1207275390625
2020-09-15,89.26329803466797
2020-09-16,91.2591781616211
2020-09-17,89.22526550292969
2020-09-18,87.69509887695312
2020-09-21,85.93684387207031
2020-09-22,86.12692260742188
2020-09-23,83.38970184326172
2020-09-24,82.38227844238281
2020-09-25,83.57029724121094
2020-09-28,87.68560791015625
2020-09-29,86.51659393310547
2020-09-30,88.69303894042969
2020-10-01,90.12818145751953
2020-10-02,91.44927215576172
2020-10-05,92.2666244506836
2020-10-06,89.9476089477539
2020-10-07,92.32363891601562
2020-10-08,93.00794982910156
2020-10-09,93.53067779541016
2020-10-12,93.749267578125
2020-10-13,92.79885864257812
2020-10-14,91.51578521728516
2020-10-15,91.4207534790039
2020-10-16,90.40381622314453
2020-10-19,86.45006561279297
2020-10-20,87.60955810546875
2020-10-21,87.60006713867188
2020-10-22,88.54100036621094
2020-10-23,90.69841766357422
2020-10-26,87.09632873535156
2020-10-27,86.91578674316406
2020-10-28,81.05168914794922
2020-10-29,82.67691040039062
2020-10-30,80.9471206665039
2020-11-02,84.19756317138672
2020-11-03,87.09632873535156
2020-11-04,87.62857818603516
2020-11-05,90.23271942138672
2020-11-06,88.67404174804688
2020-11-09,102.47410583496094
2020-11-10,103.99478149414062
2020-11-11,99.01460266113281
2020-11-12,99.42326354980469
2020-11-13,102.76875305175781
2020-11-16,105.34436798095703
2020-11-17,104.98322296142578
2020-11-18,105.78157806396484
2020-11-19,104.73609924316406
2020-11-20,103.58611297607422
2020-11-23,102.81626892089844
2020-11-24,107.78697204589844
2020-11-25,105.42041015625
2020-11-27,104.10884094238281
2020-11-30,102.18900299072266
2020-12-01,106.00968170166016
2020-12-02,106.04766845703125
2020-12-03,107.45430755615234
2020-12-04,109.5262222290039
2020-12-07,107.967529296875
2020-12-08,107.84398651123047
2020-12-09,108.15763092041016
2020-12-10,107.701416015625
2020-12-11,107.22620391845703
2020-12-14,105.06877899169922
2020-12-15,107.4828109741211
2020-12-16,107.80595397949219
2020-12-17,110.90432739257812
2020-12-18,111.82624053955078
2020-12-21,110.9993667602539
2020-12-22,110.95185089111328
2020-12-23,112.28243255615234
2020-12-24,112.16836547851562
2020-12-28,116.5403060913086
2020-12-29,115.43782806396484
2020-12-30,116.416748046875
2020-12-31,116.72089385986328
2021-01-04,111.26548767089844
2021-01-05,111.36052703857422
2021-01-06,116.2266845703125
2021-01-07,115.97005462646484
2021-01-08,116.34073638916016
2021-01-11,114.87708282470703
2021-01-12,115.15271759033203
2021-01-13,113.25186157226562
2021-01-14,111.26548767089844
2021-01-15,111.17044067382812
2021-01-19,108.32869720458984
2021-01-20,109.35514831542969
2021-01-21,109.66876983642578
2021-01-22,107.71092224121094
2021-01-25,107.91051483154297
2021-01-26,106.12372589111328
2021-01-27,102.54063415527344
2021-01-28,108.14810943603516
2021-01-29,105.77206420898438
2021-02-01,106.83653259277344
2021-02-02,110.51464080810547
2021-02-03,111.85474395751953
2021-02-04,112.86219024658203
2021-02-05,112.83367919921875
2021-02-08,114.67749786376953
2021-02-09,114.09774017333984
2021-02-10,114.31632232666016
2021-02-11,115.83699035644531
2021-02-12,113.18533325195312
2021-02-16,113.98368835449219
2021-02-17,113.54649353027344
2021-02-18,114.24979400634766
2021-02-19,113.05227661132812
2021-02-22,115.47584533691406
2021-02-23,114.29730987548828
2021-02-24,117.4812240600586
2021-02-25,112.88117980957031
2021-02-26,110.85680389404297
2021-03-01,114.59195709228516
2021-03-02,111.80721282958984
2021-03-03,105.54396057128906
2021-03-04,106.46586608886719
2021-03-05,107.52085876464844
2021-03-08,114.40186309814453
2021-03-09,118.78327941894531
2021-03-10,115.54235076904297
2021-03-11,114.87708282470703
2021-03-12,116.5403060913086
2021-03-15,119.33627319335938
2021-03-16,117.54534149169922
2021-03-17,117.82160949707031
2021-03-18,117.33576202392578
2021-03-19,115.5638427734375
2021-03-22,114.94465637207031
2021-03-23,111.15318298339844
2021-03-24,110.01000213623047
2021-03-25,113.353759765625
2021-03-26,116.56413269042969
2021-03-29,114.34449005126953
2021-03-30,114.67790222167969
2021-03-31,114.23019409179688
2021-04-01,114.80176544189453
2021-04-05,117.1547622680664
2021-04-06,117.65011596679688
2021-04-07,117.56438446044922
2021-04-08,121.41301727294922
2021-04-09,122.14656829833984
2021-04-12,121.93697357177734
2021-04-13,120.40325164794922
2021-04-14,120.8604965209961
2021-04-15,122.956298828125
2021-04-16,123.75651550292969
2021-04-19,121.45111846923828
2021-04-20,119.04097747802734
2021-04-21,121.3368148803711
2021-04-22,121.78453826904297
2021-04-23,122.71812438964844
2021-04-26,121.16534423828125
2021-04-27,123.05155181884766
2021-04-28,122.43235778808594
2021-04-29,124.96633911132812
2021-04-30,124.73773956298828
2021-05-03,125.87136840820312
2021-05-04,125.73799133300781
2021-05-05,122.62287139892578
2021-05-06,122.9467544555664
2021-05-07,126.66205596923828
2021-05-10,124.7567367553711
2021-05-11,123.00390625
2021-05-12,118.2121810913086
2021-05-13,119.78404235839844
2021-05-14,124.31855773925781
2021-05-17,122.33707427978516
2021-05-18,118.8980712890625
2021-05-19,119.21244049072266
2021-05-20,116.6784439086914
2021-05-21,117.41197967529297
2021-05-24,117.65967559814453
2021-05-25,118.00260162353516
2021-05-26,120.16507720947266
2021-05-27,119.70780181884766
2021-05-28,120.40325164794922
2021-06-01,117.1452407836914
2021-06-02,115.25900268554688
2021-06-03,113.82054901123047
2021-06-04,113.81101989746094
2021-06-07,113.8444595336914
2021-06-08,114.84709167480469
2021-06-09,114.67520904541016
2021-06-10,112.65080261230469
2021-06-11,114.66566467285156
2021-06-14,113.8444595336914
2021-06-15,113.37655639648438
2021-06-16,113.61528015136719
2021-06-17,112.89908599853516
2021-06-18,110.06298828125
2021-06-21,114.02587127685547
2021-06-22,114.97122955322266
2021-06-23,115.4295883178711
2021-06-24,117.61634063720703
2021-06-25,117.99829864501953
2021-06-28,116.28901672363281
2021-06-29,116.65187072753906
2021-06-30,118.4089126586914
2021-07-01,119.35428619384766
2021-07-02,120.55746459960938
2021-07-06,120.81527709960938
2021-07-07,118.4948501586914
2021-07-08,116.18397521972656
2021-07-09,119.14419555664062
2021-07-12,118.5044174194336
2021-07-13,117.13887786865234
2021-07-14,119.25877380371094
2021-07-15,118.1224365234375
2021-07-16,114.10226440429688
2021-07-19,110.33037567138672
2021-07-20,113.24285125732422
2021-07-21,116.16487121582031
2021-07-22,115.73516082763672
2021-07-23,116.19352722167969
2021-07-26,116.87150573730469
2021-07-27,116.14578247070312
2021-07-28,115.716064453125
2021-07-29,117.05294799804688
2021-07-30,117.15799713134766
2021-08-02,115.5537338256836
2021-08-03,116.49908447265625
2021-08-04,113.3478775024414
2021-08-05,115.22906494140625
2021-08-06,117.53994750976562
2021-08-09,115.98345184326172
2021-08-10,120.07047271728516
2021-08-11,121.51238250732422
2021-08-12,119.77444458007812
2021-08-13,119.0391616821289
2021-08-16,119.17285919189453
2021-08-17,115.31499481201172
2021-08-18,118.4566650390625
2021-08-19,120.87257385253906
2021-08-20,117.56859588623047
2021-08-23,118.83863067626953
2021-08-24,118.20838165283203
2021-08-25,118.38981628417969
2021-08-26,113.87310028076172
2021-08-27,113.52932739257812
2021-08-30,113.13780212402344
2021-08-31,113.0614242553711
2021-09-01,112.23064422607422
2021-09-02,111.68634796142578
2021-09-03,110.44670104980469
2021-09-07,109.62348937988281
2021-09-08,109.36503601074219
2021-09-09,109.38419342041016
2021-09-10,107.98660278320312
2021-09-13,108.6949691772461
2021-09-14,107.61328887939453
2021-09-15,108.08233642578125
2021-09-16,108.79071044921875
2021-09-17,109.71922302246094
2021-09-20,108.2929458618164
2021-09-21,108.96299743652344
2021-09-22,109.30760192871094
2021-09-23,110.61902618408203
2021-09-24,111.03064727783203
2021-09-27,111.61454772949219
2021-09-28,109.65221405029297
2021-09-29,110.05426025390625
2021-09-30,104.1959228515625
2021-10-01,106.34013366699219
2021-10-04,105.49777221679688
2021-10-05,103.6885757446289
2021-10-06,101.3529052734375
2021-10-07,103.2961196899414
2021-10-08,103.25782775878906
2021-10-11,101.0274429321289
2021-10-12,101.65921783447266
2021-10-13,102.0804214477539
2021-10-14,103.51627349853516
2021-10-15,104.06190490722656
2021-10-18,104.81812286376953
2021-10-19,104.01405334472656
2021-10-20,104.5213851928711
2021-10-21,105.97638702392578
2021-10-22,105.6700668334961
2021-10-25,108.28336334228516
2021-10-26,108.99170684814453
2021-10-27,105.92854309082031
2021-10-28,108.13975524902344
2021-10-29,108.35992431640625
2021-11-01,109.13529968261719
2021-11-02,109.64261627197266
2021-11-03,112.31336212158203
2021-11-04,112.56222534179688
2021-11-05,114.53414154052734
2021-11-08,113.54818725585938
2021-11-09,114.17040252685547
2021-11-10,113.59603881835938
2021-11-11,110.53288269042969
2021-11-12,110.56159210205078
2021-11-15,110.51372528076172
2021-11-16,110.10209655761719
2021-11-17,111.5379638671875
2021-11-18,114.40968322753906
2021-11-19,107.95787811279297
2021-11-22,106.4167251586914
2021-11-23,110.49457550048828
2021-11-24,110.5711669921875
2021-11-26,105.30632019042969
2021-11-29,106.8857650756836
2021-11-30,104.42564392089844
2021-12-01,100.38610076904297
2021-12-02,105.83280181884766
2021-12-03,105.47862243652344
2021-12-06,108.1418685913086
2021-12-07,108.54495239257812
2021-12-08,108.57374572753906
2021-12-09,107.9979019165039
2021-12-10,108.31462097167969
2021-12-13,105.26268005371094
2021-12-14,105.18589782714844
2021-12-15,104.43732452392578
2021-12-16,104.86918640136719
2021-12-17,103.71754455566406
2021-12-20,101.5965347290039
2021-12-21,104.17822265625
2021-12-22,104.63885498046875
2021-12-23,105.72337341308594
2021-12-27,107.84434509277344
2021-12-28,107.64280700683594
2021-12-29,108.7464828491211
2021-12-30,109.6678466796875
2021-12-31,109.67741394042969
2022-01-03,108.60253143310547
2022-01-04,108.60253143310547
2022-01-05,105.24349975585938
2022-01-06,105.03236389160156
2022-01-07,100.7615737915039
2022-01-10,98.9668960571289
2022-01-11,102.62344360351562
2022-01-12,101.19345092773438
2022-01-13,100.51205444335938
2022-01-14,98.15111541748047
2022-01-18,95.21436309814453
2022-01-19,95.0416030883789
2022-01-20,93.50605010986328
2022-01-21,91.58657836914062
2022-01-24,94.29302978515625
2022-01-25,92.71907043457031
2022-01-26,90.94357299804688
2022-01-27,91.04916381835938
2022-01-28,91.91289520263672
2022-01-31,93.81315612792969
2022-02-01,94.57134246826172
2022-02-02,93.41007232666016
2022-02-03,90.57888793945312
2022-02-04,90.36775970458984
2022-02-07,89.5903549194336
2022-02-08,91.63459014892578
2022-02-09,93.49644470214844
2022-02-10,92.6806869506836
2022-02-11,90.47330474853516
2022-02-14,90.47330474853516
2022-02-15,92.31598663330078
2022-02-16,91.8457260131836
2022-02-17,88.05479431152344
2022-02-18,89.70553588867188
2022-02-22,88.52507781982422
2022-02-23,84.47503662109375
2022-02-24,86.98951721191406
2022-02-25,88.99534606933594
2022-02-28,87.70932006835938
2022-03-01,85.94343566894531
2022-03-02,91.1739273071289
2022-03-03,89.76312255859375
2022-03-04,85.83784484863281
2022-03-07,81.69184112548828
2022-03-08,82.40203094482422
2022-03-09,85.00287628173828
2022-03-10,85.99138641357422
2022-03-11,84.22550964355469
2022-03-14,82.59782409667969
2022-03-15,84.23513793945312
2022-03-16,87.97207641601562
2022-03-17,88.80998992919922
2022-03-18,89.88868713378906
2022-03-21,87.71202087402344
2022-03-22,88.29953002929688
2022-03-23,86.43108367919922
2022-03-24,87.08599090576172
2022-03-25,86.89337158203125
2022-03-28,88.1839599609375
2022-03-29,92.02684783935547
2022-03-30,89.19525146484375
2022-03-31,87.12451171875
2022-04-01,87.26898956298828
2022-04-04,89.73458862304688
2022-04-05,89.71531677246094
2022-04-06,90.71699523925781
2022-04-07,91.8342056274414
2022-04-08,93.26927947998047
2022-04-11,96.03343963623047
2022-04-12,98.42200469970703
2022-04-13,99.13470458984375
2022-04-14,99.2791976928711
2022-04-18,100.6371841430664
2022-04-19,103.40138244628906
2022-04-20,104.41267395019531
2022-04-21,103.22801208496094
2022-04-22,99.64517974853516
2022-04-25,101.71589660644531
2022-04-26,99.23102569580078
2022-04-27,97.51665496826172
2022-04-28,100.32898712158203
2022-04-29,96.09121704101562
2022-05-02,97.58409118652344
2022-05-03,96.74617004394531
2022-05-04,100.08821105957031
2022-05-05,96.2068099975586
2022-05-06,92.69139099121094
2022-05-09,89.96574401855469
2022-05-10,86.31549835205078
2022-05-11,84.61076354980469
2022-05-12,85.83393096923828
2022-05-13,88.66551208496094
2022-05-16,88.42475128173828
2022-05-17,89.62864685058594
2022-05-18,89.37824249267578
2022-05-19,89.28192138671875
2022-05-20,69.219970703125
2022-05-23,75.8462905883789
2022-05-24,74.74832916259766
2022-05-25,78.36006927490234
2022-05-26,83.78245544433594
2022-05-27,84.09068298339844
2022-05-31,81.8851089477539
2022-06-01,79.61213684082031
2022-06-02,80.14183807373047
2022-06-03,79.66991424560547
2022-06-06,78.62581634521484
2022-06-07,77.83309173583984
2022-06-08,78.35514068603516
2022-06-09,77.10803985595703
2022-06-10,74.63314056396484
2022-06-13,72.34193420410156
2022-06-14,71.53954315185547
2022-06-15,73.47303771972656
2022-06-16,71.16250610351562
2022-06-17,72.27426147460938
2022-06-21,72.60296630859375
2022-06-22,70.38908386230469
2022-06-23,71.52021789550781
2022-06-24,74.95216369628906
2022-06-27,73.80172729492188
2022-06-28,70.36009216308594
2022-06-29,69.42234802246094
2022-06-30,67.89490509033203
2022-07-01,69.00664520263672
2022-07-05,71.36552429199219
2022-07-06,71.52986145019531
2022-07-07,73.9950942993164
2022-07-08,72.95098876953125
2022-07-11,72.11959075927734
2022-07-12,72.57395935058594
2022-07-13,73.79207611083984
2022-07-14,74.41078186035156
2022-07-15,75.38719940185547
2022-07-18,76.48929595947266
2022-07-19,78.47113037109375
2022-07-20,79.73759460449219
2022-07-21,80.83000183105469
2022-07-22,80.47230529785156
2022-07-25,79.8825912475586
2022-07-26,75.36785888671875
2022-07-27,77.60105895996094
2022-07-28,78.69348907470703
2022-07-29,78.55815887451172
2022-08-01,79.56356811523438
2022-08-02,77.17570495605469
2022-08-03,81.76776885986328
2022-08-04,80.97502136230469
2022-08-05,81.42939758300781
2022-08-08,82.4734878540039
2022-08-09,81.65174102783203
2022-08-10,83.31454467773438
2022-08-11,85.21906280517578
2022-08-12,87.12355041503906
2022-08-15,87.1622314453125
2022-08-16,89.55976104736328
2022-08-17,89.7337875366211
2022-08-18,88.9410400390625
2022-08-19,87.98396301269531
2022-08-22,85.18038940429688
2022-08-23,85.0353775024414
2022-08-24,87.54891204833984
2022-08-25,87.8873062133789
2022-08-26,84.35865020751953
2022-08-29,84.068603515625
2022-08-30,83.4595718383789
2022-08-31,83.40155029296875
2022-09-01,85.56708526611328
2022-09-02,84.78125762939453
2022-09-06,84.13127899169922
2022-09-07,89.38946533203125
2022-09-08,89.50590515136719
2022-09-09,90.71857452392578
2022-09-12,92.14469146728516
2022-09-13,87.17752838134766
2022-09-14,86.78947448730469
2022-09-15,86.886474609375
2022-09-16,87.5558853149414
2022-09-19,88.03125762939453
2022-09-20,85.66410064697266
2022-09-21,85.22753143310547
2022-09-22,84.0051498413086
2022-09-23,81.9193344116211
2022-09-26,80.45440673828125
2022-09-27,81.88053131103516
2022-09-28,84.4126205444336
2022-09-29,81.52156066894531
2022-09-30,81.75440216064453
2022-10-03,83.39395904541016
2022-10-04,86.71185302734375
2022-10-05,87.13872528076172
2022-10-06,85.60590362548828
2022-10-07,84.26709747314453
2022-10-10,83.30665588378906
2022-10-11,83.56858825683594
2022-10-12,81.98725128173828
2022-10-13,82.89918518066406
2022-10-14,79.01858520507812
2022-10-17,81.6961898803711
2022-10-18,82.13276672363281
2022-10-19,81.16263580322266
2022-10-20,80.02753448486328
2022-10-21,82.53050231933594
2022-10-24,84.490234375
2022-10-25,90.29170989990234
2022-10-26,90.60215759277344
2022-10-27,91.77603912353516
2022-10-28,92.5036392211914
2022-10-31,92.83351135253906
2022-11-01,91.85364532470703
2022-11-02,89.83574676513672
2022-11-03,89.5447006225586
2022-11-04,91.07752227783203
2022-11-07,90.35961151123047
2022-11-08,89.3409652709961
2022-11-09,88.59395599365234
2022-11-10,94.23052215576172
2022-11-11,93.29917907714844
2022-11-14,91.80514526367188
2022-11-15,94.8805160522461
2022-11-16,93.61930847167969
2022-11-17,95.00662994384766
2022-11-18,104.37825775146484
2022-11-21,108.94766998291016
2022-11-22,111.82899475097656
2022-11-23,112.56632232666016
2022-11-25,112.47901153564453
2022-11-28,112.89617156982422
2022-11-29,113.30363464355469
2022-11-30,114.15735626220703
2022-12-01,114.45812225341797
2022-12-02,115.4476547241211
2022-12-05,114.15399932861328
2022-12-06,113.34666442871094
2022-12-07,112.20862579345703
2022-12-08,113.93999481201172
2022-12-09,111.75146484375
2022-12-12,113.21047973632812
2022-12-13,114.31934356689453
2022-12-14,114.21234893798828
2022-12-15,110.58424377441406
2022-12-16,110.83712768554688
2022-12-19,111.78065490722656
2022-12-20,111.22620391845703
2022-12-21,111.98490142822266
2022-12-22,110.84686279296875
2022-12-23,112.3253402709961
2022-12-27,111.89736938476562
2022-12-28,111.16786193847656
2022-12-29,112.6949691772461
2022-12-30,112.89922332763672
2023-01-03,112.66578674316406
2023-01-04,114.74732971191406
2023-01-05,115.16558837890625
2023-01-06,118.24898529052734
2023-01-09,115.48657989501953
2023-01-10,116.51761627197266
2023-01-11,116.27445220947266
2023-01-12,115.50601959228516
2023-01-13,116.7315902709961
2023-01-17,116.48843383789062
2023-01-18,114.1734390258789
2023-01-19,112.58795928955078
2023-01-20,112.56853485107422
2023-01-23,112.61714935302734
2023-01-24,114.50415802001953
2023-01-25,116.91641235351562
2023-01-26,117.41248321533203
2023-01-27,116.21607971191406
2023-01-30,115.74917602539062
2023-01-31,114.96131896972656
2023-02-01,115.28229522705078
2023-02-02,112.91868591308594
2023-02-03,112.16971588134766
2023-02-06,112.54905700683594
2023-02-07,111.36239624023438
2023-02-08,111.36239624023438
2023-02-09,111.87792205810547
2023-02-10,112.03355407714844
2023-02-13,113.58982849121094
2023-02-14,113.60929870605469
2023-02-15,113.45365142822266
2023-02-16,112.16971588134766
2023-02-17,112.52960205078125
2023-02-21,109.82554626464844
2023-02-22,109.58238983154297
2023-02-23,108.4443359375
2023-02-24,108.4151611328125
2023-02-27,107.88992309570312
2023-02-28,107.52027893066406
2023-03-01,107.64673614501953
2023-03-02,107.97745513916016
2023-03-03,109.3586654663086
2023-03-06,109.3294906616211
2023-03-07,106.85887145996094
2023-03-08,106.06126403808594
2023-03-09,102.67632293701172
2023-03-10,101.32431030273438
2023-03-13,100.89007568359375
2023-03-14,101.17304992675781
2023-03-15,99.8264389038086
2023-03-16,100.74369812011719
2023-03-17,99.59222412109375
2023-03-20,99.67029571533203
2023-03-21,101.62193298339844
2023-03-22,100.12892150878906
2023-03-23,99.17262268066406
2023-03-24,98.8798828125
2023-03-27,98.1968002319336
2023-03-28,100.64612579345703
2023-03-29,99.99231719970703
2023-03-30,100.6363525390625
2023-03-31,103.5638198852539
2023-04-03,106.00337219238281
2023-04-04,105.9057846069336
2023-04-05,103.88584899902344
2023-04-06,103.6516342163086
2023-04-10,104.06148529052734
2023-04-11,102.5879898071289
2023-04-12,100.40217590332031
2023-04-13,101.67073059082031
2023-04-14,102.07080841064453
2023-04-17,101.66098022460938
2023-04-18,101.18281555175781
2023-04-19,101.7390365600586
2023-04-20,103.46623992919922
2023-04-21,103.74922180175781
2023-04-24,103.8370590209961
2023-04-25,101.52435302734375
2023-04-26,102.16838836669922
2023-04-27,102.99785614013672
2023-04-28,104.14930725097656
2023-05-01,103.1930160522461
2023-05-02,102.23670959472656
2023-05-03,101.4755630493164
2023-05-04,100.34359741210938
2023-05-05,101.91468811035156
2023-05-08,102.2952651977539
2023-05-09,101.56339263916016
2023-05-10,99.48487854003906
2023-05-11,100.05087280273438
2023-05-12,101.98300170898438
2023-05-15,101.86589050292969
2023-05-16,100.4411849975586
2023-05-17,101.2803955078125
2023-05-18,102.83195495605469
2023-05-19,102.2269515991211
2023-05-22,102.09033203125
2023-05-23,99.41658782958984
2023-05-24,99.0067367553711
2023-05-25,99.86546325683594
2023-05-26,100.87055969238281
2023-05-30,100.76321411132812
2023-05-31,101.11450958251953
2023-06-01,98.46028137207031
2023-06-02,100.80224609375
2023-06-05,100.93441009521484
2023-06-06,101.49243927001953
2023-06-07,99.84771728515625
2023-06-08,101.07147216796875
2023-06-09,101.12042236328125
2023-06-12,104.13573455810547
2023-06-13,104.19446563720703
2023-06-14,104.00846862792969
2023-06-15,105.61400604248047
2023-06-16,105.5748519897461
2023-06-20,105.02660369873047
2023-06-21,104.98744201660156
2023-06-22,105.69232940673828
2023-06-23,106.37763214111328
2023-06-26,105.34967803955078
2023-06-27,106.63217163085938
2023-06-28,106.06434631347656
2023-06-29,106.58322143554688
2023-06-30,109.77473449707031
2023-07-03,108.79573822021484
2023-07-05,108.29647064208984
2023-07-06,107.03356170654297
2023-07-07,105.20282745361328
2023-07-10,107.2782974243164
2023-07-11,108.66847229003906
2023-07-12,109.17754364013672
2023-07-13,109.13838958740234
2023-07-14,109.23628997802734
2023-07-17,107.93423461914062
2023-07-18,109.55936431884766
2023-07-19,110.25444030761719
2023-07-20,109.84326934814453
2023-07-21,109.67683410644531
2023-07-24,110.33275604248047
2023-07-25,110.14676666259766
2023-07-26,111.09639739990234
2023-07-27,111.09639739990234
2023-07-28,112.20264434814453
2023-07-31,112.23200988769531
2023-08-01,111.59565734863281
2023-08-02,109.42230224609375
2023-08-03,110.22506713867188
2023-08-04,110.22506713867188
2023-08-07,111.0768051147461
2023-08-08,110.80267333984375
2023-08-09,110.65583801269531
2023-08-10,111.48798370361328
2023-08-11,111.0082778930664
2023-08-14,111.72294616699219
2023-08-15,111.61526489257812
2023-08-16,112.80963134765625
2023-08-17,110.68519592285156
2023-08-18,116.226318359375
2023-08-21,116.6570816040039
2023-08-22,115.31584930419922
2023-08-23,119.31993865966797
2023-08-24,116.36338806152344
2023-08-25,116.50042724609375
2023-08-28,117.41089630126953
2023-08-29,118.47799682617188
2023-08-30,119.09476470947266
2023-08-31,119.25140380859375
2023-09-01,119.47228240966797
2023-09-05,118.40223693847656
2023-09-06,117.75431060791016
2023-09-07,117.2340316772461
2023-09-08,117.17511749267578
2023-09-11,116.2228775024414
2023-09-12,116.23270416259766
2023-09-13,114.68160247802734
2023-09-14,115.64368438720703
2023-09-15,116.00691223144531
2023-09-18,115.51605224609375
2023-09-19,114.17113494873047
2023-09-20,112.8458480834961
2023-09-21,111.05917358398438
2023-09-22,109.61607360839844
2023-09-25,107.66250610351562
2023-09-26,107.5447006225586
2023-09-27,106.92622375488281
2023-09-28,109.76332092285156
2023-09-29,110.88245391845703
2023-10-02,112.3746337890625
2023-10-03,109.86149597167969
2023-10-04,109.94003295898438
2023-10-05,109.67497253417969
2023-10-06,110.32289123535156
2023-10-09,111.00025939941406
2023-10-10,111.02970886230469
2023-10-11,111.58927917480469
2023-10-12,111.12788391113281
2023-10-13,109.98910522460938
2023-10-16,114.25948333740234
2023-10-17,115.84001159667969
2023-10-18,115.09391784667969
2023-10-19,114.13186645507812
2023-10-20,113.54286193847656
2023-10-23,112.31572723388672
2023-10-24,113.69009399414062
2023-10-25,113.42505645751953
2023-10-26,112.19793701171875
2023-10-27,110.72538757324219
2023-10-30,112.60041809082031
2023-10-31,113.84716796875
2023-11-01,113.85699462890625
2023-11-02,116.1541519165039
2023-11-03,119.03052520751953
2023-11-06,119.90423583984375
2023-11-07,120.90556335449219
2023-11-08,120.5423355102539
2023-11-09,120.13003540039062
2023-11-10,121.07246398925781
2023-11-13,120.12020874023438
2023-11-14,122.51554870605469
2023-11-15,121.70073699951172
2023-11-16,117.9506607055664
2023-11-17,126.46195220947266
2023-11-20,127.060791015625
2023-11-21,128.32716369628906
2023-11-22,128.58241271972656
2023-11-24,128.69039916992188
2023-11-27,128.69039916992188
2023-11-28,127.91486358642578
2023-11-29,126.83499908447266
2023-11-30,127.99342346191406
2023-12-01,129.72119140625
2023-12-04,130.55282592773438
2023-12-05,130.14930725097656
2023-12-06,130.33628845214844
2023-12-07,129.5784912109375
2023-12-08,129.99185180664062
2023-12-11,133.15109252929688
2023-12-12,133.3085479736328
2023-12-13,135.59188842773438
2023-12-14,132.462158203125
2023-12-15,131.8224334716797
2023-12-18,132.905029296875
2023-12-19,133.721923828125
2023-12-20,132.48184204101562
2023-12-21,133.7317657470703
2023-12-22,134.26321411132812
2023-12-26,134.83404541015625
2023-12-27,135.23756408691406
2023-12-28,136.01507568359375
2023-12-29,136.2020721435547
2024-01-02,135.5032958984375
2024-01-03,132.63931274414062
2024-01-04,133.1313934326172
2024-01-05,132.37359619140625
2024-01-08,133.66287231445312
2024-01-09,133.75144958496094
2024-01-10,133.81048583984375
2024-01-11,134.60768127441406
2024-01-12,134.42068481445312
2024-01-16,134.91278076171875
2024-01-17,133.4561767578125
2024-01-18,135.29660034179688
2024-01-19,135.4541015625
2024-01-22,136.0446014404297
2024-01-23,136.68435668945312
2024-01-24,136.53668212890625
2024-01-25,138.5838165283203
2024-01-26,139.518798828125
2024-01-29,140.68014526367188
2024-01-30,140.25694274902344
2024-01-31,138.0622100830078
2024-02-01,140.8474578857422
2024-02-02,141.408447265625
2024-02-05,140.49314880371094
2024-02-06,139.9124755859375
2024-02-07,140.9852294921875
2024-02-08,143.7508087158203
2024-02-09,143.56382751464844
2024-02-12,143.11109924316406
2024-02-13,142.6485137939453
2024-02-14,142.2056427001953
2024-02-15,142.10720825195312
2024-02-16,141.80210876464844
2024-02-20,142.16629028320312
2024-02-21,142.53042602539062
2024-02-22,144.57752990722656
2024-02-23,145.68966674804688
2024-02-26,145.50267028808594
2024-02-27,147.25454711914062
2024-02-28,148.07139587402344
2024-02-29,146.60496520996094
2024-03-01,147.2643585205078
2024-03-04,147.5891571044922
2024-03-05,146.81166076660156
2024-03-06,145.7782440185547
2024-03-07,143.71145629882812
2024-03-08,143.43588256835938
2024-03-11,143.56382751464844
2024-03-12,144.1740264892578
2024-03-13,144.76451110839844
2024-03-14,144.07188415527344
2024-03-15,143.18389892578125
2024-03-18,142.38470458984375
2024-03-19,144.47640991210938
2024-03-20,145.01907348632812
2024-03-21,145.22628784179688
2024-03-22,143.43055725097656
2024-03-25,142.6609649658203
2024-03-26,142.6412353515625
2024-03-27,145.22628784179688
2024-03-28,144.80201721191406
2024-04-01,143.154296875
2024-04-02,141.76309204101562
2024-04-03,139.63192749023438
2024-04-04,137.8460693359375
2024-04-05,137.66848754882812
2024-04-08,138.39862060546875
2024-04-09,138.05328369140625
2024-04-10,136.44500732421875
2024-04-11,138.07301330566406
2024-04-12,134.1757049560547
2024-04-15,131.86692810058594
2024-04-16,132.0445098876953
2024-04-17,131.01840209960938
2024-04-18,130.04161071777344
2024-04-19,131.56106567382812
2024-04-22,131.98532104492188
2024-04-23,131.31439208984375
2024-04-24,130.8407745361328
2024-04-25,130.3869171142578
2024-04-26,131.82745361328125
2024-04-29,129.31149291992188
2024-04-30,127.8216323852539
2024-05-01,126.11470031738281
2024-05-02,125.97657775878906
2024-05-03,129.0944061279297
2024-05-06,130.7125244140625
2024-05-07,129.82452392578125
2024-05-08,130.98880004882812
2024-05-09,133.07064819335938
2024-05-10,131.6991729736328
2024-05-13,131.81759643554688
2024-05-14,131.08746337890625
2024-05-15,131.2255859375
2024-05-16,132.54771423339844
2024-05-17,130.56454467773438
2024-05-20,129.76535034179688
2024-05-21,130.53494262695312
2024-05-22,129.75546264648438
2024-05-23,130.10079956054688
2024-05-24,140.23379516601562
2024-05-28,135.80369567871094
2024-05-29,137.2442169189453
2024-05-30,137.9743194580078
2024-05-31,137.89540100097656
2024-06-03,139.33592224121094
2024-06-04,139.05967712402344
2024-06-05,142.414306640625
2024-06-06,142.22683715820312
2024-06-07,142.35508728027344
2024-06-10,142.8286895751953
2024-06-11,143.01467895507812
2024-06-12,142.8267364501953
2024-06-13,144.07308959960938
2024-06-14,144.3500518798828
2024-06-17,148.75186157226562
2024-06-18,147.08016967773438
2024-06-20,145.77444458007812
2024-06-21,147.67367553710938
2024-06-24,147.6341094970703
2024-06-25,146.8526611328125
2024-06-26,147.129638671875
2024-06-27,144.49842834472656
2024-06-28,143.7466583251953
2024-07-01,143.6675262451172
2024-07-02,142.8366241455078
2024-07-03,142.44094848632812
2024-07-05,143.9741668701172
2024-07-08,145.10183715820312
2024-07-09,145.2403106689453
2024-07-10,146.42730712890625
2024-07-11,149.16734313964844
2024-07-12,150.08726501464844
2024-07-15,146.47677612304688
2024-07-16,147.2582244873047
2024-07-17,146.0019989013672
2024-07-18,142.93551635742188
2024-07-19,141.94635009765625
2024-07-22,143.35098266601562
2024-07-23,142.22332763671875
2024-07-24,140.5516357421875
2024-07-25,139.58224487304688
2024-07-26,139.38441467285156
2024-07-29,140.3735809326172
2024-07-30,141.20448303222656
2024-07-31,141.6792755126953
2024-08-01,141.43197631835938
2024-08-02,138.72166442871094
2024-08-05,134.5869140625
2024-08-06,135.4969482421875
2024-08-07,134.85398864746094
2024-08-08,137.71270751953125
2024-08-09,138.12815856933594
2024-08-12,139.14698791503906
2024-08-13,140.1163787841797
2024-08-14,139.8097381591797
2024-08-15,146.19981384277344
2024-08-16,145.8041229248047
2024-08-19,145.8041229248047
2024-08-20,146.10089111328125
2024-08-21,152.28321838378906
2024-08-22,150.8686981201172
2024-08-23,153.5295867919922
2024-08-26,152.54039001464844
2024-08-27,151.66993713378906
2024-08-28,148.27708435058594
2024-08-29,150.15650939941406
2024-08-30,148.97938537597656
2024-09-03,150.0377960205078
2024-09-04,150.11691284179688
2024-09-05,151.4819793701172
2024-09-06,148.90025329589844
2024-09-09,149.1574249267578
2024-09-10,149.52232360839844
2024-09-11,149.85948181152344
2024-09-12,151.39642333984375
2024-09-13,153.94483947753906
2024-09-16,151.88232421875
2024-09-17,149.05630493164062
2024-09-18,149.46282958984375
2024-09-19,153.14166259765625
2024-09-20,153.0127410888672
2024-09-23,148.71914672851562
2024-09-24,150.9899139404297
2024-09-25,151.7930908203125
2024-09-26,151.5352783203125
2024-09-27,150.2858428955078
2024-09-30,149.2446746826172
2024-10-01,146.94418334960938
2024-10-02,146.48805236816406
2024-10-03,145.54605102539062
2024-10-04,144.35614013671875
2024-10-07,138.9420166015625
2024-10-08,140.6277618408203
2024-10-09,141.19296264648438
2024-10-10,139.84437561035156
2024-10-11,142.15480041503906
2024-10-14,142.11512756347656
2024-10-15,145.02049255371094
2024-10-16,146.5376434326172
2024-10-17,147.93577575683594
2024-10-18,148.63983154296875
2024-10-21,146.05174255371094
2024-10-22,144.5247039794922
2024-10-23,144.0189971923828
2024-10-24,143.16622924804688
2024-10-25,143.007568359375
2024-10-28,141.95648193359375
2024-10-29,137.84136962890625
2024-10-30,138.41648864746094
2024-10-31,138.54541015625
2024-11-01,138.88253784179688
2024-11-04,139.4774932861328
2024-11-05,141.12355041503906
2024-11-06,137.4248809814453
2024-11-07,140.84588623046875
2024-11-08,142.1944580078125
2024-11-11,141.1632080078125
2024-11-12,139.13043212890625
2024-11-13,139.27919006347656
2024-11-14,141.13345336914062
2024-11-15,139.5072479248047
2024-11-18,140.1121063232422
2024-11-19,138.08926391601562
2024-11-20,138.14877319335938
2024-11-21,141.75816345214844
2024-11-22,144.86184692382812
2024-11-25,152.0012969970703
2024-11-26,153.08216857910156
2024-11-27,153.58786010742188
2024-11-29,153.56802368164062
2024-12-02,155.04550170898438
2024-12-03,152.42770385742188
2024-12-04,153.18130493164062
2024-12-05,155.2934112548828
2024-12-06,155.1645050048828
2024-12-09,154.926513671875
2024-12-10,154.82513427734375
2024-12-11,152.90684509277344
2024-12-12,152.94659423828125
2024-12-13,152.5987091064453
2024-12-16,149.0106201171875
2024-12-17,149.9349822998047
2024-12-18,147.69863891601562
2024-12-19,146.89353942871094
2024-12-20,148.24526977539062
2024-12-23,147.77813720703125
2024-12-24,149.5672149658203
2024-12-26,152.93666076660156
2024-12-27,152.0321807861328
2024-12-30,150.58103942871094
2024-12-31,150.35243225097656
2025-01-02,151.6743621826172
2025-01-03,153.31434631347656
2025-01-06,154.01010131835938
2025-01-07,150.6406707763672
2025-01-08,153.6920623779297
2025-01-10,150.819580078125
2025-01-13,150.2430877685547
2025-01-14,148.21546936035156
2025-01-15,148.10614013671875
2025-01-16,148.09619140625
2025-01-17,148.24526977539062
2025-01-21,148.0365753173828
2025-01-22,148.8813934326172
2025-01-23,147.7085723876953
2025-01-24,148.37449645996094
2025-01-27,145.12432861328125
2025-01-28,147.02273559570312
2025-01-29,149.2392120361328
2025-01-30,151.99241638183594
2025-01-31,149.646728515625
2025-02-03,146.17791748046875
2025-02-04,146.0586395263672
2025-02-05,146.54566955566406
2025-02-06,144.14035034179688
2025-02-07,141.72506713867188
2025-02-10,141.26788330078125
2025-02-11,140.4130859375
2025-02-12,138.70352172851562
2025-02-13,139.58811950683594
2025-02-14,137.91830444335938
2025-02-18,138.24630737304688
2025-02-19,138.88243103027344
2025-02-20,138.24630737304688
2025-02-21,135.78135681152344
2025-02-24,135.10546875
2025-02-25,135.622314453125
2025-02-26,137.9381866455078
2025-02-27,137.1828155517578
2025-02-28,139.46885681152344
2025-03-03,135.98013305664062
2025-03-04,135.14523315429688
2025-03-05,137.7990264892578
2025-03-06,137.0535888671875
2025-03-07,135.1352996826172
2025-03-10,131.31858825683594
2025-03-11,127.86963653564453
2025-03-12,125.75255584716797
2025-03-13,122.55209350585938
2025-03-14,123.45657348632812
2025-03-17,124.77850341796875
2025-03-18,123.35755920410156
2025-03-19,125.59117126464844
2025-03-20,124.24502563476562
2025-03-21,123.18804168701172
2025-03-24,128.8119659423828
2025-03-25,127.76496887207031
2025-03-26,127.33618927001953
2025-03-27,128.72222900390625
2025-03-28,125.06268310546875
2025-03-31,127.42593383789062
2025-04-01,128.74217224121094
2025-04-02,131.99288940429688
2025-04-03,130.83619689941406
2025-04-04,129.93875122070312
2025-04-07,127.51567840576172
2025-04-08,126.5384750366211
2025-04-09,136.6096954345703
2025-04-10,138.4943084716797
2025-04-11,141.10684204101562
2025-04-14,143.250732421875
2025-04-15,140.6282196044922
2025-04-16,138.28489685058594
2025-04-17,139.23220825195312
2025-04-21,135.10400390625
2025-04-22,137.49716186523438
2025-04-23,137.8262176513672
2025-04-24,139.53134155273438
2025-04-25,139.31198120117188
2025-04-28,138.9729461669922
2025-04-29,140.37892150878906
2025-04-30,138.60400390625
2025-05-01,138.53419494628906
2025-05-02,140.0897674560547
2025-05-05,141.0669708251953
2025-05-06,141.20655822753906
2025-05-07,142.6225128173828
2025-05-08,142.9615478515625
2025-05-09,141.87464904785156
2025-05-12,148.8347625732422
2025-05-13,148.90457153320312
2025-05-14,150.2307891845703
2025-05-15,151.457275390625
2025-05-16,152.48434448242188
2025-05-19,153.82052612304688
2025-05-20,153.8005828857422
2025-05-21,152.24502563476562
2025-05-22,151.81625366210938
2025-05-23,136.86895751953125
2025-05-27,140.88746643066406
2025-05-28,139.302001953125
2025-05-29,138.53419494628906
2025-05-30,139.69088745117188
2025-06-02,142.01425170898438
2025-06-03,143.6196746826172
2025-06-04,142.10398864746094
2025-06-05,141.83477783203125
2025-06-06,143.3903350830078
2025-06-09,141.7550048828125
2025-06-10,140.0800018310547
2025-06-11,136.38999938964844
2025-06-12,133.47000122070312
2025-06-13,131.85000610351562
2025-06-16,131.14999389648438
2025-06-17,129.0500030517578
2025-06-18,128.0500030517578
2025-06-20,127.66999816894531
2025-06-23,127.87000274658203
2025-06-24,128.3300018310547
2025-06-25,127.27999877929688
2025-06-26,126.62000274658203
2025-06-27,127.9000015258789
2025-06-30,127.58000183105469
2025-07-01,129.97000122070312
2025-07-02,131.52000427246094
2025-07-03,131.5500030517578
2025-07-07,130.77000427246094
2025-07-08,131.55999755859375
2025-07-09,131.2100067138672
2025-07-10,130.86000061035156
2025-07-11,131.1699981689453
2025-07-14,131.1699981689453
2025-07-15,127.58999633789062
2025-07-16,129.10000610351562
2025-07-17,130.47999572753906
2025-07-18,129.94000244140625
2025-07-21,134.02000427246094
2025-07-22,135.75999450683594
2025-07-23,137.1699981689453
2025-07-24,136.44000244140625
2025-07-25,138.3300018310547
2025-07-28,140.82000732421875
2025-07-29,139.55999755859375
2025-07-30,138.47999572753906
2025-07-31,136.5399932861328
2025-08-01,137.00999450683594
