Date,SHREECEM.NS
2015-08-03,11079.361328125
2015-08-04,11092.8447265625
2015-08-05,11243.28515625
2015-08-06,11236.521484375
2015-08-07,10905.583984375
2015-08-10,10856.4345703125
2015-08-11,10838.4091796875
2015-08-12,10594.216796875
2015-08-13,10631.3779296875
2015-08-14,10560.2919921875
2015-08-17,10564.880859375
2015-08-18,10651.482421875
2015-08-19,10829.85546875
2015-08-20,10633.9892578125
2015-08-21,10707.009765625
2015-08-24,10445.177734375
2015-08-25,10187.9833984375
2015-08-26,9993.4716796875
2015-08-27,10501.236328125
2015-08-28,10645.83203125
2015-08-31,10418.8408203125
2015-09-01,10564.78515625
2015-09-02,10532.6962890625
2015-09-03,10512.689453125
2015-09-04,10442.8115234375
2015-09-07,10291.6943359375
2015-09-08,10095.9736328125
2015-09-09,10262.9892578125
2015-09-10,10859.6728515625
2015-09-11,11099.8056640625
2015-09-14,11113.2861328125
2015-09-15,10931.388671875
2015-09-16,11112.998046875
2015-09-18,11643.185546875
2015-09-21,11651.7861328125
2015-09-22,11538.7509765625
2015-09-23,11102.7998046875
2015-09-24,10779.6416015625
2015-09-28,10949.65625
2015-09-29,10799.69921875
2015-09-30,11347.0400390625
2015-10-01,11615.4931640625
2015-10-05,12175.4501953125
2015-10-06,12145.3896484375
2015-10-07,12070.435546875
2015-10-08,12026.7490234375
2015-10-09,12062.9443359375
2015-10-12,11989.3447265625
2015-10-13,11764.8212890625
2015-10-14,11481.09765625
2015-10-15,11286.9736328125
2015-10-16,11424.3623046875
2015-10-19,11899.216796875
2015-10-20,12422.6396484375
2015-10-21,12402.9208984375
2015-10-23,12218.990234375
2015-10-26,12311.779296875
2015-10-27,11773.859375
2015-10-28,11811.1181640625
2015-10-29,12156.41015625
2015-10-30,11861.2314453125
2015-11-02,11896.947265625
2015-11-03,12299.55078125
2015-11-04,11996.3515625
2015-11-05,11594.3583984375
2015-11-06,11611.384765625
2015-11-09,11410.26953125
2015-11-10,11431.7958984375
2015-11-13,10916.9287109375
2015-11-16,10519.4326171875
2015-11-17,10461.1826171875
2015-11-18,10483.2939453125
2015-11-19,10549.5234375
2015-11-20,10545.3642578125
2015-11-23,10550.5888671875
2015-11-24,10776.0908203125
2015-11-26,10933.0869140625
2015-11-27,10884.9013671875
2015-11-30,10837.2939453125
2015-12-01,10987.8564453125
2015-12-02,10937.87890625
2015-12-03,10934.3466796875
2015-12-04,10784.1689453125
2015-12-07,10875.1767578125
2015-12-08,10579.1826171875
2015-12-09,10216.568359375
2015-12-10,10304.5263671875
2015-12-11,10360.8896484375
2015-12-14,10506.2265625
2015-12-15,10458.71484375
2015-12-16,10499.5947265625
2015-12-17,10804.6357421875
2015-12-18,10619.96875
2015-12-21,10552.091796875
2015-12-22,10528.8662109375
2015-12-23,10547.8818359375
2015-12-24,10572.3583984375
2015-12-28,10674.4921875
2015-12-29,10840.9697265625
2015-12-30,10908.802734375
2015-12-31,11126.8046875
2016-01-01,11014.9013671875
2016-01-04,10701.1513671875
2016-01-05,10764.044921875
2016-01-06,11081.47265625
2016-01-07,10623.4033203125
2016-01-08,10791.71875
2016-01-11,10558.669921875
2016-01-12,10252.9501953125
2016-01-13,10198.8134765625
2016-01-14,9862.6650390625
2016-01-15,9483.9892578125
2016-01-18,9389.451171875
2016-01-19,9524.240234375
2016-01-20,9401.833984375
2016-01-21,9216.8271484375
2016-01-22,9601.794921875
2016-01-25,9690.7197265625
2016-01-27,9642.4345703125
2016-01-28,9789.0283203125
2016-01-29,10208.1025390625
2016-02-01,10335.2001953125
2016-02-02,10074.376953125
2016-02-03,9837.7001953125
2016-02-04,10198.57421875
2016-02-05,10047.7685546875
2016-02-08,9969.537109375
2016-02-09,9970.9892578125
2016-02-10,10002.5205078125
2016-02-11,10017.24609375
2016-02-12,10163.6240234375
2016-02-15,10170.9384765625
2016-02-16,9902.7880859375
2016-02-17,9759.4619140625
2016-02-18,10553.4921875
2016-02-19,10320.8974609375
2016-02-22,10463.4482421875
2016-02-23,10164.7373046875
2016-02-24,10168.7080078125
2016-02-25,10168.658203125
2016-02-26,10016.1787109375
2016-02-29,9691.0205078125
2016-03-01,10081.2314453125
2016-03-02,10476.23828125
2016-03-03,10839.2724609375
2016-03-04,10710.283203125
2016-03-08,11002.0712890625
2016-03-09,10792.0478515625
2016-03-10,10785.1669921875
2016-03-11,10906.939453125
2016-03-14,11190.8779296875
2016-03-15,10964.1923828125
2016-03-16,11131.298828125
2016-03-17,11296.7890625
2016-03-18,11891.927734375
2016-03-21,12218.3486328125
2016-03-22,12248.798828125
2016-03-23,12119.9677734375
2016-03-28,11865.357421875
2016-03-29,11745.109375
2016-03-30,11828.3603515625
2016-03-31,12044.859375
2016-04-01,11881.8896484375
2016-04-04,12065.12890625
2016-04-05,11779.7275390625
2016-04-06,12033.173828125
2016-04-07,11951.859375
2016-04-08,11861.1875
2016-04-11,12108.234375
2016-04-12,12122.0029296875
2016-04-13,12370.94140625
2016-04-18,12564.74609375
2016-04-20,12607.125
2016-04-21,12410.16796875
2016-04-22,12336.8525390625
2016-04-25,12285.1171875
2016-04-26,12158.126953125
2016-04-27,12341.16796875
2016-04-28,12412.494140625
2016-04-29,12309.9912109375
2016-05-02,12182.2236328125
2016-05-03,12048.982421875
2016-05-04,12040.3984375
2016-05-05,12053.4921875
2016-05-06,12238.521484375
2016-05-09,12444.3515625
2016-05-10,12515.7744140625
2016-05-11,12944.455078125
2016-05-12,13061.6005859375
2016-05-13,13257.103515625
2016-05-16,12937.6650390625
2016-05-17,12492.064453125
2016-05-18,12786.48046875
2016-05-19,13127.8818359375
2016-05-20,12613.6689453125
2016-05-23,12699.4931640625
2016-05-24,12581.912109375
2016-05-25,12799.958984375
2016-05-26,12555.0986328125
2016-05-27,12742.6474609375
2016-05-30,12996.0439453125
2016-05-31,12732.8525390625
2016-06-01,12915.990234375
2016-06-02,13318.24609375
2016-06-03,13199.9345703125
2016-06-06,13468.462890625
2016-06-07,13590.7978515625
2016-06-08,13589.1494140625
2016-06-09,13057.576171875
2016-06-10,13171.572265625
2016-06-13,13131.2783203125
2016-06-14,13091.759765625
2016-06-15,13048.6044921875
2016-06-16,13131.7119140625
2016-06-17,13307.7265625
2016-06-20,13296.1826171875
2016-06-21,13450.3271484375
2016-06-22,13720.4033203125
2016-06-23,14005.3193359375
2016-06-24,13815.1015625
2016-06-27,14002.2158203125
2016-06-28,13782.9052734375
2016-06-29,14003.8154296875
2016-06-30,14106.5107421875
2016-07-01,14418.046875
2016-07-04,14212.7490234375
2016-07-05,14432.0107421875
2016-07-07,15018.0361328125
2016-07-08,15175.232421875
2016-07-11,15444.33984375
2016-07-12,15547.279296875
2016-07-13,15046.88671875
2016-07-14,15201.8046875
2016-07-15,15223.673828125
2016-07-18,15523.23046875
2016-07-19,15629.3681640625
2016-07-20,15769.7880859375
2016-07-21,15934.30859375
2016-07-22,15812.654296875
2016-07-25,15588.6875
2016-07-26,15505.044921875
2016-07-27,15504.7080078125
2016-07-28,15795.005859375
2016-07-29,15623.0185546875
2016-08-01,15794.76171875
2016-08-02,16567.369140625
2016-08-03,16272.8505859375
2016-08-04,16140.3330078125
2016-08-05,16176.60546875
2016-08-08,16357.2685546875
2016-08-09,16617.212890625
2016-08-10,16001.853515625
2016-08-11,16205.5029296875
2016-08-12,16484.40234375
2016-08-16,16815.4296875
2016-08-17,16628.509765625
2016-08-18,16539.97265625
2016-08-19,16476.642578125
2016-08-22,16585.0234375
2016-08-23,16287.0712890625
2016-08-24,16519.55078125
2016-08-25,16552.89453125
2016-08-26,16602.009765625
2016-08-29,16438.05859375
2016-08-30,16558.28125
2016-08-31,16671.072265625
2016-09-01,16746.25
2016-09-02,16725.771484375
2016-09-06,17458.57421875
2016-09-07,17203.7265625
2016-09-08,17172.373046875
2016-09-09,16834.240234375
2016-09-12,16414.767578125
2016-09-14,16371.572265625
2016-09-15,16190.4453125
2016-09-16,16230.6337890625
2016-09-19,16216.3125
2016-09-20,16317.212890625
2016-09-21,16195.9306640625
2016-09-22,16546.09765625
2016-09-23,16463.34765625
2016-09-26,16515.283203125
2016-09-27,16307.845703125
2016-09-28,16330.75390625
2016-09-29,16490.625
2016-09-30,16542.84375
2016-10-03,17368.11328125
2016-10-04,17195.57421875
2016-10-05,17246.48046875
2016-10-06,17044.5859375
2016-10-07,17120.34375
2016-10-10,17079.623046875
2016-10-13,16971.642578125
2016-10-14,16612.6875
2016-10-17,16942.857421875
2016-10-18,17066.037109375
2016-10-19,16780.029296875
2016-10-20,16832.109375
2016-10-21,16726.44921875
2016-10-24,16753.43359375
2016-10-25,16731.884765625
2016-10-26,16352.4521484375
2016-10-27,16228.736328125
2016-10-28,16228.8818359375
2016-11-01,16322.068359375
2016-11-02,15982.869140625
2016-11-03,15649.294921875
2016-11-04,16333.375
2016-11-07,15919.8701171875
2016-11-08,16465.58203125
2016-11-09,15872.9853515625
2016-11-10,15291.068359375
2016-11-11,14821.5068359375
2016-11-15,13848.9951171875
2016-11-16,13522.8955078125
2016-11-17,13105.5556640625
2016-11-18,13714.603515625
2016-11-21,13972.65625
2016-11-22,14486.2373046875
2016-11-23,14570.251953125
2016-11-24,14530.1123046875
2016-11-25,14989.48046875
2016-11-28,14995.0634765625
2016-11-29,15136.197265625
2016-11-30,15114.8955078125
2016-12-01,14550.6416015625
2016-12-02,14621.501953125
2016-12-05,14662.2685546875
2016-12-06,15051.5068359375
2016-12-07,14753.07421875
2016-12-08,14943.8115234375
2016-12-09,14781.080078125
2016-12-12,14319.96484375
2016-12-13,14397.51953125
2016-12-14,14339.91015625
2016-12-15,14278.02734375
2016-12-16,13698.876953125
2016-12-19,13646.802734375
2016-12-20,13600.3076171875
2016-12-21,13684.3173828125
2016-12-22,13075.94921875
2016-12-23,13228.734375
2016-12-26,13002.326171875
2016-12-27,13131.1328125
2016-12-28,13334.1982421875
2016-12-29,13448.10546875
2016-12-30,14301.2763671875
2017-01-02,14091.8056640625
2017-01-03,13714.1669921875
2017-01-04,13708.3896484375
2017-01-05,13741.6826171875
2017-01-06,13879.1328125
2017-01-09,13966.83203125
2017-01-10,14012.06640625
2017-01-11,14562.046875
2017-01-12,14493.5185546875
2017-01-13,14518.07421875
2017-01-16,14323.2607421875
2017-01-17,14527.6376953125
2017-01-18,14983.1728515625
2017-01-19,15188.9541015625
2017-01-20,15043.2578125
2017-01-23,14724.732421875
2017-01-24,15237.779296875
2017-01-25,15329.9921875
2017-01-27,15445.6474609375
2017-01-30,15264.95703125
2017-01-31,15002.7802734375
2017-02-01,15470.20703125
2017-02-02,15285.7802734375
2017-02-03,15576.6875
2017-02-06,15523.49609375
2017-02-07,15476.17578125
2017-02-08,15421.3798828125
2017-02-09,15539.8544921875
2017-02-10,15560.333984375
2017-02-13,15411.2861328125
2017-02-14,14755.841796875
2017-02-15,14966.283203125
2017-02-16,14950.8974609375
2017-02-17,14893.193359375
2017-02-20,15066.3603515625
2017-02-21,15285.05078125
2017-02-22,15663.951171875
2017-02-23,15909.5810546875
2017-02-27,15791.931640625
2017-02-28,15638.71484375
2017-03-01,15653.32421875
2017-03-02,15383.7666015625
2017-03-03,15519.41796875
2017-03-06,15629.0087890625
2017-03-07,15345.1357421875
2017-03-08,15436.5263671875
2017-03-09,15413.56640625
2017-03-10,15533.2509765625
2017-03-14,15917.396484375
2017-03-15,15913.4638671875
2017-03-16,16015.724609375
2017-03-17,16011.9375
2017-03-20,15564.89453125
2017-03-21,15823.9189453125
2017-03-22,15870.2685546875
2017-03-23,15670.1669921875
2017-03-24,15832.36328125
2017-03-27,15979.3251953125
2017-03-28,16158.408203125
2017-03-29,16320.998046875
2017-03-30,16742.314453125
2017-03-31,16582.154296875
2017-04-03,16666.072265625
2017-04-05,16884.18359375
2017-04-06,17081.712890625
2017-04-07,17303.416015625
2017-04-10,17149.806640625
2017-04-11,17157.330078125
2017-04-12,17190.283203125
2017-04-13,17179.318359375
2017-04-17,17132.087890625
2017-04-18,17169.169921875
2017-04-19,17025.078125
2017-04-20,16991.48828125
2017-04-21,17079.7734375
2017-04-24,18057.53125
2017-04-25,18499.5703125
2017-04-26,18714.96484375
2017-04-27,18784.94921875
2017-04-28,18624.787109375
2017-05-02,18654.880859375
2017-05-03,19062.658203125
2017-05-04,18869.158203125
2017-05-05,18763.73828125
2017-05-08,18837.31640625
2017-05-09,18940.013671875
2017-05-10,19019.51171875
2017-05-11,19337.59765625
2017-05-12,19157.931640625
2017-05-15,19640.54296875
2017-05-16,19359.732421875
2017-05-17,18316.50390625
2017-05-18,18251.515625
2017-05-19,18116.689453125
2017-05-22,17727.697265625
2017-05-23,17323.12109375
2017-05-24,16894.47265625
2017-05-25,17097.5390625
2017-05-26,17112.23828125
2017-05-29,17262.40234375
2017-05-30,17401.302734375
2017-05-31,17476.7734375
2017-06-01,17148.59765625
2017-06-02,17444.744140625
2017-06-05,18088.107421875
2017-06-06,17627.474609375
2017-06-07,17558.07421875
2017-06-08,17495.513671875
2017-06-09,17621.845703125
2017-06-12,17620.53125
2017-06-13,17562.97265625
2017-06-14,17361.16796875
2017-06-15,17423.244140625
2017-06-16,17264.48828125
2017-06-19,17179.8984375
2017-06-20,17075.6015625
2017-06-21,16867.05078125
2017-06-22,16829.337890625
2017-06-23,16438.884765625
2017-06-27,16201.8505859375
2017-06-28,16110.1669921875
2017-06-29,16200.5390625
2017-06-30,16456.068359375
2017-07-03,17116.560546875
2017-07-04,17171.2578125
2017-07-05,17431.296875
2017-07-06,17510.9921875
2017-07-07,17827.140625
2017-07-10,17715.169921875
2017-07-11,17861.30859375
2017-07-12,17950.4140625
2017-07-13,18267.4375
2017-07-14,18051.4609375
2017-07-17,17579.81640625
2017-07-18,17777.880859375
2017-07-19,17721.19140625
2017-07-20,17346.61328125
2017-07-21,17187.49609375
2017-07-24,17200.03515625
2017-07-25,17096.083984375
2017-07-26,16971.376953125
2017-07-27,17023.619140625
2017-07-28,17005.10546875
2017-07-31,18080.400390625
2017-08-01,18109.55859375
2017-08-02,17910.16015625
2017-08-03,17626.4375
2017-08-04,17553.642578125
2017-08-07,17614.97265625
2017-08-08,17269.724609375
2017-08-09,17443.02734375
2017-08-10,16850.46875
2017-08-11,17033.00390625
2017-08-14,17052.490234375
2017-08-16,17003.83984375
2017-08-17,16811.73046875
2017-08-18,16861.787109375
2017-08-21,16648.783203125
2017-08-22,16699.615234375
2017-08-23,16685.130859375
2017-08-24,16515.912109375
2017-08-28,17073.14453125
2017-08-29,16876.5625
2017-08-30,17203.537109375
2017-08-31,17098.07421875
2017-09-01,17296.69921875
2017-09-04,17363.37890625
2017-09-05,17552.4296875
2017-09-06,17828.32421875
2017-09-07,18036.71484375
2017-09-08,18213.658203125
2017-09-11,18270.763671875
2017-09-12,18409.8984375
2017-09-13,18340.212890625
2017-09-14,18273.779296875
2017-09-15,18121.7109375
2017-09-18,18020.677734375
2017-09-19,17967.845703125
2017-09-20,17912.83203125
2017-09-21,17904.9609375
2017-09-22,17226.619140625
2017-09-25,17063.95703125
2017-09-26,17411.78125
2017-09-27,17453.13671875
2017-09-28,17687.869140625
2017-09-29,18059.408203125
2017-10-03,18070.583984375
2017-10-04,18179.740234375
2017-10-05,18264.935546875
2017-10-06,18248.794921875
2017-10-09,18048.08203125
2017-10-10,18213.609375
2017-10-11,17987.48046875
2017-10-12,18014.6484375
2017-10-13,18051.87890625
2017-10-16,18287.142578125
2017-10-17,18101.349609375
2017-10-18,17851.794921875
2017-10-19,17702.646484375
2017-10-23,18707.810546875
2017-10-24,18314.06640625
2017-10-25,18833.68359375
2017-10-26,18621.6953125
2017-10-27,18488.00390625
2017-10-30,18504.814453125
2017-10-31,18399.892578125
2017-11-01,18735.90234375
2017-11-02,18636.47265625
2017-11-03,18451.748046875
2017-11-06,18264.349609375
2017-11-07,18340.36328125
2017-11-08,17972.21875
2017-11-09,17602.7734375
2017-11-10,17548.58203125
2017-11-13,17543.3828125
2017-11-14,17538.13671875
2017-11-15,17645.783203125
2017-11-16,17429.470703125
2017-11-17,17766.94140625
2017-11-20,17012.638671875
2017-11-21,16527.138671875
2017-11-22,16620.0078125
2017-11-23,16728.625
2017-11-24,16611.796875
2017-11-27,16646.34765625
2017-11-28,16578.357421875
2017-11-29,16536.080078125
2017-11-30,16715.50390625
2017-12-01,16715.796875
2017-12-04,16459.052734375
2017-12-05,16541.5234375
2017-12-06,16511.486328125
2017-12-07,16880.251953125
2017-12-08,16755.111328125
2017-12-11,16718.275390625
2017-12-12,16709.48046875
2017-12-13,17219.521484375
2017-12-14,17396.71484375
2017-12-15,17286.1015625
2017-12-18,17213.01171875
2017-12-19,17209.51171875
2017-12-20,17306.46484375
2017-12-21,17058.759765625
2017-12-22,17346.947265625
2017-12-26,17245.720703125
2017-12-27,17452.0234375
2017-12-28,17472.48046875
2017-12-29,17567.974609375
2018-01-01,17426.609375
2018-01-02,17495.90625
2018-01-03,17592.32421875
2018-01-04,17474.521484375
2018-01-05,18433.0390625
2018-01-08,18831.400390625
2018-01-09,18885.5859375
2018-01-10,18955.28125
2018-01-11,18988.615234375
2018-01-12,18343.416015625
2018-01-15,18546.755859375
2018-01-16,18568.869140625
2018-01-17,18443.2421875
2018-01-18,17924.236328125
2018-01-19,17859.052734375
2018-01-22,17980.431640625
2018-01-23,17895.390625
2018-01-24,17742.287109375
2018-01-25,17671.501953125
2018-01-29,17345.40234375
2018-01-30,16858.7578125
2018-01-31,16741.75390625
2018-02-01,16981.83984375
2018-02-02,16578.388671875
2018-02-05,16186.5107421875
2018-02-06,16071.8427734375
2018-02-07,16537.666015625
2018-02-08,16545.9375
2018-02-09,16581.3515625
2018-02-12,16495.6328125
2018-02-14,16359.2177734375
2018-02-15,16888.091796875
2018-02-16,16518.25390625
2018-02-19,16314.1689453125
2018-02-20,16473.740234375
2018-02-21,16545.400390625
2018-02-22,16277.876953125
2018-02-23,16754.595703125
2018-02-26,16529.736328125
2018-02-27,16404.70703125
2018-02-28,16174.6357421875
2018-03-01,16147.296875
2018-03-05,16177.216796875
2018-03-06,16196.482421875
2018-03-07,15743.259765625
2018-03-08,15664.0556640625
2018-03-09,15568.751953125
2018-03-12,15715.431640625
2018-03-13,16342.091796875
2018-03-14,16511.931640625
2018-03-15,16361.650390625
2018-03-16,15980.96484375
2018-03-19,15583.1025390625
2018-03-20,15980.330078125
2018-03-21,15682.3984375
2018-03-22,15912.9033203125
2018-03-23,15606.259765625
2018-03-26,15834.0888671875
2018-03-27,15660.1640625
2018-03-28,15759.16796875
2018-04-02,15967.1953125
2018-04-03,16194.63671875
2018-04-04,15877.484375
2018-04-05,16238.7119140625
2018-04-06,16597.40625
2018-04-09,16625.044921875
2018-04-10,16537.275390625
2018-04-11,16453.16015625
2018-04-12,16485.90234375
2018-04-13,16466.48828125
2018-04-16,16510.177734375
2018-04-17,16518.8359375
2018-04-18,16574.9296875
2018-04-19,16679.09375
2018-04-20,16540.87890625
2018-04-23,16655.10546875
2018-04-24,16780.28515625
2018-04-25,16940.732421875
2018-04-26,16762.232421875
2018-04-27,16559.4609375
2018-04-30,16486.33984375
2018-05-02,16155.423828125
2018-05-03,16250.146484375
2018-05-04,15892.6640625
2018-05-07,16108.86328125
2018-05-08,16081.3759765625
2018-05-09,15911.39453125
2018-05-10,15670.5771484375
2018-05-11,15769.626953125
2018-05-14,15747.5390625
2018-05-15,16000.5205078125
2018-05-16,16030.1474609375
2018-05-17,15975.7587890625
2018-05-18,15947.6865234375
2018-05-21,15640.8017578125
2018-05-22,15918.544921875
2018-05-23,15610.8330078125
2018-05-24,15736.205078125
2018-05-25,15811.5654296875
2018-05-28,16372.1123046875
2018-05-29,16371.376953125
2018-05-30,16402.419921875
2018-05-31,16424.845703125
2018-06-01,16206.701171875
2018-06-04,15915.91796875
2018-06-05,15667.2685546875
2018-06-06,15705.505859375
2018-06-07,15887.01953125
2018-06-08,15786.36328125
2018-06-11,16279.966796875
2018-06-12,15816.1357421875
2018-06-13,15939.951171875
2018-06-14,15878.75
2018-06-15,15775.02734375
2018-06-18,15694.1220703125
2018-06-19,15304.0458984375
2018-06-20,15081.4716796875
2018-06-21,14893.0498046875
2018-06-22,15157.2197265625
2018-06-25,15205.1875
2018-06-26,15491.10546875
2018-06-27,15314.9453125
2018-06-28,15080.888671875
2018-06-29,15134.2587890625
2018-07-02,15456.662109375
2018-07-03,15547.0537109375
2018-07-04,15566.171875
2018-07-05,15990.208984375
2018-07-06,15764.033203125
2018-07-09,16141.3603515625
2018-07-10,16351.0908203125
2018-07-11,16479.580078125
2018-07-12,16660.21484375
2018-07-13,16667.07421875
2018-07-16,15897.5771484375
2018-07-17,15586.84765625
2018-07-18,15814.53125
2018-07-19,15808.158203125
2018-07-20,16119.8984375
2018-07-23,16441.921875
2018-07-24,17316.857421875
2018-07-25,17051.466796875
2018-07-26,17039.28125
2018-07-27,16656.8671875
2018-07-30,16744.552734375
2018-07-31,16589.263671875
2018-08-01,16825.125
2018-08-02,16963.197265625
2018-08-03,17021.83203125
2018-08-06,17017.744140625
2018-08-07,16837.3515625
2018-08-08,16873.416015625
2018-08-09,16793.828125
2018-08-10,16904.51953125
2018-08-13,16755.66796875
2018-08-14,16831.458984375
2018-08-16,16586.146484375
2018-08-17,17310.912109375
2018-08-20,17272.947265625
2018-08-21,17355.1171875
2018-08-23,17479.943359375
2018-08-24,17910.21484375
2018-08-27,18091.04296875
2018-08-28,18306.9140625
2018-08-29,18323.193359375
2018-08-30,18393.673828125
2018-08-31,18448.896484375
2018-09-03,18566.6484375
2018-09-04,17909.734375
2018-09-05,17768.919921875
2018-09-06,17737.2421875
2018-09-07,17502.021484375
2018-09-10,16829.505859375
2018-09-11,16606.8125
2018-09-12,16453.671875
2018-09-14,17234.390625
2018-09-17,17092.599609375
2018-09-18,16485.548828125
2018-09-19,16681.724609375
2018-09-21,16433.58984375
2018-09-24,16791.974609375
2018-09-25,16697.375
2018-09-26,17002.732421875
2018-09-27,16988.73828125
2018-09-28,16466.587890625
2018-10-01,16378.1728515625
2018-10-03,16213.23828125
2018-10-04,15971.2919921875
2018-10-05,15321.5859375
2018-10-08,15592.7275390625
2018-10-09,15347.8564453125
2018-10-10,15149.970703125
2018-10-11,14450.2109375
2018-10-12,14961.2998046875
2018-10-15,14833.892578125
2018-10-16,15140.1279296875
2018-10-17,14744.8427734375
2018-10-19,14169.662109375
2018-10-22,14064.921875
2018-10-23,13460.9345703125
2018-10-24,13344.2021484375
2018-10-25,13189.2080078125
2018-10-26,13226.931640625
2018-10-29,13170.58984375
2018-10-30,13173.658203125
2018-10-31,13566.650390625
2018-11-01,13631.7197265625
2018-11-02,14392.2587890625
2018-11-05,14620.3154296875
2018-11-06,14975.8720703125
2018-11-07,14984.0625
2018-11-09,15001.55859375
2018-11-12,15008.380859375
2018-11-13,14798.9453125
2018-11-14,14908.1240234375
2018-11-15,15458.7900390625
2018-11-16,15534.3349609375
2018-11-19,15491.34765625
2018-11-20,15504.3125
2018-11-21,15562.5068359375
2018-11-22,15341.47265625
2018-11-26,15592.7744140625
2018-11-27,15618.5107421875
2018-11-28,15595.7978515625
2018-11-29,15991.322265625
2018-11-30,16071.8896484375
2018-12-03,16370.1298828125
2018-12-04,16259.6376953125
2018-12-05,16002.7294921875
2018-12-06,15666.03125
2018-12-07,15926.205078125
2018-12-10,15617.974609375
2018-12-11,15590.8740234375
2018-12-12,16200.2236328125
2018-12-13,16273.037109375
2018-12-14,16462.150390625
2018-12-17,16502.1171875
2018-12-18,16600.916015625
2018-12-19,17054.9765625
2018-12-20,17056.876953125
2018-12-21,16713.84375
2018-12-24,16332.404296875
2018-12-26,16644.1953125
2018-12-27,16520.3515625
2018-12-28,16792.953125
2018-12-31,16801.767578125
2019-01-01,16545.544921875
2019-01-02,16513.0859375
2019-01-03,16521.32421875
2019-01-04,16315.34765625
2019-01-07,16495.294921875
2019-01-08,16331.6767578125
2019-01-09,15933.51953125
2019-01-10,16080.470703125
2019-01-11,15512.208984375
2019-01-14,15106.0595703125
2019-01-15,15225.1298828125
2019-01-16,15424.2314453125
2019-01-17,15513.669921875
2019-01-18,15197.3955078125
2019-01-21,15283.6181640625
2019-01-22,15516.4482421875
2019-01-23,15697.56640625
2019-01-24,15763.0732421875
2019-01-25,15326.9951171875
2019-01-28,14673.099609375
2019-01-29,15091.935546875
2019-01-30,15086.078125
2019-01-31,15344.1943359375
2019-02-01,15409.9091796875
2019-02-04,15531.8623046875
2019-02-05,15306.064453125
2019-02-06,15653.18359375
2019-02-07,15862.673828125
2019-02-08,15811.021484375
2019-02-11,15586.9833984375
2019-02-12,15448.330078125
2019-02-14,15239.671875
2019-02-15,15246.50390625
2019-02-18,14912.0302734375
2019-02-19,14957.873046875
2019-02-20,15335.89453125
2019-02-21,15724.951171875
2019-02-22,15765.32421875
2019-02-25,16126.4560546875
2019-02-26,16202.9111328125
2019-02-27,16325.4521484375
2019-02-28,16201.5927734375
2019-03-01,16293.912109375
2019-03-05,16839.681640625
2019-03-06,17062.2109375
2019-03-07,17056.646484375
2019-03-08,17213.75390625
2019-03-11,17551.25390625
2019-03-12,17679.943359375
2019-03-13,17506.2890625
2019-03-14,17282.927734375
2019-03-15,17107.611328125
2019-03-18,17369.248046875
2019-03-19,17625.900390625
2019-03-20,17612.23046875
2019-03-22,17691.078125
2019-03-25,17411.185546875
2019-03-26,17698.83984375
2019-03-27,17463.91015625
2019-03-28,17838.123046875
2019-04-01,18353.576171875
2019-04-02,18063.240234375
2019-04-03,18167.62109375
2019-04-04,18427.642578125
2019-04-05,18629.564453125
2019-04-08,18381.556640625
2019-04-09,18505.99609375
2019-04-10,18544.220703125
2019-04-11,18519.765625
2019-04-12,18622.2890625
2019-04-15,18927.865234375
2019-04-16,19133.498046875
2019-04-18,19229.53125
2019-04-22,18951.296875
2019-04-23,18837.54296875
2019-04-24,18940.1171875
2019-04-25,19432.578125
2019-04-26,19543.984375
2019-04-30,19322.921875
2019-05-02,19430.71875
2019-05-03,19403.23046875
2019-05-06,19300.369140625
2019-05-07,19300.56640625
2019-05-08,19364.912109375
2019-05-09,18863.423828125
2019-05-10,18535.73046875
2019-05-13,18373.5
2019-05-14,18507.3671875
2019-05-15,18565.318359375
2019-05-16,18959.888671875
2019-05-17,19021.2578125
2019-05-20,19866.548828125
2019-05-21,19997.77734375
2019-05-22,19731.0703125
2019-05-23,20326.982421875
2019-05-24,20433.80078125
2019-05-27,20964.78125
2019-05-28,21141.21484375
2019-05-29,21126.716796875
2019-05-30,20930.310546875
2019-05-31,21109.044921875
2019-06-03,21361.84375
2019-06-04,20700.65625
2019-06-06,20132.28125
2019-06-07,20250.28125
2019-06-10,20317.068359375
2019-06-11,20292.267578125
2019-06-12,20061.63671875
2019-06-13,20270.78515625
2019-06-14,19980.78515625
2019-06-17,19520.404296875
2019-06-18,20054.556640625
2019-06-19,19956.671875
2019-06-20,20699.73046875
2019-06-21,20655.646484375
2019-06-24,20584.26953125
2019-06-25,21080.244140625
2019-06-26,21344.705078125
2019-06-27,21371.8515625
2019-06-28,21306.330078125
2019-07-01,20962.875
2019-07-02,21043.775390625
2019-07-03,20980.205078125
2019-07-04,21095.86328125
2019-07-05,20862.25390625
2019-07-08,20324.248046875
2019-07-09,20705.783203125
2019-07-10,20699.73046875
2019-07-11,20931.337890625
2019-07-12,20851.3671875
2019-07-15,20958.72265625
2019-07-16,21053.634765625
2019-07-17,21002.076171875
2019-07-18,20915.9609375
2019-07-19,20647.24609375
2019-07-22,20446.24609375
2019-07-23,20269.2734375
2019-07-24,20188.083984375
2019-07-25,20689.966796875
2019-07-26,20926.013671875
2019-07-29,20598.083984375
2019-07-30,20279.03515625
2019-07-31,19722.076171875
2019-08-01,19563.13671875
2019-08-02,19562.599609375
2019-08-05,19526.896484375
2019-08-06,19763.34765625
2019-08-07,19738.310546875
2019-08-08,19668.966796875
2019-08-09,19825.501953125
2019-08-13,19266.78125
2019-08-14,19245.212890625
2019-08-16,19048.76953125
2019-08-19,18984.0234375
2019-08-20,18591.666015625
2019-08-21,18291.83984375
2019-08-22,18034.70703125
2019-08-23,18005.65625
2019-08-26,18369.302734375
2019-08-27,18648.69140625
2019-08-28,18691.138671875
2019-08-29,18113.880859375
2019-08-30,18166.5
2019-09-03,17419.841796875
2019-09-04,17322.765625
2019-09-05,17216.748046875
2019-09-06,17478.62109375
2019-09-09,17672.185546875
2019-09-11,18084.87890625
2019-09-12,18174.5703125
2019-09-13,18386.22265625
2019-09-16,18482.6640625
2019-09-17,18283.52734375
2019-09-18,18277.41015625
2019-09-19,17533.98046875
2019-09-20,18827.97265625
2019-09-23,19481.515625
2019-09-24,19493.9375
2019-09-25,19030.7265625
2019-09-26,18940.349609375
2019-09-27,18901.419921875
2019-09-30,18473.9609375
2019-10-01,18186.009765625
2019-10-03,17859.193359375
2019-10-04,17730.76953125
2019-10-07,17435.396484375
2019-10-09,18077.4453125
2019-10-10,17868.140625
2019-10-11,17971.62109375
2019-10-14,18285.6328125
2019-10-15,18177.208984375
2019-10-16,18188.06640625
2019-10-17,17791.458984375
2019-10-18,18270.126953125
2019-10-22,19087.64453125
2019-10-23,19331.529296875
2019-10-24,19859.73828125
2019-10-25,19689.306640625
2019-10-27,19750.58203125
2019-10-29,19894.99609375
2019-10-30,19802.95703125
2019-10-31,19466.599609375
2019-11-01,19564.994140625
2019-11-04,19665.541015625
2019-11-05,19394.46875
2019-11-06,19366.7890625
2019-11-07,19601.279296875
2019-11-08,19547.6796875
2019-11-11,19350.16015625
2019-11-13,19311.431640625
2019-11-14,19239.15234375
2019-11-15,19103.443359375
2019-11-18,19433.587890625
2019-11-19,19568.080078125
2019-11-20,19845.01953125
2019-11-21,19849.66015625
2019-11-22,19852.59765625
2019-11-25,20128.4609375
2019-11-26,20578.47265625
2019-11-27,20870.033203125
2019-11-28,20720.833984375
2019-11-29,20536.125
2019-12-02,20459.296875
2019-12-03,20071.052734375
2019-12-04,19988.6484375
2019-12-05,19945.369140625
2019-12-06,19859.44140625
2019-12-09,19875.53515625
2019-12-10,19665.689453125
2019-12-11,19531.69140625
2019-12-12,19645.5390625
2019-12-13,19936.91015625
2019-12-16,19856.953125
2019-12-17,20144.205078125
2019-12-18,19892.79296875
2019-12-19,19871.177734375
2019-12-20,20102.58984375
2019-12-23,19853.52734375
2019-12-24,19824.822265625
2019-12-26,19888.541015625
2019-12-27,20056.427734375
2019-12-30,20047.869140625
2019-12-31,19917.39453125
2020-01-01,19874.30859375
2020-01-02,20766.5546875
2020-01-03,20659.06640625
2020-01-06,20602.486328125
2020-01-07,21481.525390625
2020-01-08,21949.189453125
2020-01-09,22314.25390625
2020-01-10,22833.466796875
2020-01-13,23306.654296875
2020-01-14,23043.357421875
2020-01-15,23208.21484375
2020-01-16,22780.109375
2020-01-17,22814.392578125
2020-01-20,22625.818359375
2020-01-21,22450.158203125
2020-01-22,22511.97265625
2020-01-23,22572.95703125
2020-01-24,22627.337890625
2020-01-27,23080.96484375
2020-01-28,22927.9453125
2020-01-29,22990.740234375
2020-01-30,22970.294921875
2020-01-31,22502.390625
2020-02-03,22757.275390625
2020-02-04,23948.46875
2020-02-05,24347.56640625
2020-02-06,24464.20703125
2020-02-07,24371.73046875
2020-02-10,24414.271484375
2020-02-11,24269.32421875
2020-02-12,24148.53125
2020-02-13,24076.30078125
2020-02-14,23897.8046875
2020-02-17,23501.146484375
2020-02-18,23255.84375
2020-02-19,23995.265625
2020-02-20,23872.17578125
2020-02-24,23414.525390625
2020-02-25,23159.51953125
2020-02-26,23054.4921875
2020-02-27,23395.810546875
2020-02-28,22274.1953125
2020-03-02,22638.74609375
2020-03-03,23180.251953125
2020-03-04,22849.0
2020-03-05,22662.51953125
2020-03-06,22705.99609375
2020-03-09,21477.58203125
2020-03-11,21511.72265625
2020-03-12,19918.697265625
2020-03-13,20935.291015625
2020-03-16,19805.2734375
2020-03-17,19655.38671875
2020-03-18,18956.291015625
2020-03-19,17421.13671875
2020-03-20,18572.8203125
2020-03-23,16662.599609375
2020-03-24,16682.8359375
2020-03-25,17133.06640625
2020-03-26,17246.83984375
2020-03-27,17357.078125
2020-03-30,16639.068359375
2020-03-31,17239.275390625
2020-04-01,16260.017578125
2020-04-03,15507.5712890625
2020-04-07,16343.4326171875
2020-04-08,15782.818359375
2020-04-09,16638.921875
2020-04-13,16998.3203125
2020-04-15,17821.11328125
2020-04-16,18597.62890625
2020-04-17,18615.166015625
2020-04-20,18664.443359375
2020-04-21,18498.935546875
2020-04-22,18880.8359375
2020-04-23,18380.353515625
2020-04-24,18262.150390625
2020-04-27,18688.953125
2020-04-28,18535.732421875
2020-04-29,18835.93359375
2020-04-30,19421.943359375
2020-05-04,18299.046875
2020-05-05,18188.021484375
2020-05-06,18413.90234375
2020-05-07,18109.8203125
2020-05-08,18404.912109375
2020-05-11,18583.875
2020-05-12,18792.458984375
2020-05-13,19417.37890625
2020-05-14,18972.84765625
2020-05-15,18844.826171875
2020-05-18,17835.01171875
2020-05-19,18019.7734375
2020-05-20,19071.931640625
2020-05-21,18914.2421875
2020-05-22,19561.806640625
2020-05-26,20305.609375
2020-05-27,20119.177734375
2020-05-28,20444.7265625
2020-05-29,20492.283203125
2020-06-01,20700.623046875
2020-06-02,20829.966796875
2020-06-03,21251.55859375
2020-06-04,21022.1953125
2020-06-05,21703.013671875
2020-06-08,20810.216796875
2020-06-09,20642.111328125
2020-06-10,21136.80078125
2020-06-11,20879.287109375
2020-06-12,22000.76171875
2020-06-15,21730.18359375
2020-06-16,21724.3359375
2020-06-17,21256.765625
2020-06-18,21483.42578125
2020-06-19,21299.55078125
2020-06-22,21632.271484375
2020-06-23,22357.998046875
2020-06-24,22171.32421875
2020-06-25,21682.58203125
2020-06-26,22129.6640625
2020-06-29,21950.947265625
2020-06-30,22647.640625
2020-07-01,22266.869140625
2020-07-02,22364.482421875
2020-07-03,22472.359375
2020-07-06,22706.6875
2020-07-07,22424.66015625
2020-07-08,22047.087890625
2020-07-09,22404.517578125
2020-07-10,21905.212890625
2020-07-13,21920.734375
2020-07-14,21699.232421875
2020-07-15,21460.974609375
2020-07-16,21350.7890625
2020-07-17,21880.20703125
2020-07-20,21876.427734375
2020-07-21,22048.01953125
2020-07-22,21594.791015625
2020-07-23,21190.689453125
2020-07-24,20959.408203125
2020-07-27,20744.34375
2020-07-28,21532.2109375
2020-07-29,21363.12109375
2020-07-30,21020.669921875
2020-07-31,21331.1875
2020-08-03,21366.65625
2020-08-04,21215.841796875
2020-08-05,21717.06640625
2020-08-06,21342.681640625
2020-08-07,21526.65625
2020-08-10,22004.443359375
2020-08-11,21174.4296875
2020-08-12,21004.7578125
2020-08-13,20865.33984375
2020-08-14,21082.71484375
2020-08-17,21136.26171875
2020-08-18,21530.78125
2020-08-19,21694.861328125
2020-08-20,21693.77734375
2020-08-21,21927.169921875
2020-08-24,21822.048828125
2020-08-25,21429.044921875
2020-08-26,21330.6953125
2020-08-27,21151.244140625
2020-08-28,20956.267578125
2020-08-31,19928.03515625
2020-09-01,20108.41796875
2020-09-02,20203.71875
2020-09-03,20071.4765625
2020-09-04,19674.845703125
2020-09-07,19436.73046875
2020-09-08,19017.10546875
2020-09-09,19061.958984375
2020-09-10,19299.572265625
2020-09-11,19161.189453125
2020-09-14,19443.166015625
2020-09-15,19714.091796875
2020-09-16,20031.046875
2020-09-17,19540.337890625
2020-09-18,19179.318359375
2020-09-21,18572.869140625
2020-09-22,18650.2421875
2020-09-23,18620.177734375
2020-09-24,18020.94921875
2020-09-25,18675.783203125
2020-09-28,19191.306640625
2020-09-29,19487.529296875
2020-09-30,19902.435546875
2020-10-01,20250.29296875
2020-10-05,19779.48046875
2020-10-06,19941.73828125
2020-10-07,20350.015625
2020-10-08,20372.66015625
2020-10-09,20827.509765625
2020-10-12,20589.349609375
2020-10-13,20718.943359375
2020-10-14,20766.005859375
2020-10-15,20280.99609375
2020-10-16,20806.826171875
2020-10-19,20732.943359375
2020-10-20,20814.048828125
2020-10-21,20777.40234375
2020-10-22,20624.330078125
2020-10-23,20162.013671875
2020-10-26,20067.251953125
2020-10-27,21353.982421875
2020-10-28,20987.36328125
2020-10-29,21297.638671875
2020-10-30,21314.880859375
2020-11-02,21292.083984375
2020-11-03,21493.25
2020-11-04,21526.90234375
2020-11-05,21850.193359375
2020-11-06,21667.10546875
2020-11-09,22209.09765625
2020-11-10,22364.43359375
2020-11-11,22467.3515625
2020-11-12,23031.35546875
2020-11-13,23025.36328125
2020-11-14,22954.376953125
2020-11-17,23569.912109375
2020-11-18,23648.017578125
2020-11-19,23247.5546875
2020-11-20,23529.578125
2020-11-23,24037.138671875
2020-11-24,23819.267578125
2020-11-25,23284.05078125
2020-11-26,23954.4609375
2020-11-27,23880.970703125
2020-12-01,24472.484375
2020-12-02,24204.5546875
2020-12-03,24469.2890625
2020-12-04,24476.859375
2020-12-07,24517.431640625
2020-12-08,24342.15625
2020-12-09,23993.31640625
2020-12-10,23342.3125
2020-12-11,23388.392578125
2020-12-14,23307.041015625
2020-12-15,23835.087890625
2020-12-16,23834.544921875
2020-12-17,24081.4453125
2020-12-18,24144.330078125
2020-12-21,23302.427734375
2020-12-22,23498.138671875
2020-12-23,23476.228515625
2020-12-24,23409.76171875
2020-12-28,23300.509765625
2020-12-29,23422.439453125
2020-12-30,24169.431640625
2020-12-31,23592.951171875
2021-01-01,23531.150390625
2021-01-04,23613.58203125
2021-01-05,23477.310546875
2021-01-06,24389.90625
2021-01-07,24564.591796875
2021-01-08,25361.6484375
2021-01-11,25121.818359375
2021-01-12,24925.1171875
2021-01-13,24293.66796875
2021-01-14,24420.609375
2021-01-15,23986.541015625
2021-01-18,23429.5625
2021-01-19,23947.92578125
2021-01-20,23560.283203125
2021-01-21,23303.896484375
2021-01-22,23279.6328125
2021-01-25,22848.66015625
2021-01-27,22420.826171875
2021-01-28,22701.923828125
2021-01-29,22374.798828125
2021-02-01,24114.06640625
2021-02-02,25969.962890625
2021-02-03,25539.482421875
2021-02-04,26616.884765625
2021-02-05,26255.1796875
2021-02-08,27531.787109375
2021-02-09,27672.876953125
2021-02-10,27798.58984375
2021-02-11,27848.15234375
2021-02-12,27476.423828125
2021-02-15,28151.796875
2021-02-16,28096.921875
2021-02-17,27773.78125
2021-02-18,27139.919921875
2021-02-19,27060.435546875
2021-02-22,26616.740234375
2021-02-23,26783.2734375
2021-02-24,27070.80078125
2021-02-25,26970.4921875
2021-02-26,26037.8984375
2021-03-01,27222.056640625
2021-03-02,27174.697265625
2021-03-03,27210.5625
2021-03-04,28174.73828125
2021-03-05,27361.2265625
2021-03-08,26709.29296875
2021-03-09,26835.1484375
2021-03-10,27073.556640625
2021-03-12,27216.705078125
2021-03-15,27160.75
2021-03-16,26950.7421875
2021-03-17,26372.439453125
2021-03-18,26130.05859375
2021-03-19,26465.28515625
2021-03-22,26482.775390625
2021-03-23,27816.71484375
2021-03-24,27316.72265625
2021-03-25,27097.671875
2021-03-26,27624.146484375
2021-03-30,28585.27734375
2021-03-31,28949.732421875
2021-04-01,29427.767578125
2021-04-05,29826.95703125
2021-04-06,29587.078125
2021-04-07,29701.587890625
2021-04-08,31029.927734375
2021-04-09,31193.12109375
2021-04-12,29358.111328125
2021-04-13,29824.796875
2021-04-15,29775.03125
2021-04-16,30281.705078125
2021-04-19,29531.71484375
2021-04-20,28807.564453125
2021-04-22,28022.791015625
2021-04-23,27614.41796875
2021-04-26,27571.482421875
2021-04-27,27606.806640625
2021-04-28,28185.498046875
2021-04-29,27946.552734375
2021-04-30,27422.04296875
2021-05-03,27500.0078125
2021-05-04,27267.59375
2021-05-05,27356.904296875
2021-05-06,27250.791015625
2021-05-07,27352.775390625
2021-05-10,26832.0078125
2021-05-11,27031.59765625
2021-05-12,26363.6484375
2021-05-14,26246.08984375
2021-05-17,26849.982421875
2021-05-18,26993.87109375
2021-05-19,27050.8515625
2021-05-20,27028.8984375
2021-05-21,27139.234375
2021-05-24,26438.416015625
2021-05-25,26568.203125
2021-05-26,26603.525390625
2021-05-27,27574.87109375
2021-05-28,27171.11328125
2021-05-31,27095.36328125
2021-06-01,27139.724609375
2021-06-02,27405.73828125
2021-06-03,27852.037109375
2021-06-04,27660.939453125
2021-06-07,28645.552734375
2021-06-08,28448.609375
2021-06-09,27910.19921875
2021-06-10,27731.830078125
2021-06-11,27564.998046875
2021-06-14,27838.18359375
2021-06-15,27987.37109375
2021-06-16,27730.794921875
2021-06-17,27871.634765625
2021-06-18,27554.978515625
2021-06-21,27731.3828125
2021-06-22,28727.345703125
2021-06-23,28361.998046875
2021-06-24,28170.513671875
2021-06-25,28226.3203125
2021-06-28,27893.345703125
2021-06-29,27642.07421875
2021-06-30,27023.24609375
2021-07-01,26586.37890625
2021-07-02,26542.12109375
2021-07-05,26515.296875
2021-07-06,27283.119140625
2021-07-07,27064.90625
2021-07-08,27099.099609375
2021-07-09,27021.427734375
2021-07-12,27544.318359375
2021-07-13,27579.146484375
2021-07-14,27917.421875
2021-07-15,27929.9453125
2021-07-16,27604.447265625
2021-07-19,27506.884765625
2021-07-20,27591.4296875
2021-07-22,27647.6484375
2021-07-23,27555.490234375
2021-07-26,27537.669921875
2021-07-27,27436.10546875
2021-07-28,27068.16015625
2021-07-29,27213.388671875
2021-07-30,27830.5390625
2021-08-02,28843.203125
2021-08-03,28753.84765625
2021-08-04,28684.580078125
2021-08-05,28520.6484375
2021-08-06,27949.52734375
2021-08-09,27837.626953125
2021-08-10,26700.1171875
2021-08-11,26138.7421875
2021-08-12,26183.544921875
2021-08-13,26190.830078125
2021-08-16,25578.5546875
2021-08-17,25796.83984375
2021-08-18,25921.935546875
2021-08-20,25886.33984375
2021-08-23,25585.841796875
2021-08-24,25829.037109375
2021-08-25,25883.486328125
2021-08-26,26147.166015625
2021-08-27,26483.6015625
2021-08-30,26739.697265625
2021-08-31,27852.34765625
2021-09-01,28039.763671875
2021-09-02,29856.357421875
2021-09-03,29972.099609375
2021-09-06,30065.390625
2021-09-07,30181.623046875
2021-09-08,30320.6484375
2021-09-09,30199.099609375
2021-09-13,30191.220703125
2021-09-14,30186.447265625
2021-09-15,30562.515625
2021-09-16,30188.564453125
2021-09-17,30088.91796875
2021-09-20,29638.416015625
2021-09-21,29597.0625
2021-09-22,29333.779296875
2021-09-23,29458.580078125
2021-09-24,28958.94140625
2021-09-27,29022.15234375
2021-09-28,28792.693359375
2021-09-29,28929.994140625
2021-09-30,28456.546875
2021-10-01,28651.498046875
2021-10-04,28838.330078125
2021-10-05,28323.52734375
2021-10-06,27676.943359375
2021-10-07,27627.31640625
2021-10-08,27329.76953125
2021-10-11,27590.982421875
2021-10-12,27279.208984375
2021-10-13,27387.416015625
2021-10-14,27525.998046875
2021-10-18,27757.236328125
2021-10-19,27270.34765625
2021-10-20,27034.634765625
2021-10-21,27193.44921875
2021-10-22,27311.109375
2021-10-25,26855.041015625
2021-10-26,27350.19921875
2021-10-27,27674.970703125
2021-10-28,27758.958984375
2021-10-29,28194.3515625
2021-11-01,28696.990234375
2021-11-02,28423.662109375
2021-11-03,28534.33203125
2021-11-04,28599.953125
2021-11-08,29071.923828125
2021-11-09,28779.595703125
2021-11-10,28903.806640625
2021-11-11,28563.87109375
2021-11-12,28936.396484375
2021-11-15,28629.4921875
2021-11-16,27705.689453125
2021-11-17,27264.689453125
2021-11-18,26749.00390625
2021-11-22,26193.44140625
2021-11-23,26328.771484375
2021-11-24,26469.81640625
2021-11-25,26259.8515625
2021-11-26,25546.30859375
2021-11-29,25172.455078125
2021-11-30,25700.349609375
2021-12-01,25690.255859375
2021-12-02,25885.015625
2021-12-03,25515.046875
2021-12-06,25217.994140625
2021-12-07,25350.126953125
2021-12-08,25750.171875
2021-12-09,26009.76171875
2021-12-10,25999.865234375
2021-12-13,26026.650390625
2021-12-14,26053.974609375
2021-12-15,25847.10546875
2021-12-16,25960.08984375
2021-12-17,25821.0625
2021-12-20,25078.177734375
2021-12-21,25439.625
2021-12-22,25793.88671875
2021-12-23,25927.302734375
2021-12-24,25905.8359375
2021-12-27,25890.328125
2021-12-28,26305.4375
2021-12-29,26205.548828125
2021-12-30,26006.810546875
2021-12-31,26571.919921875
2022-01-03,26827.865234375
2022-01-04,26539.08203125
2022-01-05,26795.623046875
2022-01-06,26119.59765625
2022-01-07,26629.814453125
2022-01-10,26530.173828125
2022-01-11,26622.23828125
2022-01-12,26304.158203125
2022-01-13,26441.80859375
2022-01-14,26661.51953125
2022-01-17,27121.228515625
2022-01-18,26737.431640625
2022-01-19,25995.732421875
2022-01-20,25670.91015625
2022-01-21,24651.6953125
2022-01-24,23946.4296875
2022-01-25,24120.30859375
2022-01-27,23592.857421875
2022-01-28,23753.248046875
2022-01-31,23893.45703125
2022-02-01,25097.18359375
2022-02-02,24876.431640625
2022-02-03,24419.0390625
2022-02-04,24343.369140625
2022-02-07,24482.69140625
2022-02-08,24382.703125
2022-02-09,25074.044921875
2022-02-10,24902.6640625
2022-02-11,24560.3046875
2022-02-14,23267.107421875
2022-02-15,24569.08203125
2022-02-16,24576.13671875
2022-02-17,24386.263671875
2022-02-18,24017.078125
2022-02-21,24341.38671875
2022-02-22,24060.625
2022-02-23,24267.5078125
2022-02-24,22836.123046875
2022-02-25,23655.97265625
2022-02-28,24081.3359375
2022-03-02,23605.8671875
2022-03-03,22515.365234375
2022-03-04,22242.44140625
2022-03-07,21690.087890625
2022-03-08,22275.484375
2022-03-09,21664.740234375
2022-03-10,21894.505859375
2022-03-11,22088.818359375
2022-03-14,22056.119140625
2022-03-15,22489.177734375
2022-03-16,23273.26953125
2022-03-17,23761.265625
2022-03-21,23070.92578125
2022-03-22,23054.158203125
2022-03-23,23093.5078125
2022-03-24,22955.96484375
2022-03-25,22941.759765625
2022-03-28,22880.806640625
2022-03-29,23322.6875
2022-03-30,23760.232421875
2022-03-31,23704.453125
2022-04-01,24276.779296875
2022-04-04,24426.900390625
2022-04-05,24814.435546875
2022-04-06,24395.291015625
2022-04-07,24404.66015625
2022-04-08,24915.734375
2022-04-11,24859.515625
2022-04-12,24779.62109375
2022-04-13,25017.232421875
2022-04-18,25088.05078125
2022-04-19,24521.447265625
2022-04-20,25362.748046875
2022-04-21,25700.76953125
2022-04-22,25502.216796875
2022-04-25,25299.376953125
2022-04-26,25813.955078125
2022-04-27,25225.595703125
2022-04-28,25519.326171875
2022-04-29,25567.564453125
2022-05-02,25872.046875
2022-05-04,24849.501953125
2022-05-05,24746.0859375
2022-05-06,23646.310546875
2022-05-09,23729.802734375
2022-05-10,23968.79296875
2022-05-11,23063.037109375
2022-05-12,22318.44140625
2022-05-13,22257.236328125
2022-05-16,21680.71875
2022-05-17,21734.921875
2022-05-18,22194.0625
2022-05-19,21913.0
2022-05-20,21700.787109375
2022-05-23,21642.103515625
2022-05-24,21351.82421875
2022-05-25,20963.59375
2022-05-26,21395.01953125
2022-05-27,21627.65234375
2022-05-30,22153.72265625
2022-05-31,21814.322265625
2022-06-01,21493.95703125
2022-06-02,21339.34375
2022-06-03,20356.20703125
2022-06-06,19729.578125
2022-06-07,19515.244140625
2022-06-08,19316.34765625
2022-06-09,18935.8671875
2022-06-10,18916.978515625
2022-06-13,18874.37109375
2022-06-14,18946.56640625
2022-06-15,19050.48046875
2022-06-16,18456.353515625
2022-06-17,17799.349609375
2022-06-20,18162.5703125
2022-06-21,18298.044921875
2022-06-22,18244.19140625
2022-06-23,18280.53515625
2022-06-24,18537.041015625
2022-06-27,18840.685546875
2022-06-28,18974.236328125
2022-06-29,19119.423828125
2022-06-30,18750.13671875
2022-07-01,18951.453125
2022-07-04,19028.9765625
2022-07-05,19298.59375
2022-07-06,19717.888671875
2022-07-07,19741.314453125
2022-07-08,19660.634765625
2022-07-11,19583.056640625
2022-07-12,19689.529296875
2022-07-13,19510.552734375
2022-07-14,19339.181640625
2022-07-15,19476.6953125
2022-07-18,19826.546875
2022-07-19,19838.904296875
2022-07-20,19977.306640625
2022-07-21,20209.373046875
2022-07-22,20542.576171875
2022-07-25,20442.77734375
2022-07-26,20416.380859375
2022-07-27,20783.29296875
2022-07-28,20182.1875
2022-07-29,20263.794921875
2022-08-01,20707.666015625
2022-08-02,20869.740234375
2022-08-03,20717.00390625
2022-08-04,20451.525390625
2022-08-05,20994.74609375
2022-08-08,20953.42578125
2022-08-10,20863.759765625
2022-08-11,20950.802734375
2022-08-12,20910.521484375
2022-08-16,21195.576171875
2022-08-17,21176.19921875
2022-08-18,21375.447265625
2022-08-19,21178.421875
2022-08-22,20692.2890625
2022-08-23,20885.26171875
2022-08-24,21104.08203125
2022-08-25,21464.517578125
2022-08-26,21845.4140625
2022-08-29,21645.626953125
2022-08-30,21820.900390625
2022-09-01,21339.51171875
2022-09-02,20847.451171875
2022-09-05,21050.35546875
2022-09-06,21406.931640625
2022-09-07,22916.19140625
2022-09-08,24178.9921875
2022-09-09,24225.60546875
2022-09-12,23859.33984375
2022-09-13,23658.85546875
2022-09-14,23855.630859375
2022-09-15,23639.380859375
2022-09-16,23051.279296875
2022-09-19,23133.7265625
2022-09-20,22977.1328125
2022-09-21,21772.310546875
2022-09-22,21455.51953125
2022-09-23,20959.205078125
2022-09-26,20511.431640625
2022-09-27,20921.443359375
2022-09-28,20606.3359375
2022-09-29,21043.83203125
2022-09-30,20792.78125
2022-10-03,20482.32421875
2022-10-04,20769.697265625
2022-10-06,21077.58984375
2022-10-07,21040.56640625
2022-10-10,20901.078125
2022-10-11,20564.419921875
2022-10-12,20772.0703125
2022-10-13,20834.845703125
2022-10-14,20946.404296875
2022-10-17,20593.08984375
2022-10-18,20728.326171875
2022-10-19,21080.35546875
2022-10-20,21645.525390625
2022-10-21,20695.998046875
2022-10-24,20804.00390625
2022-10-25,21056.28515625
2022-10-27,21266.40625
2022-10-28,21530.998046875
2022-10-31,22480.671875
2022-11-01,22380.779296875
2022-11-02,22072.09375
2022-11-03,22554.6171875
2022-11-04,22701.22265625
2022-11-07,23138.66796875
2022-11-09,22817.97265625
2022-11-10,22143.62109375
2022-11-11,22602.76171875
2022-11-14,22760.8828125
2022-11-15,22938.3828125
2022-11-16,22988.05859375
2022-11-17,22974.166015625
2022-11-18,22883.517578125
2022-11-21,22958.154296875
2022-11-22,22998.833984375
2022-11-23,23022.017578125
2022-11-24,22933.884765625
2022-11-25,22939.224609375
2022-11-28,23158.439453125
2022-11-29,22953.064453125
2022-11-30,23606.90625
2022-12-01,23733.197265625
2022-12-02,23819.55078125
2022-12-05,23484.173828125
2022-12-06,23735.37109375
2022-12-07,23979.154296875
2022-12-08,24204.251953125
2022-12-09,24162.287109375
2022-12-12,24001.05078125
2022-12-13,23931.35546875
2022-12-14,24074.994140625
2022-12-15,24018.89453125
2022-12-16,23454.71875
2022-12-19,23551.44921875
2022-12-20,23458.966796875
2022-12-21,23301.93359375
2022-12-22,23542.3515625
2022-12-23,23005.5078125
2022-12-26,23476.662109375
2022-12-27,23857.314453125
2022-12-28,24006.78515625
2022-12-29,22991.025390625
2022-12-30,23023.349609375
2023-01-02,23186.7109375
2023-01-03,23461.783203125
2023-01-04,23733.248046875
2023-01-05,23961.064453125
2023-01-06,23580.51171875
2023-01-09,23480.912109375
2023-01-10,23290.314453125
2023-01-11,23248.00390625
2023-01-12,23582.291015625
2023-01-13,23863.935546875
2023-01-16,23785.490234375
2023-01-17,23816.2890625
2023-01-18,23784.998046875
2023-01-19,24110.833984375
2023-01-20,24141.921875
2023-01-23,22773.833984375
2023-01-24,22350.08203125
2023-01-25,21893.7578125
2023-01-27,21650.962890625
2023-01-30,22327.294921875
2023-01-31,23413.9375
2023-02-01,23643.681640625
2023-02-02,24243.052734375
2023-02-03,24188.0390625
2023-02-06,23845.3515625
2023-02-07,23985.037109375
2023-02-08,23962.98828125
2023-02-09,22934.7265625
2023-02-10,23696.716796875
2023-02-13,23917.958984375
2023-02-14,24353.33203125
2023-02-15,24606.15625
2023-02-16,24875.5859375
2023-02-17,25509.22265625
2023-02-20,26257.44140625
2023-02-21,26275.267578125
2023-02-22,25962.31640625
2023-02-23,25387.654296875
2023-02-24,25167.94140625
2023-02-27,25397.95703125
2023-02-28,25836.587890625
2023-03-01,26075.810546875
2023-03-02,26320.7265625
2023-03-03,25408.701171875
2023-03-06,25325.0625
2023-03-08,25764.041015625
2023-03-09,25314.564453125
2023-03-10,25929.482421875
2023-03-13,25518.677734375
2023-03-14,24981.703125
2023-03-15,25087.02734375
2023-03-16,25227.51171875
2023-03-17,24919.3125
2023-03-20,24834.583984375
2023-03-21,24900.642578125
2023-03-22,25248.359375
2023-03-23,25168.291015625
2023-03-24,25265.83984375
2023-03-27,25337.14453125
2023-03-28,24950.60546875
2023-03-29,25556.06640625
2023-03-31,25934.6328125
2023-04-03,26007.8203125
2023-04-05,26279.275390625
2023-04-06,25912.595703125
2023-04-10,25750.2265625
2023-04-11,25948.9453125
2023-04-12,25865.26171875
2023-04-13,25559.53125
2023-04-17,25286.140625
2023-04-18,25020.232421875
2023-04-19,24520.390625
2023-04-20,24020.703125
2023-04-21,23656.892578125
2023-04-24,23640.3515625
2023-04-25,23846.400390625
2023-04-26,23731.615234375
2023-04-27,23517.00390625
2023-04-28,24099.98046875
2023-05-02,23958.55859375
2023-05-03,24024.81640625
2023-05-04,24220.759765625
2023-05-05,24279.982421875
2023-05-08,24334.650390625
2023-05-09,23973.759765625
2023-05-10,24196.39453125
2023-05-11,24637.15625
2023-05-12,24512.37109375
2023-05-15,24355.001953125
2023-05-16,24163.265625
2023-05-17,24183.71875
2023-05-18,23753.20703125
2023-05-19,24173.466796875
2023-05-22,24232.888671875
2023-05-23,24527.17578125
2023-05-24,23759.64453125
2023-05-25,24013.47265625
2023-05-26,24736.341796875
2023-05-29,25017.953125
2023-05-30,25340.412109375
2023-05-31,24922.728515625
2023-06-01,24979.40234375
2023-06-02,24851.46484375
2023-06-05,24634.744140625
2023-06-06,25601.2265625
2023-06-07,25603.01171875
2023-06-08,25440.6328125
2023-06-09,25257.810546875
2023-06-12,25523.412109375
2023-06-13,25968.66015625
2023-06-14,26040.220703125
2023-06-15,25950.1015625
2023-06-16,26017.443359375
2023-06-19,25804.89453125
2023-06-20,25755.46484375
2023-06-21,25469.16796875
2023-06-22,25464.798828125
2023-06-23,24957.515625
2023-06-26,23525.193359375
2023-06-27,23838.83203125
2023-06-28,23873.818359375
2023-06-30,23708.115234375
2023-07-03,23940.9140625
2023-07-04,23902.154296875
2023-07-05,24250.0859375
2023-07-06,24037.736328125
2023-07-07,23705.0390625
2023-07-10,23837.98828125
2023-07-11,23776.501953125
2023-07-12,24080.267578125
2023-07-13,23972.623046875
2023-07-14,24157.931640625
2023-07-17,23937.88671875
2023-07-18,23769.455078125
2023-07-19,23848.90625
2023-07-20,23234.28125
2023-07-21,22916.37109375
2023-07-24,23063.513671875
2023-07-25,23504.9921875
2023-07-26,24093.267578125
2023-07-27,23691.341796875
2023-07-28,23868.509765625
2023-07-31,23928.40625
2023-08-01,23922.103515625
2023-08-02,23865.580078125
2023-08-03,23934.3125
2023-08-04,24043.341796875
2023-08-07,24072.375
2023-08-08,24088.8515625
2023-08-09,24149.396484375
2023-08-10,23994.064453125
2023-08-11,23930.58984375
2023-08-14,23543.453125
2023-08-16,23741.91015625
2023-08-17,23613.525390625
2023-08-18,23361.5234375
2023-08-21,23433.92578125
2023-08-22,23684.5390625
2023-08-23,23493.77734375
2023-08-24,23681.46484375
2023-08-25,23674.220703125
2023-08-28,23841.013671875
2023-08-29,23950.04296875
2023-08-30,23868.30859375
2023-08-31,23623.451171875
2023-09-01,23959.125
2023-09-04,25479.888671875
2023-09-05,25532.98828125
2023-09-06,25458.794921875
2023-09-07,25546.63671875
2023-09-08,25779.185546875
2023-09-11,25604.796875
2023-09-12,25840.72265625
2023-09-13,26042.654296875
2023-09-14,26247.5625
2023-09-15,26594.205078125
2023-09-18,26194.95703125
2023-09-20,25912.83203125
2023-09-21,26097.29296875
2023-09-22,25746.033203125
2023-09-25,25663.40625
2023-09-26,25838.638671875
2023-09-27,26231.236328125
2023-09-28,25440.333984375
2023-09-29,25274.87890625
2023-10-03,25432.79296875
2023-10-04,25276.8125
2023-10-05,25570.802734375
2023-10-06,25594.724609375
2023-10-09,25537.900390625
2023-10-10,25968.412109375
2023-10-11,26303.4921875
2023-10-12,26454.505859375
2023-10-13,26650.681640625
2023-10-16,26459.8671875
2023-10-17,26432.869140625
2023-10-18,26613.55859375
2023-10-19,26101.11328125
2023-10-20,25889.904296875
2023-10-23,25512.193359375
2023-10-25,25515.37109375
2023-10-26,25241.728515625
2023-10-27,25324.01171875
2023-10-30,25749.85546875
2023-10-31,25463.513671875
2023-11-01,25230.861328125
2023-11-02,25698.9375
2023-11-03,25764.048828125
2023-11-06,26203.890625
2023-11-07,26486.31640625
2023-11-08,26074.365234375
2023-11-09,25757.6484375
2023-11-10,26161.70703125
2023-11-13,26000.62109375
2023-11-15,26007.81640625
2023-11-16,25978.982421875
2023-11-17,26004.193359375
2023-11-20,25759.880859375
2023-11-21,25743.40625
2023-11-22,25802.95703125
2023-11-23,25728.666015625
2023-11-24,25453.931640625
2023-11-28,25872.830078125
2023-11-29,25911.98828125
2023-11-30,26542.09765625
2023-12-01,26824.771484375
2023-12-04,27510.064453125
2023-12-05,27794.7734375
2023-12-06,27591.552734375
2023-12-07,27811.30078125
2023-12-08,27463.666015625
2023-12-11,28091.29296875
2023-12-12,28393.224609375
2023-12-13,28323.794921875
2023-12-14,28518.53125
2023-12-15,28544.185546875
2023-12-18,28343.79296875
2023-12-19,28372.529296875
2023-12-20,28042.064453125
2023-12-21,28003.158203125
2023-12-22,27976.109375
2023-12-26,28393.173828125
2023-12-27,28431.0390625
2023-12-28,28387.9609375
2023-12-29,28439.376953125
2024-01-01,28249.109375
2024-01-02,27878.84375
2024-01-03,28011.046875
2024-01-04,28146.18359375
2024-01-05,26821.544921875
2024-01-08,27125.609375
2024-01-09,27108.984375
2024-01-10,26641.748046875
2024-01-11,26709.041015625
2024-01-12,26673.361328125
2024-01-15,26613.509765625
2024-01-16,26879.904296875
2024-01-17,25941.861328125
2024-01-18,26279.47265625
2024-01-19,26450.533203125
2024-01-23,27288.482421875
2024-01-24,27428.828125
2024-01-25,27740.13671875
2024-01-29,28199.431640625
2024-01-30,27868.123046875
2024-01-31,28343.05078125
2024-02-01,29392.45703125
2024-02-02,28241.513671875
2024-02-05,26753.55859375
2024-02-06,27363.56640625
2024-02-07,27906.384765625
2024-02-08,27214.248046875
2024-02-09,27472.669921875
2024-02-12,27110.1484375
2024-02-13,27094.38671875
2024-02-14,26745.185546875
2024-02-15,26182.86328125
2024-02-16,26148.16015625
2024-02-19,26662.51171875
2024-02-20,26373.767578125
2024-02-21,26194.89453125
2024-02-22,26451.76953125
2024-02-23,26338.716796875
2024-02-26,25950.98828125
2024-02-27,26042.068359375
2024-02-28,25460.5
2024-02-29,25359.08203125
2024-03-01,25491.72265625
2024-03-04,25583.6953125
2024-03-05,24867.248046875
2024-03-06,24613.205078125
2024-03-07,24565.1328125
2024-03-11,25168.025390625
2024-03-12,24818.181640625
2024-03-13,24221.548828125
2024-03-14,24815.396484375
2024-03-15,24927.603515625
2024-03-18,25198.798828125
2024-03-19,24862.974609375
2024-03-20,24793.76953125
2024-03-21,25216.896484375
2024-03-22,25221.521484375
2024-03-26,25537.80859375
2024-03-27,25791.552734375
2024-03-28,25536.513671875
2024-04-01,26307.248046875
2024-04-02,26381.720703125
2024-04-03,26204.138671875
2024-04-04,25762.619140625
2024-04-05,25663.984375
2024-04-08,25807.3125
2024-04-09,25843.703125
2024-04-10,25464.080078125
2024-04-12,25345.908203125
2024-04-15,25152.06640625
2024-04-16,24740.775390625
2024-04-18,24286.67578125
2024-04-19,24229.90234375
2024-04-22,24257.39453125
2024-04-23,24238.849609375
2024-04-24,24230.298828125
2024-04-25,23835.013671875
2024-04-26,24002.953125
2024-04-29,24007.576171875
2024-04-30,24305.568359375
2024-05-02,24685.740234375
2024-05-03,25599.853515625
2024-05-06,25391.494140625
2024-05-07,25250.951171875
2024-05-08,25514.240234375
2024-05-09,25355.451171875
2024-05-10,25515.0390625
2024-05-13,25844.40234375
2024-05-14,25876.615234375
2024-05-15,25672.53515625
2024-05-16,25539.248046875
2024-05-17,26155.916015625
2024-05-21,25686.255859375
2024-05-22,25532.63671875
2024-05-23,25530.599609375
2024-05-24,25311.404296875
2024-05-27,25270.390625
2024-05-28,25488.58984375
2024-05-29,25181.251953125
2024-05-30,24919.548828125
2024-05-31,24539.974609375
2024-06-03,25165.04296875
2024-06-04,24741.025390625
2024-06-05,25335.865234375
2024-06-06,25490.1796875
2024-06-07,25928.916015625
2024-06-10,27084.4921875
2024-06-11,26909.646484375
2024-06-12,27381.98828125
2024-06-13,27334.111328125
2024-06-14,27381.09375
2024-06-18,27305.626953125
2024-06-19,27287.03515625
2024-06-20,27540.630859375
2024-06-21,27247.66015625
2024-06-24,27163.14453125
2024-06-25,27062.47265625
2024-06-26,27342.216796875
2024-06-27,27673.865234375
2024-06-28,27711.6015625
2024-07-01,28191.796875
2024-07-02,27539.93359375
2024-07-03,27227.873046875
2024-07-04,27302.595703125
2024-07-05,27371.84765625
2024-07-08,27038.30859375
2024-07-09,27618.037109375
2024-07-10,27746.44921875
2024-07-11,27614.357421875
2024-07-12,27507.8671875
2024-07-15,27459.49609375
2024-07-16,27747.79296875
2024-07-18,27901.7109375
2024-07-19,27128.69140625
2024-07-22,27760.71875
2024-07-23,28057.0078125
2024-07-24,27449.0859375
2024-07-25,27381.689453125
2024-07-26,27463.783203125
2024-07-29,27136.16015625
2024-07-30,27212.32421875
2024-07-31,27636.833984375
2024-08-01,27664.779296875
2024-08-02,27193.396484375
2024-08-05,26734.568359375
2024-08-06,26003.85546875
2024-08-07,25004.8515625
2024-08-08,24053.21875
2024-08-09,24205.84765625
2024-08-12,24317.177734375
2024-08-13,24115.53515625
2024-08-14,24248.037109375
2024-08-16,24550.802734375
2024-08-19,24756.134765625
2024-08-20,24638.17578125
2024-08-21,24715.38671875
2024-08-22,24918.974609375
2024-08-23,24613.76953125
2024-08-26,24813.41796875
2024-08-27,24720.515625
2024-08-28,24599.96875
2024-08-29,24728.63671875
2024-08-30,25386.818359375
2024-09-02,25332.326171875
2024-09-03,25412.32421875
2024-09-04,25674.490234375
2024-09-05,25566.396484375
2024-09-06,25514.7890625
2024-09-09,25702.236328125
2024-09-10,25629.0625
2024-09-11,25518.423828125
2024-09-12,25922.462890625
2024-09-13,25786.421875
2024-09-16,25523.70703125
2024-09-17,25342.087890625
2024-09-18,24982.984375
2024-09-19,24838.57421875
2024-09-20,25047.7890625
2024-09-23,25861.140625
2024-09-24,25814.865234375
2024-09-25,25806.89453125
2024-09-26,26025.525390625
2024-09-27,26149.857421875
2024-09-30,26210.630859375
2024-10-01,26424.1796875
2024-10-03,26161.115234375
2024-10-04,25936.955078125
2024-10-07,25281.662109375
2024-10-08,25487.34375
2024-10-09,24881.763671875
2024-10-10,24549.7578125
2024-10-11,24246.146484375
2024-10-14,24480.416015625
2024-10-15,24626.169921875
2024-10-16,24348.263671875
2024-10-17,24154.5390625
2024-10-18,24234.390625
2024-10-21,24206.994140625
2024-10-22,24343.1328125
2024-10-23,24617.953125
2024-10-24,24971.67578125
2024-10-25,24863.58203125
2024-10-28,24962.560546875
2024-10-29,25237.130859375
2024-10-30,25256.65625
2024-10-31,24978.5
2024-11-01,25146.76953125
2024-11-04,24772.423828125
2024-11-05,24603.65625
2024-11-06,24915.736328125
2024-11-07,24686.09765625
2024-11-08,24441.36328125
2024-11-11,24327.04296875
2024-11-12,24281.763671875
2024-11-13,23959.37109375
2024-11-14,24001.712890625
2024-11-18,23845.6484375
2024-11-19,24016.306640625
2024-11-21,23963.005859375
2024-11-22,24702.13671875
2024-11-25,25372.17578125
2024-11-26,24887.341796875
2024-11-27,25326.89453125
2024-11-28,25450.181640625
2024-11-29,25979.048828125
2024-12-02,26683.955078125
2024-12-03,27057.90234375
2024-12-04,27301.541015625
2024-12-05,26508.61328125
2024-12-06,26975.513671875
2024-12-09,26611.478515625
2024-12-10,27018.00390625
2024-12-11,27203.5078125
2024-12-12,27127.044921875
2024-12-13,27488.388671875
2024-12-16,27986.322265625
2024-12-17,28246.296875
2024-12-18,27804.5546875
2024-12-19,27513.9453125
2024-12-20,26962.412109375
2024-12-23,27098.302734375
2024-12-24,26607.939453125
2024-12-26,26244.3046875
2024-12-27,25951.701171875
2024-12-30,25694.017578125
2024-12-31,25598.2265625
2025-01-01,25408.986328125
2025-01-02,26590.20703125
2025-01-03,25998.7734375
2025-01-06,25811.82421875
2025-01-07,25906.76953125
2025-01-08,25930.232421875
2025-01-09,25864.828125
2025-01-10,25642.1640625
2025-01-13,24781.587890625
2025-01-14,25036.33203125
2025-01-15,25200.119140625
2025-01-16,25322.509765625
2025-01-17,25220.890625
2025-01-20,25052.07421875
2025-01-21,24993.046875
2025-01-22,25198.078125
2025-01-23,25829.958984375
2025-01-24,25686.84375
2025-01-27,25037.529296875
2025-01-28,25935.759765625
2025-01-29,26551.80078125
2025-01-30,26730.283203125
2025-01-31,27692.078125
2025-02-01,27261.541015625
2025-02-03,27452.423828125
2025-02-04,27829.064453125
2025-02-05,28346.751953125
2025-02-06,27768.33203125
2025-02-07,28194.05078125
2025-02-10,27989.400390625
2025-02-11,27935.205078125
2025-02-12,28180.029296875
2025-02-13,28169.998046875
2025-02-14,28500.40234375
2025-02-17,28253.984375
2025-02-18,28305.931640625
2025-02-19,28599.310546875
2025-02-20,28441.21875
2025-02-21,28350.34375
2025-02-24,28237.265625
2025-02-25,28142.5
2025-02-27,28251.240234375
2025-02-28,27230.83203125
2025-03-03,27624.962890625
2025-03-04,27310.025390625
2025-03-05,28100.58203125
2025-03-06,28007.06640625
2025-03-07,27930.6640625
2025-03-10,27829.3125
2025-03-11,27882.55859375
2025-03-12,27477.349609375
2025-03-13,27441.5703125
2025-03-17,27680.552734375
2025-03-18,27680.552734375
2025-03-19,28472.2578125
2025-03-20,28573.060546875
2025-03-21,28930.912109375
2025-03-24,29385.275390625
2025-03-25,29486.478515625
2025-03-26,29872.771484375
2025-03-27,30087.703125
2025-03-28,30443.5078125
2025-04-01,30187.458984375
2025-04-02,30214.40625
2025-04-03,30841.78125
2025-04-04,30634.685546875
2025-04-07,29693.57421875
2025-04-08,30373.89453125
2025-04-09,30311.06640625
2025-04-11,30049.27734375
2025-04-15,31064.345703125
2025-04-16,30739.98046875
2025-04-17,30939.58984375
2025-04-21,31094.287109375
2025-04-22,30849.765625
2025-04-23,30305.828125
2025-04-24,30645.1640625
2025-04-25,30480.486328125
2025-04-28,30340.759765625
2025-04-29,29966.490234375
2025-04-30,29652.103515625
2025-05-02,29222.94140625
2025-05-05,29412.572265625
2025-05-06,29427.54296875
2025-05-07,29512.376953125
2025-05-08,29352.6875
2025-05-09,29173.0390625
2025-05-12,30076.275390625
2025-05-13,30086.255859375
2025-05-14,30560.330078125
2025-05-15,31338.810546875
2025-05-16,31553.390625
2025-05-19,31538.419921875
2025-05-20,31463.56640625
2025-05-21,31428.634765625
2025-05-22,31348.791015625
2025-05-23,31433.625
2025-05-26,31039.39453125
2025-05-27,30889.6875
2025-05-28,29836.744140625
2025-05-29,29856.705078125
2025-05-30,29537.328125
2025-06-02,29352.6875
2025-06-03,29317.755859375
2025-06-04,29382.62890625
2025-06-05,29457.484375
2025-06-06,29542.318359375
2025-06-09,29766.87890625
2025-06-10,29766.87890625
2025-06-11,29771.869140625
2025-06-12,29632.142578125
2025-06-13,29552.298828125
2025-06-16,29746.91796875
2025-06-17,29562.279296875
2025-06-18,29247.892578125
2025-06-19,29252.8828125
2025-06-20,28818.73046875
2025-06-23,28509.3359375
2025-06-24,28449.451171875
2025-06-25,29018.341796875
2025-06-26,30046.333984375
2025-06-27,30969.53125
2025-06-30,30969.53125
2025-07-01,31124.228515625
2025-07-02,31578.341796875
2025-07-03,31358.771484375
2025-07-04,31253.9765625
2025-07-07,31044.384765625
2025-07-08,31239.005859375
2025-07-09,31553.390625
2025-07-10,31114.248046875
2025-07-11,31149.1796875
2025-07-14,31039.39453125
2025-07-15,31019.43359375
2025-07-16,30894.677734375
2025-07-17,30784.892578125
2025-07-18,30730.0
2025-07-21,31535.0
2025-07-22,32345.0
2025-07-23,32115.0
2025-07-24,31745.0
2025-07-25,30950.0
2025-07-28,30695.0
2025-07-29,30410.0
2025-07-30,30590.0
2025-07-31,30810.0
2025-08-01,30675.0
