Date,SPT.L
2015-08-24,78.8396987915039
2015-08-25,77.84173583984375
2015-08-26,76.34477996826172
2015-08-27,77.59221649169922
2015-08-28,78.0912094116211
2015-09-01,77.84173583984375
2015-09-02,76.84375
2015-09-03,79.08918762207031
2015-09-04,79.83767700195312
2015-09-07,78.5901870727539
2015-09-08,79.83767700195312
2015-09-09,78.8396987915039
2015-09-10,78.0912094116211
2015-09-11,77.84173583984375
2015-09-14,76.5942611694336
2015-09-15,75.84579467773438
2015-09-16,74.34882354736328
2015-09-17,75.3468017578125
2015-09-18,75.59628295898438
2015-09-21,75.3468017578125
2015-09-22,74.09934997558594
2015-09-23,77.34273529052734
2015-09-24,74.09934997558594
2015-09-25,74.34882354736328
2015-09-28,74.09934997558594
2015-09-29,73.84983825683594
2015-09-30,75.3468017578125
2015-10-01,75.09732055664062
2015-10-02,75.3468017578125
2015-10-05,75.59628295898438
2015-10-06,75.09732055664062
2015-10-07,75.59628295898438
2015-10-08,75.59628295898438
2015-10-09,76.34477996826172
2015-10-12,75.3468017578125
2015-10-13,73.84983825683594
2015-10-14,75.3468017578125
2015-10-15,77.34273529052734
2015-10-16,76.09528350830078
2015-10-19,74.59833526611328
2015-10-20,73.84983825683594
2015-10-21,73.60034942626953
2015-10-22,74.34882354736328
2015-10-23,74.34882354736328
2015-10-26,75.3468017578125
2015-10-27,74.59833526611328
2015-10-28,74.34882354736328
2015-10-29,74.09934997558594
2015-10-30,73.35084533691406
2015-11-02,74.34882354736328
2015-11-03,73.84983825683594
2015-11-04,74.34882354736328
2015-11-05,66.86404418945312
2015-11-06,67.61254119873047
2015-11-09,68.11150360107422
2015-11-10,67.61254119873047
2015-11-11,67.86200714111328
2015-11-12,67.86200714111328
2015-11-13,67.86200714111328
2015-11-16,68.36100769042969
2015-11-17,67.86200714111328
2015-11-18,67.86200714111328
2015-11-19,68.8599853515625
2015-11-20,68.8599853515625
2015-11-23,68.8599853515625
2015-11-24,68.8599853515625
2015-11-25,68.8599853515625
2015-11-26,69.60846710205078
2015-11-27,69.10945892333984
2015-11-30,68.8599853515625
2015-12-01,69.3589859008789
2015-12-02,68.8599853515625
2015-12-03,68.61048889160156
2015-12-04,68.8599853515625
2015-12-07,68.8599853515625
2015-12-08,68.36100769042969
2015-12-09,68.11150360107422
2015-12-10,67.86200714111328
2015-12-11,65.11759948730469
2015-12-14,66.11555480957031
2015-12-15,66.86404418945312
2015-12-16,66.86404418945312
2015-12-17,67.36304473876953
2015-12-18,67.36304473876953
2015-12-21,67.61254119873047
2015-12-22,67.86200714111328
2015-12-23,67.11354064941406
2015-12-24,68.11150360107422
2015-12-29,71.60442352294922
2015-12-30,71.85388946533203
2015-12-31,71.35490417480469
2016-01-04,69.85795593261719
2016-01-05,71.60442352294922
2016-01-06,71.60442352294922
2016-01-07,71.10542297363281
2016-01-08,69.3589859008789
2016-01-11,68.36100769042969
2016-01-12,69.10945892333984
2016-01-13,69.10945892333984
2016-01-14,69.85795593261719
2016-01-15,66.36506652832031
2016-01-18,66.61454010009766
2016-01-19,67.61254119873047
2016-01-20,66.36506652832031
2016-01-21,66.61454010009766
2016-01-22,66.11555480957031
2016-01-25,67.36304473876953
2016-01-26,70.60643768310547
2016-01-27,71.60442352294922
2016-01-28,72.10340881347656
2016-01-29,73.84983825683594
2016-02-01,73.84983825683594
2016-02-02,72.10340881347656
2016-02-03,72.60237121582031
2016-02-04,73.35084533691406
2016-02-05,74.8478012084961
2016-02-08,73.84983825683594
2016-02-09,73.10136413574219
2016-02-10,73.84983825683594
2016-02-11,72.85186767578125
2016-02-12,72.85186767578125
2016-02-15,73.60034942626953
2016-02-16,73.84983825683594
2016-02-17,76.34477996826172
2016-02-18,75.3468017578125
2016-02-19,71.35490417480469
2016-02-22,73.60034942626953
2016-02-23,72.85186767578125
2016-02-24,75.3468017578125
2016-02-25,81.83360290527344
2016-02-26,82.83158111572266
2016-02-29,84.32853698730469
2016-03-01,86.32449340820312
2016-03-02,88.32042694091797
2016-03-03,89.58396911621094
2016-03-04,88.83535766601562
2016-03-07,88.83535766601562
2016-03-08,90.8316650390625
2016-03-09,89.58396911621094
2016-03-10,88.33629608154297
2016-03-11,90.33259582519531
2016-03-14,90.33259582519531
2016-03-15,91.8298110961914
2016-03-16,93.57658386230469
2016-03-17,90.5821304321289
2016-03-18,84.09414672851562
2016-03-21,88.33629608154297
2016-03-22,89.08489990234375
2016-03-23,88.58582305908203
2016-03-24,86.0904541015625
2016-03-29,87.83719635009766
2016-03-30,88.33629608154297
2016-03-31,87.83719635009766
2016-04-01,88.58582305908203
2016-04-04,88.08674621582031
2016-04-05,86.0904541015625
2016-04-06,86.58952331542969
2016-04-07,86.58952331542969
2016-04-08,87.33811950683594
2016-04-11,87.5876693725586
2016-04-12,88.08674621582031
2016-04-13,88.33629608154297
2016-04-14,87.5876693725586
2016-04-15,79.60247802734375
2016-04-18,79.1033935546875
2016-04-19,79.85202026367188
2016-04-20,80.35108184814453
2016-04-21,81.0997085571289
2016-04-22,79.85202026367188
2016-04-25,79.85202026367188
2016-04-26,78.60430145263672
2016-04-27,80.35108184814453
2016-04-28,78.85387420654297
2016-04-29,78.35479736328125
2016-05-03,80.60062408447266
2016-05-04,83.34552764892578
2016-05-05,83.09600067138672
2016-05-06,82.59691619873047
2016-05-09,81.84830474853516
2016-05-10,82.59691619873047
2016-05-11,82.84646606445312
2016-05-12,82.59691619873047
2016-05-13,82.34738159179688
2016-05-16,81.0997085571289
2016-05-17,82.09784698486328
2016-05-18,82.09784698486328
2016-05-19,81.0997085571289
2016-05-20,79.35293579101562
2016-05-23,80.85015869140625
2016-05-24,79.60247802734375
2016-05-25,80.10154724121094
2016-05-26,80.10154724121094
2016-05-27,79.85202026367188
2016-05-31,79.35293579101562
2016-06-01,79.1033935546875
2016-06-02,79.60247802734375
2016-06-03,79.35293579101562
2016-06-06,78.60430145263672
2016-06-07,79.35293579101562
2016-06-08,79.35293579101562
2016-06-09,79.35293579101562
2016-06-10,79.35293579101562
2016-06-13,77.60617065429688
2016-06-14,77.85569763183594
2016-06-15,77.60617065429688
2016-06-16,76.60801696777344
2016-06-17,76.10895538330078
2016-06-20,78.1052474975586
2016-06-21,77.60617065429688
2016-06-22,79.60247802734375
2016-06-23,77.85569763183594
2016-06-24,75.11082458496094
2016-06-27,74.86124420166016
2016-06-28,76.10895538330078
2016-06-29,77.85569763183594
2016-06-30,81.0997085571289
2016-07-01,79.35293579101562
2016-07-04,80.85015869140625
2016-07-05,78.1052474975586
2016-07-06,79.35293579101562
2016-07-07,78.85387420654297
2016-07-08,78.60430145263672
2016-07-11,79.60247802734375
2016-07-12,79.60247802734375
2016-07-13,78.1052474975586
2016-07-14,76.10895538330078
2016-07-15,74.36219024658203
2016-07-18,78.85387420654297
2016-07-19,83.34552764892578
2016-07-20,83.59506225585938
2016-07-21,84.84276580810547
2016-07-22,84.34368133544922
2016-07-25,87.33811950683594
2016-07-26,85.59137725830078
2016-07-27,90.8316650390625
2016-07-28,88.33629608154297
2016-07-29,90.33259582519531
2016-08-01,88.33629608154297
2016-08-02,85.8409194946289
2016-08-03,87.0886001586914
2016-08-04,86.0904541015625
2016-08-05,88.33629608154297
2016-08-08,88.83535766601562
2016-08-09,90.8316650390625
2016-08-10,89.08489990234375
2016-08-11,88.3488540649414
2016-08-12,89.3471450805664
2016-08-15,87.84970092773438
2016-08-16,88.3488540649414
2016-08-17,88.59843444824219
2016-08-18,87.60013580322266
2016-08-19,86.85143280029297
2016-08-22,85.3539810180664
2016-08-23,86.60185241699219
2016-08-24,90.34544372558594
2016-08-25,89.59672546386719
2016-08-26,87.60013580322266
2016-08-30,87.35055541992188
2016-08-31,84.85485076904297
2016-09-01,83.35738372802734
2016-09-02,81.8599624633789
2016-09-05,80.3625259399414
2016-09-06,79.8633804321289
2016-09-07,81.8599624633789
2016-09-08,84.85485076904297
2016-09-09,83.10782623291016
2016-09-12,79.8633804321289
2016-09-13,76.86848449707031
2016-09-14,77.36764526367188
2016-09-15,78.6155014038086
2016-09-16,78.36593627929688
2016-09-19,78.8650894165039
2016-09-20,79.11465454101562
2016-09-21,78.8650894165039
2016-09-22,78.8650894165039
2016-09-23,79.8633804321289
2016-09-26,78.6155014038086
2016-09-27,78.1163558959961
2016-09-28,80.86165618896484
2016-09-29,81.11124420166016
2016-09-30,81.8599624633789
2016-10-03,83.35738372802734
2016-10-04,81.61038208007812
2016-10-05,82.35910034179688
2016-10-06,81.3608169555664
2016-10-07,82.85826110839844
2016-10-10,84.85485076904297
2016-10-11,85.60356140136719
2016-10-12,82.85826110839844
2016-10-13,82.85826110839844
2016-10-14,84.35569763183594
2016-10-17,84.85485076904297
2016-10-18,83.8565444946289
2016-10-19,82.35910034179688
2016-10-20,82.10952758789062
2016-10-21,81.8599624633789
2016-10-24,81.61038208007812
2016-10-25,82.85826110839844
2016-10-26,81.8599624633789
2016-10-27,81.3608169555664
2016-10-28,81.8599624633789
2016-10-31,82.10952758789062
2016-11-01,82.85826110839844
2016-11-02,82.10952758789062
2016-11-03,83.35738372802734
2016-11-04,83.60696411132812
2016-11-07,84.10611724853516
2016-11-08,84.10611724853516
2016-11-09,83.8565444946289
2016-11-10,84.35569763183594
2016-11-11,83.8565444946289
2016-11-14,84.35569763183594
2016-11-15,81.8599624633789
2016-11-16,82.6086654663086
2016-11-17,80.3625259399414
2016-11-18,79.8633804321289
2016-11-21,78.6155014038086
2016-11-22,78.36593627929688
2016-11-23,79.8633804321289
2016-11-24,80.86165618896484
2016-11-25,79.11465454101562
2016-11-28,77.86679077148438
2016-11-29,77.6172103881836
2016-11-30,79.8633804321289
2016-12-01,80.86165618896484
2016-12-02,80.3625259399414
2016-12-05,82.85826110839844
2016-12-06,84.10611724853516
2016-12-07,85.85311889648438
2016-12-08,85.85311889648438
2016-12-09,85.85311889648438
2016-12-12,87.35055541992188
2016-12-13,87.60013580322266
2016-12-14,88.09928131103516
2016-12-15,89.09757995605469
2016-12-16,89.09757995605469
2016-12-19,89.59672546386719
2016-12-20,91.34374237060547
2016-12-21,91.59329223632812
2016-12-22,95.83604431152344
2016-12-23,95.58647918701172
2016-12-28,96.83434295654297
2016-12-29,99.82921600341797
2016-12-30,98.58133697509766
2017-01-03,100.57792663574219
2017-01-04,98.33179473876953
2017-01-05,99.33006286621094
2017-01-06,98.33179473876953
2017-01-09,97.33350372314453
2017-01-10,98.08219909667969
2017-01-11,98.58133697509766
2017-01-12,96.33519744873047
2017-01-13,98.08219909667969
2017-01-16,98.58133697509766
2017-01-17,97.33350372314453
2017-01-18,96.33519744873047
2017-01-19,97.33350372314453
2017-01-20,97.08392333984375
2017-01-23,98.58133697509766
2017-01-24,97.08392333984375
2017-01-25,97.83263397216797
2017-01-26,98.58133697509766
2017-01-27,96.33519744873047
2017-01-30,96.08563995361328
2017-01-31,97.08392333984375
2017-02-01,97.83263397216797
2017-02-02,97.33350372314453
2017-02-03,97.83263397216797
2017-02-06,98.33179473876953
2017-02-07,99.08049011230469
2017-02-08,97.33350372314453
2017-02-09,97.83263397216797
2017-02-10,97.58305358886719
2017-02-13,103.82238006591797
2017-02-14,101.32666778564453
2017-02-15,102.32494354248047
2017-02-16,103.82238006591797
2017-02-17,104.07193756103516
2017-02-20,102.57453155517578
2017-02-21,105.81897735595703
2017-02-22,104.82068634033203
2017-02-23,102.32494354248047
2017-02-24,104.07193756103516
2017-02-27,104.82068634033203
2017-02-28,105.31982421875
2017-03-01,105.81897735595703
2017-03-02,104.82068634033203
2017-03-03,103.82238006591797
2017-03-06,103.32322692871094
2017-03-07,104.32154083251953
2017-03-08,106.31813049316406
2017-03-09,106.58570861816406
2017-03-10,105.83687591552734
2017-03-13,107.83377838134766
2017-03-14,108.08340454101562
2017-03-15,108.8322525024414
2017-03-16,107.33454895019531
2017-03-17,108.8322525024414
2017-03-20,109.33147430419922
2017-03-21,110.08032989501953
2017-03-22,108.08340454101562
2017-03-23,109.58108520507812
2017-03-24,114.822998046875
2017-03-27,117.56878662109375
2017-03-28,116.3207015991211
2017-03-29,115.32222747802734
2017-03-30,119.06645202636719
2017-03-31,119.06645202636719
2017-04-03,119.06645202636719
2017-04-04,118.56723022460938
2017-04-05,121.5626220703125
2017-04-06,120.31453704833984
2017-04-07,117.81839752197266
2017-04-10,119.31607818603516
2017-04-11,119.81529998779297
2017-04-12,119.56568145751953
2017-04-13,119.56568145751953
2017-04-18,119.56568145751953
2017-04-19,118.31761932373047
2017-04-20,119.31607818603516
2017-04-21,118.06803131103516
2017-04-24,114.5733871459961
2017-04-25,117.31916809082031
2017-04-26,116.57032012939453
2017-04-27,117.81839752197266
2017-04-28,117.06954956054688
2017-05-02,117.31916809082031
2017-05-03,117.06954956054688
2017-05-04,117.81839752197266
2017-05-05,116.81993865966797
2017-05-08,116.3207015991211
2017-05-09,120.06492614746094
2017-05-10,126.80453491210938
2017-05-11,127.30376434326172
2017-05-12,125.55646514892578
2017-05-15,123.06031036376953
2017-05-16,119.06645202636719
2017-05-17,118.56723022460938
2017-05-18,116.81993865966797
2017-05-19,115.82146453857422
2017-05-22,118.06803131103516
2017-05-23,120.06492614746094
2017-05-24,122.56108093261719
2017-05-25,119.81529998779297
2017-05-26,124.55801391601562
2017-05-30,123.06031036376953
2017-05-31,121.81224060058594
2017-06-01,123.55953979492188
2017-06-02,120.06492614746094
2017-06-05,120.56416320800781
2017-06-06,119.81529998779297
2017-06-07,119.56568145751953
2017-06-08,121.31302642822266
2017-06-09,120.31453704833984
2017-06-12,117.81839752197266
2017-06-13,117.56878662109375
2017-06-14,120.06492614746094
2017-06-15,115.32222747802734
2017-06-16,118.56723022460938
2017-06-19,117.31916809082031
2017-06-20,115.82146453857422
2017-06-21,114.822998046875
2017-06-22,114.5733871459961
2017-06-23,115.32222747802734
2017-06-26,114.32377624511719
2017-06-27,114.32377624511719
2017-06-28,117.06954956054688
2017-06-29,115.57186126708984
2017-06-30,116.57032012939453
2017-07-03,116.81993865966797
2017-07-04,117.31916809082031
2017-07-05,120.56416320800781
2017-07-06,123.55953979492188
2017-07-07,122.56108093261719
2017-07-10,121.81224060058594
2017-07-11,122.06184387207031
2017-07-12,123.80915069580078
2017-07-13,123.55953979492188
2017-07-14,123.55953979492188
2017-07-17,121.81224060058594
2017-07-18,120.31453704833984
2017-07-19,122.31147766113281
2017-07-20,124.30838012695312
2017-07-21,124.80762481689453
2017-07-24,123.06031036376953
2017-07-25,121.06340026855469
2017-07-26,118.06803131103516
2017-07-27,121.06340026855469
2017-07-28,119.06645202636719
2017-07-31,118.06803131103516
2017-08-01,119.06645202636719
2017-08-02,121.5626220703125
2017-08-03,116.57032012939453
2017-08-04,110.82914733886719
2017-08-07,105.83687591552734
2017-08-08,106.83531951904297
2017-08-09,102.34224700927734
2017-08-10,101.85564422607422
2017-08-11,102.85421752929688
2017-08-14,102.60458374023438
2017-08-15,102.35494232177734
2017-08-16,101.10670471191406
2017-08-17,99.85846710205078
2017-08-18,98.11093139648438
2017-08-21,96.86271667480469
2017-08-22,96.61307525634766
2017-08-23,98.11093139648438
2017-08-24,95.86412811279297
2017-08-25,95.86412811279297
2017-08-29,96.1137924194336
2017-08-30,95.36482238769531
2017-08-31,97.11235809326172
2017-09-01,95.86412811279297
2017-09-04,96.61307525634766
2017-09-05,96.86271667480469
2017-09-06,97.36201477050781
2017-09-07,97.36201477050781
2017-09-08,97.61164855957031
2017-09-11,97.8613052368164
2017-09-12,100.10810852050781
2017-09-13,99.35917663574219
2017-09-14,95.36482238769531
2017-09-15,95.86412811279297
2017-09-18,96.61307525634766
2017-09-19,96.61307525634766
2017-09-20,96.1137924194336
2017-09-21,95.36482238769531
2017-09-22,95.61449432373047
2017-09-25,95.86412811279297
2017-09-26,94.61591339111328
2017-09-27,96.61307525634766
2017-09-28,95.11518859863281
2017-09-29,95.86412811279297
2017-10-02,95.61449432373047
2017-10-03,95.36482238769531
2017-10-04,92.86837005615234
2017-10-05,91.86978912353516
2017-10-06,91.86978912353516
2017-10-09,90.8712158203125
2017-10-10,91.86978912353516
2017-10-11,93.1180191040039
2017-10-12,91.37049865722656
2017-10-13,90.8712158203125
2017-10-16,90.8712158203125
2017-10-17,91.12086486816406
2017-10-18,92.36907958984375
2017-10-19,90.6215591430664
2017-10-20,90.3719253540039
2017-10-23,92.11944580078125
2017-10-24,90.8712158203125
2017-10-25,90.8712158203125
2017-10-26,90.3719253540039
2017-10-27,91.86978912353516
2017-10-30,96.61307525634766
2017-10-31,98.61023712158203
2017-11-01,98.85986328125
2017-11-02,99.60881805419922
2017-11-03,96.86271667480469
2017-11-06,94.61591339111328
2017-11-07,94.86554718017578
2017-11-08,92.86837005615234
2017-11-09,95.86412811279297
2017-11-10,103.1038589477539
2017-11-13,100.35778045654297
2017-11-14,100.35778045654297
2017-11-15,102.10527801513672
2017-11-16,101.60600280761719
2017-11-17,102.60458374023438
2017-11-20,102.85421752929688
2017-11-21,100.85706329345703
2017-11-22,101.35635375976562
2017-11-23,102.35494232177734
2017-11-24,103.1038589477539
2017-11-27,101.85564422607422
2017-11-28,101.10670471191406
2017-11-29,104.35209655761719
2017-11-30,105.600341796875
2017-12-01,103.35350799560547
2017-12-04,105.600341796875
2017-12-05,103.35350799560547
2017-12-06,102.85421752929688
2017-12-07,104.10245513916016
2017-12-08,102.85421752929688
2017-12-11,103.1038589477539
2017-12-12,103.85279846191406
2017-12-13,102.85421752929688
2017-12-14,102.35494232177734
2017-12-15,102.60458374023438
2017-12-18,101.85564422607422
2017-12-19,102.85421752929688
2017-12-20,98.360595703125
2017-12-21,100.85706329345703
2017-12-22,102.35494232177734
2017-12-27,103.1038589477539
2017-12-28,102.60458374023438
2017-12-29,101.85564422607422
2018-01-02,101.85564422607422
2018-01-03,102.05535125732422
2018-01-04,102.25507354736328
2018-01-05,104.65166473388672
2018-01-08,102.85421752929688
2018-01-09,103.25365447998047
2018-01-10,99.85846710205078
2018-01-11,101.65592193603516
2018-01-12,103.0539321899414
2018-01-15,102.65451049804688
2018-01-16,104.85140228271484
2018-01-17,101.85564422607422
2018-01-18,102.65451049804688
2018-01-19,100.05818176269531
2018-01-22,101.2564926147461
2018-01-23,101.65592193603516
2018-01-24,101.2564926147461
2018-01-25,98.7600326538086
2018-01-26,98.85986328125
2018-01-29,98.85986328125
2018-01-30,100.4576187133789
2018-01-31,100.2579116821289
2018-02-01,100.4576187133789
2018-02-02,99.85846710205078
2018-02-05,97.26214599609375
2018-02-06,96.4632797241211
2018-02-07,99.85846710205078
2018-02-08,99.85846710205078
2018-02-09,99.85846710205078
2018-02-12,100.4576187133789
2018-02-13,99.85846710205078
2018-02-14,100.4576187133789
2018-02-15,98.85986328125
2018-02-16,99.25932312011719
2018-02-19,99.65875244140625
2018-02-20,99.15946197509766
2018-02-21,99.85846710205078
2018-02-22,100.65733337402344
2018-02-23,101.2564926147461
2018-02-26,101.65592193603516
2018-02-27,102.45478057861328
2018-02-28,102.85421752929688
2018-03-01,102.85421752929688
2018-03-02,102.85421752929688
2018-03-05,104.45197296142578
2018-03-06,107.64743041992188
2018-03-07,108.6460189819336
2018-03-08,124.22392272949219
2018-03-09,125.82166290283203
2018-03-12,129.41656494140625
2018-03-13,128.8174285888672
2018-03-14,125.42222595214844
2018-03-15,120.04642486572266
2018-03-16,119.84667205810547
2018-03-19,119.84667205810547
2018-03-20,119.84667205810547
2018-03-21,119.64692687988281
2018-03-22,118.04895782470703
2018-03-23,117.84923553466797
2018-03-26,116.45101928710938
2018-03-27,115.8517837524414
2018-03-28,121.04513549804688
2018-03-29,115.2525405883789
2018-04-03,119.64692687988281
2018-04-04,121.04513549804688
2018-04-05,123.24234008789062
2018-04-06,123.84154510498047
2018-04-09,124.4407958984375
2018-04-10,124.24104309082031
2018-04-11,123.24234008789062
2018-04-12,123.04258728027344
2018-04-13,121.84412384033203
2018-04-16,121.04513549804688
2018-04-17,119.04769897460938
2018-04-18,120.84540557861328
2018-04-19,120.44591522216797
2018-04-20,120.44591522216797
2018-04-23,121.2448959350586
2018-04-24,119.64692687988281
2018-04-25,117.84923553466797
2018-04-26,116.65076446533203
2018-04-27,121.64437866210938
2018-04-30,118.84794616699219
2018-05-01,117.84923553466797
2018-05-02,116.45101928710938
2018-05-03,111.25765991210938
2018-05-04,118.44845581054688
2018-05-08,120.44591522216797
2018-05-09,120.6456527709961
2018-05-10,119.84667205810547
2018-05-11,116.65076446533203
2018-05-14,121.84412384033203
2018-05-15,121.84412384033203
2018-05-16,119.2474365234375
2018-05-17,116.65076446533203
2018-05-18,117.24998474121094
2018-05-21,110.85816955566406
2018-05-22,112.25639343261719
2018-05-23,111.4573974609375
2018-05-24,112.65589141845703
2018-05-25,114.8530502319336
2018-05-29,115.65203857421875
2018-05-30,110.45867919921875
2018-05-31,115.45228576660156
2018-06-01,113.45486450195312
2018-06-04,115.65203857421875
2018-06-05,117.84923553466797
2018-06-06,120.84540557861328
2018-06-07,118.44845581054688
2018-06-08,118.84794616699219
2018-06-11,117.84923553466797
2018-06-12,118.04895782470703
2018-06-13,119.64692687988281
2018-06-14,119.04769897460938
2018-06-15,118.04895782470703
2018-06-18,119.64692687988281
2018-06-19,118.04895782470703
2018-06-20,117.05024719238281
2018-06-21,116.05152893066406
2018-06-22,120.24616241455078
2018-06-25,119.04769897460938
2018-06-26,115.8517837524414
2018-06-27,115.65203857421875
2018-06-28,116.45101928710938
2018-06-29,115.65203857421875
2018-07-02,115.05280303955078
2018-07-03,115.65203857421875
2018-07-04,114.45356750488281
2018-07-05,115.65203857421875
2018-07-06,117.64948272705078
2018-07-09,115.45228576660156
2018-07-10,116.85050201416016
2018-07-11,116.25126647949219
2018-07-12,116.85050201416016
2018-07-13,118.44845581054688
2018-07-16,120.84540557861328
2018-07-17,120.84540557861328
2018-07-18,120.24616241455078
2018-07-19,122.443359375
2018-07-20,120.84540557861328
2018-07-23,120.04642486572266
2018-07-24,121.44462585449219
2018-07-25,121.44462585449219
2018-07-26,121.84412384033203
2018-07-27,118.24873352050781
2018-07-30,116.05152893066406
2018-07-31,113.2551040649414
2018-08-01,113.8543472290039
2018-08-02,114.05408477783203
2018-08-03,115.65203857421875
2018-08-06,117.05024719238281
2018-08-07,116.85050201416016
2018-08-08,117.24998474121094
2018-08-09,115.8650131225586
2018-08-10,116.66407775878906
2018-08-13,115.66523742675781
2018-08-14,115.26569366455078
2018-08-15,114.86615753173828
2018-08-16,114.86615753173828
2018-08-17,114.86615753173828
2018-08-20,115.26569366455078
2018-08-21,117.86267852783203
2018-08-22,119.4608154296875
2018-08-23,117.66291809082031
2018-08-24,119.4608154296875
2018-08-28,118.86151123046875
2018-08-29,119.66059112548828
2018-08-30,119.061279296875
2018-08-31,118.06243896484375
2018-09-03,118.86151123046875
2018-09-04,123.85568237304688
2018-09-05,130.04849243164062
2018-09-06,126.05313110351562
2018-09-07,124.45500183105469
2018-09-10,122.65711212158203
2018-09-11,121.65827178955078
2018-09-12,124.85453033447266
2018-09-13,121.05895233154297
2018-09-14,122.85685729980469
2018-09-17,124.85453033447266
2018-09-18,128.45033264160156
2018-09-19,127.85102844238281
2018-09-20,134.44337463378906
2018-09-21,132.84521484375
2018-09-24,131.2470703125
2018-09-25,130.44802856445312
2018-09-26,129.24940490722656
2018-09-27,129.44920349121094
2018-09-28,134.8428955078125
2018-10-01,137.83941650390625
2018-10-02,136.4410400390625
2018-10-03,134.6431427001953
2018-10-04,133.8440704345703
2018-10-05,130.04849243164062
2018-10-08,129.24940490722656
2018-10-09,128.45033264160156
2018-10-10,122.05780029296875
2018-10-11,116.86383819580078
2018-10-12,119.66059112548828
2018-10-15,116.46430969238281
2018-10-16,116.66407775878906
2018-10-17,117.06360626220703
2018-10-18,117.66291809082031
2018-10-19,116.26454162597656
2018-10-22,119.8603515625
2018-10-23,120.85919189453125
2018-10-24,118.6617431640625
2018-10-25,117.46314239501953
2018-10-26,117.86267852783203
2018-10-29,118.6617431640625
2018-10-30,117.26337432861328
2018-10-31,118.06243896484375
2018-11-01,119.4608154296875
2018-11-02,118.26222229003906
2018-11-05,117.86267852783203
2018-11-06,118.6617431640625
2018-11-07,120.06013488769531
2018-11-08,120.85919189453125
2018-11-09,118.86151123046875
2018-11-12,115.26569366455078
2018-11-13,118.86151123046875
2018-11-14,115.06593322753906
2018-11-15,120.85919189453125
2018-11-16,117.66291809082031
2018-11-19,118.6617431640625
2018-11-20,118.6617431640625
2018-11-21,119.8603515625
2018-11-22,120.85919189453125
2018-11-23,123.45616149902344
2018-11-26,128.84988403320312
2018-11-27,129.84872436523438
2018-11-28,127.85102844238281
2018-11-29,126.45266723632812
2018-11-30,129.44920349121094
2018-12-03,128.84988403320312
2018-12-04,129.0496368408203
2018-12-05,128.05081176757812
2018-12-06,118.26222229003906
2018-12-07,116.06477355957031
2018-12-10,114.66641998291016
2018-12-11,115.26569366455078
2018-12-12,114.86615753173828
2018-12-13,114.86615753173828
2018-12-14,116.46430969238281
2018-12-17,112.66873931884766
2018-12-18,115.26569366455078
2018-12-19,116.86383819580078
2018-12-20,116.26454162597656
2018-12-21,115.06593322753906
2018-12-24,116.46430969238281
2018-12-27,114.46662139892578
2018-12-28,119.8603515625
2018-12-31,118.26222229003906
2019-01-02,115.66523742675781
2019-01-03,115.66523742675781
2019-01-04,115.26569366455078
2019-01-07,116.46430969238281
2019-01-08,121.85803985595703
2019-01-09,121.25872802734375
2019-01-10,121.05895233154297
2019-01-11,122.257568359375
2019-01-14,125.05429077148438
2019-01-15,142.43405151367188
2019-01-16,142.6338348388672
2019-01-17,141.8347625732422
2019-01-18,141.8347625732422
2019-01-21,143.8323974609375
2019-01-22,141.63497924804688
2019-01-23,138.83824157714844
2019-01-24,143.23309326171875
2019-01-25,142.83360290527344
2019-01-28,146.62918090820312
2019-01-29,151.42359924316406
2019-01-30,150.62451171875
2019-01-31,147.2284698486328
2019-02-01,150.0251922607422
2019-02-04,150.62451171875
2019-02-05,151.22381591796875
2019-02-06,149.825439453125
2019-02-07,147.42822265625
2019-02-08,147.2284698486328
2019-02-11,146.8289337158203
2019-02-12,147.2284698486328
2019-02-13,147.2284698486328
2019-02-14,148.4270477294922
2019-02-15,148.22727966308594
2019-02-18,148.6268310546875
2019-02-19,148.22727966308594
2019-02-20,144.8312530517578
2019-02-21,146.62918090820312
2019-02-22,148.6268310546875
2019-02-25,148.6268310546875
2019-02-26,148.8266143798828
2019-02-27,149.42591857910156
2019-02-28,149.62567138671875
2019-03-01,161.0124053955078
2019-03-04,153.82080078125
2019-03-05,156.41775512695312
2019-03-06,151.0240478515625
2019-03-07,155.4189453125
2019-03-08,151.82310485839844
2019-03-11,148.22727966308594
2019-03-12,148.6268310546875
2019-03-13,148.6268310546875
2019-03-14,145.25108337402344
2019-03-15,144.8514862060547
2019-03-18,143.6527557373047
2019-03-19,145.85049438476562
2019-03-20,145.85049438476562
2019-03-21,147.0492401123047
2019-03-22,140.25619506835938
2019-03-25,142.65374755859375
2019-03-26,144.45191955566406
2019-03-27,145.05130004882812
2019-03-28,144.2521209716797
2019-03-29,143.6527557373047
2019-04-01,144.45191955566406
2019-04-02,147.0492401123047
2019-04-03,146.25006103515625
2019-04-04,145.45089721679688
2019-04-05,143.45294189453125
2019-04-08,146.44985961914062
2019-04-09,145.25108337402344
2019-04-10,146.25006103515625
2019-04-11,146.25006103515625
2019-04-12,144.8514862060547
2019-04-15,143.85252380371094
2019-04-16,146.0502471923828
2019-04-17,144.45191955566406
2019-04-18,145.85049438476562
2019-04-23,149.24697875976562
2019-04-24,149.6466064453125
2019-04-25,150.44578552246094
2019-04-26,151.04515075683594
2019-04-29,156.8392333984375
2019-04-30,158.63739013671875
2019-05-01,165.430419921875
2019-05-02,166.02976989746094
2019-05-03,164.8310089111328
2019-05-07,161.23471069335938
2019-05-08,158.43760681152344
2019-05-09,153.04310607910156
2019-05-10,153.84230041503906
2019-05-13,152.24392700195312
2019-05-14,152.84332275390625
2019-05-15,156.43963623046875
2019-05-16,158.23779296875
2019-05-17,158.83717346191406
2019-05-20,159.4365692138672
2019-05-21,159.4365692138672
2019-05-22,157.8382110595703
2019-05-23,156.63941955566406
2019-05-24,154.44168090820312
2019-05-28,156.8392333984375
2019-05-29,155.6404571533203
2019-05-30,158.83717346191406
2019-05-31,156.63941955566406
2019-06-03,149.84640502929688
2019-06-04,152.84332275390625
2019-06-05,153.44268798828125
2019-06-06,153.04310607910156
2019-06-07,153.24290466308594
2019-06-10,151.84432983398438
2019-06-11,156.43963623046875
2019-06-12,153.04310607910156
2019-06-13,155.2408447265625
2019-06-14,151.04515075683594
2019-06-17,150.84535217285156
2019-06-18,153.84230041503906
2019-06-19,150.2459716796875
2019-06-20,147.24903869628906
2019-06-21,150.84535217285156
2019-06-24,151.2449493408203
2019-06-25,152.64352416992188
2019-06-26,154.04209899902344
2019-06-27,155.84022521972656
2019-06-28,152.64352416992188
2019-07-01,159.83615112304688
2019-07-02,161.83407592773438
2019-07-03,160.83514404296875
2019-07-04,159.83615112304688
2019-07-05,159.6363525390625
2019-07-08,161.63430786132812
2019-07-09,162.0338897705078
2019-07-10,164.8310089111328
2019-07-11,163.03286743164062
2019-07-12,164.03182983398438
2019-07-15,164.03182983398438
2019-07-16,164.2316131591797
2019-07-17,161.83407592773438
2019-07-18,162.2336883544922
2019-07-19,162.0338897705078
2019-07-22,161.63430786132812
2019-07-23,163.23263549804688
2019-07-24,163.83204650878906
2019-07-25,166.22959899902344
2019-07-26,167.2285614013672
2019-07-29,162.83306884765625
2019-07-30,161.034912109375
2019-07-31,157.8382110595703
2019-08-01,163.4324493408203
2019-08-02,162.2336883544922
2019-08-05,159.03697204589844
2019-08-06,164.63124084472656
2019-08-07,169.82591247558594
2019-08-08,172.8389892578125
2019-08-09,171.240478515625
2019-08-12,170.84085083007812
2019-08-13,172.43939208984375
2019-08-14,173.43844604492188
2019-08-15,175.4365692138672
2019-08-16,174.23770141601562
2019-08-19,175.23675537109375
2019-08-20,175.23675537109375
2019-08-21,175.63641357421875
2019-08-22,176.0360107421875
2019-08-23,178.23397827148438
2019-08-27,182.23025512695312
2019-08-28,181.0313720703125
2019-08-29,183.4291229248047
2019-08-30,184.42819213867188
2019-09-02,181.8306121826172
2019-09-03,182.8296661376953
2019-09-04,190.2227783203125
2019-09-05,190.2227783203125
2019-09-06,188.624267578125
2019-09-09,185.02764892578125
2019-09-10,184.62802124023438
2019-09-11,190.02297973632812
2019-09-12,194.019287109375
2019-09-13,197.41612243652344
2019-09-16,194.81854248046875
2019-09-17,195.41796875
2019-09-18,195.81759643554688
2019-09-19,200.8129425048828
2019-09-20,203.31060791015625
2019-09-23,208.30596923828125
2019-09-24,204.8092041015625
2019-09-25,201.31246948242188
2019-09-26,200.3134002685547
2019-09-27,200.3134002685547
2019-09-30,198.41517639160156
2019-10-01,199.8138885498047
2019-10-02,197.6159210205078
2019-10-03,197.01646423339844
2019-10-04,199.4142608642578
2019-10-07,199.21444702148438
2019-10-08,195.0183563232422
2019-10-09,198.81480407714844
2019-10-10,198.81480407714844
2019-10-11,199.8138885498047
2019-10-14,199.21444702148438
2019-10-15,198.01553344726562
2019-10-16,199.8138885498047
2019-10-17,198.21536254882812
2019-10-18,202.31153869628906
2019-10-21,199.8138885498047
2019-10-22,198.21536254882812
2019-10-23,201.31246948242188
2019-10-24,200.8129425048828
2019-10-25,198.81480407714844
2019-10-28,198.614990234375
2019-10-29,198.614990234375
2019-10-30,199.8138885498047
2019-10-31,198.614990234375
2019-11-01,199.8138885498047
2019-11-04,198.614990234375
2019-11-05,202.31153869628906
2019-11-06,199.8138885498047
2019-11-07,200.8129425048828
2019-11-08,206.80735778808594
2019-11-11,207.80641174316406
2019-11-12,209.30502319335938
2019-11-13,207.80641174316406
2019-11-14,207.80641174316406
2019-11-15,218.79620361328125
2019-11-18,216.7980194091797
2019-11-19,214.79991149902344
2019-11-20,212.30223083496094
2019-11-21,213.30130004882812
2019-11-22,212.30223083496094
2019-11-25,216.7980194091797
2019-11-26,214.79991149902344
2019-11-27,210.80364990234375
2019-11-28,216.2985076904297
2019-11-29,210.80364990234375
2019-12-02,209.80455017089844
2019-12-03,215.29942321777344
2019-12-04,215.79898071289062
2019-12-05,215.29942321777344
2019-12-06,216.2985076904297
2019-12-09,216.7980194091797
2019-12-10,215.79898071289062
2019-12-11,215.79898071289062
2019-12-12,216.2985076904297
2019-12-13,223.29197692871094
2019-12-16,220.7943572998047
2019-12-17,216.2985076904297
2019-12-18,228.287353515625
2019-12-19,235.78038024902344
2019-12-20,236.77943420410156
2019-12-23,237.27896118164062
2019-12-24,239.27711486816406
2019-12-27,248.7682647705078
2019-12-30,242.7738494873047
2019-12-31,251.26597595214844
2020-01-02,246.77012634277344
2020-01-03,245.7710418701172
2020-01-06,229.2864227294922
2020-01-07,226.28921508789062
2020-01-08,211.80271911621094
2020-01-09,206.80735778808594
2020-01-10,204.30967712402344
2020-01-13,233.28268432617188
2020-01-14,233.28268432617188
2020-01-15,247.76918029785156
2020-01-16,225.78964233398438
2020-01-17,226.7887420654297
2020-01-20,231.78408813476562
2020-01-21,232.7831573486328
2020-01-22,230.2854766845703
2020-01-23,231.78408813476562
2020-01-24,241.27523803710938
2020-01-27,225.29013061523438
2020-01-28,228.287353515625
2020-01-29,227.28826904296875
2020-01-30,225.29013061523438
2020-01-31,221.2938690185547
2020-02-03,215.79898071289062
2020-02-04,219.79527282714844
2020-02-05,222.79244995117188
2020-02-06,219.79527282714844
2020-02-07,219.29571533203125
2020-02-10,221.2938690185547
2020-02-11,229.78594970703125
2020-02-12,245.27151489257812
2020-02-13,246.27059936523438
2020-02-14,245.7710418701172
2020-02-17,245.7710418701172
2020-02-18,249.76734924316406
2020-02-19,255.76174926757812
2020-02-20,251.26597595214844
2020-02-21,249.26779174804688
2020-02-24,240.77572631835938
2020-02-25,235.2808380126953
2020-02-26,230.2854766845703
2020-02-27,217.797119140625
2020-02-28,209.80455017089844
2020-03-02,212.30223083496094
2020-03-03,215.79898071289062
2020-03-04,212.30223083496094
2020-03-05,249.26779174804688
2020-03-06,214.79991149902344
2020-03-09,202.31153869628906
2020-03-10,210.30410766601562
2020-03-11,218.29666137695312
2020-03-12,205.33412170410156
2020-03-13,203.33575439453125
2020-03-16,181.85308837890625
2020-03-17,179.45504760742188
2020-03-18,151.47764587402344
2020-03-19,166.8651885986328
2020-03-20,189.84664916992188
2020-03-23,196.6411590576172
2020-03-24,206.3332977294922
2020-03-25,195.0424346923828
2020-03-26,203.8353271484375
2020-03-27,194.84259033203125
2020-03-30,199.8385772705078
2020-03-31,207.83209228515625
2020-04-01,211.82887268066406
2020-04-02,215.82565307617188
2020-04-03,213.82725524902344
2020-04-06,226.8167724609375
2020-04-07,240.8054656982422
2020-04-08,233.8111114501953
2020-04-09,225.31797790527344
2020-04-14,228.3155517578125
2020-04-15,224.3187713623047
2020-04-16,221.82081604003906
2020-04-17,230.31393432617188
2020-04-20,235.3098907470703
2020-04-21,234.3107147216797
2020-04-22,240.8054656982422
2020-04-23,246.301025390625
2020-04-24,245.3018341064453
2020-04-27,254.79415893554688
2020-04-28,253.29537963867188
2020-04-29,247.79981994628906
2020-04-30,240.8054656982422
2020-05-01,238.8070831298828
2020-05-04,233.8111114501953
2020-05-05,241.3050537109375
2020-05-06,248.29940795898438
2020-05-07,254.29458618164062
2020-05-11,265.7852783203125
2020-05-12,258.29132080078125
2020-05-13,254.79415893554688
2020-05-14,247.30023193359375
2020-05-15,245.80142211914062
2020-05-18,247.79981994628906
2020-05-19,247.30023193359375
2020-05-20,256.2929992675781
2020-05-21,256.7925720214844
2020-05-22,254.79415893554688
2020-05-26,249.29859924316406
2020-05-27,241.3050537109375
2020-05-28,247.79981994628906
2020-05-29,248.29940795898438
2020-06-01,247.30023193359375
2020-06-02,247.79981994628906
2020-06-03,253.7949676513672
2020-06-04,245.80142211914062
2020-06-05,238.8070831298828
2020-06-08,242.30422973632812
2020-06-09,230.81353759765625
2020-06-10,235.80953979492188
2020-06-11,230.81353759765625
2020-06-12,236.30909729003906
2020-06-15,238.30747985839844
2020-06-16,235.3098907470703
2020-06-17,242.80386352539062
2020-06-18,242.80386352539062
2020-06-19,241.80465698242188
2020-06-22,237.3083038330078
2020-06-23,236.30909729003906
2020-06-24,229.81436157226562
2020-06-25,229.81436157226562
2020-06-26,230.31393432617188
2020-06-29,230.31393432617188
2020-06-30,240.8054656982422
2020-07-01,245.80142211914062
2020-07-02,243.303466796875
2020-07-03,251.79660034179688
2020-07-06,248.79898071289062
2020-07-07,246.301025390625
2020-07-08,253.29537963867188
2020-07-09,245.80142211914062
2020-07-10,252.79576110839844
2020-07-13,252.79576110839844
2020-07-14,250.2978057861328
2020-07-15,252.29620361328125
2020-07-16,253.7949676513672
2020-07-17,264.7861022949219
2020-07-20,270.7812194824219
2020-07-21,253.7949676513672
2020-07-22,256.7925720214844
2020-07-23,268.7828369140625
2020-07-24,254.29458618164062
2020-07-27,263.28729248046875
2020-07-28,260.789306640625
2020-07-29,259.29052734375
2020-07-30,257.7917785644531
2020-07-31,279.7739562988281
2020-08-03,282.27197265625
2020-08-04,273.7788391113281
2020-08-05,282.27197265625
2020-08-06,273.7788391113281
2020-08-07,303.7546081542969
2020-08-10,297.2598571777344
2020-08-11,300.75701904296875
2020-08-12,293.7626953125
2020-08-13,290.281982421875
2020-08-14,288.2835388183594
2020-08-17,292.7801208496094
2020-08-18,292.280517578125
2020-08-19,285.2857360839844
2020-08-20,284.2864990234375
2020-08-21,288.2835388183594
2020-08-24,285.78533935546875
2020-08-25,288.78314208984375
2020-08-26,288.2835388183594
2020-08-27,294.77862548828125
2020-08-28,291.28125
2020-09-01,282.7876281738281
2020-09-02,291.7808837890625
2020-09-03,285.78533935546875
2020-09-04,277.291748046875
2020-09-07,268.2984619140625
2020-09-08,273.7944030761719
2020-09-09,277.291748046875
2020-09-10,270.2969665527344
2020-09-11,276.7921142578125
2020-09-14,279.78985595703125
2020-09-15,286.28497314453125
2020-09-16,286.28497314453125
2020-09-17,285.2857360839844
2020-09-18,287.7838439941406
2020-09-21,274.79364013671875
2020-09-22,272.2955322265625
2020-09-23,272.7951354980469
2020-09-24,268.7981262207031
2020-09-25,272.7951354980469
2020-09-28,280.78912353515625
2020-09-29,282.7876281738281
2020-09-30,285.78533935546875
2020-10-01,280.28948974609375
2020-10-02,284.7861328125
2020-10-05,290.7816467285156
2020-10-06,288.78314208984375
2020-10-07,293.7793884277344
2020-10-08,291.28125
2020-10-09,302.7725830078125
2020-10-12,300.7740783691406
2020-10-13,295.2781982421875
2020-10-14,295.77783203125
2020-10-15,291.7808837890625
2020-10-16,296.77716064453125
2020-10-19,294.77862548828125
2020-10-20,295.2781982421875
2020-10-21,293.7793884277344
2020-10-22,295.2781982421875
2020-10-23,293.27972412109375
2020-10-26,289.2827453613281
2020-10-27,288.78314208984375
2020-10-28,284.7861328125
2020-10-29,285.2857360839844
2020-10-30,289.2827453613281
2020-11-02,276.7921142578125
2020-11-03,287.7838439941406
2020-11-04,285.2857360839844
2020-11-05,294.77862548828125
2020-11-06,289.2827453613281
2020-11-09,278.291015625
2020-11-10,276.29248046875
2020-11-11,283.786865234375
2020-11-12,251.81088256835938
2020-11-13,264.8011474609375
2020-11-16,259.804931640625
2020-11-17,260.3045349121094
2020-11-18,257.3067932128906
2020-11-19,255.80789184570312
2020-11-20,262.8026123046875
2020-11-23,260.80413818359375
2020-11-24,247.31427001953125
2020-11-25,251.31126403808594
2020-11-26,255.3082733154297
2020-11-27,263.30224609375
2020-11-30,258.3059997558594
2020-12-01,257.806396484375
2020-12-02,256.8071594238281
2020-12-03,258.80560302734375
2020-12-04,264.8011474609375
2020-12-07,256.8071594238281
2020-12-08,259.3052673339844
2020-12-09,258.3059997558594
2020-12-10,261.3037414550781
2020-12-11,261.80340576171875
2020-12-14,263.30224609375
2020-12-15,257.806396484375
2020-12-16,261.3037414550781
2020-12-17,262.8026123046875
2020-12-18,262.30303955078125
2020-12-21,258.3059997558594
2020-12-22,265.3007507324219
2020-12-23,262.30303955078125
2020-12-24,266.79962158203125
2020-12-29,271.7958984375
2020-12-30,264.8011474609375
2020-12-31,263.8018798828125
2021-01-04,266.3000183105469
2021-01-05,260.80413818359375
2021-01-06,259.804931640625
2021-01-07,263.30224609375
2021-01-08,259.3052673339844
2021-01-11,264.8011474609375
2021-01-12,261.80340576171875
2021-01-13,260.3045349121094
2021-01-14,258.80560302734375
2021-01-15,262.30303955078125
2021-01-18,260.80413818359375
2021-01-19,253.80938720703125
2021-01-20,257.3067932128906
2021-01-21,256.8071594238281
2021-01-22,255.80789184570312
2021-01-25,254.30902099609375
2021-01-26,249.31277465820312
2021-01-27,241.8184051513672
2021-01-28,239.3202667236328
2021-01-29,238.82066345214844
2021-02-01,237.32174682617188
2021-02-02,239.81988525390625
2021-02-03,237.82139587402344
2021-02-04,231.32626342773438
2021-02-05,231.82589721679688
2021-02-08,233.32476806640625
2021-02-09,245.31578063964844
2021-02-10,245.31578063964844
2021-02-11,260.3045349121094
2021-02-12,253.30978393554688
2021-02-15,253.30978393554688
2021-02-16,249.8123779296875
2021-02-17,252.31053161621094
2021-02-18,244.81614685058594
2021-02-19,238.82066345214844
2021-02-22,234.8236541748047
2021-02-23,229.827392578125
2021-02-24,237.82139587402344
2021-02-25,237.82139587402344
2021-02-26,235.32327270507812
2021-03-01,235.82289123535156
2021-03-02,233.32476806640625
2021-03-03,235.32327270507812
2021-03-04,228.3285369873047
2021-03-05,243.31729125976562
2021-03-08,235.82289123535156
2021-03-09,237.82139587402344
2021-03-10,237.32174682617188
2021-03-11,253.80938720703125
2021-03-12,247.8138885498047
2021-03-15,250.31201171875
2021-03-16,251.81088256835938
2021-03-17,240.81915283203125
2021-03-18,239.34788513183594
2021-03-19,237.8488311767578
2021-03-22,239.84756469726562
2021-03-23,234.35105895996094
2021-03-24,237.34913635253906
2021-03-25,236.3497772216797
2021-03-26,237.8488311767578
2021-03-29,240.846923828125
2021-03-30,238.3485107421875
2021-03-31,238.3485107421875
2021-04-01,238.24855041503906
2021-04-06,241.44656372070312
2021-04-07,241.84628295898438
2021-04-08,249.84120178222656
2021-04-09,249.84120178222656
2021-04-12,245.84373474121094
2021-04-13,243.84503173828125
2021-04-14,243.0455322265625
2021-04-15,244.24476623535156
2021-04-16,243.24539184570312
2021-04-19,244.24476623535156
2021-04-20,239.04806518554688
2021-04-21,240.846923828125
2021-04-22,250.44082641601562
2021-04-23,256.63690185546875
2021-04-26,256.0372619628906
2021-04-27,251.83995056152344
2021-04-28,257.0366516113281
2021-04-29,253.8386688232422
2021-04-30,254.23838806152344
2021-05-04,248.8418426513672
2021-05-05,250.44082641601562
2021-05-06,250.44082641601562
2021-05-07,255.83738708496094
2021-05-10,250.84054565429688
2021-05-11,243.64515686035156
2021-05-12,246.24346923828125
2021-05-13,245.0442657470703
2021-05-14,245.44400024414062
2021-05-17,239.64768981933594
2021-05-18,241.6464080810547
2021-05-19,242.8456573486328
2021-05-20,247.44273376464844
2021-05-21,248.4420928955078
2021-05-24,245.0442657470703
2021-05-25,244.64453125
2021-05-26,250.84054565429688
2021-05-27,245.6438751220703
2021-05-28,249.4414825439453
2021-06-01,250.64068603515625
2021-06-02,253.03916931152344
2021-06-03,248.4420928955078
2021-06-04,249.84120178222656
2021-06-07,248.04234313964844
2021-06-08,246.6432342529297
2021-06-09,240.64706420898438
2021-06-10,241.84628295898438
2021-06-11,241.24667358398438
2021-06-14,241.84628295898438
2021-06-15,236.8494873046875
2021-06-16,241.24667358398438
2021-06-17,241.6464080810547
2021-06-18,238.04869079589844
2021-06-21,240.04742431640625
2021-06-22,245.0442657470703
2021-06-23,251.64004516601562
2021-06-24,246.04360961914062
2021-06-25,248.8418426513672
2021-06-28,247.64259338378906
2021-06-29,249.64134216308594
2021-06-30,246.24346923828125
2021-07-01,252.2396697998047
2021-07-02,257.6361999511719
2021-07-05,258.0359802246094
2021-07-06,261.0340881347656
2021-07-07,266.63055419921875
2021-07-08,263.4325866699219
2021-07-09,261.23394775390625
2021-07-12,260.6343078613281
2021-07-13,267.4300537109375
2021-07-14,262.0334777832031
2021-07-15,260.2345886230469
2021-07-16,260.4344787597656
2021-07-19,259.0353698730469
2021-07-20,258.8354797363281
2021-07-21,257.2364807128906
2021-07-22,261.4338684082031
2021-07-23,260.6343078613281
2021-07-26,257.2364807128906
2021-07-27,260.03472900390625
2021-07-28,257.0366516113281
2021-07-29,253.8386688232422
2021-07-30,255.0378875732422
2021-08-02,257.0366516113281
2021-08-03,257.0366516113281
2021-08-04,254.83802795410156
2021-08-05,259.2351989746094
2021-08-06,261.6336975097656
2021-08-09,269.8284912109375
2021-08-10,283.219970703125
2021-08-11,290.4154052734375
2021-08-12,292.6313171386719
2021-08-13,294.830078125
2021-08-16,294.4303283691406
2021-08-17,292.6313171386719
2021-08-18,295.2298583984375
2021-08-19,291.63189697265625
2021-08-20,296.8289489746094
2021-08-23,295.8294982910156
2021-08-24,294.03057861328125
2021-08-25,296.42913818359375
2021-08-26,300.027099609375
2021-08-27,298.8277587890625
2021-08-31,298.22808837890625
2021-09-01,297.4285888671875
2021-09-02,297.8283386230469
2021-09-03,299.2275085449219
2021-09-06,299.0276794433594
2021-09-07,297.22869873046875
2021-09-08,296.0294189453125
2021-09-09,296.42913818359375
2021-09-10,297.22869873046875
2021-09-13,295.42974853515625
2021-09-14,295.02996826171875
2021-09-15,292.0317077636719
2021-09-16,295.02996826171875
2021-09-17,298.22808837890625
2021-09-20,292.2315368652344
2021-09-21,296.229248046875
2021-09-22,296.42913818359375
2021-09-23,298.6278991699219
2021-09-24,293.2309875488281
2021-09-27,285.8352355957031
2021-09-28,277.2402038574219
2021-09-29,277.6399841308594
2021-09-30,279.4389343261719
2021-10-01,278.2395935058594
2021-10-04,272.24310302734375
2021-10-05,274.8415832519531
2021-10-06,269.8444519042969
2021-10-07,277.04034423828125
2021-10-08,275.0415344238281
2021-10-11,275.0415344238281
2021-10-12,279.23907470703125
2021-10-13,287.0345764160156
2021-10-14,287.63421630859375
2021-10-15,290.6324768066406
2021-10-18,288.43377685546875
2021-10-19,290.23272705078125
2021-10-20,291.2321472167969
2021-10-21,292.83123779296875
2021-10-22,290.4326171875
2021-10-25,293.6307678222656
2021-10-26,290.0328674316406
2021-10-27,291.2321472167969
2021-10-28,292.2315368652344
2021-10-29,287.8340759277344
2021-11-01,281.03802490234375
2021-11-02,284.4360656738281
2021-11-03,285.6353759765625
2021-11-04,285.2356262207031
2021-11-05,286.2349853515625
2021-11-08,284.23614501953125
2021-11-09,285.6353759765625
2021-11-10,286.4349365234375
2021-11-11,288.0340270996094
2021-11-12,286.4349365234375
2021-11-15,276.8404541015625
2021-11-16,274.04205322265625
2021-11-17,276.8404541015625
2021-11-18,279.83868408203125
2021-11-19,280.4383850097656
2021-11-22,276.8404541015625
2021-11-23,269.6445617675781
2021-11-24,270.8439025878906
2021-11-25,268.0455017089844
2021-11-26,264.2477111816406
2021-11-29,266.0466613769531
2021-11-30,267.6457214355469
2021-12-01,275.2413635253906
2021-12-02,272.24310302734375
2021-12-03,270.0444030761719
2021-12-06,268.6451721191406
2021-12-07,273.44244384765625
2021-12-08,270.6440124511719
2021-12-09,269.24481201171875
2021-12-10,268.2453918457031
2021-12-13,265.8468017578125
2021-12-14,263.04840087890625
2021-12-15,264.8473205566406
2021-12-16,267.2459716796875
2021-12-17,268.4452819824219
2021-12-20,269.8444519042969
2021-12-21,267.2459716796875
2021-12-22,270.44415283203125
2021-12-23,273.24249267578125
2021-12-24,275.0415344238281
2021-12-29,277.4400939941406
2021-12-30,276.24078369140625
2021-12-31,276.0409240722656
2022-01-04,272.4429626464844
2022-01-05,266.2465515136719
2022-01-06,259.25054931640625
2022-01-07,256.8519592285156
2022-01-10,253.65380859375
2022-01-11,252.25460815429688
2022-01-12,248.05703735351562
2022-01-13,243.25979614257812
2022-01-14,234.06509399414062
2022-01-17,235.4643096923828
2022-01-18,229.66763305664062
2022-01-19,230.2672882080078
2022-01-20,251.0552978515625
2022-01-21,241.860595703125
2022-01-24,231.86636352539062
2022-01-25,236.86346435546875
2022-01-26,240.0616455078125
2022-01-27,240.86117553710938
2022-01-28,237.66302490234375
2022-01-31,246.258056640625
2022-02-01,241.860595703125
2022-02-02,245.6584014892578
2022-02-03,242.46026611328125
2022-02-04,242.46026611328125
2022-02-07,243.45968627929688
2022-02-08,238.86233520507812
2022-02-09,241.46084594726562
2022-02-10,240.0616455078125
2022-02-11,240.0616455078125
2022-02-14,236.2638397216797
2022-02-15,238.86233520507812
2022-02-16,239.86175537109375
2022-02-17,238.86233520507812
2022-02-18,234.46487426757812
2022-02-21,236.66358947753906
2022-02-22,236.06393432617188
2022-02-23,236.66358947753906
2022-02-24,231.4665985107422
2022-02-25,237.463134765625
2022-02-28,242.86004638671875
2022-03-01,240.46142578125
2022-03-02,240.66131591796875
2022-03-03,228.4683074951172
2022-03-04,220.0731658935547
2022-03-07,215.6757049560547
2022-03-08,215.475830078125
2022-03-09,225.27015686035156
2022-03-10,244.85887145996094
2022-03-11,245.05874633789062
2022-03-14,248.05703735351562
2022-03-15,240.0616455078125
2022-03-16,252.65438842773438
2022-03-17,249.08935546875
2022-03-18,247.88990783691406
2022-03-21,245.89077758789062
2022-03-22,245.89077758789062
2022-03-23,248.2897186279297
2022-03-24,245.0911407470703
2022-03-25,237.49452209472656
2022-03-28,238.89390563964844
2022-03-29,244.8912353515625
2022-03-30,241.09291076660156
2022-03-31,237.89434814453125
2022-04-01,236.29505920410156
2022-04-04,239.09381103515625
2022-04-05,240.4932098388672
2022-04-06,238.29415893554688
2022-04-07,240.4932098388672
2022-04-08,234.49586486816406
2022-04-11,232.8965606689453
2022-04-12,234.29592895507812
2022-04-13,231.29727172851562
2022-04-14,232.096923828125
2022-04-19,227.49896240234375
2022-04-20,227.09913635253906
2022-04-21,229.09823608398438
2022-04-22,223.3008270263672
2022-04-25,221.5016326904297
2022-04-26,215.30438232421875
2022-04-27,223.50074768066406
2022-04-28,228.09869384765625
2022-04-29,231.0973663330078
2022-05-03,234.49586486816406
2022-05-04,234.49586486816406
2022-05-05,228.69842529296875
2022-05-06,233.6962127685547
2022-05-09,229.69798278808594
2022-05-10,231.89700317382812
2022-05-11,231.4971923828125
2022-05-12,226.49940490722656
2022-05-13,231.0973663330078
2022-05-16,224.7001953125
2022-05-17,227.29904174804688
2022-05-18,225.49984741210938
2022-05-19,230.09779357910156
2022-05-20,229.2981414794922
2022-05-23,232.4967498779297
2022-05-24,226.09957885742188
2022-05-25,226.09957885742188
2022-05-26,226.2994842529297
2022-05-27,232.096923828125
2022-05-30,232.4967498779297
2022-05-31,231.89700317382812
2022-06-01,233.8961181640625
2022-06-06,236.29505920410156
2022-06-07,236.29505920410156
2022-06-08,237.2946014404297
2022-06-09,239.09381103515625
2022-06-10,231.89700317382812
2022-06-13,225.10000610351562
2022-06-14,224.1004638671875
2022-06-15,230.09779357910156
2022-06-16,229.69798278808594
2022-06-17,241.09291076660156
2022-06-20,231.4971923828125
2022-06-21,230.4976348876953
2022-06-22,233.4962921142578
2022-06-23,233.29637145996094
2022-06-24,241.09291076660156
2022-06-27,245.29103088378906
2022-06-28,245.29103088378906
2022-06-29,246.8903350830078
2022-06-30,248.48963928222656
2022-07-01,251.48831176757812
2022-07-04,244.69134521484375
2022-07-05,241.69265747070312
2022-07-06,246.6904296875
2022-07-07,247.0902557373047
2022-07-08,246.4905242919922
2022-07-11,250.68865966796875
2022-07-12,248.08981323242188
2022-07-13,247.2901611328125
2022-07-14,244.8912353515625
2022-07-15,249.88900756835938
2022-07-18,253.48741149902344
2022-07-19,255.48654174804688
2022-07-20,255.28660583496094
2022-07-21,268.0809326171875
2022-07-22,270.080078125
2022-07-25,271.0796203613281
2022-07-26,271.6793212890625
2022-07-27,275.2777404785156
2022-07-28,279.87567138671875
2022-07-29,281.6748962402344
2022-08-01,281.87481689453125
2022-08-02,280.07562255859375
2022-08-03,279.87567138671875
2022-08-04,280.875244140625
2022-08-05,277.27685546875
2022-08-08,277.8765563964844
2022-08-09,274.2781982421875
2022-08-10,280.2755126953125
2022-08-11,277.0982971191406
2022-08-12,275.8987121582031
2022-08-15,275.8987121582031
2022-08-16,272.4999694824219
2022-08-17,268.70135498046875
2022-08-18,268.50146484375
2022-08-19,269.5010681152344
2022-08-22,263.70318603515625
2022-08-23,259.1048889160156
2022-08-24,265.90240478515625
2022-08-25,262.70355224609375
2022-08-26,260.304443359375
2022-08-30,258.70501708984375
2022-08-31,257.90533447265625
2022-09-01,247.10928344726562
2022-09-02,254.50657653808594
2022-09-05,253.7068634033203
2022-09-06,253.50694274902344
2022-09-07,254.90643310546875
2022-09-08,257.90533447265625
2022-09-09,264.302978515625
2022-09-12,267.9016418457031
2022-09-13,267.9016418457031
2022-09-14,256.90570068359375
2022-09-15,261.90386962890625
2022-09-16,262.3037109375
2022-09-20,262.3037109375
2022-09-21,269.5010681152344
2022-09-22,267.70172119140625
2022-09-23,265.5025634765625
2022-09-26,269.3011474609375
2022-09-27,267.70172119140625
2022-09-28,259.3048095703125
2022-09-29,257.10565185546875
2022-09-30,262.3037109375
2022-10-03,262.70355224609375
2022-10-04,267.3018798828125
2022-10-05,263.90313720703125
2022-10-06,266.7020568847656
2022-10-07,261.5039978027344
2022-10-10,257.5054931640625
2022-10-11,254.306640625
2022-10-12,251.10781860351562
2022-10-13,247.70907592773438
2022-10-14,249.50840759277344
2022-10-17,255.70614624023438
2022-10-18,257.3055419921875
2022-10-19,255.3062744140625
2022-10-20,261.1041564941406
2022-10-21,250.70797729492188
2022-10-24,254.90643310546875
2022-10-25,267.70172119140625
2022-10-26,270.30078125
2022-10-27,266.7020568847656
2022-10-28,267.3018798828125
2022-10-31,259.9045715332031
2022-11-01,263.1034240722656
2022-11-02,264.9027404785156
2022-11-03,261.1041564941406
2022-11-04,261.70391845703125
2022-11-07,265.1026916503906
2022-11-08,270.30078125
2022-11-09,266.1023254394531
2022-11-10,275.0989990234375
2022-11-11,275.4988708496094
2022-11-14,275.69879150390625
2022-11-15,275.8987121582031
2022-11-16,272.1001281738281
2022-11-17,276.0986633300781
2022-11-18,277.8979797363281
2022-11-21,281.2967224121094
2022-11-22,282.0964660644531
2022-11-23,283.8957824707031
2022-11-24,282.8961486816406
2022-11-25,282.6961975097656
2022-11-28,286.0950012207031
2022-11-29,281.2967224121094
2022-11-30,280.8968811035156
2022-12-01,283.8957824707031
2022-12-02,274.4992370605469
2022-12-05,270.9005432128906
2022-12-06,269.3011474609375
2022-12-07,267.9016418457031
2022-12-08,268.90130615234375
2022-12-09,269.70098876953125
2022-12-12,271.5003356933594
2022-12-13,273.0997619628906
2022-12-14,273.89947509765625
2022-12-15,267.1019592285156
2022-12-16,263.70318603515625
2022-12-19,265.5025634765625
2022-12-20,261.90386962890625
2022-12-21,267.5018005371094
2022-12-22,265.1026916503906
2022-12-23,260.10455322265625
2022-12-28,263.1034240722656
2022-12-29,264.9027404785156
2022-12-30,260.10455322265625
2023-01-03,265.3026123046875
2023-01-04,273.89947509765625
2023-01-05,276.2985534667969
2023-01-06,276.2985534667969
2023-01-09,272.1001281738281
2023-01-10,274.6991271972656
2023-01-11,274.0993957519531
2023-01-12,278.0979309082031
2023-01-13,281.2967224121094
2023-01-16,283.49591064453125
2023-01-17,281.89654541015625
2023-01-18,282.29638671875
2023-01-19,277.2982177734375
2023-01-20,224.9174346923828
2023-01-23,224.31764221191406
2023-01-24,222.11846923828125
2023-01-25,220.9188995361328
2023-01-26,222.11846923828125
2023-01-27,222.11846923828125
2023-01-30,223.71788024902344
2023-01-31,219.31947326660156
2023-02-01,221.71861267089844
2023-02-02,225.51722717285156
2023-02-03,228.1162567138672
2023-02-06,227.9163360595703
2023-02-07,224.71751403808594
2023-02-08,223.5179443359375
2023-02-09,223.5179443359375
2023-02-10,222.91818237304688
2023-02-13,223.5179443359375
2023-02-14,221.9185333251953
2023-02-15,220.1191864013672
2023-02-16,220.31910705566406
2023-02-17,221.31875610351562
2023-02-20,222.71824645996094
2023-02-21,218.91964721679688
2023-02-22,213.52162170410156
2023-02-23,215.1210174560547
2023-02-24,215.1210174560547
2023-02-27,214.12139892578125
2023-02-28,212.92184448242188
2023-03-01,214.52127075195312
2023-03-02,213.32168579101562
2023-03-03,213.7215576171875
2023-03-06,210.92257690429688
2023-03-07,180.4337615966797
2023-03-08,183.83251953125
2023-03-09,182.63294982910156
2023-03-10,177.5348358154297
2023-03-13,175.83544921875
2023-03-14,173.53631591796875
2023-03-15,177.03501892089844
2023-03-16,168.07742309570312
2023-03-17,168.67733764648438
2023-03-20,170.1771240234375
2023-03-21,176.97622680664062
2023-03-22,176.47628784179688
2023-03-23,174.67652893066406
2023-03-24,173.8766326904297
2023-03-27,174.37655639648438
2023-03-28,170.8770294189453
2023-03-29,175.37643432617188
2023-03-30,177.0762176513672
2023-03-31,173.27671813964844
2023-04-03,177.1761932373047
2023-04-04,177.57614135742188
2023-04-05,175.17645263671875
2023-04-06,179.6758575439453
2023-04-11,180.17578125
2023-04-12,180.4757537841797
2023-04-13,180.0758056640625
2023-04-14,183.475341796875
2023-04-17,184.0752716064453
2023-04-18,184.1752471923828
2023-04-19,177.776123046875
2023-04-20,177.4761505126953
2023-04-21,178.07608032226562
2023-04-24,178.47601318359375
2023-04-25,177.37615966796875
2023-04-26,177.0762176513672
2023-04-27,177.97608947753906
2023-04-28,179.97581481933594
2023-05-02,179.47589111328125
2023-05-03,176.97622680664062
2023-05-04,178.3760223388672
2023-05-05,178.47601318359375
2023-05-09,174.57655334472656
2023-05-10,178.17605590820312
2023-05-11,179.37588500976562
2023-05-12,177.776123046875
2023-05-15,178.77598571777344
2023-05-16,178.87596130371094
2023-05-17,181.77557373046875
2023-05-18,183.17538452148438
2023-05-19,183.97528076171875
2023-05-22,184.77517700195312
2023-05-23,183.7753143310547
2023-05-24,179.97581481933594
2023-05-25,180.0758056640625
2023-05-26,179.87582397460938
2023-05-30,179.47589111328125
2023-05-31,179.47589111328125
2023-06-01,178.67599487304688
2023-06-02,178.9759521484375
2023-06-05,178.67599487304688
2023-06-06,182.77545166015625
2023-06-07,182.2755126953125
2023-06-08,183.7753143310547
2023-06-09,184.4752197265625
2023-06-12,182.47547912597656
2023-06-13,183.7753143310547
2023-06-14,183.7753143310547
2023-06-15,183.07540893554688
2023-06-16,181.27565002441406
2023-06-19,180.27578735351562
2023-06-20,178.3760223388672
2023-06-21,175.07647705078125
2023-06-22,173.17672729492188
2023-06-23,168.17739868164062
2023-06-26,167.87744140625
2023-06-27,166.2776641845703
2023-06-28,166.97756958007812
2023-06-29,162.67813110351562
2023-06-30,163.57803344726562
2023-07-03,167.37750244140625
2023-07-04,169.17726135253906
2023-07-05,169.6772003173828
2023-07-06,169.17726135253906
2023-07-07,169.07728576660156
2023-07-10,169.17726135253906
2023-07-11,169.77719116210938
2023-07-12,172.9767608642578
2023-07-13,168.87730407714844
2023-07-14,169.6772003173828
2023-07-17,165.17779541015625
2023-07-18,166.8775634765625
2023-07-19,170.67706298828125
2023-07-20,169.27725219726562
2023-07-21,170.1771240234375
2023-07-24,169.6772003173828
2023-07-25,171.27699279785156
2023-07-26,169.07728576660156
2023-07-27,169.17726135253906
2023-07-28,168.17739868164062
2023-07-31,169.07728576660156
2023-08-01,167.97743225097656
2023-08-02,152.07957458496094
2023-08-03,153.07943725585938
2023-08-04,156.57896423339844
2023-08-07,157.77880859375
2023-08-08,157.67881774902344
2023-08-09,159.27859497070312
2023-08-10,158.10000610351562
2023-08-11,155.6999969482422
2023-08-14,155.6999969482422
2023-08-15,154.10000610351562
2023-08-16,153.5
2023-08-17,153.0
2023-08-18,152.39999389648438
2023-08-21,150.3000030517578
2023-08-22,150.1999969482422
2023-08-23,151.89999389648438
2023-08-24,150.8000030517578
2023-08-25,148.6999969482422
2023-08-29,155.6999969482422
2023-08-30,157.89999389648438
2023-08-31,156.89999389648438
2023-09-01,153.89999389648438
2023-09-04,151.60000610351562
2023-09-05,148.8000030517578
2023-09-06,148.6999969482422
2023-09-07,144.6999969482422
2023-09-08,146.89999389648438
2023-09-11,145.8000030517578
2023-09-12,143.0
2023-09-13,142.3000030517578
2023-09-14,144.1999969482422
2023-09-15,142.1999969482422
2023-09-18,139.60000610351562
2023-09-19,140.8000030517578
2023-09-20,139.60000610351562
2023-09-21,136.39999389648438
2023-09-22,137.3000030517578
2023-09-25,135.5
2023-09-26,136.3000030517578
2023-09-27,137.8000030517578
2023-09-28,135.3000030517578
2023-09-29,138.0
2023-10-02,135.10000610351562
2023-10-03,131.10000610351562
2023-10-04,90.0999984741211
2023-10-05,93.80000305175781
2023-10-06,91.69999694824219
2023-10-09,93.25
2023-10-10,98.5
2023-10-11,95.6500015258789
2023-10-12,97.25
2023-10-13,94.94999694824219
2023-10-16,95.69999694824219
2023-10-17,94.19999694824219
2023-10-18,92.25
2023-10-19,93.1500015258789
2023-10-20,94.5999984741211
2023-10-23,96.5999984741211
2023-10-24,95.0999984741211
2023-10-25,93.3499984741211
2023-10-26,93.9000015258789
2023-10-27,95.0999984741211
2023-10-30,97.69999694824219
2023-10-31,97.25
2023-11-01,94.25
2023-11-02,98.0
2023-11-03,100.9000015258789
2023-11-06,96.6500015258789
2023-11-07,97.75
2023-11-08,98.80000305175781
2023-11-09,104.0
2023-11-10,101.9000015258789
2023-11-13,100.80000305175781
2023-11-14,105.9000015258789
2023-11-15,106.5999984741211
2023-11-16,105.0
2023-11-17,107.4000015258789
2023-11-20,107.5999984741211
2023-11-21,108.19999694824219
2023-11-22,108.69999694824219
2023-11-23,108.5999984741211
2023-11-24,109.0999984741211
2023-11-27,108.5999984741211
2023-11-28,108.80000305175781
2023-11-29,115.19999694824219
2023-11-30,114.19999694824219
2023-12-01,110.30000305175781
2023-12-04,108.0999984741211
2023-12-05,110.5999984741211
2023-12-06,109.0
2023-12-07,110.69999694824219
2023-12-08,112.0
2023-12-11,111.5
2023-12-12,112.30000305175781
2023-12-13,115.4000015258789
2023-12-14,119.0999984741211
2023-12-15,117.5
2023-12-18,116.0
2023-12-19,117.0
2023-12-20,120.5
2023-12-21,119.80000305175781
2023-12-22,121.9000015258789
2023-12-27,123.0999984741211
2023-12-28,122.4000015258789
2023-12-29,123.30000305175781
2024-01-02,122.5
2024-01-03,117.5999984741211
2024-01-04,119.9000015258789
2024-01-05,118.0999984741211
2024-01-08,120.5
2024-01-09,120.0
2024-01-10,117.19999694824219
2024-01-11,116.0
2024-01-12,116.5
2024-01-15,115.80000305175781
2024-01-16,128.10000610351562
2024-01-17,123.9000015258789
2024-01-18,123.19999694824219
2024-01-19,120.19999694824219
2024-01-22,123.80000305175781
2024-01-23,122.19999694824219
2024-01-24,123.5999984741211
2024-01-25,124.9000015258789
2024-01-26,124.0
2024-01-29,124.4000015258789
2024-01-30,122.5
2024-01-31,118.30000305175781
2024-02-01,118.0
2024-02-02,117.5
2024-02-05,113.0999984741211
2024-02-06,118.0
2024-02-07,115.5999984741211
2024-02-08,118.9000015258789
2024-02-09,118.9000015258789
2024-02-12,119.5
2024-02-13,117.9000015258789
2024-02-14,113.80000305175781
2024-02-15,114.4000015258789
2024-02-16,115.0
2024-02-19,114.5999984741211
2024-02-20,112.5
2024-02-21,111.9000015258789
2024-02-22,113.19999694824219
2024-02-23,111.69999694824219
2024-02-26,109.0
2024-02-27,108.30000305175781
2024-02-28,105.0999984741211
2024-02-29,104.5
2024-03-01,109.0
2024-03-04,108.4000015258789
2024-03-05,177.0
2024-03-06,175.0
2024-03-07,175.0
2024-03-08,177.60000610351562
2024-03-11,177.5
2024-03-12,178.8000030517578
2024-03-13,178.3000030517578
2024-03-14,178.0
2024-03-15,177.0
2024-03-18,175.89999389648438
2024-03-19,176.39999389648438
2024-03-20,176.5
2024-03-21,176.3000030517578
2024-03-22,177.10000610351562
2024-03-25,176.5
2024-03-26,176.60000610351562
2024-03-27,179.0
2024-03-28,200.0
2024-04-02,197.5
2024-04-03,198.0
2024-04-04,199.0
2024-04-05,198.0
2024-04-08,197.3000030517578
2024-04-09,196.6999969482422
2024-04-10,196.1999969482422
2024-04-11,196.0
2024-04-12,196.3000030517578
2024-04-15,195.39999389648438
2024-04-16,192.1999969482422
2024-04-17,193.5
2024-04-18,194.0
2024-04-19,193.0
2024-04-22,191.8000030517578
2024-04-23,194.60000610351562
2024-04-24,194.60000610351562
2024-04-25,195.0
2024-04-26,194.6999969482422
2024-04-29,196.10000610351562
2024-04-30,194.6999969482422
2024-05-01,191.0
2024-05-02,191.60000610351562
2024-05-03,193.5
2024-05-07,193.39999389648438
2024-05-08,191.0
2024-05-09,191.5
2024-05-10,191.0
2024-05-13,191.0
2024-05-14,190.60000610351562
2024-05-15,190.3000030517578
2024-05-16,189.60000610351562
2024-05-17,190.0
2024-05-20,188.5
2024-05-21,186.89999389648438
2024-05-22,186.0
2024-05-23,185.60000610351562
2024-05-24,182.6999969482422
2024-05-28,183.60000610351562
2024-05-29,183.3000030517578
2024-05-30,183.5
2024-05-31,183.60000610351562
2024-06-03,184.3000030517578
2024-06-04,184.10000610351562
2024-06-05,185.0
2024-06-06,183.6999969482422
2024-06-07,184.0
2024-06-10,184.1999969482422
2024-06-11,184.10000610351562
2024-06-12,183.89999389648438
2024-06-13,184.5
2024-06-14,184.3000030517578
2024-06-17,184.6999969482422
2024-06-18,185.0
2024-06-19,184.89999389648438
2024-06-20,184.60000610351562
2024-06-21,184.89999389648438
2024-06-24,184.39999389648438
2024-06-25,184.5
2024-06-26,182.39999389648438
2024-06-27,183.1999969482422
2024-06-28,183.0
2024-07-01,182.8000030517578
2024-07-02,180.8000030517578
2024-07-03,181.1999969482422
2024-07-04,181.8000030517578
2024-07-05,180.60000610351562
2024-07-08,180.1999969482422
2024-07-09,182.0
2024-07-10,181.0
2024-07-11,181.0
2024-07-12,181.6999969482422
2024-07-15,181.8000030517578
2024-07-16,182.0
2024-07-17,182.1999969482422
2024-07-18,181.5
2024-07-19,178.1999969482422
2024-07-22,174.3000030517578
2024-07-23,174.39999389648438
2024-07-24,175.60000610351562
2024-07-25,177.0
2024-07-26,173.89999389648438
2024-07-29,176.60000610351562
2024-07-30,172.5
2024-07-31,173.0
2024-08-01,172.5
2024-08-02,172.0
2024-08-05,171.0
2024-08-06,173.0
2024-08-07,175.0
2024-08-08,176.8000030517578
2024-08-09,176.0
2024-08-12,173.8000030517578
2024-08-13,175.0
2024-08-14,175.0
2024-08-15,176.0
2024-08-16,176.10000610351562
2024-08-19,175.5
2024-08-20,177.0
2024-08-21,176.0
2024-08-22,178.0
2024-08-23,177.8000030517578
2024-08-27,178.0
2024-08-28,176.10000610351562
2024-08-29,178.39999389648438
2024-08-30,177.6999969482422
2024-09-02,176.1999969482422
2024-09-03,176.0
2024-09-04,175.5
2024-09-05,175.0
2024-09-06,173.3000030517578
2024-09-09,173.8000030517578
2024-09-10,173.5
2024-09-11,171.89999389648438
2024-09-12,174.39999389648438
2024-09-13,174.0
2024-09-16,172.89999389648438
2024-09-17,172.0
2024-09-18,171.8000030517578
2024-09-19,172.0
2024-09-20,171.0
2024-09-23,171.0
2024-09-24,171.6999969482422
2024-09-25,171.0
2024-09-26,171.8000030517578
2024-09-27,170.3000030517578
2024-09-30,170.60000610351562
2024-10-01,171.0
2024-10-02,171.0
2024-10-03,169.8000030517578
2024-10-04,171.0
2024-10-07,172.3000030517578
2024-10-08,173.0
2024-10-09,176.0
2024-10-10,176.0
2024-10-11,175.0
2024-10-14,175.0
2024-10-15,175.8000030517578
2024-10-16,175.0
2024-10-17,175.1999969482422
2024-10-18,174.6999969482422
2024-10-21,173.5
2024-10-22,173.0
2024-10-23,172.0
2024-10-24,172.0
2024-10-25,170.10000610351562
2024-10-28,171.3000030517578
2024-10-29,171.0
2024-10-30,169.89999389648438
2024-10-31,168.0
2024-11-01,169.8000030517578
2024-11-04,169.5
2024-11-05,168.5
2024-11-06,170.39999389648438
2024-11-07,170.8000030517578
2024-11-08,169.39999389648438
2024-11-11,169.89999389648438
2024-11-12,168.6999969482422
2024-11-13,170.3000030517578
2024-11-14,172.3000030517578
2024-11-15,170.8000030517578
2024-11-18,171.5
2024-11-19,173.0
2024-11-20,170.5
2024-11-21,170.3000030517578
2024-11-22,171.0
2024-11-25,173.60000610351562
2024-11-26,171.3000030517578
2024-11-27,170.5
2024-11-28,171.5
2024-11-29,171.3000030517578
2024-12-02,177.8000030517578
2024-12-03,178.0
2024-12-04,179.0
2024-12-05,180.60000610351562
2024-12-06,179.89999389648438
2024-12-09,179.0
2024-12-10,180.3000030517578
2024-12-11,180.0
2024-12-12,179.3000030517578
2024-12-13,177.60000610351562
2024-12-16,177.1999969482422
2024-12-17,177.0
2024-12-18,179.0
2024-12-19,178.3000030517578
2024-12-20,176.5
2024-12-23,176.6999969482422
2024-12-24,177.6999969482422
2024-12-27,177.0
2024-12-30,176.89999389648438
2024-12-31,177.0
2025-01-02,177.0
2025-01-03,176.1999969482422
2025-01-06,174.0
2025-01-07,173.0
2025-01-08,172.0
2025-01-09,175.8000030517578
2025-01-10,175.10000610351562
2025-01-13,172.5
2025-01-14,174.1999969482422
2025-01-15,174.3000030517578
2025-01-16,176.39999389648438
2025-01-17,176.39999389648438
2025-01-20,178.3000030517578
2025-01-21,177.60000610351562
2025-01-22,178.10000610351562
2025-01-23,182.0
2025-01-24,182.0
2025-01-27,181.10000610351562
2025-01-28,181.1999969482422
2025-01-29,181.0
2025-01-30,181.5
2025-01-31,184.8000030517578
2025-02-03,185.0
2025-02-04,185.0
2025-02-05,186.0
2025-02-06,186.39999389648438
2025-02-07,186.0
2025-02-10,185.0
2025-02-11,184.5
2025-02-12,185.0
2025-02-13,183.89999389648438
2025-02-14,184.39999389648438
2025-02-17,184.3000030517578
2025-02-18,186.5
2025-02-19,187.3000030517578
2025-02-20,187.5
2025-02-21,187.3000030517578
2025-02-24,187.5
2025-02-25,187.0
2025-02-26,185.0
2025-02-27,186.0
2025-02-28,185.5
2025-03-03,188.6999969482422
2025-03-04,188.0
2025-03-05,189.0
2025-03-06,188.60000610351562
2025-03-07,189.3000030517578
2025-03-10,189.0
2025-03-11,189.5
2025-03-12,189.5
2025-03-13,188.3000030517578
2025-03-14,188.5
2025-03-17,188.3000030517578
2025-03-18,188.5
2025-03-19,188.3000030517578
2025-03-20,188.10000610351562
2025-03-21,188.0
2025-03-24,189.39999389648438
2025-03-25,189.0
2025-03-26,188.89999389648438
2025-03-27,188.39999389648438
2025-03-28,189.10000610351562
2025-03-31,188.5
2025-04-01,188.39999389648438
2025-04-02,190.1999969482422
2025-04-03,190.0
2025-04-04,187.0
2025-04-07,170.39999389648438
2025-04-08,177.39999389648438
2025-04-09,173.8000030517578
2025-04-10,176.8000030517578
2025-04-11,177.0
2025-04-14,178.0
2025-04-15,177.8000030517578
2025-04-16,174.60000610351562
2025-04-17,174.1999969482422
2025-04-22,177.39999389648438
2025-04-23,180.39999389648438
2025-04-24,182.39999389648438
2025-04-25,183.39999389648438
2025-04-28,185.60000610351562
2025-04-29,184.0
2025-04-30,184.60000610351562
2025-05-01,186.8000030517578
2025-05-02,184.39999389648438
2025-05-06,185.0
2025-05-07,186.1999969482422
2025-05-08,188.60000610351562
2025-05-09,188.0
2025-05-12,189.8000030517578
2025-05-13,191.1999969482422
2025-05-14,192.0
2025-05-15,193.39999389648438
2025-05-16,193.1999969482422
2025-05-19,193.60000610351562
2025-05-20,193.39999389648438
2025-05-21,193.60000610351562
2025-05-22,193.60000610351562
2025-05-23,193.8000030517578
2025-05-27,192.8000030517578
2025-05-28,193.0
2025-05-29,192.0
2025-05-30,188.60000610351562
2025-06-02,190.0
2025-06-03,192.8000030517578
2025-06-04,192.60000610351562
2025-06-05,192.60000610351562
2025-06-06,193.39999389648438
2025-06-09,193.0
2025-06-10,193.0
2025-06-11,193.8000030517578
2025-06-12,192.1999969482422
2025-06-13,192.1999969482422
2025-06-16,193.0
2025-06-17,192.60000610351562
2025-06-18,192.1999969482422
2025-06-19,191.1999969482422
2025-06-20,192.60000610351562
2025-06-23,192.39999389648438
2025-06-24,192.39999389648438
2025-06-25,192.8000030517578
2025-06-26,193.8000030517578
2025-06-27,194.8000030517578
2025-06-30,195.0
2025-07-01,194.8000030517578
2025-07-02,191.39999389648438
2025-07-03,192.0
2025-07-04,192.0
2025-07-07,192.39999389648438
2025-07-08,193.1999969482422
2025-07-09,193.39999389648438
2025-07-10,193.1999969482422
2025-07-11,194.8000030517578
2025-07-14,195.0
2025-07-15,195.60000610351562
2025-07-16,195.0
2025-07-17,195.39999389648438
2025-07-18,195.39999389648438
2025-07-21,195.39999389648438
2025-07-22,195.1999969482422
2025-07-23,196.60000610351562
2025-07-24,195.0
2025-07-25,194.8000030517578
2025-07-28,194.8000030517578
2025-07-29,195.1999969482422
2025-07-30,195.1999969482422
2025-07-31,195.0
2025-08-01,195.60000610351562
2025-08-04,195.1999969482422
2025-08-05,195.0
2025-08-06,194.60000610351562
2025-08-07,194.8000030517578
2025-08-08,195.0
2025-08-11,194.1999969482422
2025-08-12,194.0
2025-08-13,195.60000610351562
2025-08-14,196.1999969482422
2025-08-15,196.0
2025-08-18,196.39999389648438
2025-08-19,196.60000610351562
2025-08-20,195.60000610351562
2025-08-21,196.1999969482422
2025-08-22,196.60000610351562
