Date,SVS.L
2015-08-24,866.570556640625
2015-08-25,917.4867553710938
2015-08-26,885.0401611328125
2015-08-27,896.02197265625
2015-08-28,901.512939453125
2015-09-01,885.0401611328125
2015-09-02,885.0401611328125
2015-09-03,903.0106201171875
2015-09-04,896.02197265625
2015-09-07,889.0335083007812
2015-09-08,895.52294921875
2015-09-09,908.0023193359375
2015-09-10,905.5462036132812
2015-09-11,907.0437622070312
2015-09-14,896.0614624023438
2015-09-15,895.0631103515625
2015-09-16,894.5637817382812
2015-09-17,900.0550537109375
2015-09-18,902.5512084960938
2015-09-21,900.0550537109375
2015-09-22,890.5704345703125
2015-09-23,894.5637817382812
2015-09-24,897.059814453125
2015-09-25,910.0391235351562
2015-09-28,902.0518188476562
2015-09-29,898.5574951171875
2015-09-30,911.0374755859375
2015-10-01,914.53173828125
2015-10-02,917.5270385742188
2015-10-05,928.0100708007812
2015-10-06,927.5109252929688
2015-10-07,913.5333251953125
2015-10-08,915.5301513671875
2015-10-09,874.5958862304688
2015-10-12,873.0983276367188
2015-10-13,866.6087036132812
2015-10-14,856.1256713867188
2015-10-15,854.6281127929688
2015-10-16,847.139892578125
2015-10-19,848.6376953125
2015-10-20,850.1351928710938
2015-10-21,871.600830078125
2015-10-22,874.5958862304688
2015-10-23,874.5958862304688
2015-10-26,885.0791015625
2015-10-27,873.0983276367188
2015-10-28,897.059814453125
2015-10-29,911.53662109375
2015-10-30,914.53173828125
2015-11-02,916.528564453125
2015-11-03,910.5382080078125
2015-11-04,894.0647583007812
2015-11-05,901.0534057617188
2015-11-06,901.0534057617188
2015-11-09,907.0437622070312
2015-11-10,911.0374755859375
2015-11-11,925.0150146484375
2015-11-12,914.53173828125
2015-11-13,911.53662109375
2015-11-16,887.5751342773438
2015-11-17,892.567138671875
2015-11-18,890.0709838867188
2015-11-19,875.09521484375
2015-11-20,873.5974731445312
2015-11-23,874.0966796875
2015-11-24,874.5958862304688
2015-11-25,879.0887451171875
2015-11-26,884.5799560546875
2015-11-27,885.0791015625
2015-11-30,896.5606689453125
2015-12-01,895.0631103515625
2015-12-02,903.0503540039062
2015-12-03,921.5206298828125
2015-12-04,900.55419921875
2015-12-07,907.0437622070312
2015-12-08,892.567138671875
2015-12-09,886.077392578125
2015-12-10,885.5782470703125
2015-12-11,880.586181640625
2015-12-14,860.618408203125
2015-12-15,866.6087036132812
2015-12-16,868.6055908203125
2015-12-17,875.09521484375
2015-12-18,872.1000366210938
2015-12-21,855.6263427734375
2015-12-22,859.1205444335938
2015-12-23,865.1111450195312
2015-12-24,869.1046752929688
2015-12-29,879.5878295898438
2015-12-30,878.0904541015625
2015-12-31,884.5799560546875
2016-01-04,845.1431274414062
2016-01-05,863.6135864257812
2016-01-06,848.6376953125
2016-01-07,842.647216796875
2016-01-08,843.6456298828125
2016-01-11,871.600830078125
2016-01-12,868.6055908203125
2016-01-13,871.1016235351562
2016-01-14,849.13671875
2016-01-15,819.1849365234375
2016-01-18,798.218505859375
2016-01-19,788.7337036132812
2016-01-20,745.3035278320312
2016-01-21,751.2938842773438
2016-01-22,775.754638671875
2016-01-25,784.2410278320312
2016-01-26,783.2426147460938
2016-01-27,769.2650146484375
2016-01-28,758.2826538085938
2016-01-29,753.7898559570312
2016-02-01,750.794677734375
2016-02-02,750.794677734375
2016-02-03,719.8444213867188
2016-02-04,725.834716796875
2016-02-05,715.8507690429688
2016-02-08,690.8907470703125
2016-02-09,691.88916015625
2016-02-10,703.8699340820312
2016-02-11,672.9197387695312
2016-02-12,677.4125366210938
2016-02-15,678.410888671875
2016-02-16,653.9501342773438
2016-02-17,708.862060546875
2016-02-18,688.8939819335938
2016-02-19,673.9181518554688
2016-02-22,689.8924560546875
2016-02-23,676.4140625
2016-02-24,678.9100341796875
2016-02-25,681.9053344726562
2016-02-26,678.410888671875
2016-02-29,655.9469604492188
2016-03-01,655.44775390625
2016-03-02,651.9533081054688
2016-03-03,656.446044921875
2016-03-04,663.9341430664062
2016-03-07,662.935791015625
2016-03-08,660.9388427734375
2016-03-09,655.9469604492188
2016-03-10,689.8924560546875
2016-03-11,704.3692016601562
2016-03-14,736.318115234375
2016-03-15,738.8138427734375
2016-03-16,738.8138427734375
2016-03-17,736.318115234375
2016-03-18,741.8091430664062
2016-03-21,743.805908203125
2016-03-22,741.8091430664062
2016-03-23,747.7996215820312
2016-03-24,746.801025390625
2016-03-29,748.7978515625
2016-03-30,759.2808837890625
2016-03-31,758.7817993164062
2016-04-01,754.2891235351562
2016-04-04,749.2970581054688
2016-04-05,749.7962646484375
2016-04-06,753.7898559570312
2016-04-07,761.777099609375
2016-04-08,771.261962890625
2016-04-11,756.2858276367188
2016-04-12,748.7978515625
2016-04-13,753.2906494140625
2016-04-14,749.8757934570312
2016-04-15,717.923828125
2016-04-18,713.9298095703125
2016-04-19,706.9402465820312
2016-04-20,708.937255859375
2016-04-21,696.4559326171875
2016-04-22,697.4544677734375
2016-04-25,700.449951171875
2016-04-26,712.4318237304688
2016-04-27,731.403564453125
2016-04-28,750.3750610351562
2016-04-29,740.88916015625
2016-05-03,741.3885498046875
2016-05-04,745.3826293945312
2016-05-05,748.3780517578125
2016-05-06,747.8787231445312
2016-05-09,753.3706665039062
2016-05-10,749.8757934570312
2016-05-11,765.3526611328125
2016-05-12,761.8577880859375
2016-05-13,758.8623046875
2016-05-16,765.3526611328125
2016-05-17,772.8414306640625
2016-05-18,767.3495483398438
2016-05-19,760.8593139648438
2016-05-20,763.8549194335938
2016-05-23,779.8308715820312
2016-05-24,778.8323364257812
2016-05-25,785.3226318359375
2016-05-26,773.8399047851562
2016-05-27,775.8369750976562
2016-05-31,776.3360595703125
2016-06-01,776.8353881835938
2016-06-02,783.824951171875
2016-06-03,778.8323364257812
2016-06-06,757.8638305664062
2016-06-07,758.363037109375
2016-06-08,755.8667602539062
2016-06-09,755.8667602539062
2016-06-10,725.4122924804688
2016-06-13,725.4122924804688
2016-06-14,708.937255859375
2016-06-15,704.4439086914062
2016-06-16,688.967041015625
2016-06-17,702.4468994140625
2016-06-20,749.8757934570312
2016-06-21,749.3765258789062
2016-06-22,739.3914794921875
2016-06-23,779.331787109375
2016-06-24,619.0718994140625
2016-06-27,581.12890625
2016-06-28,607.0897827148438
2016-06-29,614.0792846679688
2016-06-30,612.0823364257812
2016-07-01,619.0718994140625
2016-07-04,617.5740966796875
2016-07-05,576.1362915039062
2016-07-06,547.6788940429688
2016-07-07,558.6624145507812
2016-07-08,587.1198120117188
2016-07-11,622.0675048828125
2016-07-12,647.030029296875
2016-07-13,644.0345458984375
2016-07-14,658.013427734375
2016-07-15,647.529296875
2016-07-18,661.50830078125
2016-07-19,661.0089721679688
2016-07-20,673.9895629882812
2016-07-21,673.490234375
2016-07-22,672.4918212890625
2016-07-25,680.9790649414062
2016-07-26,656.0164794921875
2016-07-27,697.9534912109375
2016-07-28,698.4529418945312
2016-07-29,697.9534912109375
2016-08-01,694.4589233398438
2016-08-02,692.4617919921875
2016-08-03,680.9790649414062
2016-08-04,681.9776611328125
2016-08-05,688.4678955078125
2016-08-08,683.9745483398438
2016-08-09,688.4678955078125
2016-08-10,682.476806640625
2016-08-11,681.9776611328125
2016-08-12,712.93115234375
2016-08-15,712.93115234375
2016-08-16,697.9534912109375
2016-08-17,727.4093017578125
2016-08-18,736.396240234375
2016-08-19,745.8817138671875
2016-08-22,746.8802490234375
2016-08-23,746.3810424804688
2016-08-24,748.8773193359375
2016-08-25,739.890625
2016-08-26,735.8967895507812
2016-08-30,740.88916015625
2016-08-31,738.8922119140625
2016-09-01,749.3765258789062
2016-09-02,753.3706665039062
2016-09-05,756.3660888671875
2016-09-06,747.3795166015625
2016-09-07,756.8654174804688
2016-09-08,769.8905029296875
2016-09-09,759.9049682617188
2016-09-12,743.4287719726562
2016-09-13,738.4358520507812
2016-09-14,730.946533203125
2016-09-15,729.9481201171875
2016-09-16,763.3998413085938
2016-09-19,742.9293823242188
2016-09-20,729.4488525390625
2016-09-21,724.4559326171875
2016-09-22,724.4559326171875
2016-09-23,723.9566650390625
2016-09-26,714.4705200195312
2016-09-27,705.9826049804688
2016-09-28,710.4761962890625
2016-09-29,713.471923828125
2016-09-30,714.9697875976562
2016-10-03,738.4358520507812
2016-10-04,740.43310546875
2016-10-05,738.9351806640625
2016-10-06,729.4488525390625
2016-10-07,730.4473876953125
2016-10-10,716.9669799804688
2016-10-11,709.4776611328125
2016-10-12,704.9839477539062
2016-10-13,720.4617309570312
2016-10-14,717.9653930664062
2016-10-17,703.4862670898438
2016-10-18,701.4890747070312
2016-10-19,709.9769897460938
2016-10-20,712.9725341796875
2016-10-21,715.9683837890625
2016-10-24,719.9624633789062
2016-10-25,699.9912719726562
2016-10-26,691.004150390625
2016-10-27,692.002685546875
2016-10-28,697.9940795898438
2016-10-31,693.001220703125
2016-11-01,656.0546264648438
2016-11-02,658.5510864257812
2016-11-03,668.037353515625
2016-11-04,656.0546264648438
2016-11-07,666.0403442382812
2016-11-08,673.5293579101562
2016-11-09,679.021484375
2016-11-10,674.0286865234375
2016-11-11,677.5235595703125
2016-11-14,679.021484375
2016-11-15,686.5106811523438
2016-11-16,676.5250854492188
2016-11-17,683.0158081054688
2016-11-18,681.0186157226562
2016-11-21,671.0328979492188
2016-11-22,685.0128173828125
2016-11-23,678.5222778320312
2016-11-24,666.53955078125
2016-11-25,668.037353515625
2016-11-28,668.5366821289062
2016-11-29,668.037353515625
2016-11-30,669.0358276367188
2016-12-01,667.5380859375
2016-12-02,671.0328979492188
2016-12-05,671.0328979492188
2016-12-06,690.5048828125
2016-12-07,705.9826049804688
2016-12-08,705.4833984375
2016-12-09,706.4819946289062
2016-12-12,692.002685546875
2016-12-13,688.0086059570312
2016-12-14,686.5106811523438
2016-12-15,688.5079345703125
2016-12-16,683.0158081054688
2016-12-19,690.0057983398438
2016-12-20,684.0142211914062
2016-12-21,685.0128173828125
2016-12-22,689.007080078125
2016-12-23,692.5020141601562
2016-12-28,693.001220703125
2016-12-29,694.4991455078125
2016-12-30,699.4920043945312
2017-01-03,693.5006713867188
2017-01-04,687.0100708007812
2017-01-05,692.5020141601562
2017-01-06,686.0114135742188
2017-01-09,689.5064086914062
2017-01-10,692.002685546875
2017-01-11,689.5064086914062
2017-01-12,783.8704833984375
2017-01-13,780.8746948242188
2017-01-16,780.8746948242188
2017-01-17,795.3539428710938
2017-01-18,779.3770141601562
2017-01-19,775.3826904296875
2017-01-20,765.8963012695312
2017-01-23,777.8789672851562
2017-01-24,777.379638671875
2017-01-25,772.386962890625
2017-01-26,775.3826904296875
2017-01-27,777.8789672851562
2017-01-30,775.8819580078125
2017-01-31,774.384033203125
2017-02-01,782.37255859375
2017-02-02,773.8848266601562
2017-02-03,794.8546142578125
2017-02-06,795.8530883789062
2017-02-07,824.8113403320312
2017-02-08,830.3036499023438
2017-02-09,822.31494140625
2017-02-10,820.817138671875
2017-02-13,818.8200073242188
2017-02-14,821.31640625
2017-02-15,827.8070678710938
2017-02-16,826.309326171875
2017-02-17,833.7984008789062
2017-02-20,833.7984008789062
2017-02-21,836.7940673828125
2017-02-22,838.7911987304688
2017-02-23,849.2761840820312
2017-02-24,848.277587890625
2017-02-27,847.7781982421875
2017-02-28,854.7681884765625
2017-03-01,876.2373657226562
2017-03-02,868.2485961914062
2017-03-03,865.75244140625
2017-03-06,876.736572265625
2017-03-07,865.2529296875
2017-03-08,868.7481079101562
2017-03-09,856.7654418945312
2017-03-10,855.766845703125
2017-03-13,848.7769165039062
2017-03-14,848.7769165039062
2017-03-15,846.280517578125
2017-03-16,861.7581787109375
2017-03-17,877.7351684570312
2017-03-20,893.212890625
2017-03-21,883.227294921875
2017-03-22,875.2386474609375
2017-03-23,922.67041015625
2017-03-24,930.1594848632812
2017-03-27,927.1638793945312
2017-03-28,917.6776733398438
2017-03-29,921.671875
2017-03-30,918.1768798828125
2017-03-31,919.6746215820312
2017-04-03,906.693359375
2017-04-04,907.6920166015625
2017-04-05,923.169677734375
2017-04-06,930.1594848632812
2017-04-07,930.658935546875
2017-04-10,942.142333984375
2017-04-11,946.6359252929688
2017-04-12,947.6343383789062
2017-04-13,927.761962890625
2017-04-18,918.7738647460938
2017-04-19,928.2612915039062
2017-04-20,922.7686157226562
2017-04-21,923.2680053710938
2017-04-24,928.2612915039062
2017-04-25,926.263916015625
2017-04-26,928.2612915039062
2017-04-27,925.7646484375
2017-04-28,927.761962890625
2017-05-02,929.2599487304688
2017-05-03,928.7606201171875
2017-05-04,926.7632446289062
2017-05-05,928.7606201171875
2017-05-08,947.7351684570312
2017-05-09,943.2412109375
2017-05-10,945.738037109375
2017-05-11,950.7313232421875
2017-05-12,932.7553100585938
2017-05-15,923.767333984375
2017-05-16,916.2772216796875
2017-05-17,914.7793579101562
2017-05-18,885.81787109375
2017-05-19,880.3252563476562
2017-05-22,886.3172607421875
2017-05-23,884.3200073242188
2017-05-24,888.8138427734375
2017-05-25,889.8124389648438
2017-05-26,885.3187866210938
2017-05-30,873.8340454101562
2017-05-31,863.8473510742188
2017-06-01,865.8446655273438
2017-06-02,860.3518676757812
2017-06-05,855.3585205078125
2017-06-06,840.8778686523438
2017-06-07,845.8712158203125
2017-06-08,858.3544921875
2017-06-09,856.3572998046875
2017-06-12,855.85791015625
2017-06-13,861.8499145507812
2017-06-14,874.3331909179688
2017-06-15,878.8272094726562
2017-06-16,890.3118896484375
2017-06-19,879.8258666992188
2017-06-20,878.3280639648438
2017-06-21,876.8298950195312
2017-06-22,875.8312377929688
2017-06-23,877.329345703125
2017-06-26,877.6537475585938
2017-06-27,873.8340454101562
2017-06-28,870.3385620117188
2017-06-29,859.8526611328125
2017-06-30,877.329345703125
2017-07-03,862.8486328125
2017-07-04,862.8486328125
2017-07-05,868.840576171875
2017-07-06,869.8392333984375
2017-07-07,873.8340454101562
2017-07-10,879.8258666992188
2017-07-11,879.8258666992188
2017-07-12,877.329345703125
2017-07-13,899.2999267578125
2017-07-14,886.3172607421875
2017-07-17,878.3280639648438
2017-07-18,883.3213500976562
2017-07-19,882.3226928710938
2017-07-20,900.7979736328125
2017-07-21,903.2945556640625
2017-07-24,896.303955078125
2017-07-25,896.80322265625
2017-07-26,900.2985229492188
2017-07-27,907.7886962890625
2017-07-28,905.2919921875
2017-07-31,912.7819213867188
2017-08-01,913.7806396484375
2017-08-02,915.7778930664062
2017-08-03,916.7766723632812
2017-08-04,916.2772216796875
2017-08-07,918.7738647460938
2017-08-08,914.7793579101562
2017-08-09,910.78466796875
2017-08-10,910.78466796875
2017-08-11,888.8138427734375
2017-08-14,864.3466796875
2017-08-15,874.3331909179688
2017-08-16,878.3280639648438
2017-08-17,882.3226928710938
2017-08-18,879.8258666992188
2017-08-21,873.8340454101562
2017-08-22,879.32666015625
2017-08-23,874.3331909179688
2017-08-24,874.3331909179688
2017-08-25,867.8419189453125
2017-08-29,858.8539428710938
2017-08-30,872.8352661132812
2017-08-31,884.3200073242188
2017-09-01,879.8258666992188
2017-09-04,868.3411254882812
2017-09-05,866.8433227539062
2017-09-06,863.3479614257812
2017-09-07,856.9026489257812
2017-09-08,866.3904418945312
2017-09-11,869.8860473632812
2017-09-12,876.8770141601562
2017-09-13,879.8732299804688
2017-09-14,880.3726196289062
2017-09-15,884.3675537109375
2017-09-18,892.8565673828125
2017-09-19,903.3432006835938
2017-09-20,900.3469848632812
2017-09-21,890.8590698242188
2017-09-22,885.8655395507812
2017-09-25,890.8590698242188
2017-09-26,895.852783203125
2017-09-27,885.8655395507812
2017-09-28,897.3508911132812
2017-09-29,930.30859375
2017-10-02,940.7951049804688
2017-10-03,949.2843017578125
2017-10-04,938.7977294921875
2017-10-05,944.290771484375
2017-10-06,930.30859375
2017-10-09,928.8106079101562
2017-10-10,927.3124389648438
2017-10-11,935.30224609375
2017-10-12,941.7939453125
2017-10-13,931.8067016601562
2017-10-16,946.2880859375
2017-10-17,945.2894897460938
2017-10-18,948.7849731445312
2017-10-19,941.7939453125
2017-10-20,939.79638671875
2017-10-23,931.307373046875
2017-10-24,933.3048095703125
2017-10-25,927.8118896484375
2017-10-26,932.8054809570312
2017-10-27,927.3124389648438
2017-10-30,926.8130493164062
2017-10-31,931.8067016601562
2017-11-01,943.7913818359375
2017-11-02,947.2869262695312
2017-11-03,952.7799072265625
2017-11-06,956.275390625
2017-11-07,954.2780151367188
2017-11-08,951.2818603515625
2017-11-09,954.7772827148438
2017-11-10,950.782470703125
2017-11-13,941.7939453125
2017-11-14,938.7977294921875
2017-11-15,935.8016357421875
2017-11-16,945.7888793945312
2017-11-17,953.7785034179688
2017-11-20,937.7991333007812
2017-11-21,945.7888793945312
2017-11-22,943.2919921875
2017-11-23,949.2843017578125
2017-11-24,945.2894897460938
2017-11-27,938.7977294921875
2017-11-28,940.2957763671875
2017-11-29,943.7913818359375
2017-11-30,938.2984008789062
2017-12-01,932.3060913085938
2017-12-04,930.8080444335938
2017-12-05,929.3099365234375
2017-12-06,930.8080444335938
2017-12-07,933.3048095703125
2017-12-08,933.8041381835938
2017-12-11,950.2830200195312
2017-12-12,940.7951049804688
2017-12-13,953.1843872070312
2017-12-14,959.271484375
2017-12-15,959.7708740234375
2017-12-18,970.257568359375
2017-12-19,983.7401733398438
2017-12-20,983.7401733398438
2017-12-21,988.7338256835938
2017-12-22,988.2344360351562
2017-12-27,991.7300415039062
2017-12-28,986.736328125
2017-12-29,991.7300415039062
2018-01-02,983.7401733398438
2018-01-03,979.2459106445312
2018-01-04,975.2510375976562
2018-01-05,978.74658203125
2018-01-08,981.243408203125
2018-01-09,977.747802734375
2018-01-10,972.75439453125
2018-01-11,976.7491455078125
2018-01-12,969.758056640625
2018-01-15,964.2651977539062
2018-01-16,1001.7173461914062
2018-01-17,987.7350463867188
2018-01-18,982.741455078125
2018-01-19,991.230712890625
2018-01-22,1005.7122192382812
2018-01-23,1004.71337890625
2018-01-24,1003.714599609375
2018-01-25,1024.6878662109375
2018-01-26,1032.677490234375
2018-01-29,1028.6827392578125
2018-01-30,1020.69287109375
2018-01-31,1022.6903076171875
2018-02-01,1000.7184448242188
2018-02-02,983.7401733398438
2018-02-05,970.7568359375
2018-02-06,943.7913818359375
2018-02-07,967.2612915039062
2018-02-08,954.7772827148438
2018-02-09,942.792724609375
2018-02-12,948.28564453125
2018-02-13,953.7785034179688
2018-02-14,962.2677001953125
2018-02-15,987.7350463867188
2018-02-16,988.7338256835938
2018-02-19,983.240966796875
2018-02-20,982.2421875
2018-02-21,988.2344360351562
2018-02-22,986.237060546875
2018-02-23,993.2280883789062
2018-02-26,992.2294311523438
2018-02-27,973.253662109375
2018-02-28,956.275390625
2018-03-01,965.263916015625
2018-03-02,958.2728881835938
2018-03-05,970.257568359375
2018-03-06,968.7593994140625
2018-03-07,987.2357177734375
2018-03-08,1010.7056884765625
2018-03-09,1003.714599609375
2018-03-12,996.2243041992188
2018-03-13,977.2486572265625
2018-03-14,974.7516479492188
2018-03-15,978.247314453125
2018-03-16,978.74658203125
2018-03-19,986.237060546875
2018-03-20,987.2357177734375
2018-03-21,995.2255249023438
2018-03-22,985.2384033203125
2018-03-23,973.7529907226562
2018-03-26,959.271484375
2018-03-27,973.253662109375
2018-03-28,974.25244140625
2018-03-29,980.2446899414062
2018-04-03,983.240966796875
2018-04-04,987.2357177734375
2018-04-05,998.7211303710938
2018-04-06,998.7211303710938
2018-04-09,1000.7184448242188
2018-04-10,1006.7108764648438
2018-04-11,990.2318115234375
2018-04-12,970.859130859375
2018-04-13,975.3538818359375
2018-04-16,972.3573608398438
2018-04-17,980.347900390625
2018-04-18,976.8521118164062
2018-04-19,975.8533325195312
2018-04-20,983.3443603515625
2018-04-23,978.3504638671875
2018-04-24,978.3504638671875
2018-04-25,971.8580322265625
2018-04-26,969.3609008789062
2018-04-27,977.3515014648438
2018-04-30,981.3468627929688
2018-05-01,965.3656616210938
2018-05-02,966.8639526367188
2018-05-03,968.8613891601562
2018-05-04,966.3644409179688
2018-05-08,958.873291015625
2018-05-09,966.8639526367188
2018-05-10,971.3585815429688
2018-05-11,955.876708984375
2018-05-14,943.890869140625
2018-05-15,937.3984985351562
2018-05-16,935.4008178710938
2018-05-17,937.3984985351562
2018-05-18,942.3924560546875
2018-05-21,956.3761596679688
2018-05-22,956.8756103515625
2018-05-23,949.38427734375
2018-05-24,945.8884887695312
2018-05-25,957.87451171875
2018-05-29,958.873291015625
2018-05-30,960.870849609375
2018-05-31,963.367919921875
2018-06-01,974.3551635742188
2018-06-04,964.8662109375
2018-06-05,961.370361328125
2018-06-06,964.3668212890625
2018-06-07,950.38330078125
2018-06-08,945.3890991210938
2018-06-11,925.9119873046875
2018-06-12,921.9166870117188
2018-06-13,925.4125366210938
2018-06-14,931.405517578125
2018-06-15,933.4031372070312
2018-06-18,925.4125366210938
2018-06-19,913.4266357421875
2018-06-20,914.4253540039062
2018-06-21,900.4418334960938
2018-06-22,909.431396484375
2018-06-25,889.9542236328125
2018-06-26,883.961181640625
2018-06-27,875.970703125
2018-06-28,869.9777221679688
2018-06-29,868.9789428710938
2018-07-02,863.9847412109375
2018-07-03,869.9777221679688
2018-07-04,866.4817504882812
2018-07-05,868.9789428710938
2018-07-06,858.99072265625
2018-07-09,855.4947509765625
2018-07-10,857.9917602539062
2018-07-11,853.4970092773438
2018-07-12,850.5006103515625
2018-07-13,846.5053100585938
2018-07-16,840.5123291015625
2018-07-17,851.9988403320312
2018-07-18,858.4912719726562
2018-07-19,860.98828125
2018-07-20,858.99072265625
2018-07-23,855.4947509765625
2018-07-24,862.9859619140625
2018-07-25,864.4840698242188
2018-07-26,876.4700317382812
2018-07-27,878.4677734375
2018-07-30,877.4688720703125
2018-07-31,884.9601440429688
2018-08-01,881.963623046875
2018-08-02,877.9683227539062
2018-08-03,877.9683227539062
2018-08-06,880.9647827148438
2018-08-07,865.4829711914062
2018-08-08,862.9859619140625
2018-08-09,828.5264282226562
2018-08-10,828.5264282226562
2018-08-13,823.0328369140625
2018-08-14,811.0469360351562
2018-08-15,808.0504760742188
2018-08-16,810.048095703125
2018-08-17,799.0609741210938
2018-08-20,799.5604248046875
2018-08-21,803.0562744140625
2018-08-22,802.0575561523438
2018-08-23,801.5579833984375
2018-08-24,799.0609741210938
2018-08-28,799.0609741210938
2018-08-29,793.5674438476562
2018-08-30,794.5662231445312
2018-08-31,799.0609741210938
2018-09-03,799.0609741210938
2018-09-04,799.0609741210938
2018-09-05,796.0645751953125
2018-09-06,790.119140625
2018-09-07,773.1381225585938
2018-09-10,768.6431884765625
2018-09-11,764.1480102539062
2018-09-12,772.6385498046875
2018-09-13,772.6385498046875
2018-09-14,772.6385498046875
2018-09-17,779.6307983398438
2018-09-18,771.1403198242188
2018-09-19,770.1415405273438
2018-09-20,772.1392211914062
2018-09-21,776.134765625
2018-09-24,774.136962890625
2018-09-25,782.6275634765625
2018-09-26,775.6353149414062
2018-09-27,771.6397094726562
2018-09-28,780.13037109375
2018-10-01,783.62646484375
2018-10-02,781.628662109375
2018-10-03,776.63427734375
2018-10-04,754.6587524414062
2018-10-05,755.1580200195312
2018-10-08,749.664306640625
2018-10-09,750.1637573242188
2018-10-10,748.66552734375
2018-10-11,734.1815185546875
2018-10-12,728.1882934570312
2018-10-15,723.19384765625
2018-10-16,744.1702880859375
2018-10-17,748.66552734375
2018-10-18,749.1649169921875
2018-10-19,731.1848754882812
2018-10-22,722.1949462890625
2018-10-23,716.700927734375
2018-10-24,724.192626953125
2018-10-25,719.1981811523438
2018-10-26,707.7109985351562
2018-10-29,714.2037353515625
2018-10-30,728.6876220703125
2018-10-31,724.192626953125
2018-11-01,729.6865234375
2018-11-02,741.1737060546875
2018-11-05,727.1893310546875
2018-11-06,721.1959838867188
2018-11-07,740.1748657226562
2018-11-08,750.1637573242188
2018-11-09,758.6542358398438
2018-11-12,735.6798095703125
2018-11-13,749.664306640625
2018-11-14,756.6564331054688
2018-11-15,742.6720581054688
2018-11-16,749.1649169921875
2018-11-19,751.1624755859375
2018-11-20,752.161376953125
2018-11-21,758.6542358398438
2018-11-22,754.6587524414062
2018-11-23,752.161376953125
2018-11-26,757.1558227539062
2018-11-27,757.1558227539062
2018-11-28,759.653076171875
2018-11-29,751.1624755859375
2018-11-30,725.6909790039062
2018-12-03,722.6943359375
2018-12-04,712.2060546875
2018-12-05,708.7100219726562
2018-12-06,699.719970703125
2018-12-07,713.2047729492188
2018-12-10,691.7288208007812
2018-12-11,690.7299194335938
2018-12-12,710.7077026367188
2018-12-13,707.7109985351562
2018-12-14,699.2205810546875
2018-12-17,685.7354736328125
2018-12-18,689.2316284179688
2018-12-19,696.7232055664062
2018-12-20,692.7277221679688
2018-12-21,683.2382202148438
2018-12-24,688.2328491210938
2018-12-27,677.7443237304688
2018-12-28,694.2261352539062
2018-12-31,706.2125854492188
2019-01-02,705.2138061523438
2019-01-03,707.2115478515625
2019-01-04,716.2015380859375
2019-01-07,730.1859741210938
2019-01-08,742.1726684570312
2019-01-09,748.66552734375
2019-01-10,759.653076171875
2019-01-11,764.6475219726562
2019-01-14,763.648681640625
2019-01-15,727.1893310546875
2019-01-16,747.6666259765625
2019-01-17,764.6475219726562
2019-01-18,774.136962890625
2019-01-21,772.1392211914062
2019-01-22,780.13037109375
2019-01-23,791.617431640625
2019-01-24,807.1001586914062
2019-01-25,813.5929565429688
2019-01-28,817.588623046875
2019-01-29,824.081298828125
2019-01-30,838.0657958984375
2019-01-31,831.0736083984375
2019-02-01,839.5640258789062
2019-02-04,839.0645751953125
2019-02-05,836.06787109375
2019-02-06,837.06689453125
2019-02-07,824.5807495117188
2019-02-08,816.5897216796875
2019-02-11,823.5818481445312
2019-02-12,842.061279296875
2019-02-13,838.565185546875
2019-02-14,819.5863647460938
2019-02-15,820.085693359375
2019-02-18,834.0701904296875
2019-02-19,838.0657958984375
2019-02-20,858.0433349609375
2019-02-21,880.5183715820312
2019-02-22,877.0223388671875
2019-02-25,884.5140380859375
2019-02-26,894.0032958984375
2019-02-27,893.00439453125
2019-02-28,890.0078125
2019-03-01,915.97900390625
2019-03-04,923.4705200195312
2019-03-05,932.9598388671875
2019-03-06,927.9655151367188
2019-03-07,924.9688720703125
2019-03-08,921.97216796875
2019-03-11,922.9711303710938
2019-03-12,919.974365234375
2019-03-13,922.4715576171875
2019-03-14,887.5106811523438
2019-03-15,912.982177734375
2019-03-18,924.4693603515625
2019-03-19,917.9766845703125
2019-03-20,923.4705200195312
2019-03-21,913.98095703125
2019-03-22,895.501708984375
2019-03-25,892.5050048828125
2019-03-26,915.97900390625
2019-03-27,902.9933471679688
2019-03-28,908.9867553710938
2019-03-29,903.4927978515625
2019-04-01,908.9867553710938
2019-04-02,923.9698486328125
2019-04-03,948.442626953125
2019-04-04,942.4492797851562
2019-04-05,938.9531860351562
2019-04-08,938.453857421875
2019-04-09,927.4659423828125
2019-04-10,930.4628295898438
2019-04-11,912.5885620117188
2019-04-12,916.58447265625
2019-04-15,924.0770263671875
2019-04-16,920.0810546875
2019-04-17,914.5864868164062
2019-04-18,920.58056640625
2019-04-23,913.5874633789062
2019-04-24,922.5785522460938
2019-04-25,910.0910034179688
2019-04-26,910.5905151367188
2019-04-29,905.0960693359375
2019-04-30,901.0999755859375
2019-05-01,892.6085205078125
2019-05-02,884.1170654296875
2019-05-03,879.1218872070312
2019-05-07,872.6283569335938
2019-05-08,883.117919921875
2019-05-09,862.6384887695312
2019-05-10,871.1300659179688
2019-05-13,863.1378784179688
2019-05-14,863.6373901367188
2019-05-15,859.141845703125
2019-05-16,862.6384887695312
2019-05-17,865.6354370117188
2019-05-20,861.139892578125
2019-05-21,861.6395263671875
2019-05-22,851.1499633789062
2019-05-23,832.1688842773438
2019-05-24,829.171875
2019-05-28,832.1688842773438
2019-05-29,830.1708984375
2019-05-30,842.6583862304688
2019-05-31,846.1548461914062
2019-06-03,851.6494140625
2019-06-04,861.139892578125
2019-06-05,868.133056640625
2019-06-06,864.636474609375
2019-06-07,868.632568359375
2019-06-10,873.1279907226562
2019-06-11,870.6304321289062
2019-06-12,863.1378784179688
2019-06-13,857.6434936523438
2019-06-14,857.1439208984375
2019-06-17,853.1478271484375
2019-06-18,858.6423950195312
2019-06-19,852.1488037109375
2019-06-20,865.6354370117188
2019-06-21,884.1170654296875
2019-06-24,888.1129150390625
2019-06-25,890.111083984375
2019-06-26,890.111083984375
2019-06-27,888.6126098632812
2019-06-28,896.1049194335938
2019-07-01,898.6024780273438
2019-07-02,899.6015014648438
2019-07-03,904.0970458984375
2019-07-04,912.089111328125
2019-07-05,908.592529296875
2019-07-08,901.5994873046875
2019-07-09,905.0960693359375
2019-07-10,904.0970458984375
2019-07-11,912.089111328125
2019-07-12,919.0821533203125
2019-07-15,916.0850830078125
2019-07-16,919.58154296875
2019-07-17,914.5864868164062
2019-07-18,914.5864868164062
2019-07-19,905.0960693359375
2019-07-22,899.6015014648438
2019-07-23,893.1079711914062
2019-07-24,910.5905151367188
2019-07-25,923.5775146484375
2019-07-26,933.5675659179688
2019-07-29,944.05712890625
2019-07-30,948.0530395507812
2019-07-31,950.5506591796875
2019-08-01,956.045166015625
2019-08-02,952.548583984375
2019-08-05,939.0621337890625
2019-08-06,948.0530395507812
2019-08-07,946.5546264648438
2019-08-08,924.0770263671875
2019-08-09,912.089111328125
2019-08-12,879.6213989257812
2019-08-13,839.1619262695312
2019-08-14,825.67529296875
2019-08-15,825.67529296875
2019-08-16,825.67529296875
2019-08-19,838.1627807617188
2019-08-20,843.157958984375
2019-08-21,843.657470703125
2019-08-22,834.1669311523438
2019-08-23,827.6734008789062
2019-08-27,852.6484375
2019-08-28,841.6593627929688
2019-08-29,825.1758422851562
2019-08-30,826.1748657226562
2019-09-02,821.1798095703125
2019-09-03,825.1758422851562
2019-09-04,833.1679077148438
2019-09-05,837.213623046875
2019-09-06,841.2098388671875
2019-09-09,864.6878051757812
2019-09-10,860.6915283203125
2019-09-11,883.1703491210938
2019-09-12,881.6718139648438
2019-09-13,896.1581420898438
2019-09-16,895.1591186523438
2019-09-17,910.6445922851562
2019-09-18,911.6437377929688
2019-09-19,903.6511840820312
2019-09-20,912.6427612304688
2019-09-23,909.6455688476562
2019-09-24,897.1573486328125
2019-09-25,875.677490234375
2019-09-26,874.678466796875
2019-09-27,877.1761474609375
2019-09-30,879.174072265625
2019-10-01,884.6689453125
2019-10-02,875.177978515625
2019-10-03,868.1845703125
2019-10-04,867.1854248046875
2019-10-07,844.70654296875
2019-10-08,845.70556640625
2019-10-09,850.700927734375
2019-10-10,859.19287109375
2019-10-11,920.6351928710938
2019-10-14,924.1318969726562
2019-10-15,920.6351928710938
2019-10-16,922.1338500976562
2019-10-17,936.1207275390625
2019-10-18,940.6165161132812
2019-10-21,951.6061401367188
2019-10-22,945.1121826171875
2019-10-23,956.1019287109375
2019-10-24,951.6061401367188
2019-10-25,938.1187133789062
2019-10-28,941.615478515625
2019-10-29,934.1224975585938
2019-10-30,928.627685546875
2019-10-31,916.638916015625
2019-11-01,918.1376342773438
2019-11-04,920.6351928710938
2019-11-05,915.1404418945312
2019-11-06,910.14501953125
2019-11-07,913.1422119140625
2019-11-08,927.1290893554688
2019-11-11,966.092529296875
2019-11-12,966.5919799804688
2019-11-13,948.60888671875
2019-11-14,924.6315307617188
2019-11-15,919.6361083984375
2019-11-18,937.6193237304688
2019-11-19,930.6258544921875
2019-11-20,935.62109375
2019-11-21,927.1290893554688
2019-11-22,938.1187133789062
2019-11-25,958.1000366210938
2019-11-26,972.0869140625
2019-11-27,998.5619506835938
2019-11-28,1008.0531616210938
2019-11-29,989.0708618164062
2019-12-02,978.5807495117188
2019-12-03,969.0897216796875
2019-12-04,989.570556640625
2019-12-05,1005.055908203125
2019-12-06,1009.0521240234375
2019-12-09,1011.0503540039062
2019-12-10,1000.060546875
2019-12-11,975.5836181640625
2019-12-12,1014.0474853515625
2019-12-13,1150.9188232421875
2019-12-16,1173.897216796875
2019-12-17,1098.9677734375
2019-12-18,1083.9818115234375
2019-12-19,1127.9405517578125
2019-12-20,1129.938720703125
2019-12-23,1139.92919921875
2019-12-24,1143.925537109375
2019-12-27,1140.92822265625
2019-12-30,1129.938720703125
2019-12-31,1133.9349365234375
2020-01-02,1142.926513671875
2020-01-03,1149.9197998046875
2020-01-06,1132.9359130859375
2020-01-07,1137.93115234375
2020-01-08,1135.9329833984375
2020-01-09,1133.9349365234375
2020-01-10,1147.9217529296875
2020-01-13,1230.8438720703125
2020-01-14,1186.885009765625
2020-01-15,1184.8870849609375
2020-01-16,1202.870361328125
2020-01-17,1206.8662109375
2020-01-20,1220.85302734375
2020-01-21,1226.8477783203125
2020-01-22,1238.836181640625
2020-01-23,1222.8511962890625
2020-01-24,1235.8389892578125
2020-01-27,1207.865234375
2020-01-28,1227.8466796875
2020-01-29,1220.85302734375
2020-01-30,1225.8486328125
2020-01-31,1242.83251953125
2020-02-03,1226.8477783203125
2020-02-04,1224.849365234375
2020-02-05,1223.8504638671875
2020-02-06,1213.85986328125
2020-02-07,1208.864501953125
2020-02-10,1212.8607177734375
2020-02-11,1216.8570556640625
2020-02-12,1212.8607177734375
2020-02-13,1208.864501953125
2020-02-14,1256.8193359375
2020-02-17,1235.8389892578125
2020-02-18,1220.85302734375
2020-02-19,1245.8297119140625
2020-02-20,1238.836181640625
2020-02-21,1227.8466796875
2020-02-24,1184.8870849609375
2020-02-25,1160.9095458984375
2020-02-26,1164.9056396484375
2020-02-27,1107.959228515625
2020-02-28,1080.984619140625
2020-03-02,1079.9854736328125
2020-03-03,1093.972412109375
2020-03-04,1115.95166015625
2020-03-05,1105.9609375
2020-03-06,1045.0184326171875
2020-03-09,984.0757446289062
2020-03-10,982.5770874023438
2020-03-11,997.5630493164062
2020-03-12,881.1723022460938
2020-03-13,810.2388305664062
2020-03-16,744.3008422851562
2020-03-17,700.8416748046875
2020-03-18,650.3890991210938
2020-03-19,699.3430786132812
2020-03-20,716.82666015625
2020-03-23,710.3326416015625
2020-03-24,724.319580078125
2020-03-25,784.2633056640625
2020-03-26,784.2633056640625
2020-03-27,772.2745361328125
2020-03-30,772.2745361328125
2020-03-31,824.2257690429688
2020-04-01,743.80126953125
2020-04-02,753.2923583984375
2020-04-03,744.3008422851562
2020-04-06,770.2764892578125
2020-04-07,802.2463989257812
2020-04-08,789.2586059570312
2020-04-09,879.6736450195312
2020-04-14,820.7291259765625
2020-04-15,771.7750244140625
2020-04-16,788.259521484375
2020-04-17,844.70654296875
2020-04-20,847.2041625976562
2020-04-21,824.2257690429688
2020-04-22,838.2125244140625
2020-04-23,874.678466796875
2020-04-24,883.6699829101562
2020-04-27,882.17138671875
2020-04-28,895.1591186523438
2020-04-29,972.0869140625
2020-04-30,964.0943603515625
2020-05-01,973.0858764648438
2020-05-04,989.0708618164062
2020-05-05,958.5995483398438
2020-05-06,963.5948486328125
2020-05-07,974.0850219726562
2020-05-11,974.0850219726562
2020-05-12,951.1065063476562
2020-05-13,942.6145629882812
2020-05-14,890.1639404296875
2020-05-15,897.6567993164062
2020-05-18,934.6220703125
2020-05-19,927.1290893554688
2020-05-20,903.1516723632812
2020-05-21,916.1394653320312
2020-05-22,941.115966796875
2020-05-26,935.62109375
2020-05-27,937.6193237304688
2020-05-28,937.1197509765625
2020-05-29,862.1900634765625
2020-06-01,912.6427612304688
2020-06-02,928.627685546875
2020-06-03,938.1187133789062
2020-06-04,945.61181640625
2020-06-05,941.115966796875
2020-06-08,920.6351928710938
2020-06-09,878.6746215820312
2020-06-10,881.1723022460938
2020-06-11,859.19287109375
2020-06-12,860.6915283203125
2020-06-15,845.2059326171875
2020-06-16,854.697265625
2020-06-17,859.19287109375
2020-06-18,845.2059326171875
2020-06-19,838.2125244140625
2020-06-22,839.7112426757812
2020-06-23,838.7120361328125
2020-06-24,829.7205810546875
2020-06-25,810.738525390625
2020-06-26,851.699951171875
2020-06-29,832.21826171875
2020-06-30,824.2257690429688
2020-07-01,808.7402954101562
2020-07-02,791.2567138671875
2020-07-03,764.7816772460938
2020-07-06,780.7666015625
2020-07-07,790.7572631835938
2020-07-08,802.2463989257812
2020-07-09,801.2473754882812
2020-07-10,798.7496948242188
2020-07-13,769.27734375
2020-07-14,759.2866821289062
2020-07-15,754.7911376953125
2020-07-16,739.3055419921875
2020-07-17,741.80322265625
2020-07-20,739.3055419921875
2020-07-21,744.3008422851562
2020-07-22,760.7853393554688
2020-07-23,766.7796630859375
2020-07-24,741.80322265625
2020-07-27,729.3150024414062
2020-07-28,767.2792358398438
2020-07-29,745.7994384765625
2020-07-30,747.2980346679688
2020-07-31,747.2980346679688
2020-08-03,723.820068359375
2020-08-04,735.808837890625
2020-08-05,769.7769775390625
2020-08-06,772.2745361328125
2020-08-07,798.7496948242188
2020-08-10,781.7656860351562
2020-08-11,805.24365234375
2020-08-12,825.224853515625
2020-08-13,826.2239379882812
2020-08-14,813.236083984375
2020-08-17,823.2267456054688
2020-08-18,819.23046875
2020-08-19,809.7393798828125
2020-08-20,824.7252807617188
2020-08-21,822.2277221679688
2020-08-24,815.7337036132812
2020-08-25,798.7496948242188
2020-08-26,817.73193359375
2020-08-27,818.7308959960938
2020-08-28,815.2342529296875
2020-09-01,816.7328491210938
2020-09-02,805.24365234375
2020-09-03,817.2322998046875
2020-09-04,800.248291015625
2020-09-07,824.2257690429688
2020-09-08,817.2322998046875
2020-09-09,819.23046875
2020-09-10,814.7346801757812
2020-09-11,796.7516479492188
2020-09-14,799.249267578125
2020-09-15,814.2351684570312
2020-09-16,800.248291015625
2020-09-17,811.2379150390625
2020-09-18,801.7468872070312
2020-09-21,795.2529296875
2020-09-22,793.7543334960938
2020-09-23,818.7308959960938
2020-09-24,773.7731323242188
2020-09-25,792.7553100585938
2020-09-28,815.2342529296875
2020-09-29,790.2577514648438
2020-09-30,778.7684326171875
2020-10-01,792.7553100585938
2020-10-02,797.251220703125
2020-10-05,810.2388305664062
2020-10-06,831.21923828125
2020-10-07,810.738525390625
2020-10-08,850.700927734375
2020-10-09,856.6952514648438
2020-10-12,848.2033081054688
2020-10-13,850.2013549804688
2020-10-14,846.7047119140625
2020-10-15,856.19580078125
2020-10-16,845.2059326171875
2020-10-19,850.2013549804688
2020-10-20,843.7075805664062
2020-10-21,848.7027587890625
2020-10-22,861.690673828125
2020-10-23,854.1976318359375
2020-10-26,853.198486328125
2020-10-27,839.2117309570312
2020-10-28,820.2295532226562
2020-10-29,823.2267456054688
2020-10-30,830.7197265625
2020-11-02,807.24169921875
2020-11-03,830.22021484375
2020-11-04,844.20703125
2020-11-05,860.19189453125
2020-11-06,860.19189453125
2020-11-09,922.63330078125
2020-11-10,954.1036987304688
2020-11-11,1003.0577392578125
2020-11-12,993.0670776367188
2020-11-13,966.092529296875
2020-11-16,986.0736694335938
2020-11-17,986.0736694335938
2020-11-18,1004.0569458007812
2020-11-19,991.5684814453125
2020-11-20,992.5676879882812
2020-11-23,973.58544921875
2020-11-24,975.0841064453125
2020-11-25,943.1141357421875
2020-11-26,928.627685546875
2020-11-27,926.1300659179688
2020-11-30,919.13671875
2020-12-01,962.5957641601562
2020-12-02,956.6015014648438
2020-12-03,982.5770874023438
2020-12-04,993.5667114257812
2020-12-07,954.6033325195312
2020-12-08,955.102783203125
2020-12-09,954.6033325195312
2020-12-10,958.1000366210938
2020-12-11,952.6051635742188
2020-12-14,973.0858764648438
2020-12-15,980.578857421875
2020-12-16,979.080322265625
2020-12-17,986.0736694335938
2020-12-18,989.570556640625
2020-12-21,955.6023559570312
2020-12-22,950.6071166992188
2020-12-23,956.6015014648438
2020-12-24,1006.0549926757812
2020-12-29,1005.055908203125
2020-12-30,978.081298828125
2020-12-31,953.6043090820312
2021-01-04,971.5873413085938
2021-01-05,992.5676879882812
2021-01-06,1007.0540771484375
2021-01-07,1023.0388793945312
2021-01-08,1030.032470703125
2021-01-11,995.5648803710938
2021-01-12,987.0728149414062
2021-01-13,983.0765380859375
2021-01-14,1014.0474853515625
2021-01-15,1038.02490234375
2021-01-18,1026.0361328125
2021-01-19,1055.0089111328125
2021-01-20,1064.0006103515625
2021-01-21,1059.0052490234375
2021-01-22,1062.0025634765625
2021-01-25,1044.019287109375
2021-01-26,1059.0052490234375
2021-01-27,1066.9976806640625
2021-01-28,1064.9996337890625
2021-01-29,1052.0118408203125
2021-02-01,1049.0145263671875
2021-02-02,1066.9976806640625
2021-02-03,1082.9827880859375
2021-02-04,1097.968505859375
2021-02-05,1133.9349365234375
2021-02-08,1156.913330078125
2021-02-09,1168.9022216796875
2021-02-10,1177.8936767578125
2021-02-11,1181.8897705078125
2021-02-12,1157.912353515625
2021-02-15,1163.9068603515625
2021-02-16,1154.9151611328125
2021-02-17,1133.9349365234375
2021-02-18,1114.9527587890625
2021-02-19,1129.938720703125
2021-02-22,1120.947021484375
2021-02-23,1122.9451904296875
2021-02-24,1128.9395751953125
2021-02-25,1142.926513671875
2021-02-26,1153.916015625
2021-03-01,1166.903564453125
2021-03-02,1119.947998046875
2021-03-03,1139.92919921875
2021-03-04,1097.968505859375
2021-03-05,1076.9884033203125
2021-03-08,1076.9884033203125
2021-03-09,1083.9818115234375
2021-03-10,1058.006103515625
2021-03-11,1143.925537109375
2021-03-12,1153.916015625
2021-03-15,1128.9395751953125
2021-03-16,1162.9075927734375
2021-03-17,1142.926513671875
2021-03-18,1123.9443359375
2021-03-19,1121.9461669921875
2021-03-22,1132.9359130859375
2021-03-23,1130.937744140625
2021-03-24,1130.937744140625
2021-03-25,1116.950927734375
2021-03-26,1125.9423828125
2021-03-29,1162.9075927734375
2021-03-30,1150.9188232421875
2021-03-31,1140.92822265625
2021-04-01,1162.9075927734375
2021-04-06,1192.87939453125
2021-04-07,1199.8729248046875
2021-04-08,1187.0531005859375
2021-04-09,1173.0643310546875
2021-04-12,1177.061279296875
2021-04-13,1197.045166015625
2021-04-14,1195.0467529296875
2021-04-15,1185.0548095703125
2021-04-16,1205.0386962890625
2021-04-19,1189.0517578125
2021-04-20,1170.0665283203125
2021-04-21,1169.0675048828125
2021-04-22,1176.0618896484375
2021-04-23,1177.061279296875
2021-04-26,1188.0523681640625
2021-04-27,1189.0517578125
2021-04-28,1185.0548095703125
2021-04-29,1185.0548095703125
2021-04-30,1194.0474853515625
2021-05-04,1184.0552978515625
2021-05-05,1179.0594482421875
2021-05-06,1209.03564453125
2021-05-07,1208.0362548828125
2021-05-10,1202.0411376953125
2021-05-11,1155.07861328125
2021-05-12,1146.0859375
2021-05-13,1144.0875244140625
2021-05-14,1145.086669921875
2021-05-17,1141.0897216796875
2021-05-18,1162.0731201171875
2021-05-19,1147.0850830078125
2021-05-20,1155.07861328125
2021-05-21,1162.0731201171875
2021-05-24,1164.0716552734375
2021-05-25,1170.0665283203125
2021-05-26,1182.05712890625
2021-05-27,1234.0157470703125
2021-05-28,1186.0540771484375
2021-06-01,1209.03564453125
2021-06-02,1217.0294189453125
2021-06-03,1205.0386962890625
2021-06-04,1207.037109375
2021-06-07,1202.0411376953125
2021-06-08,1211.0340576171875
2021-06-09,1212.0330810546875
2021-06-10,1182.05712890625
2021-06-11,1192.0491943359375
2021-06-14,1191.050048828125
2021-06-15,1168.0682373046875
2021-06-16,1173.0643310546875
2021-06-17,1166.0699462890625
2021-06-18,1139.09130859375
2021-06-21,1116.1097412109375
2021-06-22,1103.1202392578125
2021-06-23,1132.0970458984375
2021-06-24,1117.109130859375
2021-06-25,1135.0946044921875
2021-06-28,1137.093017578125
2021-06-29,1134.095458984375
2021-06-30,1149.08349609375
2021-07-01,1159.0755615234375
2021-07-02,1164.0716552734375
2021-07-05,1170.0665283203125
2021-07-06,1161.073974609375
2021-07-07,1169.0675048828125
2021-07-08,1150.0826416015625
2021-07-09,1167.06884765625
2021-07-12,1158.0762939453125
2021-07-13,1142.0888671875
2021-07-14,1131.097900390625
2021-07-15,1108.1160888671875
2021-07-16,1106.1175537109375
2021-07-19,1062.1529541015625
2021-07-20,1067.1488037109375
2021-07-21,1085.1343994140625
2021-07-22,1083.1361083984375
2021-07-23,1098.1239013671875
2021-07-26,1097.125
2021-07-27,1086.133544921875
2021-07-28,1124.1033935546875
2021-07-29,1151.081787109375
2021-07-30,1147.0850830078125
2021-08-02,1168.0682373046875
2021-08-03,1155.07861328125
2021-08-04,1159.0755615234375
2021-08-05,1249.0035400390625
2021-08-06,1199.0435791015625
2021-08-09,1208.0362548828125
2021-08-10,1221.02587890625
2021-08-11,1231.0181884765625
2021-08-12,1300.96240234375
2021-08-13,1338.9320068359375
2021-08-16,1365.9105224609375
2021-08-17,1373.9041748046875
2021-08-18,1386.893798828125
2021-08-19,1397.8846435546875
2021-08-20,1376.90185546875
2021-08-23,1362.912841796875
2021-08-24,1373.9041748046875
2021-08-25,1374.9034423828125
2021-08-26,1366.9095458984375
2021-08-27,1363.912109375
2021-08-31,1365.9105224609375
2021-09-01,1383.8961181640625
2021-09-02,1368.9674072265625
2021-09-03,1365.9697265625
2021-09-06,1375.9622802734375
2021-09-07,1355.9771728515625
2021-09-08,1364.970458984375
2021-09-09,1368.9674072265625
2021-09-10,1353.9786376953125
2021-09-13,1354.9779052734375
2021-09-14,1360.9735107421875
2021-09-15,1356.976318359375
2021-09-16,1375.9622802734375
2021-09-17,1382.956787109375
2021-09-20,1346.984130859375
2021-09-21,1363.97119140625
2021-09-22,1368.9674072265625
2021-09-23,1386.9539794921875
2021-09-24,1377.9605712890625
2021-09-27,1369.966552734375
2021-09-28,1347.9833984375
2021-09-29,1336.991455078125
2021-09-30,1349.9818115234375
2021-10-01,1327.998291015625
2021-10-04,1321.003662109375
2021-10-05,1318.005859375
2021-10-06,1290.0269775390625
2021-10-07,1312.01025390625
2021-10-08,1299.020263671875
2021-10-11,1294.02392578125
2021-10-12,1296.0224609375
2021-10-13,1339.9891357421875
2021-10-14,1345.9847412109375
2021-10-15,1368.9674072265625
2021-10-18,1371.965087890625
2021-10-19,1384.9554443359375
2021-10-20,1378.9599609375
2021-10-21,1373.9637451171875
2021-10-22,1382.956787109375
2021-10-25,1387.953125
2021-10-26,1387.953125
2021-10-27,1401.942626953125
2021-10-28,1413.9334716796875
2021-10-29,1416.931396484375
2021-11-01,1412.9342041015625
2021-11-02,1410.9356689453125
2021-11-03,1419.92919921875
2021-11-04,1425.9244384765625
2021-11-05,1412.9342041015625
2021-11-08,1418.9296875
2021-11-09,1417.9305419921875
2021-11-10,1409.9365234375
2021-11-11,1428.92236328125
2021-11-12,1415.93212890625
2021-11-15,1429.9215087890625
2021-11-16,1416.931396484375
2021-11-17,1403.9410400390625
2021-11-18,1428.92236328125
2021-11-19,1423.926025390625
2021-11-22,1405.939453125
2021-11-23,1399.944091796875
2021-11-24,1405.939453125
2021-11-25,1412.9342041015625
2021-11-26,1332.9945068359375
2021-11-29,1319.005126953125
2021-11-30,1334.9930419921875
2021-12-01,1359.9742431640625
2021-12-02,1352.9794921875
2021-12-03,1348.982421875
2021-12-06,1350.98095703125
2021-12-07,1363.97119140625
2021-12-08,1402.9420166015625
2021-12-09,1401.942626953125
2021-12-10,1393.9486083984375
2021-12-13,1360.9735107421875
2021-12-14,1374.9630126953125
2021-12-15,1361.9727783203125
2021-12-16,1370.966064453125
2021-12-17,1399.944091796875
2021-12-20,1382.956787109375
2021-12-21,1373.9637451171875
2021-12-22,1423.926025390625
2021-12-23,1430.9208984375
2021-12-24,1423.926025390625
2021-12-29,1448.9071044921875
2021-12-30,1433.91845703125
2021-12-31,1406.9388427734375
2022-01-04,1428.92236328125
2022-01-05,1396.9464111328125
2022-01-06,1378.9599609375
2022-01-07,1359.9742431640625
2022-01-10,1319.005126953125
2022-01-11,1319.005126953125
2022-01-12,1423.926025390625
2022-01-13,1430.9208984375
2022-01-14,1401.942626953125
2022-01-17,1408.9371337890625
2022-01-18,1400.943359375
2022-01-19,1425.9244384765625
2022-01-20,1438.91455078125
2022-01-21,1423.926025390625
2022-01-24,1376.96142578125
2022-01-25,1380.9583740234375
2022-01-26,1356.976318359375
2022-01-27,1363.97119140625
2022-01-28,1337.9908447265625
2022-01-31,1341.98779296875
2022-02-01,1359.9742431640625
2022-02-02,1382.956787109375
2022-02-03,1362.971923828125
2022-02-04,1347.9833984375
2022-02-07,1359.9742431640625
2022-02-08,1340.9884033203125
2022-02-09,1362.971923828125
2022-02-10,1368.9674072265625
2022-02-11,1367.96826171875
2022-02-14,1335.992431640625
2022-02-15,1356.976318359375
2022-02-16,1351.9803466796875
2022-02-17,1329.996826171875
2022-02-18,1329.996826171875
2022-02-21,1334.9930419921875
2022-02-22,1343.9862060546875
2022-02-23,1320.0042724609375
2022-02-24,1248.05859375
2022-02-25,1296.0224609375
2022-02-28,1272.0406494140625
2022-03-01,1221.078857421875
2022-03-02,1233.06982421875
2022-03-03,1185.106201171875
2022-03-04,1115.158935546875
2022-03-07,1068.1944580078125
2022-03-08,1050.2080078125
2022-03-09,1139.140625
2022-03-10,1182.1083984375
2022-03-11,1173.1151123046875
2022-03-14,1218.081298828125
2022-03-15,1178.111328125
2022-03-16,1218.081298828125
2022-03-17,1222.078125
2022-03-18,1228.0736083984375
2022-03-21,1178.111328125
2022-03-22,1183.107666015625
2022-03-23,1173.1151123046875
2022-03-24,1158.12646484375
2022-03-25,1135.143798828125
2022-03-28,1142.138427734375
2022-03-29,1166.1204833984375
2022-03-30,1136.1431884765625
2022-03-31,1113.1602783203125
2022-04-01,1100.1700439453125
2022-04-04,1136.1431884765625
2022-04-05,1114.159423828125
2022-04-06,1122.1536865234375
2022-04-07,1059.3212890625
2022-04-08,1074.311767578125
2022-04-11,1074.311767578125
2022-04-12,1103.293212890625
2022-04-13,1109.2894287109375
2022-04-14,1107.2906494140625
2022-04-19,1094.299072265625
2022-04-20,1083.3060302734375
2022-04-21,1105.2918701171875
2022-04-22,1105.2918701171875
2022-04-25,1085.3045654296875
2022-04-26,1080.307861328125
2022-04-27,1076.310546875
2022-04-28,1094.299072265625
2022-04-29,1082.3067626953125
2022-05-03,1058.3218994140625
2022-05-04,1050.3272705078125
2022-05-05,1054.32470703125
2022-05-06,1017.3482666015625
2022-05-09,974.8754272460938
2022-05-10,975.8748168945312
2022-05-11,997.86083984375
2022-05-12,1010.3526611328125
2022-05-13,1050.3272705078125
2022-05-16,1053.3251953125
2022-05-17,1071.3135986328125
2022-05-18,1072.3128662109375
2022-05-19,1065.3175048828125
2022-05-20,1066.31689453125
2022-05-23,1089.3021240234375
2022-05-24,1079.3084716796875
2022-05-25,1086.303955078125
2022-05-26,1108.2900390625
2022-05-27,1095.29833984375
2022-05-30,1101.2945556640625
2022-05-31,1102.2938232421875
2022-06-01,1094.299072265625
2022-06-06,1104.2926025390625
2022-06-07,1104.2926025390625
2022-06-08,1100.2950439453125
2022-06-09,1095.29833984375
2022-06-10,1068.3157958984375
2022-06-13,1040.33349609375
2022-06-14,1040.33349609375
2022-06-15,1061.320068359375
2022-06-16,993.86328125
2022-06-17,1004.3566284179688
2022-06-20,997.86083984375
2022-06-21,1006.3552856445312
2022-06-22,1032.3385009765625
2022-06-23,1036.336181640625
2022-06-24,1084.3052978515625
2022-06-27,1104.2926025390625
2022-06-28,1123.280517578125
2022-06-29,1108.2900390625
2022-06-30,1011.3521118164062
2022-07-01,1012.3514404296875
2022-07-04,998.3604125976562
2022-07-05,1006.3552856445312
2022-07-06,1027.3419189453125
2022-07-07,1056.3233642578125
2022-07-08,1059.3212890625
2022-07-11,1061.320068359375
2022-07-12,1077.3096923828125
2022-07-13,1070.314453125
2022-07-14,1046.32958984375
2022-07-15,1078.3092041015625
2022-07-18,1095.29833984375
2022-07-19,1109.2894287109375
2022-07-20,1124.27978515625
2022-07-21,1136.2720947265625
2022-07-22,1136.2720947265625
2022-07-25,1142.2681884765625
2022-07-26,1132.2744140625
2022-07-27,1145.266357421875
2022-07-28,1160.2567138671875
2022-07-29,1189.23828125
2022-08-01,1159.2574462890625
2022-08-02,1134.2733154296875
2022-08-03,1153.260986328125
2022-08-04,1125.2791748046875
2022-08-05,1098.296142578125
2022-08-08,1106.2911376953125
2022-08-09,1094.299072265625
2022-08-10,1123.280517578125
2022-08-11,1026.342529296875
2022-08-12,1058.3218994140625
2022-08-15,1059.3212890625
2022-08-16,1032.3385009765625
2022-08-17,1019.346923828125
2022-08-18,1032.3385009765625
2022-08-19,993.86328125
2022-08-22,977.87353515625
2022-08-23,967.8799438476562
2022-08-24,982.3706665039062
2022-08-25,964.3821411132812
2022-08-26,956.3873291015625
2022-08-30,953.3892211914062
2022-08-31,947.3930053710938
2022-09-01,901.4852905273438
2022-09-02,926.970703125
2022-09-05,915.477294921875
2022-09-06,925.4715576171875
2022-09-07,921.9736328125
2022-09-08,932.4676513671875
2022-09-09,950.95703125
2022-09-12,986.9364624023438
2022-09-13,956.4539184570312
2022-09-14,922.4732666015625
2022-09-15,915.477294921875
2022-09-16,915.9769897460938
2022-09-20,905.4830322265625
2022-09-21,906.4823608398438
2022-09-22,892.9901123046875
2022-09-23,845.0174560546875
2022-09-26,835.5230102539062
2022-09-27,793.5469360351562
2022-09-28,790.0489501953125
2022-09-29,763.0643310546875
2022-09-30,795.0460815429688
2022-10-03,810.0375366210938
2022-10-04,835.023193359375
2022-10-05,824.5291748046875
2022-10-06,826.0283203125
2022-10-07,804.5406494140625
2022-10-10,794.5463256835938
2022-10-11,808.538330078125
2022-10-12,788.050048828125
2022-10-13,799.0437622070312
2022-10-14,809.537841796875
2022-10-17,829.0266723632812
2022-10-18,824.0296020507812
2022-10-19,814.5348510742188
2022-10-20,822.5303955078125
2022-10-21,805.5400390625
2022-10-24,804.5406494140625
2022-10-25,831.0255126953125
2022-10-26,839.0208740234375
2022-10-27,835.5230102539062
2022-10-28,830.5258178710938
2022-10-31,825.0289306640625
2022-11-01,856.0111694335938
2022-11-02,862.5075073242188
2022-11-03,836.5223999023438
2022-11-04,861.0084228515625
2022-11-07,888.9923706054688
2022-11-08,898.9866333007812
2022-11-09,889.9918212890625
2022-11-10,941.962158203125
2022-11-11,964.4492797851562
2022-11-14,962.9501953125
2022-11-15,950.4573364257812
2022-11-16,925.9713134765625
2022-11-17,929.968994140625
2022-11-18,932.9672241210938
2022-11-21,938.9639282226562
2022-11-22,931.9678955078125
2022-11-23,927.9701538085938
2022-11-24,928.4699096679688
2022-11-25,919.9746704101562
2022-11-28,909.4806518554688
2022-11-29,920.97412109375
2022-11-30,946.959228515625
2022-12-01,951.4567260742188
2022-12-02,938.4641723632812
2022-12-05,850.514404296875
2022-12-06,858.0101928710938
2022-12-07,852.013427734375
2022-12-08,829.0266723632812
2022-12-09,820.0317993164062
2022-12-12,820.531494140625
2022-12-13,840.5200805664062
2022-12-14,832.02490234375
2022-12-15,817.0335083007812
2022-12-16,799.0437622070312
2022-12-19,799.5435180664062
2022-12-20,798.5440063476562
2022-12-21,817.533203125
2022-12-22,824.5291748046875
2022-12-23,836.0226440429688
2022-12-28,826.0283203125
2022-12-29,833.5241088867188
2022-12-30,825.0289306640625
2023-01-03,839.5206909179688
2023-01-04,859.5092163085938
2023-01-05,856.510986328125
2023-01-06,829.0266723632812
2023-01-09,813.0357666015625
2023-01-10,838.521240234375
2023-01-11,869.5035400390625
2023-01-12,911.4796142578125
2023-01-13,923.972412109375
2023-01-16,916.9764404296875
2023-01-17,911.9793701171875
2023-01-18,932.9672241210938
2023-01-19,922.9729614257812
2023-01-20,939.463623046875
2023-01-23,935.4658813476562
2023-01-24,937.9644775390625
2023-01-25,935.965576171875
2023-01-26,949.4579467773438
2023-01-27,964.4492797851562
2023-01-30,965.948486328125
2023-01-31,974.9432983398438
2023-02-01,990.4345092773438
2023-02-02,1054.3980712890625
2023-02-03,1043.4041748046875
2023-02-06,1028.412841796875
2023-02-07,1002.4276123046875
2023-02-08,1013.4213256835938
2023-02-09,1012.4219360351562
2023-02-10,1011.4224853515625
2023-02-13,1012.4219360351562
2023-02-14,989.43505859375
2023-02-15,999.4293823242188
2023-02-16,1003.4270629882812
2023-02-17,994.43212890625
2023-02-20,993.9324951171875
2023-02-21,993.9324951171875
2023-02-22,989.43505859375
2023-02-23,994.931884765625
2023-02-24,977.941650390625
2023-02-27,1006.4253540039062
2023-02-28,1002.4276123046875
2023-03-01,997.4304809570312
2023-03-02,979.4408569335938
2023-03-03,978.44140625
2023-03-06,995.431640625
2023-03-07,987.9358520507812
2023-03-08,988.935302734375
2023-03-09,964.9490966796875
2023-03-10,951.95654296875
2023-03-13,958.9525146484375
2023-03-14,993.9324951171875
2023-03-15,997.4304809570312
2023-03-16,966.4481811523438
2023-03-17,945.460205078125
2023-03-20,941.4624633789062
2023-03-21,952.4562377929688
2023-03-22,938.9639282226562
2023-03-23,946.959228515625
2023-03-24,934.9661865234375
2023-03-27,952.9558715820312
2023-03-28,948.4584350585938
2023-03-29,963.9496459960938
2023-03-30,992.4334106445312
2023-03-31,990.9342041015625
2023-04-03,977.941650390625
2023-04-04,974.4435424804688
2023-04-05,955.9542236328125
2023-04-06,944.09326171875
2023-04-11,932.5982055664062
2023-04-12,942.0941162109375
2023-04-13,964.5844116210938
2023-04-14,965.5840454101562
2023-04-17,954.5887451171875
2023-04-18,961.0859985351562
2023-04-19,943.593505859375
2023-04-20,951.5900268554688
2023-04-21,979.5780029296875
2023-04-24,959.5866088867188
2023-04-25,952.5896606445312
2023-04-26,934.5973510742188
2023-04-27,945.5926513671875
2023-04-28,961.0859985351562
2023-05-02,968.5826416015625
2023-05-03,954.0889282226562
2023-05-04,959.5866088867188
2023-05-05,974.580078125
2023-05-09,954.5887451171875
2023-05-10,948.59130859375
2023-05-11,927.1005859375
2023-05-12,934.0975341796875
2023-05-15,935.596923828125
2023-05-16,937.5961303710938
2023-05-17,895.6141357421875
2023-05-18,908.6085205078125
2023-05-19,917.1049194335938
2023-05-22,919.603759765625
2023-05-23,934.5973510742188
2023-05-24,916.6051635742188
2023-05-25,918.1044921875
2023-05-26,919.1040649414062
2023-05-30,907.109130859375
2023-05-31,909.6080932617188
2023-06-01,907.109130859375
2023-06-02,927.600341796875
2023-06-05,922.6024780273438
2023-06-06,923.102294921875
2023-06-07,908.1087036132812
2023-06-08,917.1049194335938
2023-06-09,907.109130859375
2023-06-12,915.6055297851562
2023-06-13,895.1143188476562
2023-06-14,888.6171875
2023-06-15,883.1195678710938
2023-06-16,879.6209716796875
2023-06-19,859.629638671875
2023-06-20,850.633544921875
2023-06-21,842.13720703125
2023-06-22,837.139404296875
2023-06-23,815.6486206054688
2023-06-26,819.6468505859375
2023-06-27,824.6447143554688
2023-06-28,835.6400146484375
2023-06-29,830.142333984375
2023-06-30,850.633544921875
2023-07-03,854.1320190429688
2023-07-04,856.131103515625
2023-07-05,830.142333984375
2023-07-06,802.6542358398438
2023-07-07,812.64990234375
2023-07-10,817.14794921875
2023-07-11,850.1337890625
2023-07-12,872.6240234375
2023-07-13,872.1242065429688
2023-07-14,884.618896484375
2023-07-17,879.1212768554688
2023-07-18,904.1104736328125
2023-07-19,941.5943603515625
2023-07-20,950.0906372070312
2023-07-21,948.59130859375
2023-07-24,955.0885009765625
2023-07-25,967.0833740234375
2023-07-26,977.5787963867188
2023-07-27,975.5797119140625
2023-07-28,974.580078125
2023-07-31,973.5805053710938
2023-08-01,981.5770263671875
2023-08-02,986.0751953125
2023-08-03,993.0721435546875
2023-08-04,1001.5685424804688
2023-08-07,984.5758666992188
2023-08-08,986.574951171875
2023-08-09,991.0730590820312
2023-08-10,884.618896484375
2023-08-11,906.609375
2023-08-14,881.6201782226562
2023-08-15,868.1259765625
2023-08-16,869.6253662109375
2023-08-17,869.6253662109375
2023-08-18,866.6265869140625
2023-08-21,842.13720703125
2023-08-22,839.6383056640625
2023-08-23,876.622314453125
2023-08-24,898.113037109375
2023-08-25,899.1126098632812
2023-08-29,914.60595703125
2023-08-30,914.60595703125
2023-08-31,910.176513671875
2023-09-01,910.6763916015625
2023-09-04,914.6749267578125
2023-09-05,909.6766967773438
2023-09-06,909.6766967773438
2023-09-07,914.6749267578125
2023-09-08,903.1790161132812
2023-09-11,915.1748046875
2023-09-12,922.1723022460938
2023-09-13,932.6685180664062
2023-09-14,938.6664428710938
2023-09-15,928.669921875
2023-09-18,894.1821899414062
2023-09-19,893.682373046875
2023-09-20,909.6766967773438
2023-09-21,906.1779174804688
2023-09-22,890.6835327148438
2023-09-25,875.18896484375
2023-09-26,866.6919555664062
2023-09-27,845.699462890625
2023-09-28,840.701171875
2023-09-29,865.1925659179688
2023-10-02,859.6944580078125
2023-10-03,836.2028198242188
2023-10-04,809.7122802734375
2023-10-05,815.7101440429688
2023-10-06,822.7076416015625
2023-10-09,824.2071533203125
2023-10-10,848.1985473632812
2023-10-11,840.701171875
2023-10-12,814.71044921875
2023-10-13,781.72216796875
2023-10-16,793.2180786132812
2023-10-17,801.2152709960938
2023-10-18,778.7232055664062
2023-10-19,775.2245483398438
2023-10-20,781.2223510742188
2023-10-23,783.7214965820312
2023-10-24,779.2230834960938
2023-10-25,764.7282104492188
2023-10-26,763.228759765625
2023-10-27,765.22802734375
2023-10-30,764.7282104492188
2023-10-31,787.22021484375
2023-11-01,789.7193603515625
2023-11-02,817.2095947265625
2023-11-03,835.2031860351562
2023-11-06,811.7114868164062
2023-11-07,814.71044921875
2023-11-08,828.2056884765625
2023-11-09,837.7022705078125
2023-11-10,826.2063598632812
2023-11-13,836.2028198242188
2023-11-14,889.683837890625
2023-11-15,894.6820678710938
2023-11-16,874.1893310546875
2023-11-17,879.6873168945312
2023-11-20,879.6873168945312
2023-11-21,855.196044921875
2023-11-22,846.19921875
2023-11-23,844.2000122070312
2023-11-24,839.2017211914062
2023-11-27,830.7047729492188
2023-11-28,816.2098999023438
2023-11-29,828.7054443359375
2023-11-30,793.2180786132812
2023-12-01,804.7140502929688
2023-12-04,815.7101440429688
2023-12-05,840.201416015625
2023-12-06,849.6980590820312
2023-12-07,859.194580078125
2023-12-08,854.6962280273438
2023-12-11,863.6930541992188
2023-12-12,859.6944580078125
2023-12-13,850.6976928710938
2023-12-14,915.1748046875
2023-12-15,934.16796875
2023-12-18,941.16552734375
2023-12-19,964.6571655273438
2023-12-20,980.1516723632812
2023-12-21,978.1524047851562
2023-12-22,983.1505737304688
2023-12-27,985.6497802734375
2023-12-28,990.64794921875
2023-12-29,968.6557006835938
2024-01-02,971.6546630859375
2024-01-03,967.6560668945312
2024-01-04,956.6600341796875
2024-01-05,950.6621704101562
2024-01-08,958.1594848632812
2024-01-09,959.6589965820312
2024-01-10,975.6532592773438
2024-01-11,980.6514282226562
2024-01-12,1002.6436767578125
2024-01-15,1004.6430053710938
2024-01-16,1005.6426391601562
2024-01-17,984.1502685546875
2024-01-18,993.6468505859375
2024-01-19,983.1505737304688
2024-01-22,1014.639404296875
2024-01-23,998.6451416015625
2024-01-24,1017.6383666992188
2024-01-25,1001.64404296875
2024-01-26,1007.641845703125
2024-01-29,1022.6365356445312
2024-01-30,1027.6348876953125
2024-01-31,1012.64013671875
2024-02-01,998.6451416015625
2024-02-02,1002.6436767578125
2024-02-05,962.6578979492188
2024-02-06,971.1549072265625
2024-02-07,966.6564331054688
2024-02-08,960.15869140625
2024-02-09,954.6607055664062
2024-02-12,969.6553955078125
2024-02-13,952.16162109375
2024-02-14,948.662841796875
2024-02-15,974.15380859375
2024-02-16,976.6528930664062
2024-02-19,970.1552124023438
2024-02-20,961.658203125
2024-02-21,961.1583862304688
2024-02-22,969.1555786132812
2024-02-23,964.6571655273438
2024-02-26,941.16552734375
2024-02-27,919.673095703125
2024-02-28,911.676025390625
2024-02-29,922.1723022460938
2024-03-01,951.1619873046875
2024-03-04,942.6649780273438
2024-03-05,949.1626586914062
2024-03-06,959.1591186523438
2024-03-07,966.1566772460938
2024-03-08,974.15380859375
2024-03-11,961.658203125
2024-03-12,946.1637573242188
2024-03-13,939.6660766601562
2024-03-14,979.1520385742188
2024-03-15,986.6493530273438
2024-03-18,992.1473999023438
2024-03-19,978.1524047851562
2024-03-20,986.1495361328125
2024-03-21,1003.643310546875
2024-03-22,1034.6322021484375
2024-03-25,1052.6258544921875
2024-03-26,1063.6219482421875
2024-03-27,1057.6240234375
2024-03-28,1065.621337890625
2024-04-02,1041.6298828125
2024-04-03,1051.626220703125
2024-04-04,1071.619140625
2024-04-05,1065.621337890625
2024-04-08,1093.611328125
2024-04-09,1075.61767578125
2024-04-10,1059.6234130859375
2024-04-11,1019.7713623046875
2024-04-12,1021.7708740234375
2024-04-15,1025.77001953125
2024-04-16,1031.7686767578125
2024-04-17,1051.76416015625
2024-04-18,1049.7646484375
2024-04-19,1025.77001953125
2024-04-22,1031.7686767578125
2024-04-23,1041.7664794921875
2024-04-24,1047.76513671875
2024-04-25,1051.76416015625
2024-04-26,1063.761474609375
2024-04-29,1081.7574462890625
2024-04-30,1081.7574462890625
2024-05-01,1083.7569580078125
2024-05-02,1099.75341796875
2024-05-03,1107.7515869140625
2024-05-07,1141.7440185546875
2024-05-08,1153.7413330078125
2024-05-09,1163.739013671875
2024-05-10,1177.7359619140625
2024-05-13,1167.7381591796875
2024-05-14,1155.7408447265625
2024-05-15,1169.7376708984375
2024-05-16,1159.739990234375
2024-05-17,1109.7510986328125
2024-05-20,1109.7510986328125
2024-05-21,1115.7498779296875
2024-05-22,1113.7503662109375
2024-05-23,1127.7471923828125
2024-05-24,1153.7413330078125
2024-05-28,1145.7431640625
2024-05-29,1123.748046875
2024-05-30,1143.7435302734375
2024-05-31,1139.7445068359375
2024-06-03,1159.739990234375
2024-06-04,1149.7421875
2024-06-05,1133.745849609375
2024-06-06,1145.7431640625
2024-06-07,1111.7506103515625
2024-06-10,1115.7498779296875
2024-06-11,1111.7506103515625
2024-06-12,1133.745849609375
2024-06-13,1117.7493896484375
2024-06-14,1109.7510986328125
2024-06-17,1119.7490234375
2024-06-18,1137.744873046875
2024-06-19,1113.7503662109375
2024-06-20,1117.7493896484375
2024-06-21,1109.7510986328125
2024-06-24,1131.746337890625
2024-06-25,1099.75341796875
2024-06-26,1089.755615234375
2024-06-27,1097.7537841796875
2024-06-28,1113.7503662109375
2024-07-01,1103.75244140625
2024-07-02,1093.7547607421875
2024-07-03,1117.7493896484375
2024-07-04,1119.7490234375
2024-07-05,1203.7301025390625
2024-07-08,1199.73095703125
2024-07-09,1177.7359619140625
2024-07-10,1193.7322998046875
2024-07-11,1227.7247314453125
2024-07-12,1207.7291259765625
2024-07-15,1217.72705078125
2024-07-16,1233.723388671875
2024-07-17,1223.7257080078125
2024-07-18,1249.7198486328125
2024-07-19,1245.720703125
2024-07-22,1237.7225341796875
2024-07-23,1225.7252197265625
2024-07-24,1215.7274169921875
2024-07-25,1217.72705078125
2024-07-26,1241.7215576171875
2024-07-29,1253.7188720703125
2024-07-30,1271.71484375
2024-07-31,1275.7139892578125
2024-08-01,1265.7161865234375
2024-08-02,1261.717041015625
2024-08-05,1227.7247314453125
2024-08-06,1223.7257080078125
2024-08-07,1241.7215576171875
2024-08-08,1179.7354736328125
2024-08-09,1191.7327880859375
2024-08-12,1175.736328125
2024-08-13,1179.7354736328125
2024-08-14,1183.734619140625
2024-08-15,1189.733154296875
2024-08-16,1181.7349853515625
2024-08-19,1191.7327880859375
2024-08-20,1173.73681640625
2024-08-21,1189.733154296875
2024-08-22,1187.733642578125
2024-08-23,1193.7322998046875
2024-08-27,1185.734130859375
2024-08-28,1187.733642578125
2024-08-29,1163.80859375
2024-08-30,1173.8070068359375
2024-09-02,1181.8056640625
2024-09-03,1163.80859375
2024-09-04,1157.8096923828125
2024-09-05,1169.8076171875
2024-09-06,1155.8099365234375
2024-09-09,1143.8118896484375
2024-09-10,1161.8089599609375
2024-09-11,1155.8099365234375
2024-09-12,1157.8096923828125
2024-09-13,1169.8076171875
2024-09-16,1159.809326171875
2024-09-17,1161.8089599609375
2024-09-18,1157.8096923828125
2024-09-19,1201.8023681640625
2024-09-20,1161.8089599609375
2024-09-23,1161.8089599609375
2024-09-24,1151.8106689453125
2024-09-25,1153.810302734375
2024-09-26,1173.8070068359375
2024-09-27,1195.8033447265625
2024-09-30,1185.8050537109375
2024-10-01,1169.8076171875
2024-10-02,1151.8106689453125
2024-10-03,1143.8118896484375
2024-10-04,1153.810302734375
2024-10-07,1135.813232421875
2024-10-08,1131.81396484375
2024-10-09,1133.8135986328125
2024-10-10,1131.81396484375
2024-10-11,1129.814208984375
2024-10-14,1135.813232421875
2024-10-15,1139.8126220703125
2024-10-16,1175.806640625
2024-10-17,1199.802734375
2024-10-18,1179.8060302734375
2024-10-21,1121.8155517578125
2024-10-22,1119.81591796875
2024-10-23,1093.8201904296875
2024-10-24,1103.8184814453125
2024-10-25,1093.8201904296875
2024-10-28,1105.8182373046875
2024-10-29,1089.82080078125
2024-10-30,1109.8175048828125
2024-10-31,1073.823486328125
2024-11-01,1075.8231201171875
2024-11-04,1073.823486328125
2024-11-05,1061.825439453125
2024-11-06,1045.8280029296875
2024-11-07,1059.8258056640625
2024-11-08,1055.826416015625
2024-11-11,1067.824462890625
2024-11-12,1041.8287353515625
2024-11-13,1031.830322265625
2024-11-14,1057.8260498046875
2024-11-15,1049.827392578125
2024-11-18,1021.8319702148438
2024-11-19,1029.8306884765625
2024-11-20,1005.8345947265625
2024-11-21,1019.8323364257812
2024-11-22,1051.8270263671875
2024-11-25,1081.8221435546875
2024-11-26,1067.824462890625
2024-11-27,1079.822509765625
2024-11-28,1077.82275390625
2024-11-29,1073.823486328125
2024-12-02,1065.82470703125
2024-12-03,1073.823486328125
2024-12-04,1095.81982421875
2024-12-05,1099.8192138671875
2024-12-06,1111.817138671875
2024-12-09,1099.8192138671875
2024-12-10,1109.8175048828125
2024-12-11,1095.81982421875
2024-12-12,1089.82080078125
2024-12-13,1073.823486328125
2024-12-16,1073.823486328125
2024-12-17,1063.8250732421875
2024-12-18,1065.82470703125
2024-12-19,1057.8260498046875
2024-12-20,1047.8277587890625
2024-12-23,1047.8277587890625
2024-12-24,1041.8287353515625
2024-12-27,1043.828369140625
2024-12-30,1021.8319702148438
2024-12-31,1035.8297119140625
2025-01-02,1027.8310546875
2025-01-03,1015.8330078125
2025-01-06,1047.8277587890625
2025-01-07,1025.831298828125
2025-01-08,978.8390502929688
2025-01-09,979.8389282226562
2025-01-10,968.8406982421875
2025-01-13,953.8432006835938
2025-01-14,956.8426513671875
2025-01-15,1017.8326416015625
2025-01-16,1043.828369140625
2025-01-17,1047.8277587890625
2025-01-20,1029.8306884765625
2025-01-21,1031.830322265625
2025-01-22,1031.830322265625
2025-01-23,1037.829345703125
2025-01-24,1023.8316650390625
2025-01-27,1027.8310546875
2025-01-28,1041.8287353515625
2025-01-29,1041.8287353515625
2025-01-30,1055.826416015625
2025-01-31,1067.824462890625
2025-02-03,1047.8277587890625
2025-02-04,1035.8297119140625
2025-02-05,1073.823486328125
2025-02-06,1087.8211669921875
2025-02-07,1071.82373046875
2025-02-10,1085.821533203125
2025-02-11,1087.8211669921875
2025-02-12,1101.81884765625
2025-02-13,1105.8182373046875
2025-02-14,1109.8175048828125
2025-02-17,1085.821533203125
2025-02-18,1083.82177734375
2025-02-19,1061.825439453125
2025-02-20,1053.8267822265625
2025-02-21,1049.827392578125
2025-02-24,1041.8287353515625
2025-02-25,1037.829345703125
2025-02-26,1039.8289794921875
2025-02-27,1047.8277587890625
2025-02-28,1039.8289794921875
2025-03-03,1017.8326416015625
2025-03-04,991.8369140625
2025-03-05,973.8399047851562
2025-03-06,985.837890625
2025-03-07,999.8356323242188
2025-03-10,985.837890625
2025-03-11,978.8390502929688
2025-03-12,990.8370971679688
2025-03-13,905.85107421875
2025-03-14,936.845947265625
2025-03-17,923.8480834960938
2025-03-18,939.845458984375
2025-03-19,977.8392333984375
2025-03-20,984.8380737304688
2025-03-21,988.83740234375
2025-03-24,978.8390502929688
2025-03-25,991.8369140625
2025-03-26,996.8361206054688
2025-03-27,985.837890625
2025-03-28,986.8377685546875
2025-03-31,954.843017578125
2025-04-01,954.843017578125
2025-04-02,969.8405151367188
2025-04-03,960.842041015625
2025-04-04,907.8507080078125
2025-04-07,878.8555297851562
2025-04-08,906.8508911132812
2025-04-09,881.85498046875
2025-04-10,871.0
2025-04-11,888.0
2025-04-14,912.0
2025-04-15,919.0
2025-04-16,926.0
2025-04-17,926.0
2025-04-22,924.0
2025-04-23,939.0
2025-04-24,939.0
2025-04-25,930.0
2025-04-28,945.0
2025-04-29,932.0
2025-04-30,927.0
2025-05-01,930.0
2025-05-02,966.0
2025-05-06,963.0
2025-05-07,959.0
2025-05-08,971.0
2025-05-09,973.0
2025-05-12,986.0
2025-05-13,1004.0
2025-05-14,985.0
2025-05-15,978.0
2025-05-16,980.0
2025-05-19,966.0
2025-05-20,980.0
2025-05-21,970.0
2025-05-22,942.0
2025-05-23,952.0
2025-05-27,963.0
2025-05-28,967.0
2025-05-29,975.0
2025-05-30,974.0
2025-06-02,972.0
2025-06-03,972.0
2025-06-04,976.0
2025-06-05,968.0
2025-06-06,960.0
2025-06-09,964.0
2025-06-10,988.0
2025-06-11,987.0
2025-06-12,980.0
2025-06-13,955.0
2025-06-16,981.0
2025-06-17,989.0
2025-06-18,990.0
2025-06-19,995.0
2025-06-20,1002.0
2025-06-23,1000.0
2025-06-24,1002.0
2025-06-25,977.0
2025-06-26,994.0
2025-06-27,1018.0
2025-06-30,994.0
2025-07-01,1008.0
2025-07-02,981.0
2025-07-03,972.0
2025-07-04,963.0
2025-07-07,952.0
2025-07-08,952.0
2025-07-09,948.0
2025-07-10,966.0
2025-07-11,947.0
2025-07-14,950.0
2025-07-15,945.0
2025-07-16,938.0
2025-07-17,940.0
2025-07-18,957.0
2025-07-21,967.0
2025-07-22,967.0
2025-07-23,964.0
2025-07-24,982.0
2025-07-25,985.0
2025-07-28,988.0
2025-07-29,984.0
2025-07-30,975.0
2025-07-31,979.0
2025-08-01,961.0
2025-08-04,966.0
2025-08-05,984.0
2025-08-06,992.0
2025-08-07,992.0
2025-08-08,983.0
2025-08-11,969.0
2025-08-12,962.0
2025-08-13,975.0
2025-08-14,920.0
2025-08-15,918.0
2025-08-18,927.0
2025-08-19,932.0
2025-08-20,943.0
2025-08-21,930.0
2025-08-22,953.0
