Date,SWK
2015-08-03,81.10293579101562
2015-08-04,81.28276062011719
2015-08-05,82.30691528320312
2015-08-06,82.24437713623047
2015-08-07,81.84565734863281
2015-08-10,82.86198425292969
2015-08-11,82.10364532470703
2015-08-12,81.84565734863281
2015-08-13,81.6971206665039
2015-08-14,82.4085464477539
2015-08-17,82.66653442382812
2015-08-18,82.75255584716797
2015-08-19,82.68216705322266
2015-08-20,81.74401092529297
2015-08-21,79.078125
2015-08-24,75.5522232055664
2015-08-25,74.00431823730469
2015-08-26,76.49040222167969
2015-08-27,78.7497787475586
2015-08-28,78.5699462890625
2015-08-31,79.36737060546875
2015-09-01,76.89690399169922
2015-09-02,77.90323638916016
2015-09-03,78.06049346923828
2015-09-04,76.8812026977539
2015-09-08,78.83879089355469
2015-09-09,77.90323638916016
2015-09-10,77.62020874023438
2015-09-11,78.52433013916016
2015-09-14,77.84036254882812
2015-09-15,79.60140991210938
2015-09-16,79.95518493652344
2015-09-17,79.36557006835938
2015-09-18,78.8624038696289
2015-09-21,79.1768569946289
2015-09-22,77.92683410644531
2015-09-23,77.55731964111328
2015-09-24,77.25068664550781
2015-09-25,77.32145690917969
2015-09-28,75.99281311035156
2015-09-29,74.60911560058594
2015-09-30,76.244384765625
2015-10-01,75.96134948730469
2015-10-02,76.62174224853516
2015-10-05,78.45355224609375
2015-10-06,78.52433013916016
2015-10-07,78.96460723876953
2015-10-08,79.98661804199219
2015-10-09,79.83724212646484
2015-10-12,79.8058090209961
2015-10-13,78.87026977539062
2015-10-14,77.3843765258789
2015-10-15,77.62020874023438
2015-10-16,77.447265625
2015-10-19,77.23497772216797
2015-10-20,77.51799774169922
2015-10-21,77.16421508789062
2015-10-22,82.91912841796875
2015-10-23,83.3750991821289
2015-10-26,83.47734069824219
2015-10-27,83.29650115966797
2015-10-28,84.2320556640625
2015-10-29,83.69744110107422
2015-10-30,83.32005310058594
2015-11-02,84.36568450927734
2015-11-03,84.47575378417969
2015-11-04,84.34212493896484
2015-11-05,84.20845031738281
2015-11-06,84.51505279541016
2015-11-09,83.77606201171875
2015-11-10,84.02760314941406
2015-11-11,84.16914367675781
2015-11-12,82.59676361083984
2015-11-13,82.10934448242188
2015-11-16,83.0920639038086
2015-11-17,82.64395141601562
2015-11-18,84.1219711303711
2015-11-19,84.3892593383789
2015-11-20,84.68804931640625
2015-11-23,84.90031433105469
2015-11-24,84.49932861328125
2015-11-25,85.13616180419922
2015-11-27,85.74150848388672
2015-11-30,85.82011413574219
2015-12-01,86.59847259521484
2015-12-02,86.41674041748047
2015-12-03,85.56338500976562
2015-12-04,86.96194458007812
2015-12-07,87.048828125
2015-12-08,86.39302825927734
2015-12-09,85.40536499023438
2015-12-10,85.78466033935547
2015-12-11,84.54412078857422
2015-12-14,85.91104888916016
2015-12-15,84.94710540771484
2015-12-16,86.44043731689453
2015-12-17,84.97080993652344
2015-12-18,82.61620330810547
2015-12-21,82.63200378417969
2015-12-22,83.54854583740234
2015-12-23,84.59150695800781
2015-12-24,84.50462341308594
2015-12-28,84.53623962402344
2015-12-29,85.27104187011719
2015-12-30,84.72586822509766
2015-12-31,84.33078002929688
2016-01-04,82.86112976074219
2016-01-05,81.15445709228516
2016-01-06,80.032470703125
2016-01-07,77.75688171386719
2016-01-08,76.2003173828125
2016-01-11,76.0818099975586
2016-01-12,77.36183166503906
2016-01-13,76.03440856933594
2016-01-14,77.29072570800781
2016-01-15,75.61563873291016
2016-01-19,75.5919189453125
2016-01-20,74.01167297363281
2016-01-21,73.36376190185547
2016-01-22,74.26448822021484
2016-01-25,73.96426391601562
2016-01-26,76.0264892578125
2016-01-27,75.94747924804688
2016-01-28,72.5499267578125
2016-01-29,74.5410385131836
2016-02-01,74.45413970947266
2016-02-02,73.45066833496094
2016-02-03,75.46552276611328
2016-02-04,75.93958282470703
2016-02-05,73.67980194091797
2016-02-08,71.44371795654297
2016-02-09,71.60966491699219
2016-02-10,72.11534118652344
2016-02-11,71.22248077392578
2016-02-12,72.50251770019531
2016-02-16,73.45855712890625
2016-02-17,73.52967834472656
2016-02-18,73.17411804199219
2016-02-19,72.69216918945312
2016-02-22,74.35933685302734
2016-02-23,73.95635986328125
2016-02-24,74.05115509033203
2016-02-25,75.11785125732422
2016-02-26,75.52872467041016
2016-02-29,74.71018981933594
2016-03-01,76.91149139404297
2016-03-02,76.94329071044922
2016-03-03,77.49164581298828
2016-03-04,78.34989929199219
2016-03-07,78.7790756225586
2016-03-08,78.40557861328125
2016-03-09,78.66780090332031
2016-03-10,78.1591796875
2016-03-11,79.47045135498047
2016-03-14,79.2558822631836
2016-03-15,79.32740020751953
2016-03-16,79.31151580810547
2016-03-17,80.82939910888672
2016-03-18,80.86914825439453
2016-03-21,82.23603057861328
2016-03-22,81.99761962890625
2016-03-23,81.8147964477539
2016-03-24,82.25988006591797
2016-03-28,82.43470001220703
2016-03-29,84.00823974609375
2016-03-30,83.57906341552734
2016-03-31,83.61085510253906
2016-04-01,84.7472915649414
2016-04-04,83.79364776611328
2016-04-05,83.10224914550781
2016-04-06,84.03205108642578
2016-04-07,83.26118469238281
2016-04-08,84.11151885986328
2016-04-11,84.31814575195312
2016-04-12,85.42279052734375
2016-04-13,86.81354522705078
2016-04-14,86.59099578857422
2016-04-15,86.45589447021484
2016-04-18,86.71018981933594
2016-04-19,86.67045593261719
2016-04-20,86.0029067993164
2016-04-21,89.22148132324219
2016-04-22,88.7446517944336
2016-04-25,88.62544250488281
2016-04-26,89.62678527832031
2016-04-27,89.9526138305664
2016-04-28,89.33275604248047
2016-04-29,88.94332122802734
2016-05-02,89.07044982910156
2016-05-03,87.87841033935547
2016-05-04,87.69564819335938
2016-05-05,87.70360565185547
2016-05-06,88.45060729980469
2016-05-09,88.10094451904297
2016-05-10,89.79367065429688
2016-05-11,89.77777862548828
2016-05-12,90.31819915771484
2016-05-13,89.96849060058594
2016-05-16,90.6042709350586
2016-05-17,90.1989517211914
2016-05-18,90.00031280517578
2016-05-19,89.26915740966797
2016-05-20,89.77777862548828
2016-05-23,89.74598693847656
2016-05-24,90.96983337402344
2016-05-25,90.7632064819336
2016-05-26,90.2943344116211
2016-05-27,90.3821792602539
2016-05-31,90.3821792602539
2016-06-01,90.669677734375
2016-06-02,91.02104949951172
2016-06-03,90.50995635986328
2016-06-06,90.8213882446289
2016-06-07,91.2126693725586
2016-06-08,91.05294799804688
2016-06-09,91.33248901367188
2016-06-10,90.19051361083984
2016-06-13,89.70338439941406
2016-06-14,88.73711395263672
2016-06-15,89.31208801269531
2016-06-16,89.45581817626953
2016-06-17,89.9109878540039
2016-06-20,91.30853271484375
2016-06-21,91.09288024902344
2016-06-22,90.75752258300781
2016-06-23,91.87549591064453
2016-06-24,85.63068389892578
2016-06-27,83.24295806884766
2016-06-28,84.82411193847656
2016-06-29,86.30945587158203
2016-06-30,88.81696319580078
2016-07-01,89.69538116455078
2016-07-05,88.96072387695312
2016-07-06,89.51972198486328
2016-07-07,90.21448516845703
2016-07-08,91.81161499023438
2016-07-11,92.52233123779297
2016-07-12,93.3049545288086
2016-07-13,93.62437438964844
2016-07-14,93.80006408691406
2016-07-15,93.7042007446289
2016-07-18,93.69623565673828
2016-07-19,93.10530090332031
2016-07-20,93.42472839355469
2016-07-21,91.81161499023438
2016-07-22,96.2197265625
2016-07-25,97.0182876586914
2016-07-26,97.76093292236328
2016-07-27,97.71304321289062
2016-07-28,97.56131744384766
2016-07-29,97.18598937988281
2016-08-01,97.48944854736328
2016-08-02,97.14605712890625
2016-08-03,97.25785827636719
2016-08-04,97.8248291015625
2016-08-05,98.58350372314453
2016-08-08,98.61542510986328
2016-08-09,98.61542510986328
2016-08-10,98.27204895019531
2016-08-11,98.59944915771484
2016-08-12,98.3918228149414
2016-08-15,98.6234359741211
2016-08-16,97.36167907714844
2016-08-17,97.69707489013672
2016-08-18,97.59325408935547
2016-08-19,97.5213851928711
2016-08-22,97.17002868652344
2016-08-23,97.73699951171875
2016-08-24,97.10612487792969
2016-08-25,97.25785827636719
2016-08-26,98.02449798583984
2016-08-29,98.71126556396484
2016-08-30,99.3900375366211
2016-08-31,99.28572845458984
2016-09-01,99.1413345336914
2016-09-02,99.33390045166016
2016-09-06,98.57969665527344
2016-09-07,98.41925811767578
2016-09-08,98.17052459716797
2016-09-09,96.04438018798828
2016-09-12,97.18370819091797
2016-09-13,96.00430297851562
2016-09-14,96.2770767211914
2016-09-15,97.38426208496094
2016-09-16,96.37335968017578
2016-09-19,97.28799438476562
2016-09-20,97.849609375
2016-09-21,98.2908706665039
2016-09-22,98.84446716308594
2016-09-23,97.01520538330078
2016-09-26,96.99916076660156
2016-09-27,98.08226776123047
2016-09-28,99.09320068359375
2016-09-29,97.66506958007812
2016-09-30,98.66796112060547
2016-10-03,98.49144744873047
2016-10-04,98.82040405273438
2016-10-05,99.87944793701172
2016-10-06,99.61470031738281
2016-10-07,98.09832000732422
2016-10-10,97.62496185302734
2016-10-11,94.39967346191406
2016-10-12,97.1195068359375
2016-10-13,96.94298553466797
2016-10-14,97.263916015625
2016-10-17,96.46159362792969
2016-10-18,96.2770767211914
2016-10-19,95.96419525146484
2016-10-20,96.46159362792969
2016-10-21,96.04438018798828
2016-10-24,95.89197540283203
2016-10-25,93.88617706298828
2016-10-26,93.68560028076172
2016-10-27,92.28960418701172
2016-10-28,91.77613830566406
2016-10-31,91.33485412597656
2016-11-01,91.1423110961914
2016-11-02,91.05406951904297
2016-11-03,91.51937103271484
2016-11-04,91.9285888671875
2016-11-07,94.08676147460938
2016-11-08,94.62432098388672
2016-11-09,96.19683074951172
2016-11-10,100.34479522705078
2016-11-11,100.91442108154297
2016-11-14,97.79344177246094
2016-11-15,98.435302734375
2016-11-16,98.70806121826172
2016-11-17,97.89775848388672
2016-11-18,97.52867889404297
2016-11-21,97.18370819091797
2016-11-22,97.06334686279297
2016-11-23,96.59799194335938
2016-11-25,97.56078338623047
2016-11-28,95.98825073242188
2016-11-29,96.2209243774414
2016-11-30,95.64046478271484
2016-12-01,95.79362487792969
2016-12-02,95.3179702758789
2016-12-05,96.0596694946289
2016-12-06,95.64849853515625
2016-12-07,97.21255493164062
2016-12-08,97.51082611083984
2016-12-09,97.14805603027344
2016-12-12,96.84976959228516
2016-12-13,96.01936340332031
2016-12-14,95.29377746582031
2016-12-15,95.26152038574219
2016-12-16,94.1408920288086
2016-12-19,94.68107604980469
2016-12-20,94.4956283569336
2016-12-21,94.14896392822266
2016-12-22,93.366943359375
2016-12-23,94.076416015625
2016-12-27,93.91517639160156
2016-12-28,92.78648376464844
2016-12-29,92.90740203857422
2016-12-30,92.4639892578125
2017-01-03,93.31856536865234
2017-01-04,93.90711212158203
2017-01-05,95.41471862792969
2017-01-06,95.30184173583984
2017-01-09,94.8584213256836
2017-01-10,94.93099975585938
2017-01-11,95.12448120117188
2017-01-12,95.7452621459961
2017-01-13,96.20478057861328
2017-01-17,95.3743896484375
2017-01-18,96.90620422363281
2017-01-19,96.47084045410156
2017-01-20,96.73688507080078
2017-01-23,97.12385559082031
2017-01-24,98.89754486083984
2017-01-25,100.20359802246094
2017-01-26,100.0503921508789
2017-01-27,100.80018615722656
2017-01-30,100.82435607910156
2017-01-31,99.96977996826172
2017-02-01,98.88947296142578
2017-02-02,98.64759826660156
2017-02-03,99.58280944824219
2017-02-06,98.84109497070312
2017-02-07,98.44602966308594
2017-02-08,98.47024536132812
2017-02-09,99.22808837890625
2017-02-10,99.7520980834961
2017-02-13,101.91275787353516
2017-02-14,101.41291046142578
2017-02-15,102.15460205078125
2017-02-16,101.9046859741211
2017-02-17,102.10624694824219
2017-02-21,102.58993530273438
2017-02-22,102.62220001220703
2017-02-23,102.48515319824219
2017-02-24,103.00918579101562
2017-02-27,103.3574447631836
2017-02-28,102.97681427001953
2017-03-01,104.7180404663086
2017-03-02,103.74618530273438
2017-03-03,103.69759368896484
2017-03-06,104.11873626708984
2017-03-07,103.59231567382812
2017-03-08,103.88386535644531
2017-03-09,103.36554718017578
2017-03-10,104.62897491455078
2017-03-13,105.85189056396484
2017-03-14,105.0339126586914
2017-03-15,106.15155792236328
2017-03-16,106.20821380615234
2017-03-17,106.36209869384766
2017-03-20,106.26492309570312
2017-03-21,104.93672180175781
2017-03-22,105.77090454101562
2017-03-23,106.22441864013672
2017-03-24,105.93287658691406
2017-03-27,105.94097137451172
2017-03-28,106.98573303222656
2017-03-29,106.91281127929688
2017-03-30,107.42304229736328
2017-03-31,107.60934448242188
2017-04-03,107.22867584228516
2017-04-04,106.85616302490234
2017-04-05,106.17584991455078
2017-04-06,107.23680114746094
2017-04-07,107.12339782714844
2017-04-10,107.32588195800781
2017-04-11,107.37448120117188
2017-04-12,107.11529541015625
2017-04-13,105.74659729003906
2017-04-17,106.2325439453125
2017-04-18,106.26492309570312
2017-04-19,106.13536071777344
2017-04-20,107.47975158691406
2017-04-21,111.4076919555664
2017-04-24,111.28621673583984
2017-04-25,110.84888458251953
2017-04-26,110.39533996582031
2017-04-27,111.23763275146484
2017-04-28,110.2657699584961
2017-05-01,110.23335266113281
2017-05-02,110.94605255126953
2017-05-03,110.37104034423828
2017-05-04,111.90980529785156
2017-05-05,112.25811004638672
2017-05-08,112.29859161376953
2017-05-09,112.45245361328125
2017-05-10,112.63870239257812
2017-05-11,111.84501647949219
2017-05-12,110.94605255126953
2017-05-15,111.30237579345703
2017-05-16,110.90556335449219
2017-05-17,108.880859375
2017-05-18,109.31010437011719
2017-05-19,110.58970642089844
2017-05-22,110.41156005859375
2017-05-23,109.64213562011719
2017-05-24,110.29005432128906
2017-05-25,110.42776489257812
2017-05-26,110.78406524658203
2017-05-30,110.86505889892578
2017-05-31,111.47249603271484
2017-06-01,112.42813110351562
2017-06-02,112.77638244628906
2017-06-05,112.56497955322266
2017-06-06,111.2962417602539
2017-06-07,111.95500946044922
2017-06-08,112.15833282470703
2017-06-09,113.84992218017578
2017-06-12,112.77638244628906
2017-06-13,115.14299011230469
2017-06-14,115.14299011230469
2017-06-15,114.6387710571289
2017-06-16,114.84213256835938
2017-06-19,115.57405853271484
2017-06-20,116.20838928222656
2017-06-21,116.216552734375
2017-06-22,115.59846496582031
2017-06-23,116.3385238647461
2017-06-26,115.8749771118164
2017-06-27,114.25653839111328
2017-06-28,115.0210189819336
2017-06-29,113.5571517944336
2017-06-30,114.45173645019531
2017-07-03,115.30567932128906
2017-07-05,116.31413269042969
2017-07-06,115.7204360961914
2017-07-07,117.85124206542969
2017-07-10,118.64010620117188
2017-07-11,118.11148071289062
2017-07-12,118.8840560913086
2017-07-13,119.0385971069336
2017-07-14,118.93285369873047
2017-07-17,119.26627349853516
2017-07-18,118.94098663330078
2017-07-19,120.20155334472656
2017-07-20,119.27444458007812
2017-07-21,119.38014221191406
2017-07-24,116.8671875
2017-07-25,115.68791198730469
2017-07-26,114.08578491210938
2017-07-27,114.7851791381836
2017-07-28,113.76046752929688
2017-07-31,114.41918182373047
2017-08-01,113.42699432373047
2017-08-02,115.175537109375
2017-08-03,115.70418548583984
2017-08-04,115.76921844482422
2017-08-07,115.59033966064453
2017-08-08,114.6387710571289
2017-08-09,114.13455963134766
2017-08-10,112.4754638671875
2017-08-11,113.16679382324219
2017-08-14,114.46800994873047
2017-08-15,113.38636016845703
2017-08-16,114.39481353759766
2017-08-17,112.3290786743164
2017-08-18,111.82485961914062
2017-08-21,111.47517395019531
2017-08-22,112.8089370727539
2017-08-23,111.53208923339844
2017-08-24,111.54837799072266
2017-08-25,112.90654754638672
2017-08-28,112.77638244628906
2017-08-29,113.05292510986328
2017-08-30,114.19668579101562
2017-08-31,117.64427947998047
2017-09-01,116.53323364257812
2017-09-05,115.76525115966797
2017-09-06,116.44330596923828
2017-09-07,118.1998291015625
2017-09-08,120.13605499267578
2017-09-11,120.47105407714844
2017-09-12,120.50371551513672
2017-09-13,120.1197280883789
2017-09-14,120.68345642089844
2017-09-15,120.94490051269531
2017-09-18,122.39091491699219
2017-09-19,123.56736755371094
2017-09-20,124.42516326904297
2017-09-21,124.1556167602539
2017-09-22,123.5428237915039
2017-09-25,122.87291717529297
2017-09-26,121.74554443359375
2017-09-27,121.44322967529297
2017-09-28,122.15402221679688
2017-09-29,123.33863830566406
2017-10-02,126.24703979492188
2017-10-03,126.98229217529297
2017-10-04,128.02806091308594
2017-10-05,127.55420684814453
2017-10-06,127.03134155273438
2017-10-09,127.99536895751953
2017-10-10,127.30095672607422
2017-10-11,127.84829711914062
2017-10-12,129.31069946289062
2017-10-13,129.6619873046875
2017-10-16,129.6129608154297
2017-10-17,127.9708480834961
2017-10-18,128.14244079589844
2017-10-19,128.3957061767578
2017-10-20,130.81393432617188
2017-10-23,129.2371826171875
2017-10-24,135.4053497314453
2017-10-25,133.5998077392578
2017-10-26,134.5556640625
2017-10-27,134.5638885498047
2017-10-30,132.0475616455078
2017-10-31,131.98219299316406
2017-11-01,131.5655517578125
2017-11-02,132.19459533691406
2017-11-03,133.27304077148438
2017-11-06,133.62429809570312
2017-11-07,134.9641876220703
2017-11-08,135.38900756835938
2017-11-09,133.04425048828125
2017-11-10,133.14230346679688
2017-11-13,133.9592742919922
2017-11-14,134.07363891601562
2017-11-15,133.52627563476562
2017-11-16,133.1586456298828
2017-11-17,133.3873748779297
2017-11-20,134.40040588378906
2017-11-21,135.60952758789062
2017-11-22,135.60952758789062
2017-11-24,135.60952758789062
2017-11-27,135.52784729003906
2017-11-28,138.1503448486328
2017-11-29,136.93307495117188
2017-11-30,139.10623168945312
2017-12-01,138.36813354492188
2017-12-04,139.25381469726562
2017-12-05,138.04830932617188
2017-12-06,138.15499877929688
2017-12-07,138.06475830078125
2017-12-08,137.49072265625
2017-12-11,136.86744689941406
2017-12-12,136.0884246826172
2017-12-13,136.17044067382812
2017-12-14,135.26016235351562
2017-12-15,135.89158630371094
2017-12-18,137.44973754882812
2017-12-19,138.3025360107422
2017-12-20,138.59774780273438
2017-12-21,138.63877868652344
2017-12-22,137.32669067382812
2017-12-26,137.61370849609375
2017-12-27,138.32717895507812
2017-12-28,139.43426513671875
2017-12-29,139.15542602539062
2018-01-02,138.18771362304688
2018-01-03,138.69622802734375
2018-01-04,139.23739624023438
2018-01-05,139.8852996826172
2018-01-08,141.5910186767578
2018-01-09,142.3700714111328
2018-01-10,140.26246643066406
2018-01-11,141.48435974121094
2018-01-12,142.21424865722656
2018-01-16,140.23788452148438
2018-01-17,142.49305725097656
2018-01-18,143.3048858642578
2018-01-19,144.2561798095703
2018-01-22,143.69851684570312
2018-01-23,142.5996856689453
2018-01-24,139.8934326171875
2018-01-25,138.72079467773438
2018-01-26,139.1799774169922
2018-01-29,138.1795654296875
2018-01-30,136.42462158203125
2018-01-31,136.3180389404297
2018-02-01,136.76087951660156
2018-02-02,134.35809326171875
2018-02-05,129.69200134277344
2018-02-06,132.53758239746094
2018-02-07,130.99586486816406
2018-02-08,125.3538589477539
2018-02-09,126.47737121582031
2018-02-12,129.60174560546875
2018-02-13,128.80633544921875
2018-02-14,130.61044311523438
2018-02-15,131.315673828125
2018-02-16,131.02044677734375
2018-02-20,130.561279296875
2018-02-21,131.48789978027344
2018-02-22,131.00404357910156
2018-02-23,131.97991943359375
2018-02-26,133.66925048828125
2018-02-27,132.56216430664062
2018-02-28,130.54483032226562
2018-03-01,125.4277114868164
2018-03-02,125.10787200927734
2018-03-05,124.82906341552734
2018-03-06,125.87049102783203
2018-03-07,128.44549560546875
2018-03-08,129.20301818847656
2018-03-09,131.72247314453125
2018-03-12,129.9440155029297
2018-03-13,128.96426391601562
2018-03-14,129.11239624023438
2018-03-15,129.93576049804688
2018-03-16,130.94850158691406
2018-03-19,129.55703735351562
2018-03-20,130.5286102294922
2018-03-21,131.9365692138672
2018-03-22,127.17752075195312
2018-03-23,124.58387756347656
2018-03-26,128.84072875976562
2018-03-27,125.48137664794922
2018-03-28,124.19690704345703
2018-03-29,126.14002990722656
2018-04-02,123.72757720947266
2018-04-03,124.97911834716797
2018-04-04,126.69169616699219
2018-04-05,127.0374984741211
2018-04-06,123.23357391357422
2018-04-09,123.1182861328125
2018-04-10,124.99557495117188
2018-04-11,124.08161926269531
2018-04-12,124.55095672607422
2018-04-13,125.03671264648438
2018-04-16,126.09064483642578
2018-04-17,127.49037170410156
2018-04-18,129.58175659179688
2018-04-19,127.26808166503906
2018-04-20,118.73798370361328
2018-04-23,117.29708099365234
2018-04-24,116.59720611572266
2018-04-25,117.91460418701172
2018-04-26,118.5979995727539
2018-04-27,119.01791381835938
2018-04-30,116.58074951171875
2018-05-01,115.79855346679688
2018-05-02,115.02460479736328
2018-05-03,114.73640441894531
2018-05-04,115.55977630615234
2018-05-07,114.55526733398438
2018-05-08,115.97146606445312
2018-05-09,116.8524398803711
2018-05-10,117.8569564819336
2018-05-11,118.31804656982422
2018-05-14,118.12043762207031
2018-05-15,117.06654357910156
2018-05-16,116.43256378173828
2018-05-17,117.8734359741211
2018-05-18,119.24024200439453
2018-05-21,121.91619110107422
2018-05-22,121.47977447509766
2018-05-23,120.79639434814453
2018-05-24,120.51646423339844
2018-05-25,120.73876953125
2018-05-29,117.21473693847656
2018-05-30,118.58155059814453
2018-05-31,114.64582824707031
2018-06-01,116.572509765625
2018-06-04,116.9924545288086
2018-06-05,117.25706481933594
2018-06-06,118.01797485351562
2018-06-07,119.7547607421875
2018-06-08,120.22614288330078
2018-06-11,119.4404525756836
2018-06-12,119.49835205078125
2018-06-13,118.17509460449219
2018-06-14,117.67886352539062
2018-06-15,117.39767456054688
2018-06-18,116.80223083496094
2018-06-19,113.93241119384766
2018-06-20,113.12189483642578
2018-06-21,110.49192810058594
2018-06-22,111.64978790283203
2018-06-25,110.76486206054688
2018-06-26,111.57533264160156
2018-06-27,111.1452865600586
2018-06-28,111.06257629394531
2018-06-29,109.83856201171875
2018-07-02,109.54911804199219
2018-07-03,109.03636169433594
2018-07-05,110.74829864501953
2018-07-06,110.11149597167969
2018-07-09,112.26180267333984
2018-07-10,113.32866668701172
2018-07-11,110.4588623046875
2018-07-12,111.33550262451172
2018-07-13,112.12120819091797
2018-07-16,111.24453735351562
2018-07-17,112.23696899414062
2018-07-18,114.35418701171875
2018-07-19,115.49547576904297
2018-07-20,119.2833251953125
2018-07-23,114.70154571533203
2018-07-24,115.90074157714844
2018-07-25,116.11575317382812
2018-07-26,119.54796600341797
2018-07-27,120.66446685791016
2018-07-30,119.9532241821289
2018-07-31,123.61697387695312
2018-08-01,119.68031311035156
2018-08-02,118.95249938964844
2018-08-03,119.514892578125
2018-08-06,119.92015838623047
2018-08-07,119.99458312988281
2018-08-08,118.46454620361328
2018-08-09,117.31494903564453
2018-08-10,115.15641021728516
2018-08-13,113.39482879638672
2018-08-14,114.12261962890625
2018-08-15,114.42036437988281
2018-08-16,115.94207763671875
2018-08-17,116.93455505371094
2018-08-20,117.72022247314453
2018-08-21,119.92015838623047
2018-08-22,117.47212219238281
2018-08-23,115.45414733886719
2018-08-24,116.58717346191406
2018-08-27,119.37427520751953
2018-08-28,120.00283813476562
2018-08-29,119.42394256591797
2018-08-30,116.64505767822266
2018-08-31,116.2232894897461
2018-09-04,115.801513671875
2018-09-05,117.7284927368164
2018-09-06,117.08869934082031
2018-09-07,115.65961456298828
2018-09-10,118.26856231689453
2018-09-11,117.8531265258789
2018-09-12,121.19328308105469
2018-09-13,122.43962097167969
2018-09-14,123.25387573242188
2018-09-17,123.96013641357422
2018-09-18,125.2646255493164
2018-09-19,126.12879180908203
2018-09-20,127.81548309326172
2018-09-21,128.25584411621094
2018-09-24,125.87118530273438
2018-09-25,123.94349670410156
2018-09-26,123.74412536621094
2018-09-27,122.5227279663086
2018-09-28,121.67521667480469
2018-10-01,122.36487579345703
2018-10-02,122.5642318725586
2018-10-03,121.93278503417969
2018-10-04,120.71971130371094
2018-10-05,118.58430480957031
2018-10-08,117.32135009765625
2018-10-09,111.90396118164062
2018-10-10,108.2065200805664
2018-10-11,108.77983093261719
2018-10-12,107.82432556152344
2018-10-15,106.23729705810547
2018-10-16,106.4367446899414
2018-10-17,102.67282104492188
2018-10-18,100.0804443359375
2018-10-19,98.12784576416016
2018-10-22,97.89518737792969
2018-10-23,97.28034973144531
2018-10-24,93.95677947998047
2018-10-25,95.43576049804688
2018-10-26,91.57212829589844
2018-10-29,90.10977935791016
2018-10-30,94.04820251464844
2018-10-31,96.8150405883789
2018-11-01,102.59803771972656
2018-11-02,103.22948455810547
2018-11-05,102.8472900390625
2018-11-06,104.42598724365234
2018-11-07,106.92695617675781
2018-11-08,106.7109146118164
2018-11-09,104.47583770751953
2018-11-12,101.34337615966797
2018-11-13,103.80279541015625
2018-11-14,103.85265350341797
2018-11-15,107.05156707763672
2018-11-16,108.17329406738281
2018-11-19,105.41474151611328
2018-11-20,103.22120666503906
2018-11-21,104.39274597167969
2018-11-23,104.64201354980469
2018-11-26,106.70260620117188
2018-11-27,104.5838394165039
2018-11-28,106.28715515136719
2018-11-29,106.45420837402344
2018-11-30,109.28553009033203
2018-12-03,113.60353088378906
2018-12-04,105.52714538574219
2018-12-06,105.66910552978516
2018-12-07,102.38679504394531
2018-12-10,101.77709197998047
2018-12-11,100.06494140625
2018-12-12,100.08164978027344
2018-12-13,98.46971893310547
2018-12-14,98.85391998291016
2018-12-17,100.20693969726562
2018-12-18,100.4825439453125
2018-12-19,98.08553314208984
2018-12-20,96.54878234863281
2018-12-21,94.95354461669922
2018-12-24,92.91566467285156
2018-12-26,97.70135498046875
2018-12-27,100.35728454589844
2018-12-28,99.24645233154297
2018-12-31,100.0064926147461
2019-01-02,100.83333587646484
2019-01-03,97.89344787597656
2019-01-04,102.85452270507812
2019-01-07,105.02601623535156
2019-01-08,106.96367645263672
2019-01-09,109.45257568359375
2019-01-10,110.27104187011719
2019-01-11,110.83899688720703
2019-01-14,109.31893157958984
2019-01-15,107.73207092285156
2019-01-16,108.2666244506836
2019-01-17,110.78887176513672
2019-01-18,114.32178497314453
2019-01-22,96.62394714355469
2019-01-23,99.01260375976562
2019-01-24,98.7536849975586
2019-01-25,100.70806884765625
2019-01-28,101.23423767089844
2019-01-29,103.00483703613281
2019-01-30,103.96532440185547
2019-01-31,105.6023178100586
2019-02-01,106.72982788085938
2019-02-04,107.56501770019531
2019-02-05,108.79275512695312
2019-02-06,108.7677001953125
2019-02-07,106.94699096679688
2019-02-08,105.91969299316406
2019-02-11,107.1891860961914
2019-02-12,110.5049057006836
2019-02-13,112.15023803710938
2019-02-14,111.14801025390625
2019-02-15,113.9124984741211
2019-02-19,114.05451202392578
2019-02-20,114.27168273925781
2019-02-21,114.87297821044922
2019-02-22,116.02556610107422
2019-02-25,114.74771881103516
2019-02-26,113.50325012207031
2019-02-27,113.97099304199219
2019-02-28,110.60513305664062
2019-03-01,110.77218627929688
2019-03-04,113.27350616455078
2019-03-05,112.61040496826172
2019-03-06,112.15715026855469
2019-03-07,110.1594467163086
2019-03-08,108.49748992919922
2019-03-11,111.25901794433594
2019-03-12,111.30098724365234
2019-03-13,112.11518096923828
2019-03-14,110.78058624267578
2019-03-15,110.3860855102539
2019-03-18,112.63558197021484
2019-03-19,111.90533447265625
2019-03-20,110.67146301269531
2019-03-21,112.97972106933594
2019-03-22,109.87403106689453
2019-03-25,110.52037048339844
2019-03-26,110.83932495117188
2019-03-27,111.09953308105469
2019-03-28,112.95457458496094
2019-03-29,114.29756164550781
2019-04-01,117.10107421875
2019-04-02,116.92481231689453
2019-04-03,118.14189147949219
2019-04-04,119.98011779785156
2019-04-05,119.85423278808594
2019-04-08,120.86983489990234
2019-04-09,119.08197784423828
2019-04-10,119.57717895507812
2019-04-11,121.1888198852539
2019-04-12,122.69127655029297
2019-04-15,123.06058502197266
2019-04-16,122.39750671386719
2019-04-17,121.39026641845703
2019-04-18,122.33038330078125
2019-04-22,122.07015228271484
2019-04-23,123.76568603515625
2019-04-24,122.5234146118164
2019-04-25,120.44178771972656
2019-04-26,122.80040740966797
2019-04-29,123.65656280517578
2019-04-30,123.05225372314453
2019-05-01,124.54630279541016
2019-05-02,125.88090515136719
2019-05-03,128.49134826660156
2019-05-06,122.88433837890625
2019-05-07,120.55928039550781
2019-05-08,120.827880859375
2019-05-09,119.62757110595703
2019-05-10,119.3505859375
2019-05-13,113.94503021240234
2019-05-14,113.72679138183594
2019-05-15,113.38259887695312
2019-05-16,116.13578033447266
2019-05-17,113.1895751953125
2019-05-20,113.41622924804688
2019-05-21,114.91030883789062
2019-05-22,113.7939453125
2019-05-23,110.68824005126953
2019-05-24,111.46886444091797
2019-05-28,108.58979797363281
2019-05-29,109.30327606201172
2019-05-30,109.99996948242188
2019-05-31,106.78517150878906
2019-06-03,107.39265441894531
2019-06-04,111.79703521728516
2019-06-05,113.77987670898438
2019-06-06,114.92737579345703
2019-06-07,116.17607879638672
2019-06-10,117.68640899658203
2019-06-11,118.13361358642578
2019-06-12,118.95203399658203
2019-06-13,120.58050537109375
2019-06-14,119.39924621582031
2019-06-17,118.8001937866211
2019-06-18,121.97266387939453
2019-06-19,121.05297088623047
2019-06-20,123.49142456054688
2019-06-21,121.03609466552734
2019-06-24,120.76615142822266
2019-06-25,119.5595474243164
2019-06-26,120.69865417480469
2019-06-27,120.80831146240234
2019-06-28,122.01487731933594
2019-07-01,124.23394012451172
2019-07-02,123.70236206054688
2019-07-03,124.04826354980469
2019-07-05,123.6264419555664
2019-07-08,122.25959014892578
2019-07-09,121.70271301269531
2019-07-10,120.631103515625
2019-07-11,121.50017547607422
2019-07-12,124.1579818725586
2019-07-15,123.74454498291016
2019-07-16,124.09892272949219
2019-07-17,120.52141571044922
2019-07-18,120.22608947753906
2019-07-19,121.12047576904297
2019-07-22,119.39083099365234
2019-07-23,127.96336364746094
2019-07-24,128.6804962158203
2019-07-25,128.4188995361328
2019-07-26,128.58766174316406
2019-07-29,127.33891296386719
2019-07-30,127.75234985351562
2019-07-31,124.52921295166016
2019-08-01,119.99830627441406
2019-08-02,118.80860900878906
2019-08-05,114.59830474853516
2019-08-06,116.04110717773438
2019-08-07,115.686767578125
2019-08-08,117.6189193725586
2019-08-09,115.82172393798828
2019-08-12,113.1976547241211
2019-08-13,115.93141174316406
2019-08-14,110.70015716552734
2019-08-15,110.91111755371094
2019-08-16,112.9107894897461
2019-08-19,114.98641204833984
2019-08-20,114.77547454833984
2019-08-21,116.85111999511719
2019-08-22,117.01139831542969
2019-08-23,110.61577606201172
2019-08-26,110.90267944335938
2019-08-27,109.36703491210938
2019-08-28,109.94922637939453
2019-08-29,112.45516204833984
2019-08-30,112.68417358398438
2019-09-03,109.28311157226562
2019-09-04,110.34329986572266
2019-09-05,115.61874389648438
2019-09-06,116.89942932128906
2019-09-09,121.40306091308594
2019-09-10,125.05854797363281
2019-09-11,124.82109832763672
2019-09-12,124.77869415283203
2019-09-13,124.04076385498047
2019-09-16,121.81865692138672
2019-09-17,122.45476531982422
2019-09-18,121.76777648925781
2019-09-19,121.31825256347656
2019-09-20,119.68134307861328
2019-09-23,119.46080780029297
2019-09-24,117.28954315185547
2019-09-25,120.70758819580078
2019-09-26,120.90267944335938
2019-09-27,121.36066436767578
2019-09-30,122.48018646240234
2019-10-01,118.17162322998047
2019-10-02,115.60176849365234
2019-10-03,116.6874008178711
2019-10-04,119.5625991821289
2019-10-07,117.74761199951172
2019-10-08,114.5755386352539
2019-10-09,117.01817321777344
2019-10-10,119.1045913696289
2019-10-11,124.44788360595703
2019-10-14,124.95677947998047
2019-10-15,126.15265655517578
2019-10-16,125.00765228271484
2019-10-17,126.17813110351562
2019-10-18,127.1280517578125
2019-10-21,127.89981842041016
2019-10-22,128.3748016357422
2019-10-23,130.30007934570312
2019-10-24,124.19343566894531
2019-10-25,128.36634826660156
2019-10-28,128.99392700195312
2019-10-29,130.6986846923828
2019-10-30,130.1558837890625
2019-10-31,128.349365234375
2019-11-01,132.2168731689453
2019-11-04,134.24392700195312
2019-11-05,135.70272827148438
2019-11-06,135.0581817626953
2019-11-07,135.2362518310547
2019-11-08,133.87078857421875
2019-11-11,133.95555114746094
2019-11-12,133.6841583251953
2019-11-13,131.78431701660156
2019-11-14,132.4034881591797
2019-11-15,133.6926727294922
2019-11-18,132.4034881591797
2019-11-19,132.6748809814453
2019-11-20,130.33401489257812
2019-11-21,131.53836059570312
2019-11-22,133.3958282470703
2019-11-25,135.10052490234375
2019-11-26,134.71885681152344
2019-11-27,135.27255249023438
2019-11-29,134.36962890625
2019-12-02,130.57041931152344
2019-12-03,129.30972290039062
2019-12-04,130.57041931152344
2019-12-05,134.0714874267578
2019-12-06,135.33221435546875
2019-12-09,135.09368896484375
2019-12-10,133.9607696533203
2019-12-11,135.94554138183594
2019-12-12,142.90509033203125
2019-12-13,140.16213989257812
2019-12-16,139.74473571777344
2019-12-17,140.56251525878906
2019-12-18,140.64772033691406
2019-12-19,141.29510498046875
2019-12-20,141.0991973876953
2019-12-23,141.985107421875
2019-12-24,140.63067626953125
2019-12-26,141.11622619628906
2019-12-27,141.32064819335938
2019-12-30,141.124755859375
2019-12-31,141.1843719482422
2020-01-02,143.12660217285156
2020-01-03,142.35992431640625
2020-01-06,141.84884643554688
2020-01-07,140.71585083007812
2020-01-08,141.38880920410156
2020-01-09,140.7755126953125
2020-01-10,141.40585327148438
2020-01-13,140.80960083007812
2020-01-14,141.9680938720703
2020-01-15,142.3258514404297
2020-01-16,145.23916625976562
2020-01-17,146.96839904785156
2020-01-21,144.6343536376953
2020-01-22,143.00732421875
2020-01-23,143.5184326171875
2020-01-24,141.81472778320312
2020-01-27,138.28807067871094
2020-01-28,141.70401000976562
2020-01-29,138.63735961914062
2020-01-30,140.69032287597656
2020-01-31,135.7240753173828
2020-02-03,137.03591918945312
2020-02-04,141.23548889160156
2020-02-05,142.99880981445312
2020-02-06,141.50807189941406
2020-02-07,138.8928985595703
2020-02-10,140.1195831298828
2020-02-11,141.00550842285156
2020-02-12,143.42471313476562
2020-02-13,143.00732421875
2020-02-14,142.23216247558594
2020-02-18,140.494384765625
2020-02-19,137.81961059570312
2020-02-20,138.0410919189453
2020-02-21,134.67630004882812
2020-02-24,128.69638061523438
2020-02-25,122.40126037597656
2020-02-26,121.14053344726562
2020-02-27,115.96134185791016
2020-02-28,122.4097671508789
2020-03-02,121.90477752685547
2020-03-03,114.99725341796875
2020-03-04,117.87325286865234
2020-03-05,109.2452163696289
2020-03-06,109.74168395996094
2020-03-09,102.73141479492188
2020-03-10,111.7788314819336
2020-03-11,104.58026885986328
2020-03-12,89.6524658203125
2020-03-13,93.37586212158203
2020-03-16,74.15971374511719
2020-03-17,77.81465148925781
2020-03-18,67.04676818847656
2020-03-19,71.70313262939453
2020-03-20,68.00542449951172
2020-03-23,61.65425491333008
2020-03-24,77.26683044433594
2020-03-25,84.10588073730469
2020-03-26,91.79235076904297
2020-03-27,82.73638153076172
2020-03-30,85.92051696777344
2020-03-31,85.59524536132812
2020-04-01,78.8589096069336
2020-04-02,81.90612030029297
2020-04-03,81.54659271240234
2020-04-06,91.32157897949219
2020-04-07,91.92931365966797
2020-04-08,97.90383911132812
2020-04-09,102.17505645751953
2020-04-13,97.62139129638672
2020-04-14,98.8882064819336
2020-04-15,91.74957275390625
2020-04-16,91.33868408203125
2020-04-17,96.32888793945312
2020-04-20,94.56562042236328
2020-04-21,91.0219955444336
2020-04-22,91.90362548828125
2020-04-23,90.58546447753906
2020-04-24,92.22032928466797
2020-04-27,96.50008392333984
2020-04-28,100.84832000732422
2020-04-29,104.50323486328125
2020-04-30,94.3259506225586
2020-05-01,91.158935546875
2020-05-04,88.95915985107422
2020-05-05,91.68962860107422
2020-05-06,90.82514190673828
2020-05-07,94.1376724243164
2020-05-08,100.42890930175781
2020-05-11,97.2190933227539
2020-05-12,93.05917358398438
2020-05-13,87.64098358154297
2020-05-14,89.40425109863281
2020-05-15,92.30593872070312
2020-05-18,103.27922058105469
2020-05-19,104.3320541381836
2020-05-20,108.81726837158203
2020-05-21,105.72725677490234
2020-05-22,103.98966979980469
2020-05-26,109.64752197265625
2020-05-27,113.70472717285156
2020-05-28,108.26942443847656
2020-05-29,107.37922668457031
2020-06-01,107.66326904296875
2020-06-02,112.85321044921875
2020-06-03,118.73169708251953
2020-06-04,122.6478271484375
2020-06-05,126.2110824584961
2020-06-08,127.57955169677734
2020-06-09,121.55475616455078
2020-06-10,117.4664535522461
2020-06-11,110.55517578125
2020-06-12,112.827392578125
2020-06-15,116.51974487304688
2020-06-16,119.0501708984375
2020-06-17,116.45946502685547
2020-06-18,117.70746612548828
2020-06-19,115.26313781738281
2020-06-22,116.54554748535156
2020-06-23,116.77792358398438
2020-06-24,112.827392578125
2020-06-25,116.70047760009766
2020-06-26,117.28573608398438
2020-06-29,117.15666198730469
2020-06-30,119.96247863769531
2020-07-01,116.71768951416016
2020-07-02,118.89522552490234
2020-07-06,121.43425750732422
2020-07-07,119.54073333740234
2020-07-08,119.87640380859375
2020-07-09,117.9484634399414
2020-07-10,120.4272689819336
2020-07-13,122.25189971923828
2020-07-14,126.0302963256836
2020-07-15,130.40260314941406
2020-07-16,131.53009033203125
2020-07-17,131.994873046875
2020-07-20,131.0050811767578
2020-07-21,132.36492919921875
2020-07-22,131.09112548828125
2020-07-23,131.13421630859375
2020-07-24,131.60757446289062
2020-07-27,135.6527862548828
2020-07-28,131.43545532226562
2020-07-29,134.33592224121094
2020-07-30,132.941650390625
2020-07-31,131.96046447753906
2020-08-03,132.8899688720703
2020-08-04,133.1051788330078
2020-08-05,135.38597106933594
2020-08-06,133.44081115722656
2020-08-07,135.3515167236328
2020-08-10,137.6840362548828
2020-08-11,138.9234161376953
2020-08-12,138.00247192382812
2020-08-13,136.3326873779297
2020-08-14,136.65980529785156
2020-08-17,137.5118865966797
2020-08-18,137.64097595214844
2020-08-19,136.82333374023438
2020-08-20,136.1175537109375
2020-08-21,137.0040740966797
2020-08-24,138.02830505371094
2020-08-25,137.46023559570312
2020-08-26,137.4516143798828
2020-08-27,137.26226806640625
2020-08-28,142.46083068847656
2020-08-31,139.4183349609375
2020-09-01,142.9102783203125
2020-09-02,143.69680786132812
2020-09-03,138.75282287597656
2020-09-04,138.4071044921875
2020-09-08,134.49159240722656
2020-09-09,136.2202606201172
2020-09-10,135.9091033935547
2020-09-11,137.43898010253906
2020-09-14,140.3258819580078
2020-09-15,140.74942016601562
2020-09-16,142.9275360107422
2020-09-17,141.96817016601562
2020-09-18,138.57997131347656
2020-09-21,133.48031616210938
2020-09-22,136.0992889404297
2020-09-23,135.45965576171875
2020-09-24,135.89183044433594
2020-09-25,138.2341766357422
2020-09-28,141.81256103515625
2020-09-29,139.5739288330078
2020-09-30,140.19627380371094
2020-10-01,140.5679168701172
2020-10-02,142.4521942138672
2020-10-05,146.3417205810547
2020-10-06,144.2240753173828
2020-10-07,148.66677856445312
2020-10-08,150.0410919189453
2020-10-09,152.69464111328125
2020-10-12,153.82691955566406
2020-10-13,153.80099487304688
2020-10-14,153.43797302246094
2020-10-15,152.68600463867188
2020-10-16,152.45260620117188
2020-10-19,150.0410919189453
2020-10-20,151.8648681640625
2020-10-21,150.7325897216797
2020-10-22,153.86146545410156
2020-10-23,153.86146545410156
2020-10-26,149.41015625
2020-10-27,143.74868774414062
2020-10-28,140.49879455566406
2020-10-29,142.9102783203125
2020-10-30,143.6536102294922
2020-11-02,145.8231201171875
2020-11-03,150.07566833496094
2020-11-04,151.7783966064453
2020-11-05,153.7058868408203
2020-11-06,154.58750915527344
2020-11-09,153.34291076660156
2020-11-10,154.5356903076172
2020-11-11,156.3507843017578
2020-11-12,153.61085510253906
2020-11-13,156.79159545898438
2020-11-16,160.8021697998047
2020-11-17,159.4970245361328
2020-11-18,159.2722625732422
2020-11-19,161.20840454101562
2020-11-20,160.73300170898438
2020-11-23,165.03741455078125
2020-11-24,164.86456298828125
2020-11-25,161.1133270263672
2020-11-27,162.24562072753906
2020-11-30,159.90313720703125
2020-12-01,157.82965087890625
2020-12-02,154.9665985107422
2020-12-03,155.31365966796875
2020-12-04,156.90135192871094
2020-12-07,154.8191680908203
2020-12-08,153.75201416015625
2020-12-09,154.68031311035156
2020-12-10,154.1164093017578
2020-12-11,151.99951171875
2020-12-14,147.8351593017578
2020-12-15,152.97987365722656
2020-12-16,155.6780548095703
2020-12-17,157.97711181640625
2020-12-18,157.4826202392578
2020-12-21,157.26568603515625
2020-12-22,155.31365966796875
2020-12-23,154.34197998046875
2020-12-24,156.09445190429688
2020-12-28,153.81277465820312
2020-12-29,152.9278564453125
2020-12-30,154.6890106201172
2020-12-31,154.91456604003906
2021-01-04,146.9241943359375
2021-01-05,147.60089111328125
2021-01-06,152.9018096923828
2021-01-07,153.92555236816406
2021-01-08,153.32688903808594
2021-01-11,152.99722290039062
2021-01-12,153.10134887695312
2021-01-13,150.46388244628906
2021-01-14,150.2383270263672
2021-01-15,149.76986694335938
2021-01-19,153.17942810058594
2021-01-20,152.74562072753906
2021-01-21,153.56982421875
2021-01-22,152.00820922851562
2021-01-25,151.81735229492188
2021-01-26,153.23147583007812
2021-01-27,150.3944854736328
2021-01-28,156.1812286376953
2021-01-29,150.51597595214844
2021-02-01,151.2013702392578
2021-02-02,153.66525268554688
2021-02-03,151.26210021972656
2021-02-04,152.3812255859375
2021-02-05,153.24884033203125
2021-02-08,152.41595458984375
2021-02-09,152.32919311523438
2021-02-10,153.82144165039062
2021-02-11,151.60911560058594
2021-02-12,152.32052612304688
2021-02-16,148.92832946777344
2021-02-17,147.8958740234375
2021-02-18,149.2058868408203
2021-02-19,151.88677978515625
2021-02-22,150.53330993652344
2021-02-23,150.02142333984375
2021-02-24,151.8086700439453
2021-02-25,151.49630737304688
2021-02-26,151.68719482421875
2021-03-01,156.7972412109375
2021-03-02,160.90953063964844
2021-03-03,160.29356384277344
2021-03-04,157.31777954101562
2021-03-05,160.77072143554688
2021-03-08,162.50375366210938
2021-03-09,163.67942810058594
2021-03-10,166.4661865234375
2021-03-11,167.1890106201172
2021-03-12,165.86529541015625
2021-03-15,168.19920349121094
2021-03-16,165.57789611816406
2021-03-17,169.75808715820312
2021-03-18,171.7610626220703
2021-03-19,171.27337646484375
2021-03-22,170.50701904296875
2021-03-23,167.8769989013672
2021-03-24,169.27911376953125
2021-03-25,170.50701904296875
2021-03-26,175.97604370117188
2021-03-29,173.71182250976562
2021-03-30,174.53042602539062
2021-03-31,173.88597106933594
2021-04-01,174.74813842773438
2021-04-05,176.28089904785156
2021-04-06,177.63067626953125
2021-04-07,174.3823699951172
2021-04-08,173.72052001953125
2021-04-09,175.8367462158203
2021-04-12,177.77874755859375
2021-04-13,176.2982940673828
2021-04-14,175.41871643066406
2021-04-15,176.5247039794922
2021-04-16,178.85862731933594
2021-04-19,179.3027801513672
2021-04-20,176.7337188720703
2021-04-21,179.69464111328125
2021-04-22,180.37393188476562
2021-04-23,182.08953857421875
2021-04-26,179.8165740966797
2021-04-27,181.07931518554688
2021-04-28,179.87754821777344
2021-04-29,182.4378662109375
2021-04-30,180.06915283203125
2021-05-03,183.37843322753906
2021-05-04,183.50904846191406
2021-05-05,185.5904541015625
2021-05-06,189.32643127441406
2021-05-07,191.3207244873047
2021-05-10,192.19163513183594
2021-05-11,189.5789794921875
2021-05-12,182.7862548828125
2021-05-13,188.19432067871094
2021-05-14,188.11593627929688
2021-05-17,187.08834838867188
2021-05-18,184.5105743408203
2021-05-19,181.6540985107422
2021-05-20,182.19406127929688
2021-05-21,182.97781372070312
2021-05-24,184.26670837402344
2021-05-25,184.7892303466797
2021-05-26,185.18112182617188
2021-05-27,186.6964111328125
2021-05-28,188.80392456054688
2021-06-01,188.01141357421875
2021-06-02,185.520751953125
2021-06-03,184.8153839111328
2021-06-04,185.3639678955078
2021-06-07,182.74276733398438
2021-06-08,182.48939514160156
2021-06-09,180.48855590820312
2021-06-10,178.24301147460938
2021-06-11,177.6925506591797
2021-06-14,177.31687927246094
2021-06-15,176.71395874023438
2021-06-16,171.89967346191406
2021-06-17,170.73757934570312
2021-06-18,170.30946350097656
2021-06-21,173.6907958984375
2021-06-22,173.3937530517578
2021-06-23,173.41995239257812
2021-06-24,177.01104736328125
2021-06-25,178.95947265625
2021-06-28,178.97694396972656
2021-06-29,178.58377075195312
2021-06-30,179.10801696777344
2021-07-01,180.3749237060547
2021-07-02,181.69427490234375
2021-07-06,179.97300720214844
2021-07-07,182.41078186035156
2021-07-08,179.50994873046875
2021-07-09,182.20106506347656
2021-07-12,182.98744201660156
2021-07-13,180.91665649414062
2021-07-14,179.95558166503906
2021-07-15,180.7156982421875
2021-07-16,177.41294860839844
2021-07-19,175.05389404296875
2021-07-20,178.1905975341797
2021-07-21,178.47018432617188
2021-07-22,176.73146057128906
2021-07-23,178.4090118408203
2021-07-26,179.97300720214844
2021-07-27,176.15475463867188
2021-07-28,170.7637939453125
2021-07-29,172.81710815429688
2021-07-30,172.17056274414062
2021-08-02,171.06959533691406
2021-08-03,173.87428283691406
2021-08-04,170.3880615234375
2021-08-05,171.4715576171875
2021-08-06,171.7860565185547
2021-08-09,170.90359497070312
2021-08-10,173.01805114746094
2021-08-11,176.67027282714844
2021-08-12,175.4383087158203
2021-08-13,174.8529052734375
2021-08-16,175.1761932373047
2021-08-17,169.9425048828125
2021-08-18,168.36102294921875
2021-08-19,165.73104858398438
2021-08-20,166.35142517089844
2021-08-23,166.47373962402344
2021-08-24,168.186279296875
2021-08-25,169.6628875732422
2021-08-26,168.88525390625
2021-08-27,169.54933166503906
2021-08-30,170.27450561523438
2021-08-31,168.86778259277344
2021-09-01,168.1949920654297
2021-09-02,168.71051025390625
2021-09-03,167.65771484375
2021-09-07,160.7530975341797
2021-09-08,165.20999145507812
2021-09-09,165.42054748535156
2021-09-10,163.5518035888672
2021-09-13,163.58692932128906
2021-09-14,160.00741577148438
2021-09-15,162.92892456054688
2021-09-16,164.69236755371094
2021-09-17,163.39385986328125
2021-09-20,161.41993713378906
2021-09-21,157.8228302001953
2021-09-22,159.50730895996094
2021-09-23,161.823486328125
2021-09-24,162.62185668945312
2021-09-27,163.45529174804688
2021-09-28,159.28802490234375
2021-09-29,159.779296875
2021-09-30,153.80467224121094
2021-10-01,153.4186553955078
2021-10-04,152.61154174804688
2021-10-05,154.81362915039062
2021-10-06,155.1382293701172
2021-10-07,155.82252502441406
2021-10-08,155.5330047607422
2021-10-11,153.34844970703125
2021-10-12,152.41848754882812
2021-10-13,152.04124450683594
2021-10-14,157.48068237304688
2021-10-15,159.38449096679688
2021-10-18,160.30569458007812
2021-10-19,161.7094268798828
2021-10-20,164.560791015625
2021-10-21,164.88534545898438
2021-10-22,165.0169677734375
2021-10-25,165.894287109375
2021-10-26,163.81503295898438
2021-10-27,163.38511657714844
2021-10-28,162.37619018554688
2021-10-29,157.6824951171875
2021-11-01,156.1559295654297
2021-11-02,160.27056884765625
2021-11-03,164.4203643798828
2021-11-04,161.66554260253906
2021-11-05,161.27955627441406
2021-11-08,162.05157470703125
2021-11-09,164.95550537109375
2021-11-10,164.41159057617188
2021-11-11,166.9470672607422
2021-11-12,172.49179077148438
2021-11-15,170.38621520996094
2021-11-16,172.0355682373047
2021-11-17,170.01771545410156
2021-11-18,168.71926879882812
2021-11-19,166.9119873046875
2021-11-22,164.56956481933594
2021-11-23,166.25399780273438
2021-11-24,166.429443359375
2021-11-26,160.314453125
2021-11-29,161.5602569580078
2021-11-30,153.98272705078125
2021-12-01,150.73143005371094
2021-12-02,155.6392364501953
2021-12-03,160.41481018066406
2021-12-06,162.44137573242188
2021-12-07,163.9304656982422
2021-12-08,169.36691284179688
2021-12-09,169.17306518554688
2021-12-10,171.42869567871094
2021-12-13,169.55194091796875
2021-12-14,168.62677001953125
2021-12-15,169.1554412841797
2021-12-16,168.67965698242188
2021-12-17,161.85987854003906
2021-12-20,156.78468322753906
2021-12-21,157.93011474609375
2021-12-22,157.70985412597656
2021-12-23,160.53819274902344
2021-12-27,162.21231079101562
2021-12-28,164.33578491210938
2021-12-29,164.9525604248047
2021-12-30,164.52963256835938
2021-12-31,166.19496154785156
2022-01-03,163.82470703125
2022-01-04,169.33163452148438
2022-01-05,168.6091766357422
2022-01-06,169.6136016845703
2022-01-07,166.7852783203125
2022-01-10,165.72792053222656
2022-01-11,166.99671936035156
2022-01-12,170.05416870117188
2022-01-13,172.18641662597656
2022-01-14,169.74578857421875
2022-01-18,167.06723022460938
2022-01-19,160.52056884765625
2022-01-20,158.46759033203125
2022-01-21,154.73170471191406
2022-01-24,157.39263916015625
2022-01-25,155.83306884765625
2022-01-26,154.2206268310547
2022-01-27,151.26010131835938
2022-01-28,151.48916625976562
2022-01-31,153.88583374023438
2022-02-01,155.19869995117188
2022-02-02,153.59506225585938
2022-02-03,153.63031005859375
2022-02-04,146.67831420898438
2022-02-07,141.81460571289062
2022-02-08,144.76634216308594
2022-02-09,148.889892578125
2022-02-10,145.0482635498047
2022-02-11,143.48870849609375
2022-02-14,144.79275512695312
2022-02-15,146.0968017578125
2022-02-16,147.2950897216797
2022-02-17,143.43585205078125
2022-02-18,142.55474853515625
2022-02-22,139.78805541992188
2022-02-23,137.1271209716797
2022-02-24,137.7526397705078
2022-02-25,142.64285278320312
2022-02-28,143.35655212402344
2022-03-01,139.2505645751953
2022-03-02,144.775146484375
2022-03-03,146.39639282226562
2022-03-04,142.440185546875
2022-03-07,135.0822296142578
2022-03-08,132.00975036621094
2022-03-09,135.17079162597656
2022-03-10,132.46133422851562
2022-03-11,129.68106079101562
2022-03-14,128.37948608398438
2022-03-15,129.061279296875
2022-03-16,131.39881896972656
2022-03-17,133.07228088378906
2022-03-18,133.87802124023438
2022-03-21,131.24827575683594
2022-03-22,129.20291137695312
2022-03-23,125.09451293945312
2022-03-24,122.84547424316406
2022-03-25,122.47360229492188
2022-03-28,124.83772277832031
2022-03-29,129.6013641357422
2022-03-30,126.6882553100586
2022-03-31,123.77519226074219
2022-04-01,124.75802612304688
2022-04-04,125.26272583007812
2022-04-05,125.37783813476562
2022-04-06,123.73979187011719
2022-04-07,123.17311096191406
2022-04-08,124.77574157714844
2022-04-11,124.8465805053711
2022-04-12,124.20904541015625
2022-04-13,125.2450180053711
2022-04-14,124.2444839477539
2022-04-18,124.11166381835938
2022-04-19,127.99873352050781
2022-04-20,127.75079345703125
2022-04-21,127.72425842285156
2022-04-22,125.28044128417969
2022-04-25,125.2715835571289
2022-04-26,122.34964752197266
2022-04-27,123.19965362548828
2022-04-28,112.56556701660156
2022-04-29,106.38520812988281
2022-05-02,108.740478515625
2022-05-03,111.77752685546875
2022-05-04,115.89480590820312
2022-05-05,109.4488296508789
2022-05-06,107.1644058227539
2022-05-09,111.26399230957031
2022-05-10,107.57170104980469
2022-05-11,105.11019134521484
2022-05-12,106.66856384277344
2022-05-13,107.67794799804688
2022-05-16,104.8711166381836
2022-05-17,108.86442565917969
2022-05-18,102.84346771240234
2022-05-19,102.75492858886719
2022-05-20,103.02056121826172
2022-05-23,104.23360443115234
2022-05-24,102.74607849121094
2022-05-25,105.01277923583984
2022-05-26,105.5440444946289
2022-05-27,105.96906280517578
2022-05-31,105.09249877929688
2022-06-01,101.55958557128906
2022-06-02,103.0648193359375
2022-06-03,101.40906524658203
2022-06-06,107.27571105957031
2022-06-07,107.24896240234375
2022-06-08,106.50003051757812
2022-06-09,105.13589477539062
2022-06-10,98.03886413574219
2022-06-13,94.34770202636719
2022-06-14,95.1947021484375
2022-06-15,95.0074691772461
2022-06-16,90.67436218261719
2022-06-17,92.05632781982422
2022-06-21,91.52137756347656
2022-06-22,90.94184112548828
2022-06-23,94.9004898071289
2022-06-24,99.10877227783203
2022-06-27,97.38801574707031
2022-06-28,95.81881713867188
2022-06-29,94.58841705322266
2022-06-30,93.49177551269531
2022-07-01,95.65831756591797
2022-07-05,98.40442657470703
2022-07-06,98.88587188720703
2022-07-07,99.7774658203125
2022-07-08,98.32415771484375
2022-07-11,96.97787475585938
2022-07-12,95.6494140625
2022-07-13,96.3091812133789
2022-07-14,94.60624694824219
2022-07-15,95.51567077636719
2022-07-18,95.23036193847656
2022-07-19,100.33917999267578
2022-07-20,101.845947265625
2022-07-21,103.19223022460938
2022-07-22,103.15657043457031
2022-07-25,101.92618560791016
2022-07-26,102.58596801757812
2022-07-27,104.71685028076172
2022-07-28,87.89260864257812
2022-07-29,86.77812194824219
2022-08-01,86.59090423583984
2022-08-02,83.86263275146484
2022-08-03,83.5416488647461
2022-08-04,83.50601959228516
2022-08-05,85.5655746459961
2022-08-08,86.42150115966797
2022-08-09,81.75848388671875
2022-08-10,84.6383056640625
2022-08-11,87.6429672241211
2022-08-12,89.0338363647461
2022-08-15,90.53170776367188
2022-08-16,92.35054779052734
2022-08-17,91.42329406738281
2022-08-18,91.36087036132812
2022-08-19,88.2581558227539
2022-08-22,84.04096221923828
2022-08-23,82.3201904296875
2022-08-24,83.39901733398438
2022-08-25,84.73638916015625
2022-08-26,80.30521392822266
2022-08-29,80.18929290771484
2022-08-30,79.36903381347656
2022-08-31,78.54877471923828
2022-09-01,78.17431640625
2022-09-02,77.17552947998047
2022-09-06,76.75263214111328
2022-09-07,78.71420288085938
2022-09-08,79.22708129882812
2022-09-09,80.53179168701172
2022-09-12,82.55632019042969
2022-09-13,78.6332015991211
2022-09-14,77.85939025878906
2022-09-15,77.04057312011719
2022-09-16,76.88760375976562
2022-09-19,77.79640197753906
2022-09-20,75.9068374633789
2022-09-21,75.09701538085938
2022-09-22,72.67655944824219
2022-09-23,71.06592559814453
2022-09-26,70.93994903564453
2022-09-27,69.88719177246094
2022-09-28,71.61479187011719
2022-09-29,69.4732894897461
2022-09-30,67.67369079589844
2022-10-03,71.11090850830078
2022-10-04,74.88106536865234
2022-10-05,74.05325317382812
2022-10-06,72.9375
2022-10-07,69.7522201538086
2022-10-10,69.5002670288086
2022-10-11,68.96939849853516
2022-10-12,68.1325912475586
2022-10-13,69.3203125
2022-10-14,68.8614273071289
2022-10-17,68.80744171142578
2022-10-18,69.58126068115234
2022-10-19,66.66590881347656
2022-10-20,64.92031860351562
2022-10-21,66.5399398803711
2022-10-24,68.3305435180664
2022-10-25,70.98493194580078
2022-10-26,71.3538589477539
2022-10-27,68.08759307861328
2022-10-28,70.64302825927734
2022-10-31,70.6250228881836
2022-11-01,68.91541290283203
2022-11-02,65.93708038330078
2022-11-03,64.47940826416016
2022-11-04,67.16081237792969
2022-11-07,68.80744171142578
2022-11-08,68.82542419433594
2022-11-09,66.4589614868164
2022-11-10,73.28841400146484
2022-11-11,75.76286315917969
2022-11-14,73.03646850585938
2022-11-15,76.78861236572266
2022-11-16,73.51336669921875
2022-11-17,72.43360137939453
2022-11-18,72.1636734008789
2022-11-21,72.66755676269531
2022-11-22,74.0262451171875
2022-11-23,74.03524780273438
2022-11-25,74.75508880615234
2022-11-28,71.84873962402344
2022-11-29,72.44261169433594
2022-11-30,74.26936340332031
2022-12-01,74.81464385986328
2022-12-02,74.46929168701172
2022-12-05,71.45198822021484
2022-12-06,70.64314270019531
2022-12-07,70.2069091796875
2022-12-08,71.13389587402344
2022-12-09,72.00637817382812
2022-12-12,72.95155334472656
2022-12-13,75.2417984008789
2022-12-14,73.86947631835938
2022-12-15,70.95214080810547
2022-12-16,69.35260009765625
2022-12-19,67.97117614746094
2022-12-20,67.82575988769531
2022-12-21,66.58976745605469
2022-12-22,66.60794830322266
2022-12-23,67.19869232177734
2022-12-27,67.6258316040039
2022-12-28,65.59912872314453
2022-12-29,68.98907470703125
2022-12-30,68.27110290527344
2023-01-03,69.24353790283203
2023-01-04,71.43380737304688
2023-01-05,71.47016906738281
2023-01-06,73.67861938476562
2023-01-09,74.66924285888672
2023-01-10,76.36873626708984
2023-01-11,77.99555206298828
2023-01-12,78.40451049804688
2023-01-13,80.80381774902344
2023-01-17,80.61296844482422
2023-01-18,79.7950210571289
2023-01-19,75.79617309570312
2023-01-20,78.004638671875
2023-01-23,80.40393829345703
2023-01-24,79.6405258178711
2023-01-25,77.97737121582031
2023-01-26,76.72319030761719
2023-01-27,78.30455017089844
2023-01-30,77.04127502441406
2023-01-31,81.16735076904297
2023-02-01,82.84867858886719
2023-02-02,87.14743041992188
2023-02-03,85.26617431640625
2023-02-06,83.76659393310547
2023-02-07,82.16707611083984
2023-02-08,79.76774597167969
2023-02-09,77.02310180664062
2023-02-10,78.004638671875
2023-02-13,81.12190246582031
2023-02-14,81.0310287475586
2023-02-15,83.55757141113281
2023-02-16,81.9761962890625
2023-02-17,81.04920196533203
2023-02-21,76.10516357421875
2023-02-22,77.05036163330078
2023-02-23,78.92254638671875
2023-02-24,77.06854248046875
2023-02-27,76.87767028808594
2023-02-28,77.80469512939453
2023-03-01,76.09608459472656
2023-03-02,77.68653106689453
2023-03-03,79.30426788330078
2023-03-06,78.029296875
2023-03-07,77.1028823852539
2023-03-08,77.09371948242188
2023-03-09,75.6719970703125
2023-03-10,74.03931427001953
2023-03-13,73.6265640258789
2023-03-14,73.72746276855469
2023-03-15,73.19546508789062
2023-03-16,73.58070373535156
2023-03-17,71.26010131835938
2023-03-20,72.1314697265625
2023-03-21,73.07622528076172
2023-03-22,70.2144546508789
2023-03-23,69.22383117675781
2023-03-24,68.10478973388672
2023-03-27,70.09519958496094
2023-03-28,70.40706634521484
2023-03-29,71.46188354492188
2023-03-30,71.32431030273438
2023-03-31,73.91091918945312
2023-04-03,72.86526489257812
2023-04-04,70.7464370727539
2023-04-05,68.30659484863281
2023-04-06,68.14148712158203
2023-04-10,71.05830383300781
2023-04-11,72.18650817871094
2023-04-12,71.64533233642578
2023-04-13,72.71849822998047
2023-04-14,72.84691619873047
2023-04-17,73.05786895751953
2023-04-18,74.2411117553711
2023-04-19,73.65408325195312
2023-04-20,73.22298431396484
2023-04-21,73.37891387939453
2023-04-24,73.24131774902344
2023-04-25,71.23257446289062
2023-04-26,70.86567687988281
2023-04-27,75.53441619873047
2023-04-28,79.19417572021484
2023-05-01,79.59776306152344
2023-05-02,78.41453552246094
2023-05-03,79.37763214111328
2023-05-04,79.04743194580078
2023-05-05,78.39617919921875
2023-05-08,77.24048614501953
2023-05-09,74.94739532470703
2023-05-10,74.43373107910156
2023-05-11,73.79166412353516
2023-05-12,72.26905059814453
2023-05-15,72.54422760009766
2023-05-16,72.23236083984375
2023-05-17,75.00242614746094
2023-05-18,76.259033203125
2023-05-19,74.85567474365234
2023-05-22,74.98407745361328
2023-05-23,74.59884643554688
2023-05-24,72.72767639160156
2023-05-25,71.1408462524414
2023-05-26,72.18650817871094
2023-05-30,71.0674819946289
2023-05-31,68.76520538330078
2023-06-01,69.83837127685547
2023-06-02,74.83478546142578
2023-06-05,73.50921630859375
2023-06-06,75.95642852783203
2023-06-07,80.5634994506836
2023-06-08,80.02584838867188
2023-06-09,78.42218017578125
2023-06-12,79.08032989501953
2023-06-13,82.46379852294922
2023-06-14,82.58429718017578
2023-06-15,84.79977416992188
2023-06-16,84.26212310791016
2023-06-20,82.85313415527344
2023-06-21,82.11154174804688
2023-06-22,80.83230590820312
2023-06-23,81.39776611328125
2023-06-26,82.97364044189453
2023-06-27,85.9399642944336
2023-06-28,85.3930435180664
2023-06-29,87.70121002197266
2023-06-30,86.86692810058594
2023-07-03,85.73601531982422
2023-07-05,83.89134216308594
2023-07-06,82.8160400390625
2023-07-07,83.59471130371094
2023-07-10,86.82984161376953
2023-07-11,90.12061309814453
2023-07-12,89.06387329101562
2023-07-13,89.64786529541016
2023-07-14,89.30487060546875
2023-07-17,90.12989044189453
2023-07-18,91.631591796875
2023-07-19,91.83552551269531
2023-07-20,90.4636001586914
2023-07-21,90.03718566894531
2023-07-24,89.38831329345703
2023-07-25,89.30487060546875
2023-07-26,90.05572509765625
2023-07-27,91.16809844970703
2023-07-28,91.78916931152344
2023-07-31,92.02091979980469
2023-08-01,96.38697814941406
2023-08-02,93.85633850097656
2023-08-03,91.90042114257812
2023-08-04,91.26078796386719
2023-08-07,91.53888702392578
2023-08-08,90.2781982421875
2023-08-09,89.88887023925781
2023-08-10,88.35935974121094
2023-08-11,87.41384887695312
2023-08-14,87.17283630371094
2023-08-15,86.2273178100586
2023-08-16,84.75343322753906
2023-08-17,82.95508575439453
2023-08-18,83.1683120727539
2023-08-21,83.10340881347656
2023-08-22,82.92728424072266
2023-08-23,84.57730102539062
2023-08-24,82.88093566894531
2023-08-25,82.70480346679688
2023-08-28,84.2899398803711
2023-08-29,86.5239486694336
2023-08-30,88.08126831054688
2023-08-31,87.48800659179688
2023-09-01,88.31080627441406
2023-09-05,86.61846160888672
2023-09-06,87.60955047607422
2023-09-07,86.29120635986328
2023-09-08,85.07569885253906
2023-09-11,85.0383071899414
2023-09-12,83.49555206298828
2023-09-13,81.62555694580078
2023-09-14,81.9154052734375
2023-09-15,82.25199890136719
2023-09-18,81.39180755615234
2023-09-19,81.67230987548828
2023-09-20,80.51290893554688
2023-09-21,78.9140625
2023-09-22,78.2595443725586
2023-09-25,78.2408447265625
2023-09-26,76.7822494506836
2023-09-27,77.51154327392578
2023-09-28,78.3156509399414
2023-09-29,78.14734649658203
2023-10-02,75.4732437133789
2023-10-03,73.31340026855469
2023-10-04,73.5097427368164
2023-10-05,72.44384765625
2023-10-06,73.09835052490234
2023-10-09,73.79025268554688
2023-10-10,76.30540466308594
2023-10-11,78.60549926757812
2023-10-12,77.41806030273438
2023-10-13,76.15579986572266
2023-10-16,76.95989227294922
2023-10-17,78.36239624023438
2023-10-18,74.31385803222656
2023-10-19,73.7341537475586
2023-10-20,72.85523223876953
2023-10-23,73.02354431152344
2023-10-24,74.21099090576172
2023-10-25,72.22879791259766
2023-10-26,72.2101058959961
2023-10-27,76.69810485839844
2023-10-30,78.76445770263672
2023-10-31,79.52180480957031
2023-11-01,79.45635986328125
2023-11-02,80.896240234375
2023-11-03,83.093505859375
2023-11-06,81.04583740234375
2023-11-07,80.15760040283203
2023-11-08,80.08280944824219
2023-11-09,78.7738037109375
2023-11-10,79.5405044555664
2023-11-13,78.62419128417969
2023-11-14,83.26181030273438
2023-11-15,84.47731018066406
2023-11-16,84.2435531616211
2023-11-17,85.795654296875
2023-11-20,85.5899658203125
2023-11-21,83.4581527709961
2023-11-22,83.9069595336914
2023-11-24,85.4684066772461
2023-11-27,84.55211639404297
2023-11-28,84.5240478515625
2023-11-29,85.51515197753906
2023-11-30,85.7509994506836
2023-12-01,88.46786499023438
2023-12-04,88.79804229736328
2023-12-05,86.1849365234375
2023-12-06,87.4584732055664
2023-12-07,87.87355041503906
2023-12-08,87.59053802490234
2023-12-11,87.60940551757812
2023-12-12,87.35469055175781
2023-12-13,91.05264282226562
2023-12-14,95.74113464355469
2023-12-15,93.04313659667969
2023-12-18,91.76960754394531
2023-12-19,91.59979248046875
2023-12-20,90.70361328125
2023-12-21,91.42999267578125
2023-12-22,92.5997543334961
2023-12-26,93.21293640136719
2023-12-27,93.13748168945312
2023-12-28,93.48651123046875
2023-12-29,92.54315948486328
2024-01-02,92.63749694824219
2024-01-03,88.76973724365234
2024-01-04,88.97727966308594
2024-01-05,90.09986877441406
2024-01-08,92.29788208007812
2024-01-09,92.01487731933594
2024-01-10,92.60919189453125
2024-01-11,91.40170288085938
2024-01-12,90.09042358398438
2024-01-16,88.95840454101562
2024-01-17,87.59998321533203
2024-01-18,89.12820434570312
2024-01-19,89.52442169189453
2024-01-22,90.6753158569336
2024-01-23,88.96783447265625
2024-01-24,87.62826538085938
2024-01-25,89.66593170166016
2024-01-26,89.3263168334961
2024-01-29,90.99604797363281
2024-01-30,89.89234161376953
2024-01-31,88.01505279541016
2024-02-01,86.6566162109375
2024-02-02,85.49628448486328
2024-02-05,83.28883361816406
2024-02-06,84.27935791015625
2024-02-07,84.60955047607422
2024-02-08,84.21332550048828
2024-02-09,83.90202331542969
2024-02-12,85.84532928466797
2024-02-13,82.1756820678711
2024-02-14,83.62845611572266
2024-02-15,84.55293273925781
2024-02-16,83.34544372558594
2024-02-20,83.44921112060547
2024-02-21,83.64732360839844
2024-02-22,83.64732360839844
2024-02-23,84.0906982421875
2024-02-26,82.0624771118164
2024-02-27,83.48694610595703
2024-02-28,82.98696899414062
2024-02-29,84.23219299316406
2024-03-01,84.49633026123047
2024-03-04,84.53406524658203
2024-03-05,83.9208984375
2024-03-06,84.98687744140625
2024-03-07,86.7384033203125
2024-03-08,87.08108520507812
2024-03-11,87.53800964355469
2024-03-12,86.99540710449219
2024-03-13,87.6903076171875
2024-03-14,85.28196716308594
2024-03-15,83.91120910644531
2024-03-18,83.89217376708984
2024-03-19,86.3005142211914
2024-03-20,88.0996322631836
2024-03-21,91.20287322998047
2024-03-22,90.12721252441406
2024-03-25,89.88923645019531
2024-03-26,88.98492431640625
2024-03-27,92.39276885986328
2024-03-28,93.22093200683594
2024-04-01,90.86969757080078
2024-04-02,89.94634246826172
2024-04-03,91.61219787597656
2024-04-04,90.37471771240234
2024-04-05,90.82211303710938
2024-04-08,90.66980743408203
2024-04-09,92.51651000976562
2024-04-10,88.44232940673828
2024-04-11,88.83260345458984
2024-04-12,87.08108520507812
2024-04-15,86.46234893798828
2024-04-16,85.84359741210938
2024-04-17,85.03447723388672
2024-04-18,85.02495574951172
2024-04-19,85.02495574951172
2024-04-22,85.05351257324219
2024-04-23,86.37667083740234
2024-04-24,85.92927551269531
2024-04-25,84.55851745605469
2024-04-26,85.39620971679688
2024-04-29,86.58609008789062
2024-04-30,87.00493621826172
2024-05-01,87.48089599609375
2024-05-02,80.90316772460938
2024-05-03,81.6742172241211
2024-05-06,82.82603454589844
2024-05-07,83.09256744384766
2024-05-08,81.75037384033203
2024-05-09,83.92073822021484
2024-05-10,85.51994323730469
2024-05-13,85.86264038085938
2024-05-14,87.38570404052734
2024-05-15,86.99540710449219
2024-05-16,85.47235107421875
2024-05-17,85.78649139404297
2024-05-20,85.25341033935547
2024-05-21,83.93025207519531
2024-05-22,82.97834777832031
2024-05-23,81.86459350585938
2024-05-24,81.98834991455078
2024-05-28,80.83654022216797
2024-05-29,78.95174407958984
2024-05-30,81.24586486816406
2024-05-31,82.97834777832031
2024-06-03,82.80699157714844
2024-06-04,79.77066802978516
2024-06-05,81.11588287353516
2024-06-06,80.22228240966797
2024-06-07,79.23258972167969
2024-06-10,78.809814453125
2024-06-11,80.41445922851562
2024-06-12,83.57568359375
2024-06-13,82.5283432006836
2024-06-14,80.27993774414062
2024-06-17,81.0582275390625
2024-06-18,80.83721923828125
2024-06-20,80.76997375488281
2024-06-21,81.03900909423828
2024-06-24,81.4233627319336
2024-06-25,78.66568756103516
2024-06-26,78.3389892578125
2024-06-27,78.26213073730469
2024-06-28,76.76319122314453
2024-07-01,74.70693969726562
2024-07-02,76.28274536132812
2024-07-03,76.75357055664062
2024-07-05,76.46531677246094
2024-07-08,78.10838317871094
2024-07-09,77.68560791015625
2024-07-10,79.82833099365234
2024-07-11,83.52764892578125
2024-07-12,84.94972229003906
2024-07-15,83.51802825927734
2024-07-16,86.51592254638672
2024-07-17,86.00666809082031
2024-07-18,83.9504165649414
2024-07-19,83.5468521118164
2024-07-22,84.3155517578125
2024-07-23,84.6422348022461
2024-07-24,83.00878143310547
2024-07-25,86.06431579589844
2024-07-26,91.69495391845703
2024-07-29,92.65582275390625
2024-07-30,101.89930725097656
2024-07-31,101.48614501953125
2024-08-01,97.52738952636719
2024-08-02,94.76970672607422
2024-08-05,91.96400451660156
2024-08-06,92.49246978759766
2024-08-07,89.42733764648438
2024-08-08,90.74370574951172
2024-08-09,91.05118560791016
2024-08-12,89.36006927490234
2024-08-13,93.07859802246094
2024-08-14,91.66613006591797
2024-08-15,93.0017318725586
2024-08-16,93.510986328125
2024-08-19,93.53981018066406
2024-08-20,93.16506958007812
2024-08-21,94.7889404296875
2024-08-22,94.37577056884766
2024-08-23,96.47044372558594
2024-08-26,96.90282440185547
2024-08-27,95.88431549072266
2024-08-28,96.2590560913086
2024-08-29,97.91173553466797
2024-08-30,98.3537368774414
2024-09-03,96.8039321899414
2024-09-04,96.74581146240234
2024-09-05,95.27351379394531
2024-09-06,94.13054656982422
2024-09-09,93.1716079711914
2024-09-10,93.60748291015625
2024-09-11,94.5954818725586
2024-09-12,94.7601547241211
2024-09-13,98.16968536376953
2024-09-16,99.37077331542969
2024-09-17,99.76791381835938
2024-09-18,101.57923889160156
2024-09-19,104.6303939819336
2024-09-20,103.57459259033203
2024-09-23,104.15576171875
2024-09-24,103.96204376220703
2024-09-25,102.26695251464844
2024-09-26,104.92097473144531
2024-09-27,106.27703857421875
2024-09-30,106.6741714477539
2024-10-01,105.92833709716797
2024-10-02,105.82179260253906
2024-10-03,103.90391540527344
2024-10-04,104.01046752929688
2024-10-07,102.97404479980469
2024-10-08,103.19682312011719
2024-10-09,103.26464080810547
2024-10-10,103.49710083007812
2024-10-11,104.572265625
2024-10-14,105.43434143066406
2024-10-15,103.71019744873047
2024-10-16,103.02247619628906
2024-10-17,101.85044860839844
2024-10-18,103.06122589111328
2024-10-21,102.36381530761719
2024-10-22,101.54048919677734
2024-10-23,100.04882049560547
2024-10-24,99.66136169433594
2024-10-25,98.77992248535156
2024-10-28,99.69042205810547
2024-10-29,90.94377899169922
2024-10-30,90.92440795898438
2024-10-31,90.02359008789062
2024-11-01,90.44978332519531
2024-11-04,91.45714569091797
2024-11-05,93.66560363769531
2024-11-06,89.14214324951172
2024-11-07,88.99685668945312
2024-11-08,87.34051513671875
2024-11-11,87.36956787109375
2024-11-12,84.73493194580078
2024-11-13,83.43696594238281
2024-11-14,83.12701416015625
2024-11-15,82.76861572265625
2024-11-18,83.86316680908203
2024-11-19,83.60163116455078
2024-11-20,82.73956298828125
2024-11-21,84.91895294189453
2024-11-22,86.44937896728516
2024-11-25,89.61676025390625
2024-11-26,86.73028564453125
2024-11-27,86.95305633544922
2024-11-29,87.44183349609375
2024-12-02,87.07037353515625
2024-12-03,86.25900268554688
2024-12-04,84.09861755371094
2024-12-05,83.0233154296875
2024-12-06,82.5638656616211
2024-12-09,83.87378692626953
2024-12-10,82.01644134521484
2024-12-11,81.91868591308594
2024-12-12,80.8531494140625
2024-12-13,80.9411392211914
2024-12-16,80.93135833740234
2024-12-17,80.36437225341797
2024-12-18,77.29486846923828
2024-12-19,77.64678955078125
2024-12-20,80.15909576416016
2024-12-23,79.52368927001953
2024-12-24,79.29885864257812
2024-12-26,79.09356689453125
2024-12-27,78.7709732055664
2024-12-30,78.03781127929688
2024-12-31,78.48748779296875
2025-01-02,78.08668518066406
2025-01-03,78.94693756103516
2025-01-06,80.79450225830078
2025-01-07,79.81694793701172
2025-01-08,79.72896575927734
2025-01-10,78.2919692993164
2025-01-13,79.07401275634766
2025-01-14,80.5110092163086
2025-01-15,81.51789093017578
2025-01-16,82.0848617553711
2025-01-17,82.37812805175781
2025-01-21,84.67537689208984
2025-01-22,84.36256408691406
2025-01-23,86.5033950805664
2025-01-24,86.18080139160156
2025-01-27,88.37051391601562
2025-01-28,86.84552764892578
2025-01-29,86.40563201904297
2025-01-30,87.90129089355469
2025-01-31,86.09281921386719
2025-02-03,83.25791931152344
2025-02-04,84.7144775390625
2025-02-05,83.69782257080078
2025-02-06,83.9813232421875
2025-02-07,84.51895904541016
2025-02-10,83.83467864990234
2025-02-11,85.33032989501953
2025-02-12,83.385009765625
2025-02-13,84.8611068725586
2025-02-14,85.14459228515625
2025-02-18,85.08594512939453
2025-02-19,86.3078842163086
2025-02-20,87.91106414794922
2025-02-21,85.97550964355469
2025-02-24,84.85133361816406
2025-02-25,85.82888793945312
2025-02-26,85.45741271972656
2025-02-27,83.68804931640625
2025-02-28,84.58739471435547
2025-03-03,82.19239807128906
2025-03-04,80.40560150146484
2025-03-05,82.55764770507812
2025-03-06,84.0186767578125
2025-03-07,87.82918548583984
2025-03-10,85.59815979003906
2025-03-11,81.79753112792969
2025-03-12,80.11933135986328
2025-03-13,78.38189697265625
2025-03-14,79.9317626953125
2025-03-17,80.50432586669922
2025-03-18,80.27727508544922
2025-03-19,81.10650634765625
2025-03-20,79.4875259399414
2025-03-21,78.53984069824219
2025-03-24,80.94855499267578
2025-03-25,79.43817138671875
2025-03-26,77.4342041015625
2025-03-27,76.71356201171875
2025-03-28,75.4499740600586
2025-03-31,75.89420318603516
2025-04-01,75.1636962890625
2025-04-02,75.99292755126953
2025-04-03,63.830902099609375
2025-04-04,62.07372283935547
2025-04-07,58.510009765625
2025-04-08,55.143733978271484
2025-04-09,63.396541595458984
2025-04-10,57.927574157714844
2025-04-11,58.25334167480469
2025-04-14,59.32936477661133
2025-04-15,58.10526657104492
2025-04-16,56.0815544128418
2025-04-17,56.47642517089844
2025-04-21,55.647193908691406
2025-04-22,57.63142395019531
2025-04-23,58.381675720214844
2025-04-24,61.12602996826172
2025-04-25,60.79039001464844
2025-04-28,60.49423599243164
2025-04-29,60.474491119384766
2025-04-30,59.25039291381836
2025-05-01,58.18423843383789
2025-05-02,60.60282516479492
2025-05-05,59.30962371826172
2025-05-06,58.22372817993164
2025-05-07,58.17436981201172
2025-05-08,61.05692672729492
2025-05-09,61.86641311645508
2025-05-12,71.59998321533203
2025-05-13,72.87344360351562
2025-05-14,70.9385757446289
2025-05-15,69.79344940185547
2025-05-16,70.543701171875
2025-05-19,69.7144775390625
2025-05-20,69.635498046875
2025-05-21,65.6275634765625
2025-05-22,65.48934936523438
2025-05-23,64.67986297607422
2025-05-27,66.3679428100586
2025-05-28,65.29191589355469
2025-05-29,65.67691802978516
2025-05-30,64.59102630615234
2025-06-02,63.130001068115234
2025-06-03,64.30999755859375
2025-06-04,65.62000274658203
2025-06-05,65.44999694824219
2025-06-06,66.13999938964844
2025-06-09,67.20999908447266
2025-06-10,69.16999816894531
2025-06-11,68.12999725341797
2025-06-12,67.41999816894531
2025-06-13,65.26000213623047
2025-06-16,65.75
2025-06-17,64.13999938964844
2025-06-18,64.58999633789062
2025-06-20,64.55000305175781
2025-06-23,65.66000366210938
2025-06-24,66.36000061035156
2025-06-25,66.25
2025-06-26,67.58999633789062
2025-06-27,67.6500015258789
2025-06-30,67.75
2025-07-01,70.41000366210938
2025-07-02,71.55999755859375
2025-07-03,71.0999984741211
2025-07-07,69.30000305175781
2025-07-08,71.69000244140625
2025-07-09,72.91000366210938
2025-07-10,73.8499984741211
2025-07-11,72.87000274658203
2025-07-14,71.58000183105469
2025-07-15,69.80000305175781
2025-07-16,69.51000213623047
2025-07-17,70.81999969482422
2025-07-18,70.11000061035156
2025-07-21,69.56999969482422
2025-07-22,72.80000305175781
2025-07-23,74.08999633789062
2025-07-24,72.69000244140625
2025-07-25,73.9000015258789
2025-07-28,73.93000030517578
2025-07-29,68.61000061035156
2025-07-30,67.7699966430664
2025-07-31,67.6500015258789
2025-08-01,66.9800033569336
