Date,TRUE-B.ST
2021-10-08,51.15214157104492
2021-10-11,50.90621566772461
2021-10-12,51.15214157104492
2021-10-13,51.15214157104492
2021-10-14,51.25050735473633
2021-10-15,50.85703659057617
2021-10-18,50.66029357910156
2021-10-19,50.95540237426758
2021-10-20,50.07007598876953
2021-10-21,48.69290542602539
2021-10-22,49.97170639038086
2021-10-25,50.1684455871582
2021-10-26,52.03746795654297
2021-10-27,69.6456069946289
2021-10-28,85.77820587158203
2021-10-29,81.35157012939453
2021-11-01,80.76136016845703
2021-11-02,83.71244812011719
2021-11-03,83.41734313964844
2021-11-04,83.8108139038086
2021-11-05,81.15483856201172
2021-11-08,78.2037582397461
2021-11-09,78.59723663330078
2021-11-10,79.67929077148438
2021-11-11,81.449951171875
2021-11-12,97.38581085205078
2021-11-15,111.15753173828125
2021-11-16,107.6162338256836
2021-11-17,106.82927703857422
2021-11-18,106.23906707763672
2021-11-19,108.20645904541016
2021-11-22,102.30428314208984
2021-11-23,98.56623840332031
2021-11-24,112.14122772216797
2021-11-25,109.97710418701172
2021-11-26,105.64884185791016
2021-11-29,103.68146514892578
2021-11-30,114.1086196899414
2021-12-01,120.4042739868164
2021-12-02,117.45318603515625
2021-12-03,118.43688201904297
2021-12-06,128.6673126220703
2021-12-07,136.3401336669922
2021-12-08,130.43797302246094
2021-12-09,133.97926330566406
2021-12-10,128.4705810546875
2021-12-13,127.29013061523438
2021-12-14,127.88035583496094
2021-12-15,124.5357894897461
2021-12-16,125.32274627685547
2021-12-17,125.9129638671875
2021-12-20,122.1749267578125
2021-12-21,122.76514434814453
2021-12-22,119.81405639648438
2021-12-23,114.69884490966797
2021-12-27,114.69884490966797
2021-12-28,112.14122772216797
2021-12-29,112.53471374511719
2021-12-30,111.94449615478516
2022-01-03,113.71514892578125
2022-01-04,106.04232788085938
2022-01-05,104.4684066772461
2022-01-07,94.92656707763672
2022-01-10,84.79450988769531
2022-01-11,80.6629867553711
2022-01-12,77.31842803955078
2022-01-13,80.6629867553711
2022-01-14,82.23690795898438
2022-01-17,82.82711791992188
2022-01-18,79.97441101074219
2022-01-19,80.46625518798828
2022-01-20,80.6629867553711
2022-01-21,77.61354064941406
2022-01-24,71.80973815917969
2022-01-25,65.12060546875
2022-01-26,66.89126586914062
2022-01-27,68.46517181396484
2022-01-28,69.5472412109375
2022-01-31,72.89179992675781
2022-02-01,75.64614868164062
2022-02-02,72.49832153320312
2022-02-03,70.13745880126953
2022-02-04,71.02277374267578
2022-02-07,75.74452209472656
2022-02-08,71.61299896240234
2022-02-09,75.84288024902344
2022-02-10,75.94125366210938
2022-02-11,76.43309783935547
2022-02-14,73.2852783203125
2022-02-15,76.62984466552734
2022-02-16,75.54778289794922
2022-02-17,71.61299896240234
2022-02-18,64.82550048828125
2022-02-21,64.23529052734375
2022-02-22,67.7765884399414
2022-02-23,68.26844024658203
2022-02-24,66.20267486572266
2022-02-25,66.69451904296875
2022-02-28,74.95755767822266
2022-03-01,71.12115478515625
2022-03-02,70.82604217529297
2022-03-03,64.33365631103516
2022-03-04,64.92387390136719
2022-03-07,65.41571807861328
2022-03-08,58.52985382080078
2022-03-09,63.44832992553711
2022-03-10,54.693443298339844
2022-03-11,56.168983459472656
2022-03-14,56.267356872558594
2022-03-15,55.38203048706055
2022-03-16,60.79235076904297
2022-03-17,61.97278594970703
2022-03-18,62.46463394165039
2022-03-21,60.39887619018555
2022-03-22,63.74344253540039
2022-03-23,59.90702819824219
2022-03-24,60.98908996582031
2022-03-25,60.39887619018555
2022-03-28,60.890724182128906
2022-03-29,67.87496185302734
2022-03-30,63.44832992553711
2022-03-31,63.94017791748047
2022-04-01,65.80919647216797
2022-04-04,68.62256622314453
2022-04-05,67.50115203857422
2022-04-06,64.13690948486328
2022-04-07,63.5860481262207
2022-04-08,63.3499641418457
2022-04-11,63.74344253540039
2022-04-12,68.2487564086914
2022-04-13,65.0025634765625
2022-04-14,67.83560943603516
2022-04-19,65.08126831054688
2022-04-20,64.68778991699219
2022-04-21,62.759742736816406
2022-04-22,62.50398254394531
2022-04-25,59.02170181274414
2022-04-26,56.562461853027344
2022-04-27,55.26398849487305
2022-04-28,55.2049674987793
2022-04-29,54.693443298339844
2022-05-02,59.02170181274414
2022-05-03,58.726593017578125
2022-05-04,59.02170181274414
2022-05-05,60.65463638305664
2022-05-06,67.38311004638672
2022-05-09,61.69735336303711
2022-05-10,65.51408386230469
2022-05-11,66.55680847167969
2022-05-12,65.7108383178711
2022-05-13,66.3010482788086
2022-05-16,66.67485046386719
2022-05-17,66.89126586914062
2022-05-18,56.75920486450195
2022-05-19,57.13300704956055
2022-05-20,58.19540023803711
2022-05-23,49.67660140991211
2022-05-24,46.70583724975586
2022-05-25,45.820518493652344
2022-05-27,48.6732292175293
2022-05-30,49.81431579589844
2022-05-31,52.23420333862305
2022-06-01,50.48323059082031
2022-06-02,52.33257293701172
2022-06-03,51.486595153808594
2022-06-07,54.004859924316406
2022-06-08,55.53942108154297
2022-06-09,57.034637451171875
2022-06-10,54.201595306396484
2022-06-13,50.699642181396484
2022-06-14,51.27018356323242
2022-06-15,51.27018356323242
2022-06-16,51.368553161621094
2022-06-17,54.92953109741211
2022-06-20,51.8013801574707
2022-06-21,52.13583755493164
2022-06-22,50.1684455871582
2022-06-23,48.594539642333984
2022-06-27,50.798011779785156
2022-06-28,47.31572723388672
2022-06-29,46.57795715332031
2022-06-30,48.26007843017578
2022-07-01,48.338775634765625
2022-07-04,47.18785095214844
2022-07-05,51.64398956298828
2022-07-06,54.22127151489258
2022-07-07,56.798553466796875
2022-07-08,59.159420013427734
2022-07-11,57.900291442871094
2022-07-12,60.98908996582031
2022-07-13,60.51691818237305
2022-07-14,57.13300704956055
2022-07-15,58.03800582885742
2022-07-18,60.26115417480469
2022-07-19,59.35615921020508
2022-07-20,63.133548736572266
2022-07-21,62.641700744628906
2022-07-22,78.08570861816406
2022-07-25,77.45614624023438
2022-07-26,71.61299896240234
2022-07-27,72.69506072998047
2022-07-28,76.5511474609375
2022-07-29,77.77092742919922
2022-08-01,77.35777282714844
2022-08-02,77.00364685058594
2022-08-03,74.20995330810547
2022-08-04,75.54778289794922
2022-08-05,77.22006225585938
2022-08-08,72.34093475341797
2022-08-09,70.68832397460938
2022-08-10,71.71137237548828
2022-08-11,70.11778259277344
2022-08-12,69.665283203125
2022-08-15,66.20267486572266
2022-08-16,64.92387390136719
2022-08-17,62.95648193359375
2022-08-18,63.72376251220703
2022-08-19,62.2088737487793
2022-08-22,61.85474395751953
2022-08-23,60.359527587890625
2022-08-24,60.3398551940918
2022-08-25,59.434852600097656
2022-08-26,58.21506881713867
2022-08-29,58.844635009765625
2022-08-30,56.52311706542969
2022-08-31,55.578765869140625
2022-09-01,53.74909591674805
2022-09-02,53.709747314453125
2022-09-05,55.97224807739258
2022-09-06,56.71985626220703
2022-09-07,57.290401458740234
2022-09-08,56.58213806152344
2022-09-09,57.742897033691406
2022-09-12,59.49387741088867
2022-09-13,60.81202697753906
2022-09-14,58.549530029296875
2022-09-15,55.932899475097656
2022-09-16,54.752464294433594
2022-09-19,53.94583511352539
2022-09-20,52.13583755493164
2022-09-21,51.17181396484375
2022-09-22,46.84355545043945
2022-09-23,42.938289642333984
2022-09-26,39.436336517333984
2022-09-27,39.83964538574219
2022-09-28,39.76095199584961
2022-09-29,39.74127960205078
2022-09-30,36.98693084716797
2022-10-03,33.44563293457031
2022-10-04,33.494815826416016
2022-10-05,32.25536346435547
2022-10-06,35.43269348144531
2022-10-07,35.570411682128906
2022-10-10,34.16373062133789
2022-10-11,34.694923400878906
2022-10-12,35.413021087646484
2022-10-13,36.04258346557617
2022-10-14,36.64263916015625
2022-10-17,37.5771484375
2022-10-18,34.99987030029297
2022-10-19,32.904598236083984
2022-10-20,35.117916107177734
2022-10-21,36.5147590637207
2022-10-24,35.81633758544922
2022-10-25,38.06899642944336
2022-10-26,39.505191802978516
2022-10-27,39.092044830322266
2022-10-28,39.328128814697266
2022-10-31,39.770790100097656
2022-11-01,40.872528076171875
2022-11-02,41.8365478515625
2022-11-03,43.67605972290039
2022-11-04,44.55154800415039
2022-11-07,46.9222526550293
2022-11-08,48.486328125
2022-11-09,48.97817611694336
2022-11-10,53.00149154663086
2022-11-11,45.17127227783203
2022-11-14,45.181114196777344
2022-11-15,43.02682113647461
2022-11-16,42.51530075073242
2022-11-17,36.47541046142578
2022-11-18,36.622962951660156
2022-11-21,36.07209396362305
2022-11-22,34.714599609375
2022-11-23,34.32111740112305
2022-11-24,35.19660568237305
2022-11-25,36.75084686279297
2022-11-28,36.062259674072266
2022-11-29,37.12465286254883
2022-11-30,37.64601135253906
2022-12-01,38.954322814941406
2022-12-02,38.66905212402344
2022-12-05,40.843017578125
2022-12-06,39.9183464050293
2022-12-07,38.36410903930664
2022-12-08,37.4099235534668
2022-12-09,37.18367385864258
2022-12-12,36.3967170715332
2022-12-13,37.4591064453125
2022-12-14,35.904869079589844
2022-12-15,35.727806091308594
2022-12-16,34.38014221191406
2022-12-19,32.65867614746094
2022-12-20,32.54063415527344
2022-12-21,33.1505241394043
2022-12-22,31.97992515563965
2022-12-23,32.05862045288086
2022-12-27,31.901227951049805
2022-12-28,31.232316970825195
2022-12-29,32.80622863769531
2022-12-30,32.22584915161133
2023-01-02,34.429325103759766
2023-01-03,34.547367095947266
2023-01-04,35.38351058959961
2023-01-05,39.5150260925293
2023-01-09,37.6951904296875
2023-01-10,37.25252914428711
2023-01-11,39.210086822509766
2023-01-12,42.102149963378906
2023-01-13,42.416927337646484
2023-01-16,41.925079345703125
2023-01-17,42.2890510559082
2023-01-18,41.807037353515625
2023-01-19,38.20671463012695
2023-01-20,39.29861831665039
2023-01-23,39.583892822265625
2023-01-24,38.41328811645508
2023-01-25,36.79019546508789
2023-01-26,37.832908630371094
2023-01-27,38.36410903930664
2023-01-30,36.48524856567383
2023-01-31,36.3967170715332
2023-02-01,36.36720657348633
2023-02-02,39.79046630859375
2023-02-03,40.35116958618164
2023-02-06,39.505191802978516
2023-02-07,39.46584701538086
2023-02-08,41.47258377075195
2023-02-09,38.85595703125
2023-02-10,37.08530044555664
2023-02-13,37.665679931640625
2023-02-14,38.44280242919922
2023-02-15,38.590354919433594
2023-02-16,40.07573699951172
2023-02-17,38.36410903930664
2023-02-20,38.48215103149414
2023-02-21,38.26573944091797
2023-02-22,29.51085090637207
2023-02-23,30.22894859313965
2023-02-24,28.271394729614258
2023-02-27,30.59291648864746
2023-02-28,31.320850372314453
2023-03-01,32.42258834838867
2023-03-02,32.461936950683594
2023-03-03,33.06199264526367
2023-03-06,34.73427200317383
2023-03-07,33.56367492675781
2023-03-08,32.235687255859375
2023-03-09,32.245521545410156
2023-03-10,30.553565979003906
2023-03-13,29.687915802001953
2023-03-14,31.192968368530273
2023-03-15,30.78965187072754
2023-03-16,31.251991271972656
2023-03-17,31.37003517150879
2023-03-20,29.707590103149414
2023-03-21,29.707590103149414
2023-03-22,29.550199508666992
2023-03-23,30.189599990844727
2023-03-24,29.37313461303711
2023-03-27,29.392807006835938
2023-03-28,28.04514503479004
2023-03-29,29.314111709594727
2023-03-30,30.051883697509766
2023-03-31,29.973186492919922
2023-04-03,29.215744018554688
2023-04-04,29.609220504760742
2023-04-05,28.61568832397461
2023-04-06,28.399276733398438
2023-04-11,30.1699275970459
2023-04-12,29.20590591430664
2023-04-13,28.930469512939453
2023-04-14,29.353458404541016
2023-04-17,29.333786010742188
2023-04-18,29.953514099121094
2023-04-19,28.5369930267334
2023-04-20,28.52715492248535
2023-04-21,28.920635223388672
2023-04-24,27.83856964111328
2023-04-25,26.825363159179688
2023-04-26,28.035306930541992
2023-04-27,28.83209991455078
2023-04-28,30.02237319946289
2023-05-02,29.43215560913086
2023-05-03,29.038679122924805
2023-05-04,30.2191104888916
2023-05-05,30.848676681518555
2023-05-08,30.888023376464844
2023-05-09,30.78965187072754
2023-05-10,30.514219284057617
2023-05-11,31.527423858642578
2023-05-12,34.82280349731445
2023-05-15,36.0130729675293
2023-05-16,36.80003356933594
2023-05-17,35.58024978637695
2023-05-19,35.52122497558594
2023-05-22,35.039215087890625
2023-05-23,35.28513717651367
2023-05-24,34.99987030029297
2023-05-25,35.22611999511719
2023-05-26,35.068729400634766
2023-05-29,34.134220123291016
2023-05-30,33.9079704284668
2023-05-31,33.35709762573242
2023-06-01,31.842206954956055
2023-06-02,31.773347854614258
2023-06-05,31.212642669677734
2023-06-07,31.055252075195312
2023-06-08,30.937210083007812
2023-06-09,31.635631561279297
2023-06-12,31.743839263916016
2023-06-13,30.966720581054688
2023-06-14,30.356830596923828
2023-06-15,30.179763793945312
2023-06-16,28.920635223388672
2023-06-19,28.77307891845703
2023-06-20,28.47797203063965
2023-06-21,27.848405838012695
2023-06-22,27.74020004272461
2023-06-26,28.546831130981445
2023-06-27,28.035306930541992
2023-06-28,29.382970809936523
2023-06-29,28.625524520874023
2023-06-30,29.107534408569336
2023-07-03,28.979656219482422
2023-07-04,30.189599990844727
2023-07-05,29.855144500732422
2023-07-06,28.300907135009766
2023-07-07,29.215744018554688
2023-07-10,28.930469512939453
2023-07-11,29.117372512817383
2023-07-12,30.258459091186523
2023-07-13,30.986392974853516
2023-07-14,31.58644676208496
2023-07-17,30.829002380371094
2023-07-18,30.494544982910156
2023-07-19,30.78965187072754
2023-07-20,30.28797149658203
2023-07-21,42.31856155395508
2023-07-24,44.11872100830078
2023-07-25,45.17127227783203
2023-07-26,44.571224212646484
2023-07-27,42.20051956176758
2023-07-28,41.51192855834961
2023-07-31,41.05943298339844
2023-08-01,40.980735778808594
2023-08-02,39.387149810791016
2023-08-03,39.347801208496094
2023-08-04,39.347801208496094
2023-08-07,38.03948211669922
2023-08-08,37.3902473449707
2023-08-09,35.51138687133789
2023-08-10,36.79019546508789
2023-08-11,35.69829559326172
2023-08-14,36.00323486328125
2023-08-15,35.59992218017578
2023-08-16,35.609764099121094
2023-08-17,34.52769470214844
2023-08-18,35.088401794433594
2023-08-21,34.03584671020508
2023-08-22,34.23258590698242
2023-08-23,34.29161071777344
2023-08-24,32.963619232177734
2023-08-25,32.98329162597656
2023-08-28,33.56367492675781
2023-08-29,33.022640228271484
2023-08-30,32.80622863769531
2023-08-31,33.74073791503906
2023-09-01,33.760414123535156
2023-09-04,34.0063362121582
2023-09-05,33.760414123535156
2023-09-06,34.252262115478516
2023-09-07,36.3967170715332
2023-09-08,36.29834747314453
2023-09-11,36.69182586669922
2023-09-12,36.180301666259766
2023-09-13,35.747474670410156
2023-09-14,38.36410903930664
2023-09-15,37.24269485473633
2023-09-18,36.00323486328125
2023-09-19,36.3967170715332
2023-09-20,37.74437713623047
2023-09-21,38.38378143310547
2023-09-22,38.93465042114258
2023-09-25,38.28540802001953
2023-09-26,36.052425384521484
2023-09-27,36.436065673828125
2023-09-28,37.25252914428711
2023-09-29,37.49845504760742
2023-10-02,34.70475769042969
2023-10-03,34.891666412353516
2023-10-04,34.77362060546875
2023-10-05,34.91133499145508
2023-10-06,36.98693084716797
2023-10-09,35.7081298828125
2023-10-10,37.42959213256836
2023-10-11,36.48524856567383
2023-10-12,36.09177017211914
2023-10-13,35.92454147338867
2023-10-16,35.32448959350586
2023-10-17,35.904869079589844
2023-10-18,34.547367095947266
2023-10-19,33.56367492675781
2023-10-20,33.121009826660156
2023-10-23,32.884925842285156
2023-10-24,34.429325103759766
2023-10-25,33.54399871826172
2023-10-26,35.36383819580078
2023-10-27,24.071016311645508
2023-10-30,26.244983673095703
2023-10-31,26.50074577331543
2023-11-01,26.481069564819336
2023-11-02,27.700851440429688
2023-11-03,28.5369930267334
2023-11-06,28.143516540527344
2023-11-07,28.320581436157227
2023-11-08,28.77307891845703
2023-11-09,28.979656219482422
2023-11-10,28.851776123046875
2023-11-13,27.818897247314453
2023-11-14,29.86498260498047
2023-11-15,29.087862014770508
2023-11-16,28.4681339263916
2023-11-17,29.18623161315918
2023-11-20,29.89449119567871
2023-11-21,29.117372512817383
2023-11-22,28.920635223388672
2023-11-23,28.320581436157227
2023-11-24,28.281230926513672
2023-11-27,29.137046813964844
2023-11-28,30.06171989440918
2023-11-29,30.691286087036133
2023-11-30,31.743839263916016
2023-12-01,30.986392974853516
2023-12-04,31.783187866210938
2023-12-05,31.429058074951172
2023-12-06,32.4422607421875
2023-12-07,32.58981704711914
2023-12-08,33.11117172241211
2023-12-11,33.3669319152832
2023-12-12,32.80622863769531
2023-12-13,33.09150314331055
2023-12-14,34.82280349731445
2023-12-15,34.55720520019531
2023-12-18,33.72106170654297
2023-12-19,34.40965270996094
2023-12-20,33.85877990722656
2023-12-21,33.96698760986328
2023-12-22,33.9571533203125
2023-12-27,34.9015007019043
2023-12-28,34.60639190673828
2023-12-29,34.30144500732422
2024-01-02,33.30791473388672
2024-01-03,33.11117172241211
2024-01-04,33.278404235839844
2024-01-05,33.50465393066406
2024-01-08,33.524330139160156
2024-01-09,33.2488899230957
2024-01-10,32.294708251953125
2024-01-11,31.360197067260742
2024-01-12,31.379871368408203
2024-01-15,29.933839797973633
2024-01-16,29.58954620361328
2024-01-17,29.343624114990234
2024-01-18,28.723896026611328
2024-01-19,28.50748062133789
2024-01-22,27.946775436401367
2024-01-23,30.130577087402344
2024-01-24,30.504383087158203
2024-01-25,29.058351516723633
2024-01-26,30.189599990844727
2024-01-29,30.356830596923828
2024-01-30,30.907697677612305
2024-01-31,30.563404083251953
2024-02-01,29.176393508911133
2024-02-02,28.035306930541992
2024-02-05,27.563135147094727
2024-02-06,28.428787231445312
2024-02-07,28.458297729492188
2024-02-08,28.664873123168945
2024-02-09,29.392807006835938
2024-02-12,29.67807960510254
2024-02-13,29.49117660522461
2024-02-14,30.1010684967041
2024-02-15,31.133947372436523
2024-02-16,30.750307083129883
2024-02-19,29.481338500976562
2024-02-20,27.336885452270508
2024-02-21,27.887754440307617
2024-02-22,27.700851440429688
2024-02-23,28.192699432373047
2024-02-26,28.605852127075195
2024-02-27,28.546831130981445
2024-02-28,28.261558532714844
2024-02-29,28.054983139038086
2024-03-01,27.53362464904785
2024-03-04,26.74666976928711
2024-03-05,26.195798873901367
2024-03-06,26.61878776550293
2024-03-07,27.05161476135254
2024-03-08,26.45155906677246
2024-03-11,26.63846206665039
2024-03-12,27.199167251586914
2024-03-13,27.061450958251953
2024-03-14,26.943405151367188
2024-03-15,26.37286376953125
2024-03-18,27.26802635192871
2024-03-19,27.140146255493164
2024-03-20,27.327049255371094
2024-03-21,28.52715492248535
2024-03-22,29.107534408569336
2024-03-25,30.1699275970459
2024-03-26,30.67160987854004
2024-03-27,31.635631561279297
2024-03-28,32.2061767578125
2024-04-02,30.5732421875
2024-04-03,31.1634578704834
2024-04-04,31.537263870239258
2024-04-05,30.73063087463379
2024-04-08,32.10780715942383
2024-04-09,31.1634578704834
2024-04-10,31.20280647277832
2024-04-11,31.261829376220703
2024-04-12,31.71432876586914
2024-04-15,30.691286087036133
2024-04-16,30.514219284057617
2024-04-17,31.773347854614258
2024-04-18,31.14378547668457
2024-04-19,29.904327392578125
2024-04-22,30.769981384277344
2024-04-23,33.07182693481445
2024-04-24,33.60301971435547
2024-04-25,33.760414123535156
2024-04-26,34.626068115234375
2024-04-29,34.429325103759766
2024-04-30,35.07856369018555
2024-05-02,35.688453674316406
2024-05-03,36.82954025268555
2024-05-06,37.12465286254883
2024-05-07,38.20671463012695
2024-05-08,38.04932403564453
2024-05-10,39.347801208496094
2024-05-13,38.77725601196289
2024-05-14,38.50182342529297
2024-05-15,36.239322662353516
2024-05-16,36.436065673828125
2024-05-17,36.022911071777344
2024-05-20,38.36410903930664
2024-05-21,37.104976654052734
2024-05-22,36.49508285522461
2024-05-23,36.731170654296875
2024-05-24,35.3192024230957
2024-05-27,35.55784225463867
2024-05-28,36.9300422668457
2024-05-29,37.327781677246094
2024-05-30,36.83060836791992
2024-05-31,36.79083251953125
2024-06-03,36.57207489013672
2024-06-04,35.95558166503906
2024-06-05,36.25388717651367
2024-06-07,37.50676345825195
2024-06-10,36.751060485839844
2024-06-11,37.248233795166016
2024-06-12,33.94700241088867
2024-06-13,34.28507995605469
2024-06-14,34.58338165283203
2024-06-17,34.82202911376953
2024-06-18,34.58338165283203
2024-06-19,33.9072265625
2024-06-20,35.37886428833008
2024-06-24,36.07490158081055
2024-06-25,34.50383758544922
2024-06-26,33.80779266357422
2024-06-27,34.32485580444336
2024-06-28,35.27942657470703
2024-07-01,35.597618103027344
2024-07-02,35.299312591552734
2024-07-03,34.92145919799805
2024-07-04,34.48394775390625
2024-07-05,35.0805549621582
2024-07-08,35.398746490478516
2024-07-09,35.0606689453125
2024-07-10,35.020896911621094
2024-07-11,35.10044479370117
2024-07-12,34.603271484375
2024-07-15,34.941349029541016
2024-07-16,34.78225326538086
2024-07-17,35.299312591552734
2024-07-18,35.19987869262695
2024-07-19,35.45840835571289
2024-07-22,33.07197570800781
2024-07-23,32.51514434814453
2024-07-24,33.25095748901367
2024-07-25,33.31061935424805
2024-07-26,33.80779266357422
2024-07-29,33.608924865722656
2024-07-30,33.70835876464844
2024-07-31,33.66858673095703
2024-08-01,32.912879943847656
2024-08-02,32.177066802978516
2024-08-05,31.779325485229492
2024-08-06,32.117401123046875
2024-08-07,32.7338981628418
2024-08-08,33.0123176574707
2024-08-09,32.7736701965332
2024-08-12,33.13163757324219
2024-08-13,33.032203674316406
2024-08-14,33.787906646728516
2024-08-15,34.80213928222656
2024-08-16,34.86180114746094
2024-08-19,35.537960052490234
2024-08-20,35.97547149658203
2024-08-21,35.97547149658203
2024-08-22,35.3192024230957
2024-08-23,35.27942657470703
2024-08-26,36.43286895751953
2024-08-27,35.85614776611328
2024-08-28,35.020896911621094
2024-08-29,34.941349029541016
2024-08-30,35.518070220947266
2024-09-02,34.70270538330078
2024-09-03,34.00666427612305
2024-09-04,34.364627838134766
2024-09-05,34.40439987182617
2024-09-06,34.48394775390625
2024-09-09,35.796485900878906
2024-09-10,36.83060836791992
2024-09-11,36.691402435302734
2024-09-12,37.00959014892578
2024-09-13,37.28800582885742
2024-09-16,37.48687744140625
2024-09-17,38.282352447509766
2024-09-18,38.0834846496582
2024-09-19,40.07217788696289
2024-09-20,41.5040397644043
2024-09-23,41.5438117980957
2024-09-24,41.26539611816406
2024-09-25,37.46699142456055
2024-09-26,37.28800582885742
2024-09-27,38.481224060058594
2024-09-30,38.302242279052734
2024-10-01,38.18292236328125
2024-10-02,37.645973205566406
2024-10-03,37.904502868652344
2024-10-04,38.16303253173828
2024-10-07,38.023826599121094
2024-10-08,38.18292236328125
2024-10-09,39.93296813964844
2024-10-10,39.37613296508789
2024-10-11,44.12911605834961
2024-10-14,44.30809783935547
2024-10-15,45.18312072753906
2024-10-16,45.28255844116211
2024-10-17,44.825157165527344
2024-10-18,44.94447708129883
2024-10-21,45.70018005371094
2024-10-22,45.28255844116211
2024-10-23,46.23712921142578
2024-10-24,46.33656311035156
2024-10-25,47.39057159423828
2024-10-28,47.15192794799805
2024-10-29,47.96729278564453
2024-10-30,47.708763122558594
2024-10-31,47.231475830078125
2024-11-01,47.86785888671875
2024-11-04,49.04118728637695
2024-11-05,47.907630920410156
2024-11-06,46.73430252075195
2024-11-07,41.78245544433594
2024-11-08,43.8506965637207
2024-11-11,44.86492919921875
2024-11-12,44.705833435058594
2024-11-13,45.81950378417969
2024-11-14,45.899051666259766
2024-11-15,45.24278259277344
2024-11-18,45.24278259277344
2024-11-19,45.70018005371094
2024-11-20,46.03825759887695
2024-11-21,45.600746154785156
2024-11-22,46.79396438598633
2024-11-25,46.5950927734375
2024-11-26,47.47011947631836
2024-11-27,47.708763122558594
2024-11-28,48.32525634765625
2024-11-29,48.8820915222168
2024-12-02,50.56253433227539
2024-12-03,51.70603561401367
2024-12-04,51.30829620361328
2024-12-05,51.95462417602539
2024-12-06,54.34105682373047
2024-12-09,53.54557800292969
2024-12-10,53.19755554199219
2024-12-11,54.19190216064453
2024-12-12,54.19190216064453
2024-12-13,52.899253845214844
2024-12-16,52.948970794677734
2024-12-17,51.40773391723633
2024-12-18,50.96027755737305
2024-12-19,50.76140594482422
2024-12-20,49.9659309387207
2024-12-23,49.9659309387207
2024-12-27,51.70603561401367
2024-12-30,50.860843658447266
2025-01-02,51.556884765625
2025-01-03,50.71168899536133
2025-01-07,49.9659309387207
2025-01-08,50.463104248046875
2025-01-09,51.40773391723633
2025-01-10,50.81112289428711
2025-01-13,51.45745086669922
2025-01-14,50.71168899536133
2025-01-15,51.25857925415039
2025-01-16,53.8438835144043
2025-01-17,54.58964538574219
2025-01-20,54.93766403198242
2025-01-21,62.14667892456055
2025-01-22,64.1353759765625
2025-01-23,65.27886962890625
2025-01-24,65.52745819091797
2025-01-27,65.2291488647461
2025-01-28,64.78170013427734
2025-01-29,65.92520141601562
2025-01-30,65.6766128540039
2025-01-31,65.62689208984375
2025-02-03,65.27886962890625
2025-02-04,66.47208404541016
2025-02-05,67.91389465332031
2025-02-06,68.21219635009766
2025-02-07,68.16248321533203
2025-02-10,68.8585205078125
2025-02-11,68.41106414794922
2025-02-12,67.61558532714844
2025-02-13,67.36699676513672
2025-02-14,68.36134338378906
2025-02-17,68.06304168701172
2025-02-18,80.64152526855469
2025-02-19,79.94548797607422
2025-02-20,77.45962524414062
2025-02-21,76.7635726928711
2025-02-24,77.45962524414062
2025-02-25,79.54774475097656
2025-02-26,83.52513885498047
2025-02-27,81.88446044921875
2025-02-28,81.03926849365234
2025-03-03,79.94548797607422
2025-03-04,78.40425109863281
2025-03-05,78.35453796386719
2025-03-06,76.46527862548828
2025-03-07,72.98506164550781
2025-03-10,72.28901672363281
2025-03-11,72.28901672363281
2025-03-12,72.43816375732422
2025-03-13,72.43816375732422
2025-03-14,72.93534088134766
2025-03-17,72.09014892578125
2025-03-18,73.5816650390625
2025-03-19,74.47657775878906
2025-03-20,74.57601165771484
2025-03-21,73.03477478027344
2025-03-24,74.2777099609375
2025-03-25,73.0844955444336
2025-03-26,69.902587890625
2025-03-27,69.7037124633789
2025-03-28,68.21219635009766
2025-03-31,67.4664306640625
2025-04-01,68.0133285522461
2025-04-02,67.76473999023438
2025-04-03,68.3116226196289
2025-04-04,66.72067260742188
2025-04-07,63.33989715576172
2025-04-08,65.97491455078125
2025-04-09,61.599788665771484
2025-04-10,65.37830352783203
2025-04-11,64.83141326904297
2025-04-14,67.36699676513672
2025-04-15,68.60993194580078
2025-04-16,69.25626373291016
2025-04-17,66.72067260742188
2025-04-22,68.60993194580078
2025-04-23,68.95795440673828
2025-04-24,69.00767517089844
2025-04-25,71.64269256591797
2025-04-28,71.99071502685547
2025-04-29,70.79749298095703
2025-04-30,72.33873748779297
2025-05-02,74.72516632080078
2025-05-05,75.62007904052734
2025-05-06,74.52629089355469
2025-05-07,74.57601165771484
2025-05-08,65.47773742675781
2025-05-09,65.5771713256836
2025-05-12,69.05738830566406
2025-05-13,69.05738830566406
2025-05-14,69.05738830566406
2025-05-15,68.36134338378906
2025-05-16,67.76473999023438
2025-05-19,67.86417388916016
2025-05-20,68.0133285522461
2025-05-21,66.86982727050781
2025-05-22,65.2291488647461
2025-05-23,65.08000183105469
2025-05-26,65.5999984741211
2025-05-27,66.0999984741211
2025-05-28,64.3499984741211
2025-05-30,64.69999694824219
2025-06-02,66.94999694824219
2025-06-03,66.9000015258789
2025-06-04,70.0
2025-06-05,69.19999694824219
2025-06-09,68.0
2025-06-10,65.9000015258789
2025-06-11,66.30000305175781
2025-06-12,66.8499984741211
2025-06-13,67.3499984741211
2025-06-16,65.05000305175781
2025-06-17,63.150001525878906
2025-06-18,63.400001525878906
2025-06-19,61.25
2025-06-23,61.5
2025-06-24,62.5
2025-06-25,62.400001525878906
2025-06-26,62.5
2025-06-27,64.0999984741211
2025-06-30,67.0999984741211
2025-07-01,65.4000015258789
2025-07-02,65.0
2025-07-03,66.69999694824219
2025-07-04,66.6500015258789
2025-07-07,67.5
2025-07-08,68.8499984741211
2025-07-09,70.0
2025-07-10,69.0999984741211
2025-07-11,68.1500015258789
2025-07-14,66.5999984741211
2025-07-15,65.25
2025-07-16,64.1500015258789
2025-07-17,63.70000076293945
2025-07-18,59.900001525878906
2025-07-21,54.650001525878906
2025-07-22,53.95000076293945
2025-07-23,54.29999923706055
2025-07-24,52.25
2025-07-25,51.650001525878906
2025-07-28,50.70000076293945
2025-07-29,50.79999923706055
2025-07-30,49.099998474121094
2025-07-31,49.0
2025-08-01,47.939998626708984
2025-08-04,48.380001068115234
2025-08-05,48.439998626708984
2025-08-06,47.5
2025-08-07,47.939998626708984
2025-08-08,46.7400016784668
2025-08-11,46.959999084472656
2025-08-12,45.91999816894531
2025-08-13,45.7400016784668
2025-08-14,47.380001068115234
2025-08-15,47.20000076293945
2025-08-18,47.70000076293945
2025-08-19,47.880001068115234
2025-08-20,46.08000183105469
2025-08-21,46.86000061035156
2025-08-22,46.540000915527344
