Date,V
2015-08-03,70.66433715820312
2015-08-04,70.19802856445312
2015-08-05,69.92756652832031
2015-08-06,68.62188720703125
2015-08-07,69.2094497680664
2015-08-10,69.36799621582031
2015-08-11,68.4167251586914
2015-08-12,68.69696044921875
2015-08-13,69.06128692626953
2015-08-14,69.3321762084961
2015-08-17,69.50968933105469
2015-08-18,69.56570434570312
2015-08-19,69.50035858154297
2015-08-20,69.07996368408203
2015-08-21,66.50173950195312
2015-08-24,63.858097076416016
2015-08-25,62.55964660644531
2015-08-26,66.03466033935547
2015-08-27,67.63203430175781
2015-08-28,67.6880874633789
2015-08-31,66.60450744628906
2015-09-01,64.4185791015625
2015-09-02,65.0351333618164
2015-09-03,65.76377868652344
2015-09-04,64.60543823242188
2015-09-08,65.88519287109375
2015-09-09,65.01644134521484
2015-09-10,65.6049575805664
2015-09-11,66.10004425048828
2015-09-14,65.39944458007812
2015-09-15,65.86650848388672
2015-09-16,66.31491088867188
2015-09-17,66.2868881225586
2015-09-18,65.19393920898438
2015-09-21,66.11872100830078
2015-09-22,65.62362670898438
2015-09-23,66.27753448486328
2015-09-24,65.61426544189453
2015-09-25,66.03466033935547
2015-09-28,62.77450942993164
2015-09-29,64.01690673828125
2015-09-30,65.07251739501953
2015-10-01,65.38075256347656
2015-10-02,66.01597595214844
2015-10-05,67.4732437133789
2015-10-06,67.33312225341797
2015-10-07,68.3980484008789
2015-10-08,69.03326416015625
2015-10-09,69.10802459716797
2015-10-12,70.05146789550781
2015-10-13,70.06082153320312
2015-10-14,69.31352233886719
2015-10-15,70.37841796875
2015-10-16,70.99494171142578
2015-10-19,71.91976165771484
2015-10-20,71.25651550292969
2015-10-21,70.49053955078125
2015-10-22,71.38732147216797
2015-10-23,71.99449157714844
2015-10-26,73.03140258789062
2015-10-27,72.41486358642578
2015-10-28,73.67597198486328
2015-10-29,73.33966064453125
2015-10-30,72.47090148925781
2015-11-02,70.26634979248047
2015-11-03,72.76984405517578
2015-11-04,73.19020080566406
2015-11-05,74.040283203125
2015-11-06,73.56385803222656
2015-11-09,72.90062713623047
2015-11-10,74.37923431396484
2015-11-11,74.09847259521484
2015-11-12,73.28429412841797
2015-11-13,73.09712219238281
2015-11-16,73.8364486694336
2015-11-17,73.77095031738281
2015-11-18,75.29634094238281
2015-11-19,75.00623321533203
2015-11-20,75.04367065429688
2015-11-23,74.96878814697266
2015-11-24,74.6693344116211
2015-11-25,74.45407104492188
2015-11-27,74.71612548828125
2015-11-30,73.93940734863281
2015-12-01,74.78162384033203
2015-12-02,73.96743774414062
2015-12-03,73.2656021118164
2015-12-04,75.24018096923828
2015-12-07,74.44473266601562
2015-12-08,73.99553680419922
2015-12-09,72.88191223144531
2015-12-10,73.10649108886719
2015-12-11,71.22549438476562
2015-12-14,71.93672943115234
2015-12-15,73.57442474365234
2015-12-16,74.73484802246094
2015-12-17,73.63992309570312
2015-12-18,71.42202758789062
2015-12-21,72.21745300292969
2015-12-22,72.41398620605469
2015-12-23,73.51824188232422
2015-12-24,73.23751831054688
2015-12-28,73.49019622802734
2015-12-29,74.12652587890625
2015-12-30,73.32176971435547
2015-12-31,72.5730972290039
2016-01-04,70.84181213378906
2016-01-05,71.3752212524414
2016-01-06,70.43941497802734
2016-01-07,69.05438995361328
2016-01-08,68.20276641845703
2016-01-11,69.17606353759766
2016-01-12,69.96215057373047
2016-01-13,68.40867614746094
2016-01-14,69.06376647949219
2016-01-15,67.22017669677734
2016-01-19,66.80840301513672
2016-01-20,66.14398193359375
2016-01-21,66.96752166748047
2016-01-22,68.03435516357422
2016-01-25,67.13595581054688
2016-01-26,67.26695251464844
2016-01-27,66.3592300415039
2016-01-28,64.88059997558594
2016-01-29,69.70947265625
2016-02-01,69.60652923583984
2016-02-02,68.68941497802734
2016-02-03,69.60652923583984
2016-02-04,68.9514389038086
2016-02-05,66.94878387451172
2016-02-08,63.42074203491211
2016-02-09,63.94478988647461
2016-02-10,65.64800262451172
2016-02-11,64.0758285522461
2016-02-12,65.90066528320312
2016-02-16,66.5369873046875
2016-02-17,67.54029846191406
2016-02-18,66.79956817626953
2016-02-19,67.07148742675781
2016-02-22,68.50614929199219
2016-02-23,67.65284729003906
2016-02-24,67.37154388427734
2016-02-25,68.70303344726562
2016-02-26,68.19670867919922
2016-02-29,67.87789916992188
2016-03-01,69.98764038085938
2016-03-02,69.66883087158203
2016-03-03,69.30316162109375
2016-03-04,69.29375457763672
2016-03-07,67.45592498779297
2016-03-08,66.21825408935547
2016-03-09,66.27445983886719
2016-03-10,65.84313201904297
2016-03-11,67.16526794433594
2016-03-14,67.03398132324219
2016-03-15,67.42781829833984
2016-03-16,67.85914611816406
2016-03-17,68.58114624023438
2016-03-18,69.1812515258789
2016-03-21,69.171875
2016-03-22,68.4123764038086
2016-03-23,69.30316162109375
2016-03-24,69.51881408691406
2016-03-28,69.46255493164062
2016-03-29,70.68150329589844
2016-03-30,71.99425506591797
2016-03-31,71.71296691894531
2016-04-01,72.7537841796875
2016-04-04,72.97884368896484
2016-04-05,72.17243957519531
2016-04-06,73.33512878417969
2016-04-07,72.74442291259766
2016-04-08,73.16634368896484
2016-04-11,72.96944427490234
2016-04-12,73.62579345703125
2016-04-13,74.74163818359375
2016-04-14,75.322998046875
2016-04-15,75.08858489990234
2016-04-18,76.3731689453125
2016-04-19,75.71680450439453
2016-04-20,76.09188079833984
2016-04-21,75.75430297851562
2016-04-22,74.17901611328125
2016-04-25,73.26948547363281
2016-04-26,73.63517761230469
2016-04-27,73.85083770751953
2016-04-28,72.83818054199219
2016-04-29,72.42559814453125
2016-05-02,73.56954956054688
2016-05-03,72.37870025634766
2016-05-04,72.26618194580078
2016-05-05,72.53813171386719
2016-05-06,72.87567901611328
2016-05-09,73.3445053100586
2016-05-10,74.26342010498047
2016-05-11,72.61019897460938
2016-05-12,73.1644287109375
2016-05-13,72.1687240600586
2016-05-16,73.07987213134766
2016-05-17,72.13114166259766
2016-05-18,72.73230743408203
2016-05-19,72.21568298339844
2016-05-20,72.95774841308594
2016-05-23,72.52566528320312
2016-05-24,74.56398010253906
2016-05-25,74.26342010498047
2016-05-26,74.2070541381836
2016-05-27,74.82701110839844
2016-05-31,74.15071105957031
2016-06-01,74.41372680664062
2016-06-02,75.09941864013672
2016-06-03,75.09002685546875
2016-06-06,75.65363311767578
2016-06-07,75.70996856689453
2016-06-08,76.6962890625
2016-06-09,76.32994842529297
2016-06-10,75.31549835205078
2016-06-13,73.64344787597656
2016-06-14,73.80316925048828
2016-06-15,73.42738342285156
2016-06-16,73.59649658203125
2016-06-17,72.31902313232422
2016-06-20,72.64777374267578
2016-06-21,72.63838195800781
2016-06-22,71.88690185546875
2016-06-23,73.4837875366211
2016-06-24,70.4967041015625
2016-06-27,68.89045715332031
2016-06-28,70.60003662109375
2016-06-29,72.08417510986328
2016-06-30,69.67011260986328
2016-07-01,69.9613037109375
2016-07-05,70.13976287841797
2016-07-06,69.5667724609375
2016-07-07,69.98948669433594
2016-07-08,71.78360748291016
2016-07-11,71.87752532958984
2016-07-12,72.7792739868164
2016-07-13,72.7604751586914
2016-07-14,73.39923095703125
2016-07-15,73.54952239990234
2016-07-18,73.55894470214844
2016-07-19,73.94404602050781
2016-07-20,74.54521179199219
2016-07-21,74.00980377197266
2016-07-22,75.06185913085938
2016-07-25,74.15071105957031
2016-07-26,73.7280044555664
2016-07-27,73.76555633544922
2016-07-28,74.38553619384766
2016-07-29,73.31468963623047
2016-08-01,73.51195526123047
2016-08-02,73.53075408935547
2016-08-03,73.9346694946289
2016-08-04,74.6579360961914
2016-08-05,75.27790069580078
2016-08-08,75.09941864013672
2016-08-09,75.2027359008789
2016-08-10,74.84581756591797
2016-08-11,75.25911712646484
2016-08-12,75.16519927978516
2016-08-15,76.00115966796875
2016-08-16,75.90725708007812
2016-08-17,76.06721496582031
2016-08-18,75.5308609008789
2016-08-19,75.71906280517578
2016-08-22,76.27422332763672
2016-08-23,76.02957153320312
2016-08-24,75.5496826171875
2016-08-25,75.57794952392578
2016-08-26,75.81315612792969
2016-08-29,76.09545135498047
2016-08-30,76.37770080566406
2016-08-31,76.12364959716797
2016-09-01,76.50006103515625
2016-09-02,77.15873718261719
2016-09-06,77.65740966796875
2016-09-07,78.32552337646484
2016-09-08,78.07146453857422
2016-09-09,76.52828979492188
2016-09-12,78.07146453857422
2016-09-13,77.05522918701172
2016-09-14,76.6788558959961
2016-09-15,77.16812896728516
2016-09-16,77.224609375
2016-09-19,77.63861846923828
2016-09-20,77.61040496826172
2016-09-21,78.30670928955078
2016-09-22,78.43842315673828
2016-09-23,77.66683959960938
2016-09-26,76.9799575805664
2016-09-27,77.30928039550781
2016-09-28,78.07146453857422
2016-09-29,77.08343505859375
2016-09-30,77.81739044189453
2016-10-03,77.96795654296875
2016-10-04,77.84561157226562
2016-10-05,78.42901611328125
2016-10-06,78.43842315673828
2016-10-07,77.98677825927734
2016-10-10,78.21261596679688
2016-10-11,77.19635772705078
2016-10-12,77.39395904541016
2016-10-13,77.03641510009766
2016-10-14,77.58216094970703
2016-10-17,77.29985809326172
2016-10-18,76.7635269165039
2016-10-19,77.92091369628906
2016-10-20,77.62921905517578
2016-10-21,77.48807525634766
2016-10-24,78.25965118408203
2016-10-25,77.18695068359375
2016-10-26,76.92346954345703
2016-10-27,77.08343505859375
2016-10-28,77.36573028564453
2016-10-31,77.63861846923828
2016-11-01,76.80116271972656
2016-11-02,75.82255554199219
2016-11-03,75.88843536376953
2016-11-04,75.61555480957031
2016-11-07,77.63861846923828
2016-11-08,77.98677825927734
2016-11-09,78.32552337646484
2016-11-10,77.03641510009766
2016-11-11,77.04581451416016
2016-11-14,73.75244140625
2016-11-15,73.93125915527344
2016-11-16,75.51065826416016
2016-11-17,76.44416809082031
2016-11-18,76.20844268798828
2016-11-21,77.02879333496094
2016-11-22,75.36923217773438
2016-11-23,75.02973937988281
2016-11-25,75.55782318115234
2016-11-28,74.56771850585938
2016-11-29,74.63373565673828
2016-11-30,72.90812683105469
2016-12-01,71.1259994506836
2016-12-02,71.39945220947266
2016-12-05,72.89873504638672
2016-12-06,72.71014404296875
2016-12-07,74.78459167480469
2016-12-08,74.75630187988281
2016-12-09,74.62430572509766
2016-12-12,74.02082061767578
2016-12-13,74.68089294433594
2016-12-14,74.6148681640625
2016-12-15,74.9637451171875
2016-12-16,73.87936401367188
2016-12-19,73.64361572265625
2016-12-20,73.88880157470703
2016-12-21,73.68134307861328
2016-12-22,73.45507049560547
2016-12-23,73.69076538085938
2016-12-27,73.87936401367188
2016-12-28,73.83220672607422
2016-12-29,73.86050415039062
2016-12-30,73.5682144165039
2017-01-03,74.9637451171875
2017-01-04,75.5766830444336
2017-01-05,76.46302795410156
2017-01-06,77.51910400390625
2017-01-09,77.08537292480469
2017-01-10,76.67047119140625
2017-01-11,77.13252258300781
2017-01-12,76.7270736694336
2017-01-13,76.53844451904297
2017-01-17,76.62334442138672
2017-01-18,76.93450164794922
2017-01-19,77.06653594970703
2017-01-20,77.17025756835938
2017-01-23,77.46255493164062
2017-01-24,78.48091125488281
2017-01-25,79.11270141601562
2017-01-26,78.49034118652344
2017-01-27,78.99011993408203
2017-01-30,78.92411041259766
2017-01-31,77.9906005859375
2017-02-01,77.73599243164062
2017-02-02,77.6039810180664
2017-02-03,81.16828155517578
2017-02-06,80.9325942993164
2017-02-07,80.88542175292969
2017-02-08,80.23478698730469
2017-02-09,80.69684600830078
2017-02-10,80.99857330322266
2017-02-13,81.50774383544922
2017-02-14,81.89437866210938
2017-02-15,82.70208740234375
2017-02-16,82.57931518554688
2017-02-17,82.62652587890625
2017-02-21,83.06108856201172
2017-02-22,82.94776153564453
2017-02-23,83.3067626953125
2017-02-24,83.54296112060547
2017-02-27,83.13670349121094
2017-02-28,83.08001708984375
2017-03-01,84.07196807861328
2017-03-02,83.63741302490234
2017-03-03,83.88302612304688
2017-03-06,84.0247573852539
2017-03-07,84.13812255859375
2017-03-08,84.04363250732422
2017-03-09,84.18535614013672
2017-03-10,84.77111053466797
2017-03-13,85.1301040649414
2017-03-14,84.60101318359375
2017-03-15,84.95057678222656
2017-03-16,85.06396484375
2017-03-17,85.25289154052734
2017-03-20,84.25148010253906
2017-03-21,83.19337463378906
2017-03-22,83.62794494628906
2017-03-23,83.94915771484375
2017-03-24,84.26094818115234
2017-03-27,84.0341796875
2017-03-28,84.19477844238281
2017-03-29,84.25148010253906
2017-03-30,84.09087371826172
2017-03-31,83.95862579345703
2017-04-03,84.42154693603516
2017-04-04,83.87358093261719
2017-04-05,84.10977172851562
2017-04-06,84.16645050048828
2017-04-07,83.83578491210938
2017-04-10,83.94915771484375
2017-04-11,83.9397201538086
2017-04-12,83.77913665771484
2017-04-13,83.95862579345703
2017-04-17,84.8466796875
2017-04-18,84.77111053466797
2017-04-19,84.78998565673828
2017-04-20,86.11260986328125
2017-04-21,86.11260986328125
2017-04-24,86.77392578125
2017-04-25,87.0195541381836
2017-04-26,86.74555969238281
2017-04-27,86.53775024414062
2017-04-28,86.17874145507812
2017-05-01,86.21653747558594
2017-05-02,87.42578125
2017-05-03,87.33131408691406
2017-05-04,87.50139617919922
2017-05-05,87.00064849853516
2017-05-08,86.84003448486328
2017-05-09,86.9156494140625
2017-05-10,87.15180206298828
2017-05-11,87.01012420654297
2017-05-12,87.60528564453125
2017-05-15,88.07767486572266
2017-05-16,88.00206756591797
2017-05-17,86.84273529052734
2017-05-18,86.79539489746094
2017-05-19,87.5241470336914
2017-05-22,88.30965423583984
2017-05-23,88.83018493652344
2017-05-24,89.72929382324219
2017-05-25,89.94696044921875
2017-05-26,89.59676361083984
2017-05-30,89.64411926269531
2017-05-31,90.12679290771484
2017-06-01,90.28765869140625
2017-06-02,90.99746704101562
2017-06-05,91.37606048583984
2017-06-06,90.65676879882812
2017-06-07,90.94065856933594
2017-06-08,90.94065856933594
2017-06-09,89.49266815185547
2017-06-12,88.48948669433594
2017-06-13,89.98481750488281
2017-06-14,90.21195983886719
2017-06-15,89.12357330322266
2017-06-16,89.12357330322266
2017-06-19,89.71033477783203
2017-06-20,89.32234191894531
2017-06-21,89.4737548828125
2017-06-22,88.91536712646484
2017-06-23,90.45804595947266
2017-06-26,90.11730194091797
2017-06-27,89.81444549560547
2017-06-28,91.07317352294922
2017-06-29,89.36016845703125
2017-06-30,88.75447082519531
2017-07-03,88.34749603271484
2017-07-05,88.97216033935547
2017-07-06,88.25286102294922
2017-07-07,88.88695526123047
2017-07-10,89.99427795410156
2017-07-11,90.29711151123047
2017-07-12,91.02587127685547
2017-07-13,90.79873657226562
2017-07-14,91.73568725585938
2017-07-17,91.6410140991211
2017-07-18,92.35082244873047
2017-07-19,92.98495483398438
2017-07-20,92.85244750976562
2017-07-21,94.26258087158203
2017-07-24,94.99132537841797
2017-07-25,94.6316909790039
2017-07-26,95.44560241699219
2017-07-27,94.23422241210938
2017-07-28,93.83672332763672
2017-07-31,94.22473907470703
2017-08-01,95.46454620361328
2017-08-02,95.85255432128906
2017-08-03,95.19953918457031
2017-08-04,95.48346710205078
2017-08-07,96.05131530761719
2017-08-08,95.85255432128906
2017-08-09,95.55917358398438
2017-08-10,94.15848541259766
2017-08-11,94.72632598876953
2017-08-14,96.41094207763672
2017-08-15,97.1302261352539
2017-08-16,97.9406967163086
2017-08-17,96.84107971191406
2017-08-18,97.17286682128906
2017-08-21,97.84591674804688
2017-08-22,98.65164947509766
2017-08-23,97.80799865722656
2017-08-24,97.84591674804688
2017-08-25,97.96912384033203
2017-08-28,98.37674713134766
2017-08-29,98.36726379394531
2017-08-30,98.32936096191406
2017-08-31,98.13026428222656
2017-09-01,98.49051666259766
2017-09-05,97.64684295654297
2017-09-06,97.80799865722656
2017-09-07,99.11614227294922
2017-09-08,98.99292755126953
2017-09-11,100.62333679199219
2017-09-12,100.68022918701172
2017-09-13,100.32003021240234
2017-09-14,100.5570068359375
2017-09-15,99.81761169433594
2017-09-18,99.3720932006836
2017-09-19,99.92192077636719
2017-09-20,99.50479125976562
2017-09-21,99.82711029052734
2017-09-22,100.06405639648438
2017-09-25,97.65631866455078
2017-09-26,97.58047485351562
2017-09-27,98.48102569580078
2017-09-28,99.13510131835938
2017-09-29,99.76073455810547
2017-10-02,99.9503173828125
2017-10-03,100.09249114990234
2017-10-04,99.82711029052734
2017-10-05,100.70867919921875
2017-10-06,101.17314910888672
2017-10-09,101.43859100341797
2017-10-10,101.72297668457031
2017-10-11,102.79413604736328
2017-10-12,102.4813232421875
2017-10-13,103.00267028808594
2017-10-16,102.66141510009766
2017-10-17,101.9410171508789
2017-10-18,102.18744659423828
2017-10-19,101.44805908203125
2017-10-20,101.95046997070312
2017-10-23,101.9314956665039
2017-10-24,102.7657241821289
2017-10-25,103.78945922851562
2017-10-26,104.08334350585938
2017-10-27,103.9980239868164
2017-10-30,104.31082916259766
2017-10-31,104.25396728515625
2017-11-01,105.28721618652344
2017-11-02,105.2018814086914
2017-11-03,105.56209564208984
2017-11-06,106.09295654296875
2017-11-07,106.25409698486328
2017-11-08,106.61432647705078
2017-11-09,106.30149841308594
2017-11-10,106.05504608154297
2017-11-13,105.60002899169922
2017-11-14,106.14982604980469
2017-11-15,104.5098876953125
2017-11-16,105.42626190185547
2017-11-17,104.28672790527344
2017-11-20,104.41019439697266
2017-11-21,105.83460235595703
2017-11-22,105.23635864257812
2017-11-24,106.32842254638672
2017-11-27,106.71774291992188
2017-11-28,107.64838409423828
2017-11-29,104.3247299194336
2017-11-30,106.91715240478516
2017-12-01,105.15089416503906
2017-12-04,102.01715850830078
2017-12-05,103.1092300415039
2017-12-06,104.21075439453125
2017-12-07,105.7871322631836
2017-12-08,106.92668151855469
2017-12-11,106.70823669433594
2017-12-12,107.74334716796875
2017-12-13,107.60089874267578
2017-12-14,107.23056030273438
2017-12-15,108.08518981933594
2017-12-18,107.82881927490234
2017-12-19,106.4898452758789
2017-12-20,106.47087860107422
2017-12-21,106.7462387084961
2017-12-22,107.01213073730469
2017-12-26,107.2969970703125
2017-12-27,108.2751235961914
2017-12-28,108.58848571777344
2017-12-29,108.2751235961914
2018-01-02,108.74043273925781
2018-01-03,109.8229751586914
2018-01-04,110.23133087158203
2018-01-05,112.87126159667969
2018-01-08,113.32707214355469
2018-01-09,113.1086654663086
2018-01-10,112.98521423339844
2018-01-11,113.80189514160156
2018-01-12,114.03929901123047
2018-01-16,114.32416534423828
2018-01-17,115.83407592773438
2018-01-18,116.90715026855469
2018-01-19,116.51776123046875
2018-01-22,118.06566619873047
2018-01-23,118.3695297241211
2018-01-24,118.27458190917969
2018-01-25,118.91080474853516
2018-01-26,119.95538330078125
2018-01-29,118.54997253417969
2018-01-30,117.324951171875
2018-01-31,117.97071075439453
2018-02-01,119.3856201171875
2018-02-02,114.8179931640625
2018-02-05,110.41175079345703
2018-02-06,113.92533874511719
2018-02-07,113.62145233154297
2018-02-08,108.12318420410156
2018-02-09,110.45921325683594
2018-02-12,112.50090789794922
2018-02-13,112.38693237304688
2018-02-14,114.74199676513672
2018-02-15,116.32109069824219
2018-02-16,115.91206359863281
2018-02-20,116.06427764892578
2018-02-21,114.56126403808594
2018-02-22,114.51368713378906
2018-02-23,116.93942260742188
2018-02-26,118.51852416992188
2018-02-27,117.3580093383789
2018-02-28,116.94893646240234
2018-03-01,114.5327377319336
2018-03-02,114.88467407226562
2018-03-05,115.94058990478516
2018-03-06,115.16056823730469
2018-03-07,115.91206359863281
2018-03-08,116.26403045654297
2018-03-09,118.44241333007812
2018-03-12,118.18559265136719
2018-03-13,117.19627380371094
2018-03-14,116.60648345947266
2018-03-15,117.39602661132812
2018-03-16,118.4614486694336
2018-03-19,117.2057876586914
2018-03-20,118.82295227050781
2018-03-21,117.21530151367188
2018-03-22,114.14269256591797
2018-03-23,111.29841613769531
2018-03-26,114.76102447509766
2018-03-27,111.67891693115234
2018-03-28,111.28889465332031
2018-03-29,113.79073333740234
2018-04-02,112.62065887451172
2018-04-03,113.39119720458984
2018-04-04,113.97146606445312
2018-04-05,115.28422546386719
2018-04-06,111.96430206298828
2018-04-09,113.00115203857422
2018-04-10,114.83714294433594
2018-04-11,113.94293975830078
2018-04-12,115.1700668334961
2018-04-13,114.86567687988281
2018-04-16,115.94058990478516
2018-04-17,117.76703643798828
2018-04-18,118.41389465332031
2018-04-19,117.91924285888672
2018-04-20,118.14751434326172
2018-04-23,118.39484405517578
2018-04-24,115.36031341552734
2018-04-25,115.3032455444336
2018-04-26,120.88719177246094
2018-04-27,119.86935424804688
2018-04-30,120.69694519042969
2018-05-01,121.29622650146484
2018-05-02,120.22130584716797
2018-05-03,120.98231506347656
2018-05-04,121.9145736694336
2018-05-07,122.96094512939453
2018-05-08,123.56977844238281
2018-05-09,124.46394348144531
2018-05-10,124.61613464355469
2018-05-11,125.39620208740234
2018-05-14,124.8159408569336
2018-05-15,124.71129608154297
2018-05-16,124.51150512695312
2018-05-17,123.79694366455078
2018-05-18,123.79694366455078
2018-05-21,124.49243927001953
2018-05-22,124.54008483886719
2018-05-23,125.6548843383789
2018-05-24,125.66439819335938
2018-05-25,125.08319854736328
2018-05-29,123.5682373046875
2018-05-30,124.47340393066406
2018-05-31,124.54960632324219
2018-06-01,124.67350769042969
2018-06-04,126.7886962890625
2018-06-05,127.25555419921875
2018-06-06,129.84716796875
2018-06-07,127.52236938476562
2018-06-08,128.37986755371094
2018-06-11,127.589111328125
2018-06-12,128.49423217773438
2018-06-13,128.05592346191406
2018-06-14,128.6276092529297
2018-06-15,128.722900390625
2018-06-18,129.77093505859375
2018-06-19,128.73243713378906
2018-06-20,129.10403442382812
2018-06-21,128.17977905273438
2018-06-22,128.94203186035156
2018-06-25,124.74969482421875
2018-06-26,126.29326629638672
2018-06-27,124.83544921875
2018-06-28,126.47430419921875
2018-06-29,126.197998046875
2018-07-02,126.24562072753906
2018-07-03,125.24517822265625
2018-07-05,126.99834442138672
2018-07-06,127.7605972290039
2018-07-09,129.12303161621094
2018-07-10,130.2378692626953
2018-07-11,131.62890625
2018-07-12,133.29629516601562
2018-07-13,132.8389434814453
2018-07-16,131.92433166503906
2018-07-17,133.048583984375
2018-07-18,134.2490997314453
2018-07-19,133.51541137695312
2018-07-20,134.3348388671875
2018-07-23,133.42019653320312
2018-07-24,133.42019653320312
2018-07-25,135.90699768066406
2018-07-26,135.77354431152344
2018-07-27,134.0680694580078
2018-07-30,130.03773498535156
2018-07-31,130.28550720214844
2018-08-01,131.7241973876953
2018-08-02,132.36256408691406
2018-08-03,133.22007751464844
2018-08-06,133.11526489257812
2018-08-07,133.65838623046875
2018-08-08,134.03948974609375
2018-08-09,133.40110778808594
2018-08-10,133.13429260253906
2018-08-13,133.59165954589844
2018-08-14,134.11570739746094
2018-08-15,133.31536865234375
2018-08-16,134.21234130859375
2018-08-17,134.86123657226562
2018-08-20,134.4890594482422
2018-08-21,133.63023376464844
2018-08-22,134.679931640625
2018-08-23,135.59596252441406
2018-08-24,137.599853515625
2018-08-27,138.7449188232422
2018-08-28,138.55409240722656
2018-08-29,140.30030822753906
2018-08-30,140.0236053466797
2018-08-31,140.16671752929688
2018-09-04,141.03509521484375
2018-09-05,136.13983154296875
2018-09-06,137.88612365722656
2018-09-07,136.6456298828125
2018-09-10,137.48533630371094
2018-09-11,138.83082580566406
2018-09-12,139.8613739013672
2018-09-13,140.87289428710938
2018-09-14,141.07322692871094
2018-09-17,139.48919677734375
2018-09-18,140.87289428710938
2018-09-19,140.67247009277344
2018-09-20,142.40916442871094
2018-09-21,143.18211364746094
2018-09-24,142.2851104736328
2018-09-25,142.7335968017578
2018-09-26,142.4377899169922
2018-09-27,143.1534881591797
2018-09-28,143.2202911376953
2018-10-01,143.8882293701172
2018-10-02,142.81947326660156
2018-10-03,142.533203125
2018-10-04,140.04270935058594
2018-10-05,138.70669555664062
2018-10-08,135.39556884765625
2018-10-09,135.79637145996094
2018-10-10,129.31719970703125
2018-10-11,127.60907745361328
2018-10-12,133.6493377685547
2018-10-15,130.94888305664062
2018-10-16,135.25242614746094
2018-10-17,135.92996215820312
2018-10-18,132.91458129882812
2018-10-19,133.66842651367188
2018-10-22,134.2028350830078
2018-10-23,132.7523651123047
2018-10-24,128.1148223876953
2018-10-25,134.08828735351562
2018-10-26,131.435546875
2018-10-29,128.18162536621094
2018-10-30,126.68345642089844
2018-10-31,131.54049682617188
2018-11-01,134.38414001464844
2018-11-02,133.38218688964844
2018-11-05,133.40122985839844
2018-11-06,134.34593200683594
2018-11-07,138.1532745361328
2018-11-08,138.5827178955078
2018-11-09,137.34219360351562
2018-11-12,133.3248748779297
2018-11-13,133.3248748779297
2018-11-14,133.10545349121094
2018-11-15,135.59088134765625
2018-11-16,134.00399780273438
2018-11-19,128.8228302001953
2018-11-20,127.49407196044922
2018-11-21,128.497802734375
2018-11-23,127.01605987548828
2018-11-26,129.9508819580078
2018-11-27,129.922119140625
2018-11-28,135.1511688232422
2018-11-29,132.9715576171875
2018-11-30,135.46661376953125
2018-12-03,138.6116943359375
2018-12-04,132.53187561035156
2018-12-06,134.83566284179688
2018-12-07,131.0692596435547
2018-12-10,131.8053741455078
2018-12-11,130.782470703125
2018-12-12,131.72886657714844
2018-12-13,131.48031616210938
2018-12-14,129.13827514648438
2018-12-17,125.61083221435547
2018-12-18,126.81531524658203
2018-12-19,125.47702026367188
2018-12-20,123.08714294433594
2018-12-21,118.7854232788086
2018-12-24,116.36686706542969
2018-12-26,124.49236297607422
2018-12-27,126.19396209716797
2018-12-28,125.171142578125
2018-12-31,126.12708282470703
2019-01-02,127.0638656616211
2019-01-03,122.48491668701172
2019-01-04,127.76165008544922
2019-01-07,130.06558227539062
2019-01-08,130.77291870117188
2019-01-09,132.31202697753906
2019-01-10,132.56057739257812
2019-01-11,131.9774627685547
2019-01-14,131.05972290039062
2019-01-15,131.2891387939453
2019-01-16,131.2891387939453
2019-01-17,131.23178100585938
2019-01-18,132.3979949951172
2019-01-22,131.9678497314453
2019-01-23,130.9737091064453
2019-01-24,131.63327026367188
2019-01-25,132.56057739257812
2019-01-28,129.99864196777344
2019-01-29,129.05221557617188
2019-01-30,131.53768920898438
2019-01-31,129.0618133544922
2019-02-01,133.975341796875
2019-02-04,135.2659149169922
2019-02-05,136.25051879882812
2019-02-06,135.25633239746094
2019-02-07,133.99449157714844
2019-02-08,134.19525146484375
2019-02-11,134.5967254638672
2019-02-12,135.7342987060547
2019-02-13,137.16822814941406
2019-02-14,137.0916290283203
2019-02-15,138.76739501953125
2019-02-19,138.31729125976562
2019-02-20,138.59506225585938
2019-02-21,137.89596557617188
2019-02-22,139.68667602539062
2019-02-25,139.86863708496094
2019-02-26,140.80711364746094
2019-02-27,140.9794921875
2019-02-28,141.84136962890625
2019-03-01,143.13414001464844
2019-03-04,141.68814086914062
2019-03-05,141.67857360839844
2019-03-06,141.54449462890625
2019-03-07,140.60598754882812
2019-03-08,141.10397338867188
2019-03-11,144.28323364257812
2019-03-12,145.29832458496094
2019-03-13,146.00694274902344
2019-03-14,147.66363525390625
2019-03-15,148.8701934814453
2019-03-18,148.39141845703125
2019-03-19,148.03709411621094
2019-03-20,147.23269653320312
2019-03-21,149.19577026367188
2019-03-22,146.58154296875
2019-03-25,146.543212890625
2019-03-26,148.71697998046875
2019-03-27,147.6827850341797
2019-03-28,148.1136932373047
2019-03-29,149.56927490234375
2019-04-01,150.5939178466797
2019-04-02,151.09185791015625
2019-04-03,151.7430419921875
2019-04-04,150.95782470703125
2019-04-05,150.96739196777344
2019-04-08,151.06304931640625
2019-04-09,150.81419372558594
2019-04-10,151.83876037597656
2019-04-11,151.16844177246094
2019-04-12,152.873046875
2019-04-15,153.63914489746094
2019-04-16,153.43797302246094
2019-04-17,153.63914489746094
2019-04-18,153.37095642089844
2019-04-22,153.6007843017578
2019-04-23,154.80738830566406
2019-04-24,154.64463806152344
2019-04-25,154.19451904296875
2019-04-26,156.02352905273438
2019-04-29,157.19183349609375
2019-04-30,157.4600067138672
2019-05-01,155.88951110839844
2019-05-02,154.29026794433594
2019-05-03,155.17127990722656
2019-05-06,155.401123046875
2019-05-07,153.4188690185547
2019-05-08,153.945556640625
2019-05-09,153.03582763671875
2019-05-10,153.8976593017578
2019-05-13,150.6609344482422
2019-05-14,153.4188690185547
2019-05-15,155.88951110839844
2019-05-16,158.12413024902344
2019-05-17,157.37608337402344
2019-05-20,156.78143310546875
2019-05-21,157.15548706054688
2019-05-22,157.51992797851562
2019-05-23,154.901611328125
2019-05-24,155.98536682128906
2019-05-28,157.0116424560547
2019-05-29,156.07171630859375
2019-05-30,156.10047912597656
2019-05-31,154.72897338867188
2019-06-03,152.11070251464844
2019-06-04,155.68807983398438
2019-06-05,158.62283325195312
2019-06-06,160.09030151367188
2019-06-07,163.0922393798828
2019-06-10,163.83067321777344
2019-06-11,163.341552734375
2019-06-12,164.5692138671875
2019-06-13,162.4208526611328
2019-06-14,162.71820068359375
2019-06-17,162.62228393554688
2019-06-18,162.35374450683594
2019-06-19,163.7060089111328
2019-06-20,166.6312255859375
2019-06-21,166.343505859375
2019-06-24,166.73670959472656
2019-06-25,164.27186584472656
2019-06-26,164.06085205078125
2019-06-27,164.22389221191406
2019-06-28,166.44900512695312
2019-07-01,166.8230438232422
2019-07-02,168.1082000732422
2019-07-03,169.63314819335938
2019-07-05,169.43177795410156
2019-07-08,168.98095703125
2019-07-09,170.4579620361328
2019-07-10,171.9733428955078
2019-07-11,173.3448028564453
2019-07-12,172.95156860351562
2019-07-15,173.18177795410156
2019-07-16,171.9733428955078
2019-07-17,171.8198699951172
2019-07-18,173.14341735839844
2019-07-19,171.90615844726562
2019-07-22,173.18177795410156
2019-07-23,173.49827575683594
2019-07-24,175.82887268066406
2019-07-25,174.16001892089844
2019-07-26,176.17413330078125
2019-07-29,175.71377563476562
2019-07-30,174.1024932861328
2019-07-31,170.71693420410156
2019-08-01,171.83905029296875
2019-08-02,170.16067504882812
2019-08-05,161.950927734375
2019-08-06,165.42274475097656
2019-08-07,168.14657592773438
2019-08-08,172.5391845703125
2019-08-09,171.72396850585938
2019-08-12,169.12484741210938
2019-08-13,171.30197143554688
2019-08-14,166.41061401367188
2019-08-15,169.30166625976562
2019-08-16,171.18411254882812
2019-08-19,172.63449096679688
2019-08-20,172.1542205810547
2019-08-21,173.78701782226562
2019-08-22,172.9706573486328
2019-08-23,168.302734375
2019-08-26,170.56944274902344
2019-08-27,171.3282012939453
2019-08-28,171.60678100585938
2019-08-29,174.0079345703125
2019-08-30,173.6717529296875
2019-09-03,172.11581420898438
2019-09-04,174.5841827392578
2019-09-05,177.4272003173828
2019-09-06,178.3972625732422
2019-09-09,174.37289428710938
2019-09-10,169.3784942626953
2019-09-11,168.06260681152344
2019-09-12,170.94403076171875
2019-09-13,170.2620849609375
2019-09-16,169.14797973632812
2019-09-17,169.47451782226562
2019-09-18,168.36041259765625
2019-09-19,169.00390625
2019-09-20,167.17901611328125
2019-09-23,167.99542236328125
2019-09-24,167.5823974609375
2019-09-25,168.3507843017578
2019-09-26,168.70614624023438
2019-09-27,167.1214141845703
2019-09-30,165.21002197265625
2019-10-01,167.39991760253906
2019-10-02,163.1162567138672
2019-10-03,166.03607177734375
2019-10-04,169.02308654785156
2019-10-07,167.98577880859375
2019-10-08,165.6038055419922
2019-10-09,167.96656799316406
2019-10-10,167.96656799316406
2019-10-11,170.0604248046875
2019-10-14,170.34854125976562
2019-10-15,171.68360900878906
2019-10-16,170.83834838867188
2019-10-17,170.90562438964844
2019-10-18,168.7637939453125
2019-10-21,169.455322265625
2019-10-22,164.1055145263672
2019-10-23,164.54736328125
2019-10-24,169.19601440429688
2019-10-25,170.81915283203125
2019-10-28,172.73049926757812
2019-10-29,170.60792541503906
2019-10-30,172.163818359375
2019-10-31,171.7892608642578
2019-11-01,173.7773895263672
2019-11-04,171.87570190429688
2019-11-05,169.39764404296875
2019-11-06,169.78189086914062
2019-11-07,171.37628173828125
2019-11-08,171.89495849609375
2019-11-11,172.4423828125
2019-11-12,172.63449096679688
2019-11-13,172.31752014160156
2019-11-14,172.93324279785156
2019-11-15,172.95254516601562
2019-11-18,172.84661865234375
2019-11-19,175.83868408203125
2019-11-20,174.7707977294922
2019-11-21,173.0679168701172
2019-11-22,172.6638641357422
2019-11-25,174.10693359375
2019-11-26,175.62709045410156
2019-11-27,177.37803649902344
2019-11-29,177.51271057128906
2019-12-02,174.89585876464844
2019-12-03,175.00169372558594
2019-12-04,173.75100708007812
2019-12-05,174.9921112060547
2019-12-06,175.26144409179688
2019-12-09,175.98300170898438
2019-12-10,175.34803771972656
2019-12-11,175.10751342773438
2019-12-12,175.71363830566406
2019-12-13,178.11880493164062
2019-12-16,179.17710876464844
2019-12-17,178.4844207763672
2019-12-18,177.88792419433594
2019-12-19,179.46572875976562
2019-12-20,180.87034606933594
2019-12-23,179.98526000976562
2019-12-24,180.45669555664062
2019-12-26,181.98638916015625
2019-12-27,182.2076873779297
2019-12-30,180.7068328857422
2019-12-31,180.7741241455078
2020-01-02,183.87203979492188
2020-01-03,182.4097137451172
2020-01-06,182.01528930664062
2020-01-07,181.5342254638672
2020-01-08,184.6417236328125
2020-01-09,185.92124938964844
2020-01-10,186.4215545654297
2020-01-13,187.9224090576172
2020-01-14,188.61509704589844
2020-01-15,192.22286987304688
2020-01-16,193.32923889160156
2020-01-17,196.9370574951172
2020-01-21,199.42880249023438
2020-01-22,200.01565551757812
2020-01-23,198.68807983398438
2020-01-24,197.22567749023438
2020-01-27,194.0411834716797
2020-01-28,195.15719604492188
2020-01-29,197.0909881591797
2020-01-30,200.31398010253906
2020-01-31,191.42437744140625
2020-02-03,193.19451904296875
2020-02-04,195.84030151367188
2020-02-05,195.11874389648438
2020-02-06,195.3400115966797
2020-02-07,195.05136108398438
2020-02-10,198.17816162109375
2020-02-11,196.2058563232422
2020-02-12,199.57313537597656
2020-02-13,199.82363891601562
2020-02-14,202.6080780029297
2020-02-18,203.48483276367188
2020-02-19,205.51773071289062
2020-02-20,203.72572326660156
2020-02-21,201.1821746826172
2020-02-24,191.5281524658203
2020-02-25,181.51768493652344
2020-02-26,180.37118530273438
2020-02-27,173.43418884277344
2020-02-28,175.1203155517578
2020-03-02,185.30416870117188
2020-03-03,178.94525146484375
2020-03-04,187.19252014160156
2020-03-05,180.13031005859375
2020-03-06,177.62530517578125
2020-03-09,164.8786163330078
2020-03-10,175.92958068847656
2020-03-11,166.63209533691406
2020-03-12,154.2322540283203
2020-03-13,169.40687561035156
2020-03-16,146.45703125
2020-03-17,152.12222290039062
2020-03-18,143.05601501464844
2020-03-19,146.68824768066406
2020-03-20,141.46627807617188
2020-03-23,130.7813720703125
2020-03-24,148.88497924804688
2020-03-25,155.8701629638672
2020-03-26,162.7107696533203
2020-03-27,155.65814208984375
2020-03-30,159.521728515625
2020-03-31,155.2342529296875
2020-04-01,147.51687622070312
2020-04-02,151.64048767089844
2020-04-03,146.30287170410156
2020-04-06,163.25035095214844
2020-04-07,162.4313507080078
2020-04-08,168.5493927001953
2020-04-09,167.3450927734375
2020-04-13,162.81675720214844
2020-04-14,168.24111938476562
2020-04-15,159.8974609375
2020-04-16,156.48675537109375
2020-04-17,163.34664916992188
2020-04-20,158.22100830078125
2020-04-21,154.6658172607422
2020-04-22,160.50442504882812
2020-04-23,160.30210876464844
2020-04-24,161.207763671875
2020-04-27,165.48556518554688
2020-04-28,164.9942169189453
2020-04-29,175.149169921875
2020-04-30,172.1913299560547
2020-05-01,169.1563720703125
2020-05-04,169.71522521972656
2020-05-05,171.9215545654297
2020-05-06,172.24911499023438
2020-05-07,176.04518127441406
2020-05-08,178.32862854003906
2020-05-11,176.8545379638672
2020-05-12,172.91397094726562
2020-05-13,170.90652465820312
2020-05-14,174.58355712890625
2020-05-15,177.08311462402344
2020-05-18,184.69761657714844
2020-05-19,182.74810791015625
2020-05-20,187.09103393554688
2020-05-21,183.96409606933594
2020-05-22,184.19573974609375
2020-05-26,186.47337341308594
2020-05-27,186.08734130859375
2020-05-28,187.4770050048828
2020-05-29,188.4228515625
2020-06-01,187.5638885498047
2020-06-02,189.50369262695312
2020-06-03,189.9958953857422
2020-06-04,186.87867736816406
2020-06-05,192.6402130126953
2020-06-08,192.63059997558594
2020-06-09,192.12876892089844
2020-06-10,193.4798126220703
2020-06-11,182.28488159179688
2020-06-12,185.54689025878906
2020-06-15,185.06430053710938
2020-06-16,186.14520263671875
2020-06-17,186.80148315429688
2020-06-18,187.13925170898438
2020-06-19,185.4889678955078
2020-06-22,188.152587890625
2020-06-23,191.0574493408203
2020-06-24,184.72653198242188
2020-06-25,187.20681762695312
2020-06-26,182.6613311767578
2020-06-29,184.69761657714844
2020-06-30,186.425048828125
2020-07-01,187.0137939453125
2020-07-02,188.8378143310547
2020-07-06,190.85484313964844
2020-07-07,187.41912841796875
2020-07-08,188.25877380371094
2020-07-09,185.4986114501953
2020-07-10,185.8267364501953
2020-07-13,182.4199981689453
2020-07-14,186.5795135498047
2020-07-15,189.6870574951172
2020-07-16,186.7435302734375
2020-07-17,188.27804565429688
2020-07-20,191.54002380371094
2020-07-21,189.6195526123047
2020-07-22,191.91639709472656
2020-07-23,190.53634643554688
2020-07-24,188.3359375
2020-07-27,190.03453063964844
2020-07-28,189.87046813964844
2020-07-29,191.6461944580078
2020-07-30,187.2840118408203
2020-07-31,183.75181579589844
2020-08-03,184.03172302246094
2020-08-04,185.57583618164062
2020-08-05,189.25283813476562
2020-08-06,191.8295440673828
2020-08-07,189.50369262695312
2020-08-10,189.918701171875
2020-08-11,190.8644561767578
2020-08-12,191.80059814453125
2020-08-13,190.96937561035156
2020-08-14,190.06080627441406
2020-08-17,192.7575225830078
2020-08-18,192.35153198242188
2020-08-19,194.2653045654297
2020-08-20,197.319580078125
2020-08-21,197.3002166748047
2020-08-24,199.5039520263672
2020-08-25,201.1374053955078
2020-08-26,203.22511291503906
2020-08-27,203.9693603515625
2020-08-28,208.49281311035156
2020-08-31,204.89723205566406
2020-09-01,206.21177673339844
2020-09-02,209.23703002929688
2020-09-03,201.9686279296875
2020-09-04,197.81248474121094
2020-09-08,193.42437744140625
2020-09-09,197.2325897216797
2020-09-10,194.79689025878906
2020-09-11,193.96566772460938
2020-09-14,198.1217803955078
2020-09-15,198.51803588867188
2020-09-16,198.2667694091797
2020-09-17,198.40206909179688
2020-09-18,195.83108520507812
2020-09-21,190.84373474121094
2020-09-22,193.84967041015625
2020-09-23,188.83326721191406
2020-09-24,188.97828674316406
2020-09-25,190.65042114257812
2020-09-28,193.61770629882812
2020-09-29,192.76715087890625
2020-09-30,193.27940368652344
2020-10-01,196.5463409423828
2020-10-02,194.71958923339844
2020-10-05,196.72994995117188
2020-10-06,193.74334716796875
2020-10-07,195.6957550048828
2020-10-08,196.18870544433594
2020-10-09,199.72630310058594
2020-10-12,199.49427795410156
2020-10-13,197.48390197753906
2020-10-14,195.43478393554688
2020-10-15,192.8734893798828
2020-10-16,193.55967712402344
2020-10-19,190.37982177734375
2020-10-20,191.08538818359375
2020-10-21,191.79092407226562
2020-10-22,191.3656768798828
2020-10-23,191.38499450683594
2020-10-26,186.61029052734375
2020-10-27,183.70098876953125
2020-10-28,174.81846618652344
2020-10-29,178.68458557128906
2020-10-30,175.63037109375
2020-11-02,178.55899047851562
2020-11-03,182.03854370117188
2020-11-04,187.4801788330078
2020-11-05,191.02734375
2020-11-06,191.82958984375
2020-11-09,205.5641326904297
2020-11-10,206.17308044433594
2020-11-11,205.58351135253906
2020-11-12,201.5953369140625
2020-11-13,203.7443084716797
2020-11-16,205.8932647705078
2020-11-17,203.96693420410156
2020-11-18,201.17913818359375
2020-11-19,200.9274139404297
2020-11-20,197.35552978515625
2020-11-23,201.49855041503906
2020-11-24,202.96987915039062
2020-11-25,204.1411895751953
2020-11-27,204.2476348876953
2020-11-30,203.61849975585938
2020-12-01,204.4412841796875
2020-12-02,203.4539031982422
2020-12-03,201.3920440673828
2020-12-04,205.87388610839844
2020-12-07,205.8448486328125
2020-12-08,205.96102905273438
2020-12-09,202.8731231689453
2020-12-10,200.9661102294922
2020-12-11,199.63998413085938
2020-12-14,200.61766052246094
2020-12-15,201.69210815429688
2020-12-16,201.60501098632812
2020-12-17,204.421875
2020-12-18,204.54769897460938
2020-12-21,202.32135009765625
2020-12-22,199.25277709960938
2020-12-23,198.73011779785156
2020-12-24,202.021240234375
2020-12-28,205.8254852294922
2020-12-29,207.50982666015625
2020-12-30,211.3721160888672
2020-12-31,211.7302703857422
2021-01-04,210.79132080078125
2021-01-05,207.6453094482422
2021-01-06,205.8157958984375
2021-01-07,206.9676971435547
2021-01-08,208.5552215576172
2021-01-11,206.07717895507812
2021-01-12,202.17616271972656
2021-01-13,202.65045166015625
2021-01-14,195.40013122558594
2021-01-15,195.13877868652344
2021-01-19,195.20654296875
2021-01-20,199.4173583984375
2021-01-21,198.57518005371094
2021-01-22,195.55506896972656
2021-01-25,194.5482940673828
2021-01-26,195.54534912109375
2021-01-27,188.73065185546875
2021-01-28,191.8766326904297
2021-01-29,187.06570434570312
2021-02-01,192.0121307373047
2021-02-02,196.12612915039062
2021-02-03,194.9161376953125
2021-02-04,202.55364990234375
2021-02-05,202.08900451660156
2021-02-08,200.26919555664062
2021-02-09,199.91102600097656
2021-02-10,199.83358764648438
2021-02-11,204.23513793945312
2021-02-12,203.5565185546875
2021-02-16,201.5592803955078
2021-02-17,201.18118286132812
2021-02-18,202.96507263183594
2021-02-19,198.48597717285156
2021-02-22,201.9664764404297
2021-02-23,205.64088439941406
2021-02-24,212.7376251220703
2021-02-25,207.23085021972656
2021-02-26,205.91238403320312
2021-03-01,210.02304077148438
2021-03-02,209.18927001953125
2021-03-03,208.29733276367188
2021-03-04,205.04949951171875
2021-03-05,208.8402557373047
2021-03-08,213.55203247070312
2021-03-09,213.6392822265625
2021-03-10,216.36355590820312
2021-03-11,219.252685546875
2021-03-12,217.5172882080078
2021-03-15,216.46051025390625
2021-03-16,217.84689331054688
2021-03-17,216.2181396484375
2021-03-18,213.93014526367188
2021-03-19,200.58981323242188
2021-03-22,201.65626525878906
2021-03-23,201.8016815185547
2021-03-24,201.72412109375
2021-03-25,201.62713623046875
2021-03-26,207.017578125
2021-03-29,207.96766662597656
2021-03-30,205.43728637695312
2021-03-31,205.27247619628906
2021-04-01,210.24603271484375
2021-04-05,212.35951232910156
2021-04-06,211.98143005371094
2021-04-07,212.58251953125
2021-04-08,213.96890258789062
2021-04-09,215.73338317871094
2021-04-12,214.7154083251953
2021-04-13,214.27915954589844
2021-04-14,215.20985412597656
2021-04-15,219.3787384033203
2021-04-16,219.50474548339844
2021-04-19,218.90365600585938
2021-04-20,216.47021484375
2021-04-21,220.5130157470703
2021-04-22,220.62939453125
2021-04-23,222.9852752685547
2021-04-26,223.3148956298828
2021-04-27,222.89804077148438
2021-04-28,226.3300323486328
2021-04-29,229.63604736328125
2021-04-30,226.4367218017578
2021-05-03,225.5157012939453
2021-05-04,224.95338439941406
2021-05-05,222.21937561035156
2021-05-06,224.2650146484375
2021-05-07,225.04058837890625
2021-05-10,219.0781707763672
2021-05-11,218.60311889648438
2021-05-12,213.9010467529297
2021-05-13,217.2312774658203
2021-05-14,220.3381805419922
2021-05-17,219.8527374267578
2021-05-18,219.00804138183594
2021-05-19,218.05654907226562
2021-05-20,219.8527374267578
2021-05-21,220.1731414794922
2021-05-24,222.64894104003906
2021-05-25,222.35768127441406
2021-05-26,220.4644012451172
2021-05-27,220.26051330566406
2021-05-28,220.68768310546875
2021-06-01,220.03721618652344
2021-06-02,222.97906494140625
2021-06-03,221.47415161132812
2021-06-04,223.44508361816406
2021-06-07,224.59075927734375
2021-06-08,225.29954528808594
2021-06-09,225.55194091796875
2021-06-10,227.1442108154297
2021-06-11,228.12486267089844
2021-06-14,227.27049255371094
2021-06-15,226.20248413085938
2021-06-16,222.9207763671875
2021-06-17,225.3966064453125
2021-06-18,223.70724487304688
2021-06-21,227.5034942626953
2021-06-22,229.066650390625
2021-06-23,227.85299682617188
2021-06-24,229.3676300048828
2021-06-25,230.4162139892578
2021-06-28,227.28018188476562
2021-06-29,229.0861053466797
2021-06-30,227.01805114746094
2021-07-01,228.30934143066406
2021-07-02,231.6881103515625
2021-07-06,232.62991333007812
2021-07-07,233.0182342529297
2021-07-08,229.7268524169922
2021-07-09,231.53274536132812
2021-07-12,230.95021057128906
2021-07-13,235.29989624023438
2021-07-14,238.83401489257812
2021-07-15,241.31951904296875
2021-07-16,240.9020233154297
2021-07-19,233.41632080078125
2021-07-20,235.6396942138672
2021-07-21,236.57179260253906
2021-07-22,237.0377960205078
2021-07-23,241.77586364746094
2021-07-26,242.9700469970703
2021-07-27,243.63027954101562
2021-07-28,239.75634765625
2021-07-29,240.7078094482422
2021-07-30,239.2223663330078
2021-08-02,232.80465698242188
2021-08-03,230.1929168701172
2021-08-04,229.78514099121094
2021-08-05,233.22215270996094
2021-08-06,234.37753295898438
2021-08-09,233.0182342529297
2021-08-10,231.14442443847656
2021-08-11,228.22195434570312
2021-08-12,225.3538818359375
2021-08-13,226.18997192382812
2021-08-16,228.82479858398438
2021-08-17,228.01780700683594
2021-08-18,225.1983184814453
2021-08-19,225.1400146484375
2021-08-20,224.93580627441406
2021-08-23,227.6386260986328
2021-08-24,227.73583984375
2021-08-25,226.1316375732422
2021-08-26,224.1191864013672
2021-08-27,226.22891235351562
2021-08-30,224.80946350097656
2021-08-31,222.7386016845703
2021-09-01,223.730224609375
2021-09-02,217.95516967773438
2021-09-03,218.859375
2021-09-07,219.9871368408203
2021-09-08,222.72885131835938
2021-09-09,221.17327880859375
2021-09-10,218.66494750976562
2021-09-13,218.39271545410156
2021-09-14,216.83712768554688
2021-09-15,217.595458984375
2021-09-16,218.1010284423828
2021-09-17,215.59266662597656
2021-09-20,213.93983459472656
2021-09-21,214.05653381347656
2021-09-22,216.5648651123047
2021-09-23,221.9705047607422
2021-09-24,225.15940856933594
2021-09-27,223.22470092773438
2021-09-28,219.296875
2021-09-29,220.38575744628906
2021-09-30,216.5648651123047
2021-10-01,224.06082153320312
2021-10-04,218.4899139404297
2021-10-05,218.05239868164062
2021-10-06,220.22048950195312
2021-10-07,224.14833068847656
2021-10-08,223.87608337402344
2021-10-11,218.859375
2021-10-12,217.82879638671875
2021-10-13,216.28298950195312
2021-10-14,218.9274139404297
2021-10-15,224.57608032226562
2021-10-18,224.2455596923828
2021-10-19,227.0358428955078
2021-10-20,224.99415588378906
2021-10-21,223.84693908691406
2021-10-22,224.80946350097656
2021-10-25,227.38584899902344
2021-10-26,225.3830108642578
2021-10-27,209.78843688964844
2021-10-28,204.01336669921875
2021-10-29,205.88978576660156
2021-11-01,206.5606231689453
2021-11-02,203.3328094482422
2021-11-03,202.32167053222656
2021-11-04,202.9827880859375
2021-11-05,210.65374755859375
2021-11-08,214.36766052246094
2021-11-09,207.4647979736328
2021-11-10,209.9434814453125
2021-11-11,204.9374237060547
2021-11-12,206.5639190673828
2021-11-15,206.76841735839844
2021-11-16,209.57334899902344
2021-11-17,199.717041015625
2021-11-18,198.03213500976562
2021-11-19,195.62649536132812
2021-11-22,190.48406982421875
2021-11-23,193.31825256347656
2021-11-24,197.9542236328125
2021-11-26,192.50009155273438
2021-11-29,191.17556762695312
2021-11-30,188.72125244140625
2021-12-01,185.20533752441406
2021-12-02,193.12344360351562
2021-12-03,191.2047882080078
2021-12-06,197.39907836914062
2021-12-07,201.96682739257812
2021-12-08,203.54466247558594
2021-12-09,205.88214111328125
2021-12-10,207.83978271484375
2021-12-13,205.5217742919922
2021-12-14,204.50885009765625
2021-12-15,206.77813720703125
2021-12-16,208.7845001220703
2021-12-17,206.35935974121094
2021-12-20,203.30117797851562
2021-12-21,209.76820373535156
2021-12-22,212.28094482421875
2021-12-23,210.97584533691406
2021-12-27,211.95953369140625
2021-12-28,212.3685760498047
2021-12-29,212.48545837402344
2021-12-30,212.1933135986328
2021-12-31,211.06353759765625
2022-01-03,215.66050720214844
2022-01-04,216.66372680664062
2022-01-05,214.26780700683594
2022-01-06,214.02430725097656
2022-01-07,211.30702209472656
2022-01-10,206.44699096679688
2022-01-11,208.79420471191406
2022-01-12,210.089599609375
2022-01-13,209.39808654785156
2022-01-14,209.07666015625
2022-01-18,210.089599609375
2022-01-19,209.08641052246094
2022-01-20,208.76498413085938
2022-01-21,200.56439208984375
2022-01-24,196.5906982421875
2022-01-25,196.7367706298828
2022-01-26,200.50596618652344
2022-01-27,200.77865600585938
2022-01-28,222.05934143066406
2022-01-31,220.2770233154297
2022-02-01,226.30575561523438
2022-02-02,229.28598022460938
2022-02-03,225.50711059570312
2022-02-04,222.43919372558594
2022-02-07,221.2412109375
2022-02-08,222.00091552734375
2022-02-09,224.85455322265625
2022-02-10,220.069580078125
2022-02-11,219.19161987304688
2022-02-14,219.82571411132812
2022-02-15,222.2450714111328
2022-02-16,223.22056579589844
2022-02-17,219.1136016845703
2022-02-18,217.24058532714844
2022-02-22,215.90408325195312
2022-02-23,210.66549682617188
2022-02-24,211.9824676513672
2022-02-25,213.90426635742188
2022-02-28,210.8313446044922
2022-03-01,203.85630798339844
2022-03-02,203.37828063964844
2022-03-03,202.1588592529297
2022-03-04,195.388671875
2022-03-07,186.03338623046875
2022-03-08,187.01870727539062
2022-03-09,194.8716583251953
2022-03-10,193.12551879882812
2022-03-11,191.8963165283203
2022-03-14,195.42771911621094
2022-03-15,201.09556579589844
2022-03-16,206.6853485107422
2022-03-17,208.2266845703125
2022-03-18,213.7481689453125
2022-03-21,211.7288360595703
2022-03-22,213.12380981445312
2022-03-23,209.42654418945312
2022-03-24,211.99221801757812
2022-03-25,213.0847930908203
2022-03-28,215.3675537109375
2022-03-29,222.5376739501953
2022-03-30,218.46971130371094
2022-03-31,216.3430633544922
2022-04-01,220.8207550048828
2022-04-04,222.1669921875
2022-04-05,220.55734252929688
2022-04-06,213.65060424804688
2022-04-07,210.860595703125
2022-04-08,211.6702880859375
2022-04-11,209.49488830566406
2022-04-12,206.22683715820312
2022-04-13,208.0511016845703
2022-04-14,207.58282470703125
2022-04-18,207.95350646972656
2022-04-19,210.42161560058594
2022-04-20,212.46047973632812
2022-04-21,211.15325927734375
2022-04-22,203.07586669921875
2022-04-25,204.81231689453125
2022-04-26,196.17889404296875
2022-04-27,208.8705596923828
2022-04-28,215.26022338867188
2022-04-29,207.9145050048828
2022-05-02,206.35365295410156
2022-05-03,203.45632934570312
2022-05-04,209.27049255371094
2022-05-05,200.2175750732422
2022-05-06,197.85679626464844
2022-05-09,188.277099609375
2022-05-10,188.84291076660156
2022-05-11,191.9060516357422
2022-05-12,189.5847930908203
2022-05-13,194.72586059570312
2022-05-16,193.33795166015625
2022-05-17,199.38800048828125
2022-05-18,195.4686737060547
2022-05-19,192.90789794921875
2022-05-20,194.5303955078125
2022-05-23,202.86752319335938
2022-05-24,198.04896545410156
2022-05-25,199.2316131591797
2022-05-26,203.83514404296875
2022-05-27,208.06724548339844
2022-05-31,207.373291015625
2022-06-01,205.18394470214844
2022-06-02,210.18820190429688
2022-06-03,207.84243774414062
2022-06-06,208.12591552734375
2022-06-07,209.650634765625
2022-06-08,208.6732177734375
2022-06-09,201.4503173828125
2022-06-10,194.99952697753906
2022-06-13,187.91343688964844
2022-06-14,189.14495849609375
2022-06-15,191.72525024414062
2022-06-16,184.77601623535156
2022-06-17,185.7143096923828
2022-06-21,189.99525451660156
2022-06-22,189.43817138671875
2022-06-23,192.1943817138672
2022-06-24,200.8638458251953
2022-06-27,198.9579620361328
2022-06-28,193.64096069335938
2022-06-29,194.98973083496094
2022-06-30,192.43875122070312
2022-07-01,194.67698669433594
2022-07-05,196.0062255859375
2022-07-06,196.57313537597656
2022-07-07,198.21514892578125
2022-07-08,198.96774291992188
2022-07-11,200.4240264892578
2022-07-12,200.18946838378906
2022-07-13,199.53460693359375
2022-07-14,201.25485229492188
2022-07-15,205.2914581298828
2022-07-18,202.5254669189453
2022-07-19,208.8296356201172
2022-07-20,208.54615783691406
2022-07-21,211.3024139404297
2022-07-22,208.8686981201172
2022-07-25,209.42581176757812
2022-07-26,207.68606567382812
2022-07-27,205.7117462158203
2022-07-28,206.5718536376953
2022-07-29,207.31463623046875
2022-08-01,206.5815887451172
2022-08-02,201.596923828125
2022-08-03,203.76673889160156
2022-08-04,208.6439208984375
2022-08-05,210.98965454101562
2022-08-08,208.497314453125
2022-08-09,205.50648498535156
2022-08-10,207.30491638183594
2022-08-11,206.67335510253906
2022-08-12,206.9181365966797
2022-08-15,211.9019012451172
2022-08-16,212.60682678222656
2022-08-17,210.04156494140625
2022-08-18,210.75631713867188
2022-08-19,208.3770294189453
2022-08-22,204.2549285888672
2022-08-23,202.4827117919922
2022-08-24,202.35543823242188
2022-08-25,205.43966674804688
2022-08-26,198.6543426513672
2022-08-29,198.10604858398438
2022-08-30,197.1758575439453
2022-08-31,194.56161499023438
2022-09-01,195.95196533203125
2022-09-02,193.63143920898438
2022-09-06,194.49305725097656
2022-09-07,196.2359161376953
2022-09-08,196.51986694335938
2022-09-09,200.91615295410156
2022-09-12,202.31625366210938
2022-09-13,195.50155639648438
2022-09-14,195.24697875976562
2022-09-15,191.2913360595703
2022-09-16,189.26454162597656
2022-09-19,189.0980987548828
2022-09-20,188.0602264404297
2022-09-21,183.11566162109375
2022-09-22,181.91131591796875
2022-09-23,180.11953735351562
2022-09-26,176.81988525390625
2022-09-27,174.1566619873047
2022-09-28,175.43930053710938
2022-09-29,176.3009490966797
2022-09-30,173.94122314453125
2022-10-03,177.85775756835938
2022-10-04,181.77426147460938
2022-10-05,183.75205993652344
2022-10-06,181.71551513671875
2022-10-07,179.99224853515625
2022-10-10,178.37667846679688
2022-10-11,175.400146484375
2022-10-12,174.5189666748047
2022-10-13,180.80491638183594
2022-10-14,178.8074951171875
2022-10-17,181.38259887695312
2022-10-18,183.2625274658203
2022-10-19,182.51840209960938
2022-10-20,183.3114776611328
2022-10-21,186.3957061767578
2022-10-24,186.7286376953125
2022-10-25,190.322021484375
2022-10-26,199.0851593017578
2022-10-27,200.0251007080078
2022-10-28,204.9696807861328
2022-10-31,202.83522033691406
2022-11-01,202.61000061035156
2022-11-02,196.7548370361328
2022-11-03,190.6842803955078
2022-11-04,192.8677215576172
2022-11-07,195.92257690429688
2022-11-08,197.56752014160156
2022-11-09,190.30580139160156
2022-11-10,201.72830200195312
2022-11-11,201.16891479492188
2022-11-14,202.9941864013672
2022-11-15,206.06565856933594
2022-11-16,206.21287536621094
2022-11-17,207.04698181152344
2022-11-18,206.8605194091797
2022-11-21,202.46429443359375
2022-11-22,206.39932250976562
2022-11-23,207.77313232421875
2022-11-25,209.79464721679688
2022-11-28,207.31192016601562
2022-11-29,205.153076171875
2022-11-30,212.9446563720703
2022-12-01,212.9446563720703
2022-12-02,213.59234619140625
2022-12-05,209.68670654296875
2022-12-06,205.1726837158203
2022-12-07,203.92642211914062
2022-12-08,205.19229125976562
2022-12-09,204.79977416992188
2022-12-12,210.5797119140625
2022-12-13,209.0586700439453
2022-12-14,209.3334503173828
2022-12-15,204.02456665039062
2022-12-16,203.0236053466797
2022-12-19,200.99229431152344
2022-12-20,201.522216796875
2022-12-21,202.94509887695312
2022-12-22,201.22779846191406
2022-12-23,201.98342895507812
2022-12-27,202.434814453125
2022-12-28,201.15914916992188
2022-12-29,204.17176818847656
2022-12-30,203.87734985351562
2023-01-03,203.5142822265625
2023-01-04,208.63671875
2023-01-05,207.1647491455078
2023-01-06,213.68067932128906
2023-01-09,214.51478576660156
2023-01-10,216.95822143554688
2023-01-11,217.94937133789062
2023-01-12,219.44094848632812
2023-01-13,218.89144897460938
2023-01-17,218.83255004882812
2023-01-18,215.3587188720703
2023-01-19,216.29095458984375
2023-01-20,220.11805725097656
2023-01-23,219.99049377441406
2023-01-24,219.70590209960938
2023-01-25,220.697021484375
2023-01-26,220.51060485839844
2023-01-27,227.1147918701172
2023-01-30,224.81858825683594
2023-01-31,225.90780639648438
2023-02-01,226.58489990234375
2023-02-02,225.26995849609375
2023-02-03,225.82931518554688
2023-02-06,225.15219116210938
2023-02-07,226.99705505371094
2023-02-08,225.89796447753906
2023-02-09,225.5046844482422
2023-02-10,223.3907470703125
2023-02-13,225.04257202148438
2023-02-14,225.5440216064453
2023-02-15,225.08187866210938
2023-02-16,222.043701171875
2023-02-17,219.81175231933594
2023-02-21,216.9210662841797
2023-02-22,216.33111572265625
2023-02-23,217.42251586914062
2023-02-24,215.86900329589844
2023-02-27,216.6555938720703
2023-02-28,216.25247192382812
2023-03-01,214.69894409179688
2023-03-02,215.38722229003906
2023-03-03,220.01828002929688
2023-03-06,222.9482879638672
2023-03-07,219.4282989501953
2023-03-08,218.4647216796875
2023-03-09,216.32127380371094
2023-03-10,212.51617431640625
2023-03-13,210.87417602539062
2023-03-14,214.99392700195312
2023-03-15,212.74232482910156
2023-03-16,213.80419921875
2023-03-17,213.74520874023438
2023-03-20,214.4924774169922
2023-03-21,218.22872924804688
2023-03-22,216.3507843017578
2023-03-23,218.8580322265625
2023-03-24,217.33399963378906
2023-03-27,218.09109497070312
2023-03-28,216.63592529296875
2023-03-29,219.55612182617188
2023-03-30,218.63189697265625
2023-03-31,221.67991638183594
2023-04-03,225.1605682373047
2023-04-04,223.84303283691406
2023-04-05,224.344482421875
2023-04-06,222.20101928710938
2023-04-10,222.6336212158203
2023-04-11,224.61976623535156
2023-04-12,223.99050903320312
2023-04-13,228.7886962890625
2023-04-14,230.09640502929688
2023-04-17,229.56539916992188
2023-04-18,229.68344116210938
2023-04-19,228.6707000732422
2023-04-20,230.6666717529297
2023-04-21,230.12586975097656
2023-04-24,228.85751342773438
2023-04-25,225.7406463623047
2023-04-26,224.32481384277344
2023-04-27,225.17037963867188
2023-04-28,228.8280029296875
2023-05-01,228.6116943359375
2023-05-02,223.1743927001953
2023-05-03,222.19117736816406
2023-05-04,221.8175506591797
2023-05-05,227.89395141601562
2023-05-08,228.33639526367188
2023-05-09,229.34913635253906
2023-05-10,227.3925323486328
2023-05-11,227.5796661376953
2023-05-12,227.94419860839844
2023-05-15,229.35293579101562
2023-05-16,227.04771423339844
2023-05-17,229.1953125
2023-05-18,230.1312255859375
2023-05-19,229.84552001953125
2023-05-22,227.8456573486328
2023-05-23,221.2451629638672
2023-05-24,218.94976806640625
2023-05-25,220.06298828125
2023-05-26,221.6687774658203
2023-05-30,218.34881591796875
2023-05-31,217.7478790283203
2023-06-01,223.13665771484375
2023-06-02,225.3926239013672
2023-06-05,223.4026336669922
2023-06-06,224.83111572265625
2023-06-07,221.92491149902344
2023-06-08,219.73789978027344
2023-06-09,220.24029541015625
2023-06-12,222.81155395507812
2023-06-13,220.08267211914062
2023-06-14,220.12208557128906
2023-06-15,222.81155395507812
2023-06-16,225.5108642578125
2023-06-20,223.1071014404297
2023-06-21,223.8755340576172
2023-06-22,224.9985809326172
2023-06-23,226.14134216308594
2023-06-26,222.9396209716797
2023-06-27,223.96417236328125
2023-06-28,224.57498168945312
2023-06-29,230.84056091308594
2023-06-30,233.95361328125
2023-07-03,234.4363250732422
2023-07-05,235.8943328857422
2023-07-06,235.3328399658203
2023-07-07,232.93890380859375
2023-07-10,234.62350463867188
2023-07-11,236.97799682617188
2023-07-12,238.61338806152344
2023-07-13,239.69703674316406
2023-07-14,239.54925537109375
2023-07-17,240.36695861816406
2023-07-18,237.19476318359375
2023-07-19,237.8350830078125
2023-07-20,236.06182861328125
2023-07-21,235.69732666015625
2023-07-24,237.1652069091797
2023-07-25,235.1456298828125
2023-07-26,233.57925415039062
2023-07-27,230.95875549316406
2023-07-28,232.24929809570312
2023-07-31,234.19989013671875
2023-08-01,236.21945190429688
2023-08-02,234.0324249267578
2023-08-03,235.21458435058594
2023-08-04,235.44119262695312
2023-08-07,237.92373657226562
2023-08-08,235.7367401123047
2023-08-09,236.1997528076172
2023-08-10,237.03871154785156
2023-08-11,236.92027282714844
2023-08-14,239.74307250976562
2023-08-15,236.7130126953125
2023-08-16,236.17999267578125
2023-08-17,234.2849578857422
2023-08-18,235.07456970214844
2023-08-21,236.34780883789062
2023-08-22,237.44337463378906
2023-08-23,239.15089416503906
2023-08-24,236.35769653320312
2023-08-25,239.4174041748047
2023-08-28,240.6610107421875
2023-08-29,242.15138244628906
2023-08-30,243.0298309326172
2023-08-31,242.48695373535156
2023-09-01,244.8853759765625
2023-09-05,242.15138244628906
2023-09-06,242.960693359375
2023-09-07,243.92799377441406
2023-09-08,244.07601928710938
2023-09-11,244.0069580078125
2023-09-12,244.08590698242188
2023-09-13,244.60902404785156
2023-09-14,238.36129760742188
2023-09-15,237.93687438964844
2023-09-18,241.480224609375
2023-09-19,240.39450073242188
2023-09-20,238.71661376953125
2023-09-21,233.53485107421875
2023-09-22,232.02474975585938
2023-09-25,230.32708740234375
2023-09-26,226.66529846191406
2023-09-27,226.5172576904297
2023-09-28,228.64918518066406
2023-09-29,227.02061462402344
2023-10-02,228.26426696777344
2023-10-03,225.8362274169922
2023-10-04,228.21490478515625
2023-10-05,230.44552612304688
2023-10-06,231.98524475097656
2023-10-09,231.39305114746094
2023-10-10,233.5249786376953
2023-10-11,232.616943359375
2023-10-12,233.70265197753906
2023-10-13,234.58106994628906
2023-10-16,236.94989013671875
2023-10-17,238.065185546875
2023-10-18,234.3836669921875
2023-10-19,230.77122497558594
2023-10-20,230.34683227539062
2023-10-23,228.52084350585938
2023-10-24,231.6002960205078
2023-10-25,233.77171325683594
2023-10-26,228.27413940429688
2023-10-27,226.29025268554688
2023-10-30,230.05075073242188
2023-10-31,232.04446411132812
2023-11-01,235.47923278808594
2023-11-02,240.0885467529297
2023-11-03,240.43399047851562
2023-11-06,240.32542419433594
2023-11-07,241.5888214111328
2023-11-08,241.2525177001953
2023-11-09,239.00721740722656
2023-11-10,242.57789611816406
2023-11-13,242.0042266845703
2023-11-14,244.24948120117188
2023-11-15,245.40672302246094
2023-11-16,245.86170959472656
2023-11-17,246.84092712402344
2023-11-20,247.2464599609375
2023-11-21,249.48182678222656
2023-11-22,250.95562744140625
2023-11-24,251.52928161621094
2023-11-27,251.37103271484375
2023-11-28,250.18409729003906
2023-11-29,251.46005249023438
2023-11-30,253.8833465576172
2023-12-01,253.6558837890625
2023-12-04,251.6677703857422
2023-12-05,251.83590698242188
2023-12-06,251.51939392089844
2023-12-07,253.03274536132812
2023-12-08,252.95358276367188
2023-12-11,253.72511291503906
2023-12-12,256.73199462890625
2023-12-13,259.521240234375
2023-12-14,255.91104125976562
2023-12-15,255.2186279296875
2023-12-18,255.55494689941406
2023-12-19,257.15728759765625
2023-12-20,254.3086700439453
2023-12-21,256.7122497558594
2023-12-22,255.61427307128906
2023-12-26,256.3363037109375
2023-12-27,256.1088562011719
2023-12-28,257.5628356933594
2023-12-29,257.51336669921875
2024-01-02,256.0494384765625
2024-01-03,255.16920471191406
2024-01-04,256.7814025878906
2024-01-05,256.8605651855469
2024-01-08,259.6795349121094
2024-01-09,260.4608459472656
2024-01-10,261.677490234375
2024-01-11,261.1532897949219
2024-01-12,261.291748046875
2024-01-16,262.35009765625
2024-01-17,263.7250061035156
2024-01-18,265.218505859375
2024-01-19,267.94842529296875
2024-01-22,268.24517822265625
2024-01-23,268.30450439453125
2024-01-24,268.69024658203125
2024-01-25,269.6397705078125
2024-01-26,265.0206604003906
2024-01-29,270.6783752441406
2024-01-30,274.1303405761719
2024-01-31,270.28271484375
2024-02-01,274.0314025878906
2024-02-02,274.1600036621094
2024-02-05,272.57745361328125
2024-02-06,273.74456787109375
2024-02-07,276.345947265625
2024-02-08,273.283935546875
2024-02-09,273.927978515625
2024-02-12,272.580322265625
2024-02-13,273.3136291503906
2024-02-14,275.04779052734375
2024-02-15,278.43682861328125
2024-02-16,276.0386962890625
2024-02-20,272.65960693359375
2024-02-21,274.2550354003906
2024-02-22,281.1817626953125
2024-02-23,281.0330810546875
2024-02-26,281.578125
2024-02-27,280.60699462890625
2024-02-28,283.0447082519531
2024-02-29,280.0818176269531
2024-03-01,280.59710693359375
2024-03-04,277.99090576171875
2024-03-05,276.8512878417969
2024-03-06,277.89178466796875
2024-03-07,275.7414855957031
2024-03-08,277.50531005859375
2024-03-11,278.0205993652344
2024-03-12,281.3502502441406
2024-03-13,282.5591735839844
2024-03-14,283.81768798828125
2024-03-15,280.4781799316406
2024-03-18,282.469970703125
2024-03-19,284.7491760253906
2024-03-20,286.6617126464844
2024-03-21,287.7418518066406
2024-03-22,280.69622802734375
2024-03-25,278.66473388671875
2024-03-26,278.060302734375
2024-03-27,276.4945983886719
2024-03-28,276.55401611328125
2024-04-01,275.76129150390625
2024-04-02,275.9198303222656
2024-04-03,274.4532165527344
2024-04-04,271.5199890136719
2024-04-05,274.6315612792969
2024-04-08,275.2460021972656
2024-04-09,274.2153625488281
2024-04-10,271.9956359863281
2024-04-11,273.1847839355469
2024-04-12,273.4622802734375
2024-04-15,268.8246154785156
2024-04-16,268.8940124511719
2024-04-17,270.2218933105469
2024-04-18,268.913818359375
2024-04-19,267.33819580078125
2024-04-22,269.8651123046875
2024-04-23,271.62896728515625
2024-04-24,272.53076171875
2024-04-25,272.66949462890625
2024-04-26,272.0353088378906
2024-04-29,269.3795166015625
2024-04-30,266.17877197265625
2024-05-01,264.9004821777344
2024-05-02,265.1878356933594
2024-05-03,266.0598449707031
2024-05-06,270.2020568847656
2024-05-07,273.9577331542969
2024-05-08,274.6811218261719
2024-05-09,276.0189208984375
2024-05-10,278.198974609375
2024-05-13,276.86126708984375
2024-05-14,275.22613525390625
2024-05-15,278.95208740234375
2024-05-16,277.82037353515625
2024-05-17,278.0784912109375
2024-05-20,276.52972412109375
2024-05-21,273.95843505859375
2024-05-22,273.5910949707031
2024-05-23,272.2508239746094
2024-05-24,272.5089416503906
2024-05-28,269.02435302734375
2024-05-29,266.9195861816406
2024-05-30,269.34197998046875
2024-05-31,270.4936218261719
2024-06-03,268.42864990234375
2024-06-04,270.45391845703125
2024-06-05,272.5189208984375
2024-06-06,275.04058837890625
2024-06-07,276.6588134765625
2024-06-10,273.05499267578125
2024-06-11,272.68768310546875
2024-06-12,268.36907958984375
2024-06-13,269.2327575683594
2024-06-14,268.7065734863281
2024-06-17,269.2129211425781
2024-06-18,271.64520263671875
2024-06-20,274.8221740722656
2024-06-21,273.23370361328125
2024-06-24,274.3058776855469
2024-06-25,271.5558776855469
2024-06-26,271.6253967285156
2024-06-27,264.666015625
2024-06-28,260.57574462890625
2024-07-01,261.3401184082031
2024-07-02,266.294189453125
2024-07-03,267.0486145019531
2024-07-05,268.40875244140625
2024-07-08,264.4773254394531
2024-07-09,263.5242919921875
2024-07-10,261.1018981933594
2024-07-11,260.6551208496094
2024-07-12,263.82208251953125
2024-07-15,266.5126037597656
2024-07-16,267.3067626953125
2024-07-17,270.7319030761719
2024-07-18,267.2074890136719
2024-07-19,263.5441589355469
2024-07-22,265.77789306640625
2024-07-23,262.8789367675781
2024-07-24,252.3356170654297
2024-07-25,251.90872192382812
2024-07-26,257.5874328613281
2024-07-29,259.71197509765625
2024-07-30,261.2012023925781
2024-07-31,263.7526550292969
2024-08-01,264.0107421875
2024-08-02,264.6560363769531
2024-08-05,254.5892333984375
2024-08-06,256.3960876464844
2024-08-07,254.6686553955078
2024-08-08,257.9547424316406
2024-08-09,258.40240478515625
2024-08-12,258.53173828125
2024-08-13,258.7704772949219
2024-08-14,259.77520751953125
2024-08-15,265.40557861328125
2024-08-16,265.9825744628906
2024-08-19,265.07733154296875
2024-08-20,266.6391296386719
2024-08-21,266.79827880859375
2024-08-22,266.5396728515625
2024-08-23,266.04229736328125
2024-08-26,266.8082580566406
2024-08-27,269.3051452636719
2024-08-28,267.78314208984375
2024-08-29,272.8863220214844
2024-08-30,274.9255676269531
2024-09-03,277.0842590332031
2024-09-04,279.0240478515625
2024-09-05,277.163818359375
2024-09-06,277.9099426269531
2024-09-09,284.1172790527344
2024-09-10,283.8487243652344
2024-09-11,282.4759216308594
2024-09-12,283.8785705566406
2024-09-13,285.8482360839844
2024-09-16,288.96185302734375
2024-09-17,290.0362243652344
2024-09-18,286.9723205566406
2024-09-19,283.7492370605469
2024-09-20,283.2817077636719
2024-09-23,287.12152099609375
2024-09-24,271.3543701171875
2024-09-25,268.2208251953125
2024-09-26,270.2700500488281
2024-09-27,273.73187255859375
2024-09-30,273.5130310058594
2024-10-01,276.1492004394531
2024-10-02,275.55230712890625
2024-10-03,275.41302490234375
2024-10-04,276.4774475097656
2024-10-07,272.3591003417969
2024-10-08,273.5229797363281
2024-10-09,275.4826965332031
2024-10-10,276.0198669433594
2024-10-11,276.387939453125
2024-10-14,279.21307373046875
2024-10-15,277.8303527832031
2024-10-16,286.017333984375
2024-10-17,288.8723449707031
2024-10-18,289.10113525390625
2024-10-21,285.350830078125
2024-10-22,283.3016052246094
2024-10-23,282.2770080566406
2024-10-24,281.73980712890625
2024-10-25,280.2575988769531
2024-10-28,282.7047119140625
2024-10-29,280.40679931640625
2024-10-30,288.6435241699219
2024-10-31,288.33514404296875
2024-11-01,289.2204895019531
2024-11-04,290.32470703125
2024-11-05,291.7571716308594
2024-11-06,305.7934265136719
2024-11-07,304.2017517089844
2024-11-08,306.260986328125
2024-11-11,309.2950439453125
2024-11-12,308.816650390625
2024-11-13,308.4478759765625
2024-11-14,307.22198486328125
2024-11-15,308.6073303222656
2024-11-18,311.1189270019531
2024-11-19,310.8099670410156
2024-11-20,306.3648376464844
2024-11-21,308.866455078125
2024-11-22,308.88641357421875
2024-11-25,312.1454772949219
2024-11-26,310.7800598144531
2024-11-27,313.65045166015625
2024-11-29,314.0291748046875
2024-12-02,315.59393310546875
2024-12-03,311.9660949707031
2024-12-04,308.866455078125
2024-12-05,308.0491943359375
2024-12-06,309.9727783203125
2024-12-09,307.27178955078125
2024-12-10,311.33819580078125
2024-12-11,312.7434997558594
2024-12-12,313.1820373535156
2024-12-13,313.6903076171875
2024-12-16,314.8365173339844
2024-12-17,317.2384338378906
2024-12-18,308.7468566894531
2024-12-19,313.8298645019531
2024-12-20,316.6504211425781
2024-12-23,316.16204833984375
2024-12-24,319.5805969238281
2024-12-26,319.8397521972656
2024-12-27,317.59722900390625
2024-12-30,314.2584228515625
2024-12-31,314.9859924316406
2025-01-02,313.3514709472656
2025-01-03,313.8597717285156
2025-01-06,311.9960021972656
2025-01-07,310.6305847167969
2025-01-08,311.55743408203125
2025-01-10,306.6837463378906
2025-01-13,305.89642333984375
2025-01-14,308.05914306640625
2025-01-15,315.22515869140625
2025-01-16,316.19195556640625
2025-01-17,318.5540466308594
2025-01-21,322.5506591796875
2025-01-22,322.48089599609375
2025-01-23,327.1153869628906
2025-01-24,329.0987548828125
2025-01-27,333.4242858886719
2025-01-28,333.364501953125
2025-01-29,334.75982666015625
2025-01-30,341.9058837890625
2025-01-31,340.6600646972656
2025-02-03,344.66668701171875
2025-02-04,343.9989013671875
2025-02-05,348.27459716796875
2025-02-06,346.3211364746094
2025-02-07,346.85931396484375
2025-02-10,350.05865478515625
2025-02-11,350.13848876953125
2025-02-12,350.9072265625
2025-02-13,355.0403747558594
2025-02-14,353.2233581542969
2025-02-18,356.1385498046875
2025-02-19,354.6410217285156
2025-02-20,349.90887451171875
2025-02-21,347.9521179199219
2025-02-24,349.2799072265625
2025-02-25,351.5062255859375
2025-02-26,350.04864501953125
2025-02-27,355.1501770019531
2025-02-28,362.1086120605469
2025-03-03,361.2200927734375
2025-03-04,351.64599609375
2025-03-05,352.0952453613281
2025-03-06,343.5893859863281
2025-03-07,344.7474670410156
2025-03-10,340.913818359375
2025-03-11,331.5893249511719
2025-03-12,332.28814697265625
2025-03-13,328.0052490234375
2025-03-14,331.2498474121094
2025-03-17,333.99530029296875
2025-03-18,334.2149353027344
2025-03-19,339.3064880371094
2025-03-20,338.9371032714844
2025-03-21,335.1034851074219
2025-03-24,343.29986572265625
2025-03-25,344.0486145019531
2025-03-26,343.6093444824219
2025-03-27,349.2799072265625
2025-03-28,342.28155517578125
2025-03-31,349.87890625
2025-04-01,345.7757568359375
2025-04-02,345.7557678222656
2025-04-03,338.8273010253906
2025-04-04,312.61083984375
2025-04-07,311.80218505859375
2025-04-08,307.7588806152344
2025-04-09,331.8788146972656
2025-04-10,324.07177734375
2025-04-11,332.8471984863281
2025-04-14,334.624267578125
2025-04-15,335.2532043457031
2025-04-16,330.7806396484375
2025-04-17,329.0634765625
2025-04-21,319.56927490234375
2025-04-22,330.85052490234375
2025-04-23,333.81561279296875
2025-04-24,335.15338134765625
2025-04-25,334.6142883300781
2025-04-28,336.9504089355469
2025-04-29,340.9537353515625
2025-04-30,344.9271545410156
2025-05-01,341.8822326660156
2025-05-02,347.023681640625
2025-05-05,348.06195068359375
2025-05-06,347.1235046386719
2025-05-07,349.26995849609375
2025-05-08,350.68756103515625
2025-05-09,351.9554748535156
2025-05-12,355.260009765625
2025-05-13,356.1400146484375
2025-05-14,356.4599914550781
2025-05-15,362.29998779296875
2025-05-16,365.1199951171875
2025-05-19,367.8999938964844
2025-05-20,366.8399963378906
2025-05-21,358.29998779296875
2025-05-22,357.9700012207031
2025-05-23,353.5400085449219
2025-05-27,359.29998779296875
2025-05-28,359.7300109863281
2025-05-29,362.3999938964844
2025-05-30,365.19000244140625
2025-06-02,365.32000732421875
2025-06-03,365.8599853515625
2025-06-04,368.0
2025-06-05,366.7699890136719
2025-06-06,370.2200012207031
2025-06-09,366.6600036621094
2025-06-10,370.70001220703125
2025-06-11,373.30999755859375
2025-06-12,371.3999938964844
2025-06-13,352.8500061035156
2025-06-16,355.4800109863281
2025-06-17,357.8399963378906
2025-06-18,340.3800048828125
2025-06-20,338.57000732421875
2025-06-23,343.75
2025-06-24,351.6300048828125
2025-06-25,345.260009765625
2025-06-26,346.0299987792969
2025-06-27,348.6099853515625
2025-06-30,355.04998779296875
2025-07-01,355.4700012207031
2025-07-02,354.2200012207031
2025-07-03,358.8599853515625
2025-07-07,356.6400146484375
2025-07-08,354.54998779296875
2025-07-09,357.760009765625
2025-07-10,355.8800048828125
2025-07-11,347.92999267578125
2025-07-14,350.5
2025-07-15,347.0199890136719
2025-07-16,349.8999938964844
2025-07-17,349.80999755859375
2025-07-18,349.04998779296875
2025-07-21,350.94000244140625
2025-07-22,351.8599853515625
2025-07-23,355.2900085449219
2025-07-24,353.9700012207031
2025-07-25,357.0400085449219
2025-07-28,355.4700012207031
2025-07-29,351.2900085449219
2025-07-30,350.9100036621094
2025-07-31,345.4700012207031
2025-08-01,339.3500061035156
