Date,VOE.VI
2015-08-24,22.366241455078125
2015-08-25,23.70446014404297
2015-08-26,23.18001937866211
2015-08-27,24.23250389099121
2015-08-28,24.3265438079834
2015-08-31,23.581485748291016
2015-09-01,23.14385414123535
2015-09-02,22.984712600708008
2015-09-03,24.23250389099121
2015-09-04,23.75147247314453
2015-09-07,24.06613540649414
2015-09-08,24.095069885253906
2015-09-09,24.416961669921875
2015-09-10,24.05889892578125
2015-09-11,23.96486473083496
2015-09-14,23.802108764648438
2015-09-15,23.950397491455078
2015-09-16,24.265060424804688
2015-09-17,23.932310104370117
2015-09-18,23.245121002197266
2015-09-21,22.908761978149414
2015-09-22,21.81287384033203
2015-09-23,22.08413314819336
2015-09-24,21.7550048828125
2015-09-25,21.990097045898438
2015-09-28,21.100364685058594
2015-09-29,21.660968780517578
2015-09-30,22.207103729248047
2015-10-01,22.369857788085938
2015-10-02,22.64473533630371
2015-10-05,23.29937171936035
2015-10-06,23.66828727722168
2015-10-07,23.950397491455078
2015-10-08,23.61041831970215
2015-10-09,23.802108764648438
2015-10-12,23.812959671020508
2015-10-13,23.241506576538086
2015-10-14,23.809343338012695
2015-10-15,23.96486473083496
2015-10-16,24.05528450012207
2015-10-19,23.83104133605957
2015-10-20,23.784029006958008
2015-10-21,24.080602645874023
2015-10-22,24.811195373535156
2015-10-23,24.901613235473633
2015-10-27,23.22342300415039
2015-10-28,23.5091495513916
2015-10-29,23.425960540771484
2015-10-30,23.823806762695312
2015-11-02,24.304840087890625
2015-11-03,24.879913330078125
2015-11-04,24.116769790649414
2015-11-05,23.773176193237305
2015-11-06,23.639354705810547
2015-11-09,24.19272232055664
2015-11-10,23.87082862854004
2015-11-11,22.619417190551758
2015-11-12,21.198017120361328
2015-11-13,20.89059066772461
2015-11-16,20.977394104003906
2015-11-17,21.122068405151367
2015-11-18,21.447574615478516
2015-11-19,21.834571838378906
2015-11-20,22.424110412597656
2015-11-23,22.254119873046875
2015-11-24,21.70798683166504
2015-11-25,21.404176712036133
2015-11-26,22.39517593383789
2015-11-27,22.44942855834961
2015-11-30,22.279438018798828
2015-12-01,22.019031524658203
2015-12-02,21.556079864501953
2015-12-03,21.534379959106445
2015-12-04,21.339073181152344
2015-12-07,21.002710342407227
2015-12-09,20.112979888916016
2015-12-10,20.666349411010742
2015-12-11,19.91044044494629
2015-12-14,19.3968563079834
2015-12-15,19.838106155395508
2015-12-16,20.065961837768555
2015-12-17,19.530675888061523
2015-12-18,19.407705307006836
2015-12-21,19.461957931518555
2015-12-22,19.67534828186035
2015-12-23,20.337221145629883
2015-12-28,20.36615753173828
2015-12-29,20.304672241210938
2015-12-30,20.50359344482422
2016-01-04,19.758533477783203
2016-01-05,20.00086212158203
2016-01-07,19.273883819580078
2016-01-08,18.34075355529785
2016-01-11,18.29734992980957
2016-01-12,18.405853271484375
2016-01-13,18.210546493530273
2016-01-14,18.083959579467773
2016-01-15,17.60654640197754
2016-01-18,17.37145233154297
2016-01-19,17.73313331604004
2016-01-20,16.843399047851562
2016-01-21,17.537824630737305
2016-01-22,17.88503646850586
2016-01-25,17.700580596923828
2016-01-26,18.290117263793945
2016-01-27,17.671648025512695
2016-01-28,17.97545623779297
2016-01-29,17.534208297729492
2016-02-01,17.3316650390625
2016-02-02,17.089340209960938
2016-02-03,16.926586151123047
2016-02-04,17.469104766845703
2016-02-05,17.59930992126465
2016-02-08,17.1472110748291
2016-02-09,16.492570877075195
2016-02-10,16.28641700744629
2016-02-11,16.44917106628418
2016-02-12,18.409473419189453
2016-02-15,19.187082290649414
2016-02-16,18.88327407836914
2016-02-17,19.393238067626953
2016-02-18,19.103893280029297
2016-02-19,19.165380477905273
2016-02-22,19.747684478759766
2016-02-23,19.04241371154785
2016-02-24,18.49989128112793
2016-02-25,18.405853271484375
2016-02-26,18.80370330810547
2016-02-29,19.313671112060547
2016-03-01,19.946609497070312
2016-03-02,20.427642822265625
2016-03-03,20.633800506591797
2016-03-04,21.346303939819336
2016-03-07,21.212486267089844
2016-03-08,20.82187271118164
2016-03-09,20.85442352294922
2016-03-10,20.561464309692383
2016-03-11,21.114835739135742
2016-03-14,21.585018157958984
2016-03-15,21.122068405151367
2016-03-16,20.908676147460938
2016-03-17,21.353538513183594
2016-03-18,21.841806411743164
2016-03-21,21.263120651245117
2016-03-22,20.90144157409668
2016-03-23,20.673583984375
2016-03-24,20.055112838745117
2016-03-29,20.098512649536133
2016-03-30,21.035263061523438
2016-03-31,21.270355224609375
2016-04-01,21.54161262512207
2016-04-04,20.76761817932129
2016-04-05,20.50359344482422
2016-04-06,20.586780548095703
2016-04-07,19.859806060791016
2016-04-08,20.275737762451172
2016-04-11,20.25403594970703
2016-04-12,20.554229736328125
2016-04-13,21.581398010253906
2016-04-14,21.68628692626953
2016-04-15,21.65373420715332
2016-04-18,21.512680053710938
2016-04-19,22.604948043823242
2016-04-20,22.832807540893555
2016-04-21,22.456663131713867
2016-04-22,23.082366943359375
2016-04-25,22.604948043823242
2016-04-26,22.185400009155273
2016-04-27,22.608566284179688
2016-04-28,23.002798080444336
2016-04-29,22.771326065063477
2016-05-02,22.568782806396484
2016-05-03,21.82010841369629
2016-05-04,22.387941360473633
2016-05-06,22.572399139404297
2016-05-09,20.79655647277832
2016-05-10,20.398706436157227
2016-05-11,20.937606811523438
2016-05-12,20.521678924560547
2016-05-13,20.789321899414062
2016-05-17,21.172700881958008
2016-05-18,21.310136795043945
2016-05-19,20.80378532409668
2016-05-20,20.666349411010742
2016-05-23,20.626567840576172
2016-05-24,21.16546630859375
2016-05-25,21.36800765991211
2016-05-27,21.946693420410156
2016-05-30,22.06243324279785
2016-05-31,22.268587112426758
2016-06-01,21.317371368408203
2016-06-02,22.239656448364258
2016-06-03,22.409643173217773
2016-06-06,22.79663848876953
2016-06-07,23.205339431762695
2016-06-08,23.10045051574707
2016-06-09,22.840044021606445
2016-06-10,22.69898796081543
2016-06-13,21.534379959106445
2016-06-14,21.364391326904297
2016-06-15,22.011795043945312
2016-06-16,21.61394691467285
2016-06-17,22.380706787109375
2016-06-20,23.20172119140625
2016-06-21,23.14746856689453
2016-06-22,23.05343246459961
2016-06-23,23.675519943237305
2016-06-24,22.351774215698242
2016-06-27,20.7712345123291
2016-06-28,20.655500411987305
2016-06-29,20.79655647277832
2016-06-30,21.715219497680664
2016-07-01,22.467512130737305
2016-07-04,22.243268966674805
2016-07-05,21.302906036376953
2016-07-06,21.20525360107422
2016-07-07,21.25588607788086
2016-07-08,21.841806411743164
2016-07-11,22.532617568969727
2016-07-12,23.161935806274414
2016-07-13,22.688135147094727
2016-07-14,23.122217178344727
2016-07-15,23.380420684814453
2016-07-18,23.27938461303711
2016-07-19,22.860271453857422
2016-07-20,23.290611267089844
2016-07-21,23.03989028930664
2016-07-22,22.875242233276367
2016-07-25,22.946340560913086
2016-07-26,23.13344383239746
2016-07-27,23.399126052856445
2016-07-28,23.43280601501465
2016-07-29,23.589975357055664
2016-08-01,23.268157958984375
2016-08-02,22.774202346801758
2016-08-03,22.42245101928711
2016-08-04,22.845304489135742
2016-08-05,23.481454849243164
2016-08-08,23.990373611450195
2016-08-09,23.64236068725586
2016-08-10,23.155893325805664
2016-08-11,22.90143394470215
2016-08-12,22.908918380737305
2016-08-16,23.125957489013672
2016-08-17,22.751752853393555
2016-08-18,22.777944564819336
2016-08-19,23.013694763183594
2016-08-22,22.751752853393555
2016-08-23,23.013694763183594
2016-08-24,23.017438888549805
2016-08-25,22.7442684173584
2016-08-26,22.91265869140625
2016-08-29,22.79291343688965
2016-08-30,22.617036819458008
2016-08-31,22.20541000366211
2016-09-01,22.39999771118164
2016-09-02,22.826595306396484
2016-09-05,22.931367874145508
2016-09-06,22.882726669311523
2016-09-07,23.241962432861328
2016-09-08,23.537586212158203
2016-09-09,23.204540252685547
2016-09-12,22.968791961669922
2016-09-13,22.549678802490234
2016-09-14,22.429931640625
2016-09-15,22.560909271240234
2016-09-16,22.321414947509766
2016-09-19,22.66568374633789
2016-09-20,22.6581974029541
2016-09-21,23.03989028930664
2016-09-22,23.44403648376465
2016-09-23,23.436548233032227
2016-09-26,23.22699546813965
2016-09-27,22.9837589263916
2016-09-28,23.122217178344727
2016-09-29,23.511390686035156
2016-09-30,23.051116943359375
2016-10-03,23.2868709564209
2016-10-04,23.43280601501465
2016-10-05,23.22325325012207
2016-10-06,23.1783504486084
2016-10-07,23.25693130493164
2016-10-10,23.698495864868164
2016-10-11,23.664817810058594
2016-10-12,23.66855812072754
2016-10-13,23.34674072265625
2016-10-14,23.496423721313477
2016-10-17,23.309322357177734
2016-10-18,23.410356521606445
2016-10-19,23.956695556640625
2016-10-20,23.672300338745117
2016-10-21,24.050247192382812
2016-10-24,24.32341957092285
2016-10-25,24.435684204101562
2016-10-27,24.330904006958008
2016-10-28,24.439420700073242
2016-10-31,24.121349334716797
2016-11-02,23.68726921081543
2016-11-03,23.93798828125
2016-11-04,23.488941192626953
2016-11-07,24.37955093383789
2016-11-08,24.622785568237305
2016-11-09,25.49842643737793
2016-11-10,26.501300811767578
2016-11-11,26.1607723236084
2016-11-14,26.68840217590332
2016-11-15,26.609821319580078
2016-11-16,26.269296646118164
2016-11-17,25.966188430786133
2016-11-18,26.033544540405273
2016-11-21,26.198192596435547
2016-11-22,27.29836082458496
2016-11-23,27.34701156616211
2016-11-24,27.309587478637695
2016-11-25,26.680917739868164
2016-11-28,26.22064208984375
2016-11-29,26.744535446166992
2016-11-30,26.759504318237305
2016-12-01,26.733308792114258
2016-12-02,26.718338012695312
2016-12-05,27.31332778930664
2016-12-06,27.620176315307617
2016-12-07,28.6118221282959
2016-12-09,28.241361618041992
2016-12-12,28.36859130859375
2016-12-13,28.129098892211914
2016-12-14,27.975675582885742
2016-12-15,28.52201271057129
2016-12-16,28.840085983276367
2016-12-19,28.031803131103516
2016-12-20,27.687538146972656
2016-12-21,27.840961456298828
2016-12-22,27.908313751220703
2016-12-23,27.76237678527832
2016-12-27,27.960710525512695
2016-12-28,28.263813018798828
2016-12-29,28.36859130859375
2017-01-02,28.387304306030273
2017-01-03,28.275039672851562
2017-01-04,27.949480056762695
2017-01-05,28.065481185913086
2017-01-09,27.534109115600586
2017-01-10,27.541595458984375
2017-01-11,27.92702865600586
2017-01-12,28.20393943786621
2017-01-13,28.28252601623535
2017-01-16,28.304975509643555
2017-01-17,28.290006637573242
2017-01-18,28.48833656311035
2017-01-19,28.88873863220215
2017-01-20,29.255460739135742
2017-01-23,29.139455795288086
2017-01-24,29.820512771606445
2017-01-25,30.1423282623291
2017-01-26,30.0338134765625
2017-01-27,30.355628967285156
2017-01-30,29.547338485717773
2017-01-31,29.337785720825195
2017-02-01,29.61844253540039
2017-02-02,30.258333206176758
2017-02-03,30.01509666442871
2017-02-06,30.086200714111328
2017-02-07,30.048778533935547
2017-02-08,29.40888214111328
2017-02-09,29.18810272216797
2017-02-10,29.97393798828125
2017-02-13,30.63628387451172
2017-02-14,30.441694259643555
2017-02-15,30.55769920349121
2017-02-16,30.509050369262695
2017-02-17,30.60634994506836
2017-02-20,30.647510528564453
2017-02-21,30.6849308013916
2017-02-22,30.610088348388672
2017-02-23,30.632543563842773
2017-02-24,29.75315284729004
2017-02-28,29.73070526123047
2017-03-01,30.116134643554688
2017-03-02,30.056257247924805
2017-03-03,29.741931915283203
2017-03-06,29.46875762939453
2017-03-07,29.40888214111328
2017-03-08,29.225522994995117
2017-03-09,28.978548049926758
2017-03-10,28.701635360717773
2017-03-13,29.090808868408203
2017-03-14,28.959836959838867
2017-03-15,29.09455108642578
2017-03-16,29.34152603149414
2017-03-17,29.96270751953125
2017-03-20,29.82799530029297
2017-03-21,29.03467559814453
2017-03-22,28.536983489990234
2017-03-23,28.51453399658203
2017-03-24,28.357362747192383
2017-03-27,27.676307678222656
2017-03-28,27.63888931274414
2017-03-29,27.975675582885742
2017-03-30,28.52201271057129
2017-03-31,27.616436004638672
2017-04-03,27.95696449279785
2017-04-04,27.960710525512695
2017-04-05,28.21516990661621
2017-04-06,28.275039672851562
2017-04-07,28.2226505279541
2017-04-10,28.413496017456055
2017-04-11,28.02806854248047
2017-04-12,27.53784942626953
2017-04-13,27.373205184936523
2017-04-18,26.875507354736328
2017-04-19,27.369457244873047
2017-04-20,27.388168334960938
2017-04-21,27.39191246032715
2017-04-24,28.02806854248047
2017-04-25,28.379812240600586
2017-04-26,28.252588272094727
2017-04-27,28.3199405670166
2017-04-28,28.70537757873535
2017-05-02,28.372331619262695
2017-05-03,28.32742691040039
2017-05-04,28.492080688476562
2017-05-05,29.203073501586914
2017-05-08,28.630538940429688
2017-05-09,28.75402069091797
2017-05-10,28.810155868530273
2017-05-11,29.01597023010254
2017-05-12,28.589370727539062
2017-05-15,29.117000579833984
2017-05-16,28.922422409057617
2017-05-17,29.191844940185547
2017-05-18,29.124486923217773
2017-05-19,29.401395797729492
2017-05-22,29.95522689819336
2017-05-23,30.19845962524414
2017-05-24,30.404273986816406
2017-05-25,30.404273986816406
2017-05-26,30.643766403198242
2017-05-29,30.69615936279297
2017-05-30,30.778478622436523
2017-05-31,30.16478157043457
2017-06-01,29.405147552490234
2017-06-02,29.435077667236328
2017-06-06,30.183490753173828
2017-06-07,30.232141494750977
2017-06-08,30.247108459472656
2017-06-09,30.610088348388672
2017-06-12,29.929033279418945
2017-06-13,30.355628967285156
2017-06-14,29.940258026123047
2017-06-15,29.940258026123047
2017-06-16,29.24797821044922
2017-06-19,29.73818588256836
2017-06-20,29.13571548461914
2017-06-21,29.18810272216797
2017-06-22,29.255460739135742
2017-06-23,29.659603118896484
2017-06-26,29.84670639038086
2017-06-27,30.43794822692871
2017-06-28,30.007619857788086
2017-06-29,30.239627838134766
2017-06-30,30.535249710083008
2017-07-03,31.32856559753418
2017-07-04,31.47825050354004
2017-07-05,31.515666961669922
2017-07-06,31.485729217529297
2017-07-07,31.021713256835938
2017-07-10,31.208818435668945
2017-07-11,31.395923614501953
2017-07-12,31.706514358520508
2017-07-13,31.90629005432129
2017-07-14,32.317359924316406
2017-07-17,32.601661682128906
2017-07-18,32.54018783569336
2017-07-19,32.670814514160156
2017-07-20,32.755332946777344
2017-07-21,32.640079498291016
2017-07-24,32.42109680175781
2017-07-25,33.0511474609375
2017-07-26,33.33928680419922
2017-07-27,33.36233901977539
2017-07-28,33.154876708984375
2017-07-31,32.93205642700195
2017-08-01,32.885948181152344
2017-08-02,32.64775466918945
2017-08-03,32.87058639526367
2017-08-04,33.020408630371094
2017-08-07,33.089569091796875
2017-08-08,33.696571350097656
2017-08-09,33.46990966796875
2017-08-10,33.14719772338867
2017-08-11,32.55171203613281
2017-08-14,33.10493087768555
2017-08-16,33.120304107666016
2017-08-17,33.00888442993164
2017-08-18,32.4902458190918
2017-08-21,32.19442367553711
2017-08-22,32.670814514160156
2017-08-23,32.80911636352539
2017-08-24,32.989681243896484
2017-08-25,32.93589401245117
2017-08-28,32.66696548461914
2017-08-29,32.455665588378906
2017-08-30,32.816795349121094
2017-08-31,33.49295425415039
2017-09-01,33.27013397216797
2017-09-04,32.92436599731445
2017-09-05,32.82831954956055
2017-09-06,32.80911636352539
2017-09-07,33.431488037109375
2017-09-08,33.028099060058594
2017-09-11,33.64278030395508
2017-09-12,34.3535270690918
2017-09-13,34.21137619018555
2017-09-14,33.83488082885742
2017-09-15,34.134544372558594
2017-09-18,33.83488082885742
2017-09-19,33.677364349365234
2017-09-20,33.734989166259766
2017-09-21,34.01544952392578
2017-09-22,34.05771255493164
2017-09-25,33.992393493652344
2017-09-26,33.35081100463867
2017-09-27,33.03961944580078
2017-09-28,33.03961944580078
2017-09-29,33.151039123535156
2017-10-02,33.26628875732422
2017-10-03,33.462223052978516
2017-10-04,33.50064468383789
2017-10-05,33.6619987487793
2017-10-06,33.42764663696289
2017-10-09,33.638946533203125
2017-10-10,33.696571350097656
2017-10-11,33.63126754760742
2017-10-12,33.466060638427734
2017-10-13,34.65318298339844
2017-10-16,35.033531188964844
2017-10-17,34.80302047729492
2017-10-18,34.9874267578125
2017-10-19,34.67623519897461
2017-10-20,35.03736877441406
2017-10-23,35.5252799987793
2017-10-24,35.93635559082031
2017-10-25,35.74042510986328
2017-10-26,35.74042510986328
2017-10-27,36.11307907104492
2017-10-30,36.20912170410156
2017-10-31,36.293643951416016
2017-11-01,36.293643951416016
2017-11-02,36.128448486328125
2017-11-03,36.535675048828125
2017-11-06,36.89296340942383
2017-11-07,36.72392654418945
2017-11-08,37.78426742553711
2017-11-09,37.41929626464844
2017-11-10,37.21183776855469
2017-11-13,36.650936126708984
2017-11-14,36.201438903808594
2017-11-15,36.10923385620117
2017-11-16,36.11307907104492
2017-11-17,36.72776794433594
2017-11-20,36.49726104736328
2017-11-21,36.385841369628906
2017-11-22,37.16189193725586
2017-11-23,37.434661865234375
2017-11-24,37.21567916870117
2017-11-27,36.71623992919922
2017-11-28,36.816131591796875
2017-11-29,37.6651725769043
2017-11-30,37.503814697265625
2017-12-01,37.59601974487305
2017-12-04,37.81884765625
2017-12-05,37.165733337402344
2017-12-06,37.2733039855957
2017-12-07,36.981327056884766
2017-12-08,36.981327056884766
2017-12-11,37.438499450683594
2017-12-12,37.012062072753906
2017-12-13,37.396244049072266
2017-12-14,37.6651725769043
2017-12-15,37.403926849365234
2017-12-18,38.133872985839844
2017-12-19,38.252967834472656
2017-12-20,38.47964096069336
2017-12-21,38.85612869262695
2017-12-22,39.04822540283203
2017-12-27,39.1865348815918
2017-12-28,38.73319625854492
2017-12-29,38.299072265625
2018-01-02,38.664039611816406
2018-01-03,39.47850799560547
2018-01-04,39.93952941894531
2018-01-05,39.954891204833984
2018-01-08,39.924163818359375
2018-01-09,40.63105392456055
2018-01-10,41.18427276611328
2018-01-11,41.24574279785156
2018-01-12,41.43014907836914
2018-01-15,41.092071533203125
2018-01-16,40.63105392456055
2018-01-17,41.061336517333984
2018-01-18,41.107444763183594
2018-01-19,41.95263671875
2018-01-22,41.95263671875
2018-01-23,41.55309295654297
2018-01-24,41.168907165527344
2018-01-25,41.153541564941406
2018-01-26,41.092071533203125
2018-01-29,40.80009841918945
2018-01-30,40.40054702758789
2018-01-31,40.170040130615234
2018-02-01,40.23150634765625
2018-02-02,39.00212478637695
2018-02-05,38.740875244140625
2018-02-06,37.28867721557617
2018-02-07,38.01093673706055
2018-02-08,35.1910400390625
2018-02-09,35.17567443847656
2018-02-12,36.251380920410156
2018-02-13,36.189910888671875
2018-02-14,36.42042541503906
2018-02-15,36.42042541503906
2018-02-16,36.42042541503906
2018-02-20,35.63669204711914
2018-02-21,36.32052993774414
2018-02-22,36.75849914550781
2018-02-23,36.52030944824219
2018-02-26,36.91217803955078
2018-02-27,36.79691696166992
2018-02-28,36.574092864990234
2018-03-01,35.598270416259766
2018-03-02,34.28437423706055
2018-03-05,33.69273376464844
2018-03-06,33.73883056640625
2018-03-07,33.9386100769043
2018-03-08,34.960533142089844
2018-03-09,34.422672271728516
2018-03-12,34.276695251464844
2018-03-13,33.884822845458984
2018-03-14,34.338157653808594
2018-03-15,33.8233528137207
2018-03-16,33.73883056640625
2018-03-19,33.977027893066406
2018-03-20,33.75419616699219
2018-03-21,34.30742645263672
2018-03-22,33.669677734375
2018-03-23,33.23171615600586
2018-03-26,33.154876708984375
2018-03-27,32.82447814941406
2018-03-28,32.93205642700195
2018-03-29,32.709224700927734
2018-04-03,32.76301574707031
2018-04-04,32.471031188964844
2018-04-05,33.154876708984375
2018-04-10,33.14719772338867
2018-04-11,33.07035827636719
2018-04-12,33.293182373046875
2018-04-13,33.83103942871094
2018-04-16,33.73115158081055
2018-04-17,34.00776290893555
2018-04-18,34.806861877441406
2018-04-19,34.499515533447266
2018-04-20,34.753074645996094
2018-04-23,34.883697509765625
2018-04-24,34.74539566040039
2018-04-25,33.977027893066406
2018-04-26,33.52368927001953
2018-04-27,34.09227752685547
2018-04-30,33.58515930175781
2018-05-02,33.9386100769043
2018-05-03,33.86945724487305
2018-05-04,34.03850173950195
2018-05-07,34.3535270690918
2018-05-08,34.41499710083008
2018-05-09,35.329341888427734
2018-05-10,35.329341888427734
2018-05-11,35.95940399169922
2018-05-14,35.95940399169922
2018-05-15,35.42923355102539
2018-05-16,35.54448318481445
2018-05-17,35.71353530883789
2018-05-18,35.50606918334961
2018-05-21,35.50606918334961
2018-05-22,36.19759750366211
2018-05-23,36.18223190307617
2018-05-24,35.675113677978516
2018-05-25,35.29092788696289
2018-05-29,34.97590637207031
2018-05-30,35.31398010253906
2018-05-31,35.31398010253906
2018-06-01,34.31510925292969
2018-06-04,34.3765754699707
2018-06-05,33.185611724853516
2018-06-06,33.76188278198242
2018-06-07,34.991268157958984
2018-06-08,35.198726654052734
2018-06-11,35.25251388549805
2018-06-12,35.10652542114258
2018-06-13,34.714656829833984
2018-06-14,34.3765754699707
2018-06-15,34.31510925292969
2018-06-18,34.03081512451172
2018-06-19,33.27781677246094
2018-06-20,32.747642517089844
2018-06-21,32.56324005126953
2018-06-22,32.52482223510742
2018-06-25,31.502899169921875
2018-06-26,31.072612762451172
2018-06-27,30.857471466064453
2018-06-28,30.41950035095215
2018-06-29,30.311935424804688
2018-07-02,30.44255828857422
2018-07-03,30.834423065185547
2018-07-04,30.780635833740234
2018-07-05,31.456796646118164
2018-07-06,31.725725173950195
2018-07-09,32.27125930786133
2018-07-10,32.086849212646484
2018-07-11,31.395328521728516
2018-07-12,31.419198989868164
2018-07-13,31.538536071777344
2018-07-16,31.482847213745117
2018-07-17,31.904523849487305
2018-07-18,33.018402099609375
2018-07-19,32.26255416870117
2018-07-20,32.4535026550293
2018-07-23,32.62058639526367
2018-07-24,33.344600677490234
2018-07-25,32.88314437866211
2018-07-26,33.76628875732422
2018-07-27,34.60169219970703
2018-07-30,33.98906326293945
2018-07-31,34.108402252197266
2018-08-01,33.70263671875
2018-08-02,33.19343566894531
2018-08-03,33.32869338989258
2018-08-06,33.0343132019043
2018-08-07,33.265045166015625
2018-08-08,33.209346771240234
2018-08-09,32.859275817871094
2018-08-10,32.326210021972656
2018-08-13,31.968175888061523
2018-08-14,31.57036590576172
2018-08-16,30.64743995666504
2018-08-17,30.53605079650879
2018-08-20,30.26554298400879
2018-08-21,30.456485748291016
2018-08-22,30.655399322509766
2018-08-23,30.40079689025879
2018-08-24,31.08502960205078
2018-08-27,30.997516632080078
2018-08-28,31.46693229675293
2018-08-29,31.212329864501953
2018-08-30,31.077077865600586
2018-08-31,30.742918014526367
2018-09-03,30.53605079650879
2018-09-04,30.440576553344727
2018-09-05,29.875682830810547
2018-09-06,29.247142791748047
2018-09-07,29.151662826538086
2018-09-10,29.23122787475586
2018-09-11,29.03232192993164
2018-09-12,29.048234939575195
2018-09-13,29.223270416259766
2018-09-14,29.239185333251953
2018-09-17,29.33466148376465
2018-09-18,29.414222717285156
2018-09-19,30.3848819732666
2018-09-20,30.846345901489258
2018-09-21,30.909996032714844
2018-09-24,30.846345901489258
2018-09-25,30.862260818481445
2018-09-26,30.894086837768555
2018-09-27,31.379413604736328
2018-09-28,31.34758758544922
2018-10-01,31.70562171936035
2018-10-02,31.65788459777832
2018-10-03,31.793132781982422
2018-10-04,31.6897029876709
2018-10-05,31.053207397460938
2018-10-08,31.045251846313477
2018-10-09,30.64743995666504
2018-10-10,29.565391540527344
2018-10-11,28.960716247558594
2018-10-12,28.49129867553711
2018-10-15,28.88115119934082
2018-10-16,29.25510025024414
2018-10-17,29.438091278076172
2018-10-18,29.167579650878906
2018-10-19,28.085529327392578
2018-10-22,27.63998031616211
2018-10-23,26.836400985717773
2018-10-24,24.457483291625977
2018-10-25,23.916458129882812
2018-10-26,23.916458129882812
2018-10-29,24.290403366088867
2018-10-30,24.465438842773438
2018-10-31,24.974639892578125
2018-11-01,24.974639892578125
2018-11-02,25.889606475830078
2018-11-05,25.635009765625
2018-11-06,25.420188903808594
2018-11-07,25.269018173217773
2018-11-08,25.459970474243164
2018-11-09,24.767776489257812
2018-11-12,23.916458129882812
2018-11-13,24.003978729248047
2018-11-14,24.369962692260742
2018-11-15,24.441570281982422
2018-11-16,24.171058654785156
2018-11-19,24.07558250427246
2018-11-20,23.3515682220459
2018-11-21,23.709596633911133
2018-11-22,23.637990951538086
2018-11-23,23.38338851928711
2018-11-26,23.447036743164062
2018-11-27,23.073095321655273
2018-11-28,23.232223510742188
2018-11-29,23.232223510742188
2018-11-30,23.3515682220459
2018-12-03,23.85280990600586
2018-12-04,23.27996063232422
2018-12-05,23.057186126708984
2018-12-06,22.38886070251465
2018-12-07,22.20586585998535
2018-12-10,20.845352172851562
2018-12-11,20.89308738708496
2018-12-12,21.314769744873047
2018-12-13,21.64097785949707
2018-12-14,21.115863800048828
2018-12-17,20.940826416015625
2018-12-18,21.1556453704834
2018-12-19,21.21133804321289
2018-12-20,20.79761505126953
2018-12-21,21.3306827545166
2018-12-27,20.71805191040039
2018-12-28,20.765790939331055
2018-12-31,20.765790939331055
2019-01-02,20.606666564941406
2019-01-03,20.38389015197754
2019-01-04,21.3306827545166
2019-01-07,21.76827621459961
2019-01-08,21.7841854095459
2019-01-09,22.293386459350586
2019-01-10,22.166086196899414
2019-01-11,22.03083038330078
2019-01-14,22.11039161682129
2019-01-15,22.078567504882812
2019-01-16,22.15017318725586
2019-01-17,21.227252960205078
2019-01-18,21.633020401000977
2019-01-21,21.57732582092285
2019-01-22,21.601194381713867
2019-01-23,21.426156997680664
2019-01-24,21.74440574645996
2019-01-25,22.34908103942871
2019-01-28,22.55594253540039
2019-01-29,22.30929946899414
2019-01-30,22.046741485595703
2019-01-31,22.181997299194336
2019-02-01,22.07061004638672
2019-02-04,21.386377334594727
2019-02-05,21.386377334594727
2019-02-06,21.67279815673828
2019-02-07,20.129287719726562
2019-02-08,19.74738883972168
2019-02-12,20.089508056640625
2019-02-13,20.12133026123047
2019-02-14,19.938339233398438
2019-02-15,20.519145965576172
2019-02-18,20.423667907714844
2019-02-19,20.352062225341797
2019-02-20,20.948780059814453
2019-02-21,21.195425033569336
2019-02-22,21.601194381713867
2019-02-25,21.752361297607422
2019-02-26,21.561416625976562
2019-02-27,21.553455352783203
2019-02-28,21.656885147094727
2019-03-01,22.118349075317383
2019-03-04,21.94331169128418
2019-03-05,22.1422176361084
2019-03-06,22.174043655395508
2019-03-07,21.94331169128418
2019-03-08,21.529586791992188
2019-03-12,21.529586791992188
2019-03-13,21.7841854095459
2019-03-14,21.999006271362305
2019-03-15,22.01491928100586
2019-03-18,22.61958885192871
2019-03-19,22.92192840576172
2019-03-20,22.50820541381836
2019-03-21,22.659372329711914
2019-03-22,21.967182159423828
2019-03-26,21.195425033569336
2019-03-27,21.259075164794922
2019-03-28,21.21133804321289
2019-03-29,21.53754425048828
2019-04-01,22.30929946899414
2019-04-02,22.786670684814453
2019-04-03,23.04922866821289
2019-04-04,23.025360107421875
2019-04-05,23.33565330505371
2019-04-08,22.953752517700195
2019-04-09,22.858278274536133
2019-04-10,22.88214874267578
2019-04-11,22.794628143310547
2019-04-12,23.200397491455078
2019-04-15,23.590255737304688
2019-04-16,23.836894989013672
2019-04-17,24.330183029174805
2019-04-18,24.21879768371582
2019-04-23,23.892593383789062
2019-04-24,23.56638526916504
2019-04-25,23.311784744262695
2019-04-30,22.778715133666992
2019-05-02,22.63550567626953
2019-05-03,22.43659782409668
2019-05-06,22.293386459350586
2019-05-07,21.68871307373047
2019-05-08,21.593236923217773
2019-05-09,20.99652099609375
2019-05-10,21.04425621032715
2019-05-13,20.455493927001953
2019-05-14,21.020389556884766
2019-05-15,21.020389556884766
2019-05-16,21.322723388671875
2019-05-17,20.288414001464844
2019-05-20,20.208850860595703
2019-05-21,20.67827033996582
2019-05-22,20.38389015197754
2019-05-23,19.190452575683594
2019-05-24,19.612133026123047
2019-05-27,19.596221923828125
2019-05-28,19.37344741821289
2019-05-29,18.824466705322266
2019-05-30,18.896072387695312
2019-05-31,18.59373664855957
2019-06-03,18.86424446105957
2019-06-04,19.25410270690918
2019-06-05,18.88811683654785
2019-06-06,18.76877212524414
2019-06-07,19.118844985961914
2019-06-10,19.118844985961914
2019-06-11,19.667827606201172
2019-06-12,19.44505500793457
2019-06-13,19.596221923828125
2019-06-14,19.22227668762207
2019-06-18,19.930381774902344
2019-06-19,20.18498420715332
2019-06-20,20.208850860595703
2019-06-21,20.391843795776367
2019-06-24,20.16111183166504
2019-06-25,20.375934600830078
2019-06-26,20.901044845581055
2019-06-27,21.179513931274414
2019-06-28,21.617107391357422
2019-07-01,21.871706008911133
2019-07-02,21.386377334594727
2019-07-03,21.338638305664062
2019-07-04,21.298856735229492
2019-07-05,21.05221176147461
2019-07-08,21.068126678466797
2019-07-09,20.320240020751953
2019-07-10,20.23272132873535
2019-07-11,19.958295822143555
2019-07-12,20.14124298095703
2019-07-15,19.958295822143555
2019-07-16,20.09966278076172
2019-07-17,19.717130661010742
2019-07-18,19.37617301940918
2019-07-19,19.43438720703125
2019-07-22,19.800291061401367
2019-07-23,20.748310089111328
2019-07-24,21.055997848510742
2019-07-25,20.731679916381836
2019-07-26,20.37409019470215
2019-07-29,20.20777130126953
2019-07-30,19.900083541870117
2019-07-31,19.99155616760254
2019-08-01,19.50091552734375
2019-08-02,18.943748474121094
2019-08-05,18.44478988647461
2019-08-06,18.46973419189453
2019-08-07,18.02899169921875
2019-08-08,17.72130012512207
2019-08-09,17.16413116455078
2019-08-12,17.04770851135254
2019-08-13,17.1225528717041
2019-08-14,16.536277770996094
2019-08-16,15.999898910522461
2019-08-19,16.73170280456543
2019-08-20,16.648544311523438
2019-08-21,16.715070724487305
2019-08-22,16.87307357788086
2019-08-23,16.798229217529297
2019-08-26,16.931285858154297
2019-08-27,16.848127365112305
2019-08-28,16.898021697998047
2019-08-29,17.097604751586914
2019-08-30,17.421926498413086
2019-09-02,17.15581512451172
2019-09-03,17.04770851135254
2019-09-04,17.347082138061523
2019-09-05,17.779510498046875
2019-09-06,17.696353912353516
2019-09-09,18.245206832885742
2019-09-10,19.018592834472656
2019-09-11,19.159961700439453
2019-09-12,19.3345947265625
2019-09-13,19.758708953857422
2019-09-16,19.4676513671875
2019-09-17,19.0684871673584
2019-09-18,19.060169219970703
2019-09-19,19.101749420166016
2019-09-20,18.669321060180664
2019-09-23,18.31173324584961
2019-09-24,17.979095458984375
2019-09-25,17.895936965942383
2019-09-26,17.30550193786621
2019-09-27,17.771198272705078
2019-09-30,17.5300350189209
2019-10-01,17.5965633392334
2019-10-02,17.056026458740234
2019-10-03,16.73170280456543
2019-10-04,16.764965057373047
2019-10-07,17.089290618896484
2019-10-08,16.947914123535156
2019-10-09,16.80654525756836
2019-10-10,17.480138778686523
2019-10-11,17.987409591674805
2019-10-14,17.829408645629883
2019-10-15,17.829408645629883
2019-10-16,17.837724685668945
2019-10-17,18.062255859375
2019-10-18,18.145414352416992
2019-10-21,18.636056900024414
2019-10-22,18.76911163330078
2019-10-23,19.101749420166016
2019-10-24,19.026905059814453
2019-10-25,19.101749420166016
2019-10-28,19.650604248046875
2019-10-29,19.525863647460938
2019-10-30,19.03522491455078
2019-10-31,18.669321060180664
2019-11-01,19.326278686523438
2019-11-04,20.17450714111328
2019-11-05,20.498830795288086
2019-11-06,20.09966278076172
2019-11-07,20.623567581176758
2019-11-08,20.731679916381836
2019-11-11,20.706729888916016
2019-11-12,20.914627075195312
2019-11-13,20.631885528564453
2019-11-14,20.041452407836914
2019-11-15,19.91671371459961
2019-11-18,19.658918380737305
2019-11-19,19.559127807617188
2019-11-20,19.725448608398438
2019-11-21,19.37617301940918
2019-11-22,19.933345794677734
2019-11-25,20.257667541503906
2019-11-26,20.44062042236328
2019-11-27,20.224403381347656
2019-11-28,20.216087341308594
2019-11-29,19.9998722076416
2019-12-02,19.92502784729004
2019-12-03,19.717130661010742
2019-12-04,20.09966278076172
2019-12-05,20.024822235107422
2019-12-06,20.523778915405273
2019-12-09,20.648517608642578
2019-12-10,20.324195861816406
2019-12-11,20.37409019470215
2019-12-12,20.78989028930664
2019-12-13,20.906312942504883
2019-12-16,20.78989028930664
2019-12-17,20.357460021972656
2019-12-18,20.498830795288086
2019-12-19,20.806522369384766
2019-12-20,20.922945022583008
2019-12-23,20.78989028930664
2019-12-27,20.731679916381836
2019-12-30,20.673465728759766
2020-01-02,20.98115348815918
2020-01-03,20.82315444946289
2020-01-06,20.65683364868164
2020-01-07,20.939579010009766
2020-01-08,20.93126106262207
2020-01-09,20.814838409423828
2020-01-10,20.498830795288086
2020-01-13,20.59030532836914
2020-01-14,20.59030532836914
2020-01-15,20.457252502441406
2020-01-16,20.216087341308594
2020-01-17,20.224403381347656
2020-01-20,20.249353408813477
2020-01-21,19.783658981323242
2020-01-22,19.625656127929688
2020-01-23,19.484283447265625
2020-01-24,19.426071166992188
2020-01-27,18.503000259399414
2020-01-28,18.602792739868164
2020-01-29,18.77742576599121
2020-01-30,18.394893646240234
2020-01-31,18.228572845458984
2020-02-03,18.228572845458984
2020-02-04,18.719215393066406
2020-02-05,19.2015380859375
2020-02-06,19.176591873168945
2020-02-07,19.101749420166016
2020-02-10,18.84395408630371
2020-02-11,19.060169219970703
2020-02-12,19.234804153442383
2020-02-13,18.885534286499023
2020-02-14,19.026905059814453
2020-02-17,18.96869468688965
2020-02-18,18.519634246826172
2020-02-19,18.677635192871094
2020-02-20,18.68595314025879
2020-02-21,18.64436912536621
2020-02-24,17.629825592041016
2020-02-25,17.30550193786621
2020-02-26,17.197397232055664
2020-02-27,16.789913177490234
2020-02-28,16.448959350585938
2020-03-02,16.382431030273438
2020-03-03,16.62775421142578
2020-03-04,16.73170280456543
2020-03-05,15.9541597366333
2020-03-06,14.84398078918457
2020-03-09,13.243159294128418
2020-03-10,13.276422500610352
2020-03-11,12.868942260742188
2020-03-12,10.84400463104248
2020-03-13,11.700549125671387
2020-03-16,11.035272598266602
2020-03-17,11.492650985717773
2020-03-18,11.8086576461792
2020-03-19,12.557092666625977
2020-03-20,13.75459098815918
2020-03-23,14.440656661987305
2020-03-24,15.114248275756836
2020-03-25,15.642312049865723
2020-03-26,15.401148796081543
2020-03-27,14.735872268676758
2020-03-30,14.968719482421875
2020-03-31,15.41362190246582
2020-04-01,15.417780876159668
2020-04-02,15.434412002563477
2020-04-03,15.550834655761719
2020-04-06,16.24106216430664
2020-04-07,16.415695190429688
2020-04-08,15.9208984375
2020-04-09,16.378273010253906
2020-04-14,16.349166870117188
2020-04-15,15.895949363708496
2020-04-16,15.791999816894531
2020-04-17,16.290956497192383
2020-04-20,16.20363998413086
2020-04-21,15.355413436889648
2020-04-22,15.384516716003418
2020-04-23,15.559150695800781
2020-04-24,15.301358222961426
2020-04-27,15.376201629638672
2020-04-28,15.563311576843262
2020-04-29,16.00821304321289
2020-04-30,15.71299934387207
2020-05-04,15.27225112915039
2020-05-05,15.66726016998291
2020-05-06,15.675575256347656
2020-05-07,15.683892250061035
2020-05-08,15.762892723083496
2020-05-11,15.405305862426758
2020-05-12,15.068511962890625
2020-05-13,14.785768508911133
2020-05-14,14.602818489074707
2020-05-15,14.694293022155762
2020-05-18,15.571626663208008
2020-05-19,14.112176895141602
2020-05-20,14.29512882232666
2020-05-21,13.916751861572266
2020-05-22,14.232757568359375
2020-05-25,14.332550048828125
2020-05-26,14.727556228637695
2020-05-27,14.873086929321289
2020-05-28,15.176619529724121
2020-05-29,14.582026481628418
2020-06-02,15.293042182922363
2020-06-03,16.232746124267578
2020-06-04,16.544593811035156
2020-06-05,16.856443405151367
2020-06-08,17.280555725097656
2020-06-09,16.981182098388672
2020-06-10,16.24106216430664
2020-06-11,15.638154983520508
2020-06-12,16.016530990600586
2020-06-15,16.13711166381836
2020-06-16,16.407379150390625
2020-06-17,16.66517448425293
2020-06-18,16.473909378051758
2020-06-19,16.295114517211914
2020-06-22,15.991581916809082
2020-06-23,16.56122398376465
2020-06-24,15.9208984375
2020-06-25,15.771209716796875
2020-06-26,15.625679969787598
2020-06-29,15.962474822998047
2020-06-30,15.9208984375
2020-07-01,15.629837036132812
2020-07-02,15.933369636535645
2020-07-03,15.937528610229492
2020-07-06,16.403223037719727
2020-07-07,16.656858444213867
2020-07-08,16.35332679748535
2020-07-09,16.206302642822266
2020-07-10,16.185298919677734
2020-07-13,16.571762084960938
2020-07-14,16.50455093383789
2020-07-15,16.75239372253418
2020-07-16,16.550758361816406
2020-07-17,16.52555274963379
2020-07-20,16.40373420715332
2020-07-21,16.638973236083984
2020-07-22,16.40373420715332
2020-07-23,16.55495834350586
2020-07-24,16.307119369506836
2020-07-27,16.24410629272461
2020-07-28,16.092884063720703
2020-07-29,15.639205932617188
2020-07-30,15.340959548950195
2020-07-31,15.748425483703613
2020-08-03,16.00046730041504
2020-08-04,16.256711959838867
2020-08-05,16.836406707763672
2020-08-06,16.668378829956055
2020-08-07,16.676780700683594
2020-08-10,16.970829010009766
2020-08-11,17.50011444091797
2020-08-12,18.029403686523438
2020-08-13,17.861377716064453
2020-08-14,17.609333038330078
2020-08-17,17.743757247924805
2020-08-18,17.802570343017578
2020-08-19,17.911785125732422
2020-08-20,17.46651268005371
2020-08-21,17.273279190063477
2020-08-24,17.609333038330078
2020-08-25,17.575727462768555
2020-08-26,17.508520126342773
2020-08-27,17.323688507080078
2020-08-28,17.50011444091797
2020-08-31,17.483314514160156
2020-09-01,17.525320053100586
2020-09-02,17.634538650512695
2020-09-03,17.642940521240234
2020-09-04,18.17222785949707
2020-09-07,18.3570613861084
2020-09-08,18.113420486450195
2020-09-09,18.37386131286621
2020-09-10,18.415868759155273
2020-09-11,18.365461349487305
2020-09-14,18.399065017700195
2020-09-15,18.4998836517334
2020-09-16,18.785531997680664
2020-09-17,18.80233383178711
2020-09-18,18.86114501953125
2020-09-21,18.289852142333984
2020-09-22,18.14702606201172
2020-09-23,18.634305953979492
2020-09-24,18.30665397644043
2020-09-25,18.197433471679688
2020-09-28,18.64270782470703
2020-09-29,18.701519012451172
2020-09-30,18.90315055847168
2020-10-01,18.819137573242188
2020-10-02,18.919954299926758
2020-10-05,19.272815704345703
2020-10-06,19.4576416015625
2020-10-07,20.00373649597168
2020-10-08,20.121356964111328
2020-10-09,20.09615135192871
2020-10-12,20.1297550201416
2020-10-13,19.953327178955078
2020-10-14,20.322988510131836
2020-10-15,20.19696807861328
2020-10-16,20.373394012451172
2020-10-19,20.373394012451172
2020-10-20,21.003501892089844
2020-10-21,20.986698150634766
2020-10-22,20.96149444580078
2020-10-23,21.17152976989746
2020-10-27,20.717853546142578
2020-10-28,20.05414581298828
2020-10-29,19.978532791137695
2020-10-30,20.03734016418457
2020-11-02,20.23897361755371
2020-11-03,20.3649959564209
2020-11-04,20.549823760986328
2020-11-05,20.70945167541504
2020-11-06,21.003501892089844
2020-11-09,21.18833351135254
2020-11-10,21.389965057373047
2020-11-11,21.717622756958008
2020-11-12,21.465576171875
2020-11-13,21.524389266967773
2020-11-16,21.961261749267578
2020-11-17,22.078882217407227
2020-11-18,22.028470993041992
2020-11-19,21.667213439941406
2020-11-20,21.650409698486328
2020-11-23,22.028470993041992
2020-11-24,22.734189987182617
2020-11-25,22.68378257751465
2020-11-26,22.591367721557617
2020-11-27,22.624971389770508
2020-11-30,22.549358367919922
2020-12-01,22.98623275756836
2020-12-02,22.767797470092773
2020-12-03,23.120655059814453
2020-12-04,23.5239200592041
2020-12-07,23.49031639099121
2020-12-08,23.313886642456055
2020-12-09,23.64994239807129
2020-12-10,23.599533081054688
2020-12-11,23.473512649536133
2020-12-14,23.63313865661621
2020-12-15,24.128820419311523
2020-12-16,24.490083694458008
2020-12-17,24.859743118286133
2020-12-18,24.97736358642578
2020-12-21,24.498483657836914
2020-12-22,24.56569480895996
2020-12-23,24.64971160888672
2020-12-28,24.64971160888672
2020-12-29,24.708518981933594
2020-12-30,24.61610221862793
2021-01-04,24.994165420532227
2021-01-05,25.20420265197754
2021-01-06,25.624271392822266
2021-01-07,26.397199630737305
2021-01-08,25.935123443603516
2021-01-11,25.733489990234375
2021-01-12,25.9603271484375
2021-01-13,25.95192527770996
2021-01-14,26.254377365112305
2021-01-15,25.70828628540039
2021-01-18,26.716453552246094
2021-01-19,26.296382904052734
2021-01-20,26.674448013305664
2021-01-21,27.069313049316406
2021-01-22,26.624038696289062
2021-01-25,26.430805206298828
2021-01-26,26.405601501464844
2021-01-27,25.481447219848633
2021-01-28,25.741891860961914
2021-01-29,25.30501937866211
2021-02-01,25.78390121459961
2021-02-02,25.92672348022461
2021-02-03,25.70828628540039
2021-02-04,26.052743911743164
2021-02-05,26.27117919921875
2021-02-08,26.624038696289062
2021-02-09,26.237573623657227
2021-02-10,26.716453552246094
2021-02-11,26.523221969604492
2021-02-12,26.111553192138672
2021-02-15,26.245975494384766
2021-02-16,26.27117919921875
2021-02-17,26.514820098876953
2021-02-18,26.447608947753906
2021-02-19,27.04410743713379
2021-02-22,26.867677688598633
2021-02-23,27.09451675415039
2021-02-24,27.800235748291016
2021-02-25,27.649009704589844
2021-02-26,27.59020233154297
2021-03-01,28.3967342376709
2021-03-02,28.606767654418945
2021-03-03,29.186464309692383
2021-03-04,29.068845748901367
2021-03-05,28.942827224731445
2021-03-08,29.623336791992188
2021-03-09,29.404897689819336
2021-03-10,29.203266143798828
2021-03-11,29.404897689819336
2021-03-12,29.556129455566406
2021-03-15,29.740957260131836
2021-03-16,29.732555389404297
2021-03-17,29.186464309692383
2021-03-18,29.581329345703125
2021-03-19,29.320886611938477
2021-03-22,29.320886611938477
2021-03-23,28.71599006652832
2021-03-24,29.203266143798828
2021-03-25,28.522756576538086
2021-03-26,29.228471755981445
2021-03-29,29.220069885253906
2021-03-30,29.858579635620117
2021-03-31,29.682147979736328
2021-04-01,30.060211181640625
2021-04-06,30.749126434326172
2021-04-07,30.362661361694336
2021-04-08,30.077011108398438
2021-04-09,30.329055786132812
2021-04-12,30.46347999572754
2021-04-13,30.631507873535156
2021-04-14,30.68191909790039
2021-04-15,30.933958053588867
2021-04-16,31.37082862854004
2021-04-19,31.169193267822266
2021-04-20,30.329055786132812
2021-04-21,30.329055786132812
2021-04-22,30.41307258605957
2021-04-23,30.866748809814453
2021-04-26,31.354026794433594
2021-04-27,31.219600677490234
2021-04-28,30.967565536499023
2021-04-29,30.631507873535156
2021-04-30,30.329055786132812
2021-05-03,30.29545021057129
2021-05-04,30.161029815673828
2021-05-05,31.06838035583496
2021-05-06,31.53885841369629
2021-05-07,32.009334564208984
2021-05-10,32.126956939697266
2021-05-11,31.488447189331055
2021-05-12,30.90035057067871
2021-05-13,30.79953384399414
2021-05-14,30.933958053588867
2021-05-17,31.185997009277344
2021-05-18,31.337221145629883
2021-05-19,30.581100463867188
2021-05-20,30.211437225341797
2021-05-21,30.161029815673828
2021-05-25,30.19463348388672
2021-05-26,30.513887405395508
2021-05-27,31.085180282592773
2021-05-28,30.9843692779541
2021-05-31,31.05157470703125
2021-06-01,31.90852165222168
2021-06-02,31.63967514038086
2021-06-03,31.57246208190918
2021-06-04,31.488447189331055
2021-06-07,31.15239143371582
2021-06-08,30.73232650756836
2021-06-09,29.656944274902344
2021-06-10,29.623336791992188
2021-06-11,30.597898483276367
2021-06-14,30.44667625427246
2021-06-15,29.72415542602539
2021-06-16,29.656944274902344
2021-06-17,29.404897689819336
2021-06-18,28.61517333984375
2021-06-21,28.80000114440918
2021-06-22,28.71599006652832
2021-06-23,28.564762115478516
2021-06-24,28.631973266601562
2021-06-25,28.884017944335938
2021-06-28,28.195100784301758
2021-06-29,28.984830856323242
2021-06-30,28.850412368774414
2021-07-01,29.30408477783203
2021-07-02,29.438508987426758
2021-07-05,29.404897689819336
2021-07-06,28.71599006652832
2021-07-07,28.917621612548828
2021-07-08,28.69918441772461
2021-07-09,29.892181396484375
2021-07-12,29.287282943725586
2021-07-13,29.203266143798828
2021-07-14,29.858579635620117
2021-07-15,30.13125991821289
2021-07-16,29.61998176574707
2021-07-19,29.006450653076172
2021-07-20,29.279130935668945
2021-07-21,30.114219665527344
2021-07-22,30.029006958007812
2021-07-23,30.55732536315918
2021-07-26,31.409454345703125
2021-07-27,31.47762107849121
2021-07-28,31.528751373291016
2021-07-29,32.34679412841797
2021-07-30,31.6821346282959
2021-08-02,32.005943298339844
2021-08-03,31.596920013427734
2021-08-04,32.24454116821289
2021-08-05,32.704689025878906
2021-08-06,33.13075256347656
2021-08-09,33.13075256347656
2021-08-10,33.4886474609375
2021-08-11,33.96583938598633
2021-08-12,34.170345306396484
2021-08-13,34.391902923583984
2021-08-16,33.88062286376953
2021-08-17,33.47159957885742
2021-08-18,33.607940673828125
2021-08-19,32.5683479309082
2021-08-20,32.4320068359375
2021-08-23,32.61947250366211
2021-08-24,32.99441146850586
2021-08-25,33.028499603271484
2021-08-26,32.77285385131836
2021-08-27,32.90919494628906
2021-08-30,32.534263610839844
2021-08-31,32.72173309326172
2021-09-01,32.21044921875
2021-09-02,32.41496658325195
2021-09-03,32.2956657409668
2021-09-06,32.176361083984375
2021-09-07,32.14228439331055
2021-09-08,31.613964080810547
2021-09-09,31.30719757080078
2021-09-10,30.983386993408203
2021-09-13,31.102689743041992
2021-09-14,30.540283203125
2021-09-15,30.64253807067871
2021-09-16,30.438026428222656
2021-09-17,29.55181312561035
2021-09-20,28.273618698120117
2021-09-21,27.557832717895508
2021-09-22,28.103195190429688
2021-09-23,28.086149215698242
2021-09-24,27.81346893310547
2021-09-27,27.76234245300293
2021-09-28,27.370361328125
2021-09-29,27.370361328125
2021-09-30,27.30219268798828
2021-10-01,26.842044830322266
2021-10-04,26.68865966796875
2021-10-05,26.63753318786621
2021-10-06,25.955827713012695
2021-10-07,26.55232048034668
2021-10-08,26.55232048034668
2021-10-11,27.08064079284668
2021-10-12,27.14881134033203
2021-10-13,27.557832717895508
2021-10-14,27.881641387939453
2021-10-15,27.898683547973633
2021-10-18,27.932767868041992
2021-10-19,27.71121597290039
2021-10-20,27.523744583129883
2021-10-21,26.978382110595703
2021-10-22,26.927255630493164
2021-10-25,27.404447555541992
2021-10-27,27.864599227905273
2021-10-28,27.84755516052246
2021-10-29,27.98389434814453
2021-11-01,28.444046020507812
2021-11-02,28.18840980529785
2021-11-03,28.086149215698242
2021-11-04,27.96685218811035
2021-11-05,27.84755516052246
2021-11-08,28.750812530517578
2021-11-09,28.51221466064453
2021-11-10,27.165851593017578
2021-11-11,27.76234245300293
2021-11-12,27.438533782958984
2021-11-15,26.876129150390625
2021-11-16,26.73978614807129
2021-11-17,26.978382110595703
2021-11-18,26.433021545410156
2021-11-19,25.887659072875977
2021-11-22,26.790916442871094
2021-11-23,26.842044830322266
2021-11-24,26.41598129272461
2021-11-25,26.160343170166016
2021-11-26,25.274127960205078
2021-11-29,25.120744705200195
2021-11-30,25.461593627929688
2021-12-01,25.955827713012695
2021-12-02,26.211469650268555
2021-12-03,25.734277725219727
2021-12-06,25.887659072875977
2021-12-07,26.68865966796875
2021-12-08,26.46710777282715
2021-12-09,26.160343170166016
2021-12-10,26.02400016784668
2021-12-13,26.143299102783203
2021-12-14,26.55232048034668
2021-12-15,26.347808837890625
2021-12-16,26.807958602905273
2021-12-17,27.012470245361328
2021-12-20,26.19442367553711
2021-12-21,26.910213470458984
2021-12-22,27.11472511291504
2021-12-23,27.30219268798828
2021-12-27,27.626001358032227
2021-12-28,27.472620010375977
2021-12-29,27.71121597290039
2021-12-30,27.26810646057129
2022-01-03,27.660085678100586
2022-01-04,28.444046020507812
2022-01-05,28.665599822998047
2022-01-06,28.597431182861328
2022-01-07,28.88715362548828
2022-01-10,28.88715362548828
2022-01-11,28.938278198242188
2022-01-12,29.58589744567871
2022-01-13,29.68815040588379
2022-01-14,28.989408493041992
2022-01-17,29.347301483154297
2022-01-18,28.648557662963867
2022-01-19,28.733768463134766
2022-01-20,28.52925682067871
2022-01-21,27.08064079284668
2022-01-24,25.56385040283203
2022-01-25,25.069616317749023
2022-01-26,25.717233657836914
2022-01-27,25.666109085083008
2022-01-28,25.222999572753906
2022-01-31,25.069616317749023
2022-02-01,25.751317977905273
2022-02-02,25.802446365356445
2022-02-03,25.580894470214844
2022-02-04,25.274127960205078
2022-02-07,25.41046714782715
2022-02-08,25.56385040283203
2022-02-09,26.876129150390625
2022-02-10,27.13176727294922
2022-02-11,27.23402214050293
2022-02-14,26.058086395263672
2022-02-15,26.347808837890625
2022-02-16,26.790916442871094
2022-02-17,26.501192092895508
2022-02-18,26.177383422851562
2022-02-21,25.478635787963867
2022-02-22,25.580894470214844
2022-02-23,25.39342498779297
2022-02-24,23.399442672729492
2022-02-25,24.71172523498535
2022-02-28,25.086658477783203
2022-03-01,24.609466552734375
2022-03-02,25.683149337768555
2022-03-03,25.069616317749023
2022-03-04,23.5869140625
2022-03-07,22.751829147338867
2022-03-08,22.410974502563477
2022-03-09,23.263103485107422
2022-03-10,23.14380645751953
2022-03-11,23.007465362548828
2022-03-14,23.53578758239746
2022-03-15,23.450572967529297
2022-03-16,24.71172523498535
2022-03-17,23.944807052612305
2022-03-18,23.67212677001953
2022-03-21,24.098190307617188
2022-03-22,24.2004451751709
2022-03-23,24.25157356262207
2022-03-24,24.098190307617188
2022-03-25,23.8084659576416
2022-03-28,23.331274032592773
2022-03-29,23.8084659576416
2022-03-30,23.63804054260254
2022-03-31,23.02450942993164
2022-04-01,22.99042320251465
2022-04-04,22.393932342529297
2022-04-05,21.644060134887695
2022-04-06,20.826017379760742
2022-04-07,20.434036254882812
2022-04-08,20.928272247314453
2022-04-11,20.894187927246094
2022-04-12,21.269123077392578
2022-04-13,21.2520809173584
2022-04-14,21.575891494750977
2022-04-19,21.337297439575195
2022-04-20,21.507719039916992
2022-04-21,21.882658004760742
2022-04-22,21.473636627197266
2022-04-25,20.434036254882812
2022-04-26,19.97389030456543
2022-04-27,20.60446548461914
2022-04-28,20.894187927246094
2022-04-29,21.35433578491211
2022-05-02,20.655590057373047
2022-05-03,20.945316314697266
2022-05-04,20.451082229614258
2022-05-05,20.1102294921875
2022-05-06,20.399953842163086
2022-05-09,19.888675689697266
2022-05-10,20.19544219970703
2022-05-11,20.791933059692383
2022-05-12,20.638547897338867
2022-05-13,20.928272247314453
2022-05-16,21.37137794494629
2022-05-17,21.797443389892578
2022-05-18,22.08716583251953
2022-05-19,22.325761795043945
2022-05-20,22.649572372436523
2022-05-23,23.450572967529297
2022-05-24,23.09267807006836
2022-05-25,23.297189712524414
2022-05-26,23.46761703491211
2022-05-27,23.774381637573242
2022-05-30,24.132274627685547
2022-05-31,23.246063232421875
2022-06-01,22.922252655029297
2022-06-02,23.63804054260254
2022-06-03,23.944807052612305
2022-06-07,24.064104080200195
2022-06-08,24.2004451751709
2022-06-09,23.79142189025879
2022-06-10,23.19493293762207
2022-06-13,22.240550994873047
2022-06-14,21.7804012298584
2022-06-15,21.967870712280273
2022-06-16,21.013484954833984
2022-06-17,20.843061447143555
2022-06-20,20.7237606048584
2022-06-21,20.791933059692383
2022-06-22,18.065122604370117
2022-06-23,16.974397659301758
2022-06-24,17.979907989501953
2022-06-27,18.11625099182129
2022-06-28,17.80948257446289
2022-06-29,17.80948257446289
2022-06-30,17.28116226196289
2022-07-01,17.434545516967773
2022-07-04,17.82652473449707
2022-07-05,17.042566299438477
2022-07-06,16.855100631713867
2022-07-07,17.860610961914062
2022-07-08,18.031034469604492
2022-07-11,17.349332809448242
2022-07-12,17.349332809448242
2022-07-13,17.417505264282227
2022-07-14,17.281713485717773
2022-07-15,17.680034637451172
2022-07-18,18.467622756958008
2022-07-19,18.77541732788086
2022-07-20,18.77541732788086
2022-07-21,18.956472396850586
2022-07-22,19.01078987121582
2022-07-25,19.48153305053711
2022-07-26,18.847837448120117
2022-07-27,18.92026138305664
2022-07-28,19.33669090270996
2022-07-29,19.825538635253906
2022-08-01,20.060909271240234
2022-08-02,19.735008239746094
2022-08-03,19.825538635253906
2022-08-04,19.01078987121582
2022-08-05,19.916065216064453
2022-08-08,19.879852294921875
2022-08-09,19.4996395111084
2022-08-10,20.115224838256836
2022-08-11,20.531652450561523
2022-08-12,20.042802810668945
2022-08-15,19.680692672729492
2022-08-16,20.060909271240234
2022-08-17,19.409109115600586
2022-08-18,19.354793548583984
2022-08-19,18.594362258911133
2022-08-22,18.286571502685547
2022-08-23,18.79352378845215
2022-08-24,18.377094268798828
2022-08-25,18.23225212097168
2022-08-26,18.060251235961914
2022-08-29,18.467622756958008
2022-08-30,18.39520263671875
2022-08-31,18.214147567749023
2022-09-01,17.951618194580078
2022-09-02,18.521940231323242
2022-09-05,18.413307189941406
2022-09-06,18.55815315246582
2022-09-07,18.485729217529297
2022-09-08,18.340885162353516
2022-09-09,18.594362258911133
2022-09-12,19.15563201904297
2022-09-13,18.44951820373535
2022-09-14,17.83393096923828
2022-09-15,17.517086029052734
2022-09-16,17.616662979125977
2022-09-19,17.824878692626953
2022-09-20,17.6890869140625
2022-09-21,17.471820831298828
2022-09-22,17.38129425048828
2022-09-23,16.792865753173828
2022-09-26,16.75665283203125
2022-09-27,16.910551071166992
2022-09-28,16.304014205932617
2022-09-29,15.679374694824219
2022-09-30,15.8513765335083
2022-10-03,16.34927749633789
2022-10-04,17.372241973876953
2022-10-05,16.98297119140625
2022-10-06,16.638965606689453
2022-10-07,16.53033447265625
2022-10-10,17.182132720947266
2022-10-11,17.209291458129883
2022-10-12,16.946760177612305
2022-10-13,17.317922592163086
2022-10-14,17.308870315551758
2022-10-17,17.589506149291992
2022-10-18,18.30467414855957
2022-10-19,18.23225212097168
2022-10-20,18.811630249023438
2022-10-21,19.047000885009766
2022-10-24,19.825538635253906
2022-10-25,19.988487243652344
2022-10-27,20.15143585205078
2022-10-28,19.897958755493164
2022-10-31,19.897958755493164
2022-11-01,19.86174964904785
2022-11-02,19.517742156982422
2022-11-03,20.223857879638672
2022-11-04,21.455034255981445
2022-11-07,21.762828826904297
2022-11-08,22.088727951049805
2022-11-09,22.088727951049805
2022-11-10,22.72241973876953
2022-11-11,22.975894927978516
2022-11-14,23.04831886291504
2022-11-15,23.446640014648438
2022-11-16,22.831052780151367
2022-11-17,22.831052780151367
2022-11-18,23.319900512695312
2022-11-21,23.12074089050293
2022-11-22,23.446640014648438
2022-11-23,23.59148406982422
2022-11-24,23.482851028442383
2022-11-25,23.66390609741211
2022-11-28,23.35611343383789
2022-11-29,23.718223571777344
2022-11-30,23.50095558166504
2022-12-01,23.627696990966797
2022-12-02,23.645801544189453
2022-12-05,23.446640014648438
2022-12-06,23.410430908203125
2022-12-07,23.066423416137695
2022-12-08,23.247480392456055
2022-12-09,23.374217987060547
2022-12-12,22.921581268310547
2022-12-13,23.283689498901367
2022-12-14,22.233570098876953
2022-12-15,21.907672882080078
2022-12-16,21.72661590576172
2022-12-19,21.961986541748047
2022-12-20,21.943880081176758
2022-12-21,22.50515365600586
2022-12-22,22.251676559448242
2022-12-23,22.541362762451172
2022-12-27,22.63189125061035
2022-12-28,22.468942642211914
2022-12-29,22.57757568359375
2022-12-30,22.43273162841797
2023-01-02,22.939687728881836
2023-01-03,23.175058364868164
2023-01-04,23.464744567871094
2023-01-05,24.207073211669922
2023-01-06,24.551076889038086
2023-01-09,24.75023651123047
2023-01-10,24.695920944213867
2023-01-11,24.695920944213867
2023-01-12,25.52877426147461
2023-01-13,25.90899085998535
2023-01-16,26.053834915161133
2023-01-17,26.61510467529297
2023-01-18,26.68752670288086
2023-01-19,25.764144897460938
2023-01-20,26.271100997924805
2023-01-23,26.77805519104004
2023-01-24,26.83237075805664
2023-01-25,27.013425827026367
2023-01-26,27.48417091369629
2023-01-27,27.991125106811523
2023-01-30,27.77385902404785
2023-01-31,27.520381927490234
2023-02-01,27.737648010253906
2023-02-02,27.973018646240234
2023-02-03,28.24460220336914
2023-02-06,28.045440673828125
2023-02-07,28.24460220336914
2023-02-08,28.47997283935547
2023-02-09,29.7292537689209
2023-02-10,29.3852481842041
2023-02-13,29.801673889160156
2023-02-14,30.055152893066406
2023-02-15,30.41726303100586
2023-02-16,31.069059371948242
2023-02-17,31.069059371948242
2023-02-20,31.268220901489258
2023-02-21,31.811386108398438
2023-02-22,31.467382431030273
2023-02-23,31.28632926940918
2023-02-24,30.743162155151367
2023-02-27,31.08716583251953
2023-02-28,31.7027530670166
2023-03-01,31.720861434936523
2023-03-02,32.13728332519531
2023-03-03,32.680450439453125
2023-03-06,32.73476791381836
2023-03-07,32.227813720703125
2023-03-08,32.481292724609375
2023-03-09,32.300235748291016
2023-03-10,31.177692413330078
2023-03-13,30.254310607910156
2023-03-14,30.97853660583496
2023-03-15,28.280811309814453
2023-03-16,28.47997283935547
2023-03-17,28.516183853149414
2023-03-20,28.516183853149414
2023-03-21,29.02313995361328
2023-03-22,28.878292083740234
2023-03-23,28.262706756591797
2023-03-24,27.30311393737793
2023-03-27,27.339324951171875
2023-03-28,27.538488388061523
2023-03-29,27.900596618652344
2023-03-30,28.117862701416016
2023-03-31,28.317026138305664
2023-04-03,28.09975814819336
2023-04-04,27.755752563476562
2023-04-05,26.83237075805664
2023-04-06,26.922897338867188
2023-04-11,27.991125106811523
2023-04-12,28.24460220336914
2023-04-13,28.842082977294922
2023-04-14,28.751556396484375
2023-04-17,29.2766170501709
2023-04-18,29.63872718811035
2023-04-19,27.77385902404785
2023-04-20,28.09975814819336
2023-04-21,28.045440673828125
2023-04-24,27.93680763244629
2023-04-25,27.77385902404785
2023-04-26,28.027334213256836
2023-04-27,28.063547134399414
2023-04-28,28.407548904418945
2023-05-02,27.991125106811523
2023-05-03,28.190282821655273
2023-05-04,27.592802047729492
2023-05-05,28.117862701416016
2023-05-08,28.62481689453125
2023-05-09,28.76966094970703
2023-05-10,27.592802047729492
2023-05-11,27.339324951171875
2023-05-12,27.77385902404785
2023-05-15,27.665224075317383
2023-05-16,27.44795799255371
2023-05-17,27.954912185668945
2023-05-18,27.84627914428711
2023-05-19,27.93680763244629
2023-05-22,27.93680763244629
2023-05-23,27.574695587158203
2023-05-24,26.75994873046875
2023-05-25,26.741846084594727
2023-05-26,26.977214813232422
2023-05-29,26.90479278564453
2023-05-30,26.397838592529297
2023-05-31,26.234888076782227
2023-06-01,26.16246795654297
2023-06-02,27.429853439331055
2023-06-05,27.79196548461914
2023-06-06,28.027334213256836
2023-06-07,29.09556007385254
2023-06-08,29.475778579711914
2023-06-09,29.367141723632812
2023-06-12,29.837886810302734
2023-06-13,29.475778579711914
2023-06-14,30.453474044799805
2023-06-15,29.783571243286133
2023-06-16,29.819780349731445
2023-06-19,29.25851058959961
2023-06-20,28.823978424072266
2023-06-21,29.07745361328125
2023-06-22,29.22229766845703
2023-06-23,29.005033493041992
2023-06-26,29.602516174316406
2023-06-27,29.457670211791992
2023-06-28,29.602516174316406
2023-06-29,29.25851058959961
2023-06-30,29.783571243286133
2023-07-03,29.67493438720703
2023-07-04,29.7292537689209
2023-07-05,28.62481689453125
2023-07-06,28.027334213256836
2023-07-07,28.62481689453125
2023-07-10,28.335126876831055
2023-07-11,28.24460220336914
2023-07-12,29.131771087646484
2023-07-13,29.587549209594727
2023-07-14,29.340669631958008
2023-07-17,28.808929443359375
2023-07-18,28.84691047668457
2023-07-19,28.125263214111328
2023-07-20,28.296178817749023
2023-07-21,27.365633010864258
2023-07-24,27.517559051513672
2023-07-25,28.277189254760742
2023-07-26,28.239206314086914
2023-07-27,28.22021484375
2023-07-28,28.391132354736328
2023-07-31,28.58104133605957
2023-08-01,28.258197784423828
2023-08-02,27.593521118164062
2023-08-03,27.57453155517578
2023-08-04,27.612512588500977
2023-08-07,27.612512588500977
2023-08-08,27.11875343322754
2023-08-09,26.66297721862793
2023-08-10,26.435089111328125
2023-08-11,26.245180130004883
2023-08-14,26.131237030029297
2023-08-15,26.074264526367188
2023-08-16,25.96031951904297
2023-08-17,26.264171600341797
2023-08-18,26.131237030029297
2023-08-21,26.055274963378906
2023-08-22,26.340133666992188
2023-08-23,25.8273868560791
2023-08-24,25.485551834106445
2023-08-25,25.352619171142578
2023-08-28,25.8273868560791
2023-08-29,25.808395385742188
2023-08-30,25.8273868560791
2023-08-31,25.618486404418945
2023-09-01,26.28316307067871
2023-09-04,26.378116607666016
2023-09-05,26.435089111328125
2023-09-06,26.321144104003906
2023-09-07,25.52353286743164
2023-09-08,25.50454330444336
2023-09-11,25.77041244506836
2023-09-12,25.485551834106445
2023-09-13,25.12472915649414
2023-09-14,25.675460815429688
2023-09-15,25.599496841430664
2023-09-18,25.162708282470703
2023-09-19,25.048765182495117
2023-09-20,25.580507278442383
2023-09-21,24.877849578857422
2023-09-22,24.80188751220703
2023-09-25,24.23216438293457
2023-09-26,24.23216438293457
2023-09-27,24.251155853271484
2023-09-28,24.649959564208984
2023-09-29,24.5360164642334
2023-10-02,24.270145416259766
2023-10-03,23.928314208984375
2023-10-04,23.85235023498535
2023-10-05,23.700424194335938
2023-10-06,24.270145416259766
2023-10-09,24.004276275634766
2023-10-10,24.44106101989746
2023-10-11,24.308128356933594
2023-10-12,23.947303771972656
2023-10-13,23.434555053710938
2023-10-16,23.833358764648438
2023-10-17,23.415563583374023
2023-10-18,22.617952346801758
2023-10-19,22.731897354125977
2023-10-20,22.067222595214844
2023-10-23,21.839332580566406
2023-10-24,21.839332580566406
2023-10-25,21.7443790435791
2023-10-27,21.972267150878906
2023-10-30,21.896305084228516
2023-10-31,22.37107276916504
2023-11-01,22.409055709838867
2023-11-02,23.01675796508789
2023-11-03,23.244647979736328
2023-11-06,23.111711502075195
2023-11-07,22.88382339477539
2023-11-08,22.82685089111328
2023-11-09,23.90932273864746
2023-11-10,23.52950668334961
2023-11-13,23.624460220336914
2023-11-14,24.346107482910156
2023-11-15,24.592988967895508
2023-11-16,24.099227905273438
2023-11-17,24.877849578857422
2023-11-20,24.725923538208008
2023-11-21,24.649959564208984
2023-11-22,24.630970001220703
2023-11-23,24.80188751220703
2023-11-24,24.782896041870117
2023-11-27,24.68794059753418
2023-11-28,24.725923538208008
2023-11-29,24.725923538208008
2023-11-30,24.517024993896484
2023-12-01,25.238672256469727
2023-12-04,25.10573959350586
2023-12-05,25.06775665283203
2023-12-06,25.352619171142578
2023-12-07,24.877849578857422
2023-12-08,25.238672256469727
2023-12-11,25.181699752807617
2023-12-12,25.39059829711914
2023-12-13,25.25766372680664
2023-12-14,26.54903221130371
2023-12-15,27.004812240600586
2023-12-18,27.289670944213867
2023-12-19,27.460588455200195
2023-12-20,27.251691818237305
2023-12-21,27.23270034790039
2023-12-22,27.384624481201172
2023-12-27,27.346641540527344
2023-12-28,27.023801803588867
2023-12-29,27.11875343322754
2024-01-02,26.966829299926758
2024-01-03,26.15022850036621
2024-01-04,26.28316307067871
2024-01-05,26.112245559692383
2024-01-08,26.09325408935547
2024-01-09,25.542524337768555
2024-01-10,25.352619171142578
2024-01-11,25.086748123168945
2024-01-12,25.352619171142578
2024-01-15,25.181699752807617
2024-01-16,25.409589767456055
2024-01-17,25.162708282470703
2024-01-18,25.71343994140625
2024-01-19,25.485551834106445
2024-01-22,25.884357452392578
2024-01-23,26.15022850036621
2024-01-24,26.4920597076416
2024-01-25,26.397106170654297
2024-01-26,26.264171600341797
2024-01-29,26.397106170654297
2024-01-30,26.036283493041992
2024-01-31,26.20720100402832
2024-02-01,26.188209533691406
2024-02-02,25.941329956054688
2024-02-05,25.63747787475586
2024-02-06,25.979310989379883
2024-02-07,24.592988967895508
2024-02-08,24.839868545532227
2024-02-09,24.573997497558594
2024-02-12,24.592988967895508
2024-02-13,24.061248779296875
2024-02-14,23.90932273864746
2024-02-15,24.023265838623047
2024-02-16,24.44106101989746
2024-02-19,24.17519187927246
2024-02-20,24.004276275634766
2024-02-21,23.928314208984375
2024-02-22,24.061248779296875
2024-02-23,23.871339797973633
2024-02-26,23.966293334960938
2024-02-27,24.28913688659668
2024-02-28,24.023265838623047
2024-02-29,23.966293334960938
2024-03-01,24.194183349609375
2024-03-04,23.833358764648438
2024-03-05,23.18767547607422
2024-03-06,23.13070297241211
2024-03-07,23.206666946411133
2024-03-08,23.206666946411133
2024-03-11,23.339599609375
2024-03-12,24.004276275634766
2024-03-13,24.327119827270508
2024-03-14,24.099227905273438
2024-03-15,23.624460220336914
2024-03-18,23.833358764648438
2024-03-19,23.738405227661133
2024-03-20,24.11821937561035
2024-03-21,24.49803352355957
2024-03-22,24.61197853088379
2024-03-25,24.47904396057129
2024-03-26,24.384090423583984
2024-03-27,24.839868545532227
2024-03-28,24.68794059753418
2024-04-02,24.36509895324707
2024-04-03,24.915828704833984
2024-04-04,25.46656036376953
2024-04-05,25.37160873413086
2024-04-08,25.447568893432617
2024-04-09,25.656469345092773
2024-04-10,25.808395385742188
2024-04-11,25.50454330444336
2024-04-12,25.618486404418945
2024-04-15,25.675460815429688
2024-04-16,24.11821937561035
2024-04-17,23.58647918701172
2024-04-18,23.681434631347656
2024-04-19,23.738405227661133
2024-04-22,23.738405227661133
2024-04-23,23.45354652404785
2024-04-24,23.833358764648438
2024-04-25,23.814367294311523
2024-04-26,24.023265838623047
2024-04-29,24.15620231628418
2024-04-30,23.85235023498535
2024-05-02,24.4030818939209
2024-05-03,24.346107482910156
2024-05-06,24.5360164642334
2024-05-07,24.270145416259766
2024-05-08,23.45354652404785
2024-05-09,23.966293334960938
2024-05-10,24.194183349609375
2024-05-13,24.15620231628418
2024-05-14,24.49803352355957
2024-05-15,24.384090423583984
2024-05-16,24.592988967895508
2024-05-17,24.820877075195312
2024-05-20,25.25766372680664
2024-05-21,25.618486404418945
2024-05-22,25.20069122314453
2024-05-23,25.39059829711914
2024-05-24,25.409589767456055
2024-05-27,25.542524337768555
2024-05-28,25.599496841430664
2024-05-29,25.048765182495117
2024-05-30,24.972801208496094
2024-05-31,25.50454330444336
2024-06-03,25.06775665283203
2024-06-04,24.308128356933594
2024-06-05,24.953811645507812
2024-06-06,25.048765182495117
2024-06-07,24.80188751220703
2024-06-10,24.839868545532227
2024-06-11,24.308128356933594
2024-06-12,24.346107482910156
2024-06-13,23.814367294311523
2024-06-14,23.377582550048828
2024-06-17,23.301618576049805
2024-06-18,23.605470657348633
2024-06-19,23.643451690673828
2024-06-20,24.15620231628418
2024-06-21,23.795377731323242
2024-06-24,24.47904396057129
2024-06-25,24.460052490234375
2024-06-26,24.270145416259766
2024-06-27,23.947303771972656
2024-06-28,23.947303771972656
2024-07-01,24.004276275634766
2024-07-02,23.947303771972656
2024-07-03,24.346107482910156
2024-07-04,24.47904396057129
2024-07-05,24.42207145690918
2024-07-08,24.213172912597656
2024-07-09,24.11821937561035
2024-07-10,24.194183349609375
2024-07-11,24.11607551574707
2024-07-12,24.526145935058594
2024-07-15,24.428510665893555
2024-07-16,23.72553062438965
2024-07-17,23.86222267150879
2024-07-18,23.823165893554688
2024-07-19,23.4326229095459
2024-07-22,23.62789535522461
2024-07-23,23.217824935913086
2024-07-24,23.29593276977539
2024-07-25,23.315460205078125
2024-07-26,23.10066032409668
2024-07-29,22.885862350463867
2024-07-30,22.768699645996094
2024-07-31,23.10066032409668
2024-08-01,22.495319366455078
2024-08-02,21.850919723510742
2024-08-05,21.421323776245117
2024-08-06,22.06572151184082
2024-08-07,22.241466522216797
2024-08-08,21.63612174987793
2024-08-09,21.597068786621094
2024-08-12,21.558013916015625
2024-08-13,21.05030632019043
2024-08-14,20.874561309814453
2024-08-15,20.796451568603516
2024-08-16,20.71834373474121
2024-08-19,20.99172592163086
2024-08-20,20.71834373474121
2024-08-21,21.460376739501953
2024-08-22,21.14794158935547
2024-08-23,21.30415916442871
2024-08-26,21.421323776245117
2024-08-27,21.362741470336914
2024-08-28,21.18699836730957
2024-08-29,21.421323776245117
2024-08-30,21.558013916015625
2024-09-02,21.479904174804688
2024-09-03,20.913616180419922
2024-09-04,20.5035457611084
2024-09-05,20.620708465576172
2024-09-06,20.21063804626465
2024-09-09,19.937257766723633
2024-09-10,19.83962059020996
2024-09-11,19.62482261657715
2024-09-12,20.015365600585938
2024-09-13,20.152055740356445
2024-09-16,20.191110610961914
2024-09-17,20.65976333618164
2024-09-18,20.71834373474121
2024-09-19,21.284631729125977
2024-09-20,20.679290771484375
2024-09-23,20.69881820678711
2024-09-24,21.14794158935547
2024-09-25,21.18699836730957
2024-09-26,22.06572151184082
2024-09-27,22.885862350463867
2024-09-30,22.827280044555664
2024-10-01,22.475791931152344
2024-10-02,22.046192169189453
2024-10-03,21.53848648071289
2024-10-04,21.479904174804688
2024-10-07,21.206523895263672
2024-10-08,20.796451568603516
2024-10-09,20.835508346557617
2024-10-10,20.191110610961914
2024-10-11,20.152055740356445
2024-10-14,18.93160629272461
2024-10-15,18.951133728027344
2024-10-16,19.263568878173828
2024-10-17,19.331912994384766
2024-10-18,19.800567626953125
2024-10-21,19.32215118408203
2024-10-22,19.009714126586914
2024-10-23,19.03900718688965
2024-10-24,19.18545913696289
2024-10-25,19.644350051879883
2024-10-28,19.439313888549805
2024-10-29,19.25380516052246
2024-10-30,18.90231704711914
2024-10-31,18.59964370727539
2024-11-01,18.687517166137695
2024-11-04,18.921842575073242
2024-11-05,19.175695419311523
2024-11-06,18.345792770385742
2024-11-07,19.09758758544922
2024-11-08,19.204988479614258
2024-11-11,18.951133728027344
2024-11-12,18.560590744018555
2024-11-13,17.691631317138672
2024-11-14,18.043119430541992
2024-11-15,17.99430274963379
2024-11-18,18.12122917175293
2024-11-19,17.701393127441406
2024-11-20,17.838085174560547
2024-11-21,17.525650024414062
2024-11-22,17.847848892211914
2024-11-25,17.965011596679688
2024-11-26,17.545175552368164
2024-11-27,17.535411834716797
2024-11-28,17.779502868652344
2024-11-29,17.88690185546875
2024-12-02,17.750211715698242
2024-12-03,17.711156845092773
2024-12-04,18.023591995239258
2024-12-05,18.384845733642578
2024-12-06,18.355554580688477
2024-12-09,18.951133728027344
2024-12-10,18.941370010375977
2024-12-11,19.06829833984375
2024-12-12,18.7460994720459
2024-12-13,18.37508201599121
2024-12-16,17.799030303955078
2024-12-17,17.867374420166016
2024-12-18,17.701393127441406
2024-12-19,17.476831436157227
2024-12-20,17.5647029876709
2024-12-23,17.76974105834961
2024-12-27,17.730684280395508
2024-12-30,17.896665573120117
2025-01-02,17.701393127441406
2025-01-03,17.30108642578125
2025-01-06,17.476831436157227
2025-01-07,17.545175552368164
2025-01-08,17.0374698638916
2025-01-09,16.998414993286133
2025-01-10,16.520000457763672
2025-01-13,16.734798431396484
2025-01-14,16.75432586669922
2025-01-15,17.213212966918945
2025-01-16,17.428014755249023
2025-01-17,17.730684280395508
2025-01-20,18.004066467285156
2025-01-21,17.867374420166016
2025-01-22,17.55493927001953
2025-01-23,17.965011596679688
2025-01-24,18.27744483947754
2025-01-27,18.423900604248047
2025-01-28,18.990188598632812
2025-01-29,19.107351303100586
2025-01-30,19.468605041503906
2025-01-31,19.761512756347656
2025-02-03,19.19522476196289
2025-02-04,19.41978645324707
2025-02-05,19.380733489990234
2025-02-06,20.75739860534668
2025-02-07,20.523073196411133
2025-02-10,20.191110610961914
2025-02-11,20.015365600585938
2025-02-12,20.054420471191406
2025-02-13,20.796451568603516
2025-02-14,20.99172592163086
2025-02-17,21.51896095275879
2025-02-18,21.343215942382812
2025-02-19,20.913616180419922
2025-02-20,20.796451568603516
2025-02-21,20.679290771484375
2025-02-24,20.581653594970703
2025-02-25,20.484018325805664
2025-02-26,22.339099884033203
2025-02-27,22.06572151184082
2025-02-28,21.597068786621094
2025-03-03,22.45626449584961
2025-03-04,21.694704055786133
2025-03-05,23.666950225830078
2025-03-06,24.819053649902344
2025-03-07,24.428510665893555
2025-03-10,24.037967681884766
2025-03-11,23.842695236206055
2025-03-12,23.471677780151367
2025-03-13,24.0770206451416
2025-03-14,24.79952621459961
2025-03-17,24.93621826171875
2025-03-18,25.600139617919922
2025-03-19,24.95574378967285
2025-03-20,24.487091064453125
2025-03-21,24.40898323059082
2025-03-24,24.21371078491211
2025-03-25,23.97938346862793
2025-03-26,24.17465591430664
2025-03-27,23.178770065307617
2025-03-28,22.768699645996094
2025-03-31,21.96808433532715
2025-04-01,22.3195743560791
2025-04-02,22.202409744262695
2025-04-03,21.44084930419922
2025-04-04,20.073945999145508
2025-04-07,19.204988479614258
2025-04-08,20.015365600585938
2025-04-09,19.605295181274414
2025-04-10,19.527185440063477
2025-04-11,19.722457885742188
2025-04-14,20.620708465576172
2025-04-15,21.011253356933594
2025-04-16,20.85503578186035
2025-04-17,20.894088745117188
2025-04-22,21.05030632019043
2025-04-23,21.753286361694336
2025-04-24,21.96808433532715
2025-04-25,22.143829345703125
2025-04-28,22.45626449584961
2025-04-29,22.65153694152832
2025-04-30,22.61248207092285
2025-05-02,23.237350463867188
2025-05-05,23.217824935913086
2025-05-06,22.90538787841797
2025-05-07,22.768699645996094
2025-05-08,22.924915313720703
2025-05-09,23.061607360839844
2025-05-12,23.58884048461914
2025-05-13,23.86222267150879
2025-05-14,23.823165893554688
2025-05-15,23.39356803894043
2025-05-16,23.354515075683594
2025-05-19,23.354515075683594
2025-05-20,23.62789535522461
2025-05-21,23.19829750061035
2025-05-22,22.729644775390625
2025-05-23,22.41720962524414
2025-05-26,22.924915313720703
2025-05-27,22.90538787841797
2025-05-28,22.8468074798584
2025-05-29,22.924915313720703
2025-05-30,22.632009506225586
2025-06-02,22.18288230895996
2025-06-03,22.143829345703125
2025-06-04,22.55389976501465
2025-06-05,22.885862350463867
2025-06-06,22.202409744262695
2025-06-09,21.92902946472168
2025-06-10,22.300046920776367
2025-06-11,22.241466522216797
2025-06-12,22.085248947143555
2025-06-13,21.987611770629883
2025-06-16,22.06572151184082
2025-06-17,22.12430191040039
2025-06-18,22.085248947143555
2025-06-19,21.616594314575195
2025-06-20,22.18288230895996
2025-06-23,22.085248947143555
2025-06-24,22.65153694152832
2025-06-25,22.94444465637207
2025-06-26,23.120187759399414
2025-06-27,23.452150344848633
2025-06-30,23.33498764038086
2025-07-01,22.866334915161133
2025-07-02,23.33498764038086
2025-07-03,23.022552490234375
2025-07-04,22.90538787841797
2025-07-07,23.061607360839844
2025-07-08,23.88174819946289
2025-07-09,24.779998779296875
2025-07-10,25.780000686645508
2025-07-11,25.5
2025-07-14,24.959999084472656
2025-07-15,24.700000762939453
2025-07-16,24.299999237060547
2025-07-17,24.65999984741211
2025-07-18,24.5
2025-07-21,25.3799991607666
2025-07-22,25.139999389648438
2025-07-23,25.079999923706055
2025-07-24,24.940000534057617
2025-07-25,25.079999923706055
2025-07-28,25.139999389648438
2025-07-29,25.079999923706055
2025-07-30,24.68000030517578
2025-07-31,24.219999313354492
2025-08-01,23.799999237060547
2025-08-04,23.520000457763672
2025-08-05,23.280000686645508
2025-08-06,24.84000015258789
2025-08-07,25.65999984741211
2025-08-08,26.81999969482422
2025-08-11,26.559999465942383
2025-08-12,26.760000228881836
2025-08-13,26.6200008392334
2025-08-14,26.81999969482422
2025-08-15,27.299999237060547
2025-08-18,27.260000228881836
2025-08-19,28.31999969482422
2025-08-20,28.239999771118164
2025-08-21,28.15999984741211
2025-08-22,28.200000762939453
